,translation,reol,Act,Chapter,type,code
16120,——我非常重要的朋友自杀了。,system,02,01,Adv,02
16121,她叫月代雪。,system,02,01,Adv,02
16122,当我推开房门时，那根上吊绳还静静地悬挂在原地。,system,02,01,Adv,02
16123,我抬头怒视那根为她准备好的绞索。,system,02,01,Adv,02
16124,我将背脊挺得笔直，视线穿过那为了扼住她的咽喉而存在的圆环——过于刺眼的憎恶，让我咬紧了牙关。,system,02,01,Adv,02
16125,我无法原谅。无法原谅小雪的生命，就这么被区区一根绳子夺走。,system,02,01,Adv,02
16126,对我而言，这是不可饶恕的行为。对我而言，这是不正确的行为。,system,02,01,Adv,02
16127,我最崇尚的就是【正确】。,system,02,01,Adv,02
16128,这个世界上，不该允许有哪怕一丝一毫的错误存在。,system,02,01,Adv,02
16129,清澈的湖水中若是掺入一滴毒素，生灵便会死绝。,system,02,01,Adv,02
16130,精致的画布上若是划出一道划痕，艺术的价值便随之泯灭。,system,02,01,Adv,02
16131,完美的和声中若是混进一个错误的音符，就会沦为刺耳的不协和音。,system,02,01,Adv,02
16132,祈盼着正确的大脑中若是寄生了一只害虫——,system,02,01,Adv,02
16133,整个世界，便会崩塌。,system,02,01,Adv,02
16134,——在绞索圆环的彼端，我看见了造就这个错误世界的罪魁祸首。,system,02,01,Adv,02
16135,樱羽艾玛。,system,02,01,Adv,02
16136,从那一刻起，“自杀”成为了在我心中最不可触碰的【禁忌】。,system,02,01,Adv,02
16137,——我眨眨眼，望向天花板。,system,02,01,Adv,03
16138,刚才的梦让我一时间有些混乱，但我很快就理解了现状。,system,02,01,Adv,03
16139,——这是【回溯了】吗……,hiro,02,01,Adv,03
16140,那就得从头开始了。,hiro,02,01,Adv,03
16141,我向着熟悉的天花板，如此喃喃自语道。,system,02,01,Adv,03
16142,我被安排睡在昏暗牢狱中的双层床上铺。,system,02,01,Adv,03
16143,然后。,system,02,01,Adv,03
16144,咦，怎、怎么回事，这里是……？,ema,02,01,Adv,03
16145,下铺睡着的是樱羽艾玛。,system,02,01,Adv,03
16146,牢、牢房……！？为什么！？,ema,02,01,Adv,03
16147,我说，这里究竟是什么地方！？,ema,02,01,Adv,03
16148,当艾玛抓住铁栅栏大喊时，四周几乎同时响起了少女们夹杂着尖叫的声音。,system,02,01,Adv,03
16149,（吵死了）,hiro,02,01,Adv,03
16150,喧闹声让我心烦意乱。为了让自己冷静下来，我深深地吸了一口气。,system,02,01,Adv,03
16151,我早已知道，和我同室的是艾玛。,system,02,01,Adv,03
16152,我早已知道，我会和最不想见到的人再会。,system,02,01,Adv,03
16153,已经是第二次了，我不会有丝毫动摇。,system,02,01,Adv,03
16154,（没事，我能作出正确行动）,hiro,02,01,Adv,03
16155,（——即使看到她那张脸，我也能保持冷静）,hiro,02,01,Adv,03
16156,我坐起身，轻盈地从床上一跃而下。,system,02,01,Adv,03
16157,啊，艾玛。,hiro,02,01,Adv,03
16158,我在她背后向她搭话。艾玛吓得肩头一颤，转过身来。,system,02,01,Adv,03
16159,——！！,ema,02,01,Adv,03
16160,艾玛惊愕地看着我。我甚至还能对这样的她露出微笑。,system,02,01,Adv,03
16161,没什么好惊讶的。你我成为了室友。仅此而已。,hiro,02,01,Adv,03
16162,欸？欸……？,ema,02,01,Adv,03
16163,本以为自己可以保持平静。但心里还是不由得泛起了波澜。,system,02,01,Adv,03
16164,（为什么你又出现在我面前）,hiro,02,01,Adv,03
16165,心中涌起焦躁，难以忍受的窒息感使得我从艾玛身上移开视线。,system,02,01,Adv,03
16166,啊，你看，快开始了。,hiro,02,01,Adv,03
16167,我不顾还在目瞪口呆的艾玛，边说边指向房间里的显示屏幕。,system,02,01,Adv,03
16168,啊……喂喂……看得见画面吗……？毕竟机器有好些年头了，故障特别多……唉呀呀。,warden,02,01,Adv,03
16169,大家好，我是典狱长。,warden,02,01,Adv,03
16170,我想给大家作详细说明，请各位到会客厅来集合。,warden,02,01,Adv,03
16171,我会给大家打开牢房的锁，之后请大家跟着带路的看守。,warden,02,01,Adv,03
16172,想反抗也没问题……只不过小命不保罢了……嗯……,warden,02,01,Adv,03
16173,看着屏幕上播放的画面，我思考着。,system,02,01,Adv,03
16174,不该存在于世上的怪物。还有，最重要的是——与艾玛的再会。,system,02,01,Adv,03
16175,上次，我在这个时候，被摆在眼前的事实乱了阵脚。,system,02,01,Adv,03
16176,但我必须恢复冷静。我开始深呼吸，尽可能地平息心中的躁动。,system,02,01,Adv,03
16177,（虽说内心产生了动摇，但我那时确实不应该那么做）,hiro,02,01,Adv,03
16178,（为什么当时会冲动到那个地步……）,hiro,02,01,Adv,03
16179,我清晰记得自己到底有多么冲动鲁莽。那根本就不像平时的我。,system,02,01,Adv,03
16180,（必须保持理智。——【那个】马上要来了）,hiro,02,01,Adv,03
16181,典狱长……？看守……？,ema,02,01,Adv,03
16182,噫……,ema,02,01,Adv,03
16183,（这座监牢的看守……就是上次杀死我的怪物）,hiro,02,01,Adv,03
16184,希、希罗……,ema,02,01,Adv,03
16185,脸色苍白的艾玛紧紧抓住了我的手臂。,system,02,01,Adv,03
16186,涌上一股甩开她的冲动。但我还是忍下来了，决定暂时按兵不动。,system,02,01,Adv,03
16187,我眯起眼睛，仔细观察着看守。不出所料，那显然是某种非人的东西。,system,02,01,Adv,03
16188,……现在只能接受现实。反抗那个怪物是错误的。,system,02,01,Adv,03
16189,等到看守从我们身边经过后，我才不动声色地挣脱了艾玛的手。,system,02,01,Adv,03
16190,然后独自一人走向过道。,system,02,01,Adv,03
16191,呀啊啊啊！怪物别碰我！好恶心！好了，好了啦，我走就是！！,coco,02,01,Adv,03
16192,我看到泽渡可可正在逃避看守。,system,02,01,Adv,03
16193,其他被囚禁的少女们也陆续走出来，来到过道上。,system,02,01,Adv,03
16194,所有人的名字，我都已经记在脑子里了。,system,02,01,Adv,03
16195,等、等我一下，希罗！,ema,02,01,Adv,03
16196,如预料中的一样，艾玛追了上来。我转身，直视着艾玛的脸。,system,02,01,Adv,03
16197,居然在这种地方遇到你，我真的吓了一跳……,ema,02,01,Adv,03
16198,我一点也不惊讶。,hiro,02,01,Adv,03
16199,虽然发生了很多事，我们能不能还像以前那样做朋友……,ema,02,01,Adv,03
16200,抱歉，我没有那个打算。我无法原谅你，这一点不会改变。,hiro,02,01,Adv,03
16201,——,ema,02,01,Adv,03
16202,艾玛这副很受伤的表情，令我更加火大。,system,02,01,Adv,03
16203,说完了？那我走了。,hiro,02,01,Adv,03
16204,即使是第二次经历，还是想把她推开。,system,02,01,Adv,03
16205,我转身快步走向过道——这时。,system,02,01,Adv,03
16206,我不会放弃的——啊、,ema,02,01,Adv,03
16207,听到喊声我回头，发现艾玛摔倒了。,system,02,01,Adv,03
16208,呜、啊……,ema,02,01,Adv,03
16209,她被坚硬的石地板擦伤了膝盖，痛得皱起了脸。,system,02,01,Adv,03
16210,（这就是艾玛的本性）,hiro,02,01,Adv,03
16211,上次我推她的时候，她摔得很夸张，表现出的严重性比我的力道大多了。,system,02,01,Adv,03
16212,这次我甚至没有推她，她还是试图用摔倒来引起我的注意。,system,02,01,Adv,03
16213,（我不会再上当了）,hiro,02,01,Adv,03
16214,把颤抖的手紧握成拳，我无视艾玛继续往前走。,system,02,01,Adv,03
16215,随着憎恨涌上心头，我的胸口一阵阵发紧发痛。,system,02,01,Adv,03
16216,（……再也不想见到她了）,hiro,02,01,Adv,03
16217,我抬头看着从地下层通往一楼的楼梯。,system,02,01,Adv,03
16218,（接下来，我会被看守杀死）,hiro,02,01,Adv,03
16219,我拥有一种神奇的力量。,system,02,01,Adv,03
16220,按照在这座监牢中听到的说法，或许可以称之为【魔法】。,system,02,01,Adv,03
16221,——我的【魔法】是【死亡回溯】。,system,02,01,Adv,03
16222,只要死亡，就会回到死亡当天早上醒来的时刻。,system,02,01,Adv,03
16223,意识到自己拥有这种魔法，是在小时候溺水死亡的时候。,system,02,01,Adv,03
16224,经历了好几次同样的死亡，才终于发现自己拥有这种魔法。,system,02,01,Adv,03
16225,后来我还理解到，这是其他人做不到的事。从那时起，我开始对这种魔法感到厌恶。,system,02,01,Adv,03
16226,因为这是不正确的。,system,02,01,Adv,03
16227,不过，被看守砍下头颅而死属于意料之外，既然已经回溯了，那也没办法。,system,02,01,Adv,03
16228,（首先得避免因失控而被看守杀死）,hiro,02,01,Adv,03
16229,我一边在心中坚定立誓，一边登上楼梯。,system,02,01,Adv,03
16230,进入会客厅后，我观察着陆续进来的少女们。,system,02,01,Adv,04
16231,（她们就是【魔女】……？包括我在内，每个人都是不应该存在的错误？）,hiro,02,01,Adv,04
16232,（最终都会变成像那个看守一样的怪物？）,hiro,02,01,Adv,04
16233,（不，我才不是错误的。错误的是她才对）,hiro,02,01,Adv,04
16234,我用余光瞥见艾玛，一个打扮成侦探的少女——橘雪莉正在向她搭话。,system,02,01,Adv,04
16235,看守堵在入口处。看来所有人都已经进入会客厅了。,system,02,01,Adv,04
16236,包括我在内，少女们共有13名之多。大部分少女都显得慌乱，表情困惑。,system,02,01,Adv,04
16237,恐怕除了我之外，没人理解现在的情况。于是，我站到了房间中央。,system,02,01,Adv,04
16238,大家都是初次见面，来做个自我介绍吧！,hiro,02,01,Adv,04
16239,我用稍大的声音提议，原本嘈杂的少女们都将注意力集中到了我身上。,system,02,01,Adv,04
16240,我是二阶堂希罗。今后请多关照。,hiro,02,01,Adv,04
16241,我微笑着做了自我介绍，立刻走近的是莲见蕾雅。,system,02,01,Adv,04
16242,你看起来相当冷静啊……难不成，你其实对这个地方很了解？,leia,02,01,Adv,04
16243,不，完全不了解。,hiro,02,01,Adv,04
16244,蕾雅用怀疑的视线看着我。我们四目相对。我毫不为之动摇，只是笑意更浓。,system,02,01,Adv,04
16245,这样啊……嗯，好吧。我是莲见蕾雅。请多关照。,leia,02,01,Adv,04
16246,喂喂，蕾雅亲。我感觉好像在电视上见过你哦～,coco,02,01,Adv,04
16247,她是个艺人。经常上电视，舞台演出也很多。,hiro,02,01,Adv,04
16248,看到猫耳少女泽渡可可向这边走近，我像要打断她一样迅速说道。,system,02,01,Adv,04
16249,哈啊？我是在跟那边那个王子风格的人说话，又不是跟你说啦～？,coco,02,01,Adv,04
16250,我不想在无关紧要的信息上浪费时间。顺带一提，她不会给路人签名，也不接受合作邀约。,hiro,02,01,Adv,04
16251,这家伙什么毛病啊……,coco,02,01,Adv,04
16252,赶快开始自我介绍行不行？,hiro,02,01,Adv,04
16253,我用威压的语气说道。可可露出了惊恐的眼神。,system,02,01,Adv,04
16254,我、我叫泽渡可可。,coco,02,01,Adv,04
16255,谢谢你的介绍。,hiro,02,01,Adv,04
16256,感受到场面的主导权几乎已经掌握在我手中，我环视其他还在困惑的少女们。,system,02,01,Adv,04
16257,还没有自我介绍的，快点！,hiro,02,01,Adv,04
16258,我来我来～！我叫橘雪莉。哪里有案件哪里就有我！一切就交给我这位名侦探吧！,sherry,02,01,Adv,04
16259,哦。下一个！,hiro,02,01,Adv,04
16260,欸～，不跟我开开玩笑吗？,sherry,02,01,Adv,04
16261,对你没兴趣。还有谁没自我介绍？,hiro,02,01,Adv,04
16262,你这个人怎么回事，怎么能那么自以为是！？你以为你是谁——,hanna,02,01,Adv,04
16263,能不能闭嘴。啊，不过自我介绍还是要的。,hiro,02,01,Adv,04
16264,如果不继续维持互相介绍名字的流程，我和你们之间可能会产生认知偏差。,hiro,02,01,Adv,04
16265,产生不正确的扭曲是不好的。,hiro,02,01,Adv,04
16266,希罗，你还是老样子，一点都没变啊……,ema,02,01,Adv,04
16267,你和希罗是认识的吗？看起来，除了你们俩，其他人似乎没有像你们俩这样本来就认识的。,leia,02,01,Adv,04
16268,啊，嗯，是的。我叫樱羽艾玛。,ema,02,01,Adv,04
16269,我和希罗是从小一起长大的……虽然初中分到了别的班。,ema,02,01,Adv,04
16270,希罗以前就一直担任班长或者学生会主席。,ema,02,01,Adv,04
16271,哦！她确实看起来有这种感觉。把场面交给她来主持似乎更好。,leia,02,01,Adv,04
16272,冒昧打扰，能请教你的名字吗？,leia,02,01,Adv,04
16273,……呵，我是远野汉娜。往后请多多指照……往后请多多关教？,hanna,02,01,Adv,04
16274,被蕾雅这么温柔搭话，汉娜红着脸，扭过头说道。,system,02,01,Adv,04
16275,下一个！,hiro,02,01,Adv,04
16276,一位散发妖冶气息的少女走上前来。,system,02,01,Adv,04
16277,哎呀哎呀，怎么催得这么急呢？我叫宝生玛格哦。,margo,02,01,Adv,04
16278,看来这里有种不允许闲聊的氛围？真遗憾。,margo,02,01,Adv,04
16279,互相知道名字就行了。,hiro,02,01,Adv,04
16280,马上就会有人来对这个监牢的事作说明，我不想浪费时间。,hiro,02,01,Adv,04
16281,——为什么。,nanoka,02,01,Adv,04
16282,你，为什么会知道这些……？,nanoka,02,01,Adv,04
16283,一个眼神阴郁的少女，黑部奈叶香略显惊讶地睁大了眼睛。,system,02,01,Adv,04
16284,我是黑部奈叶香。你是什么人……？,nanoka,02,01,Adv,04
16285,刚才已经报过名字了。我什么人也不是。好了，下一个，那边那个你！,hiro,02,01,Adv,04
16286,呀！我、我叫冰上梅露露……,meruru,02,01,Adv,04
16287,下一个！,hiro,02,01,Adv,04
16288,好可怕！大、大叔我的心快要崩溃了……,miria,02,01,Adv,04
16289,大叔？算了，可以报上名来吗。,hiro,02,01,Adv,04
16290,佐伯米莉亚……,miria,02,01,Adv,04
16291,角落里蜷缩着的少女，正在往素描本上写着什么。,system,02,01,Adv,04
16292,（搞这么麻烦……磨磨蹭蹭的……）,hiro,02,01,Adv,04
16293,她是夏目安安。,hiro,02,01,Adv,04
16294,！,anan,02,01,Adv,04
16295,因为我抢先说出了她的名字，安安显得很震惊。,system,02,01,Adv,04
16296,还有几个少女没有自我介绍。,system,02,01,Adv,04
16297,眼神叛逆的少女，紫藤亚里沙。自由随性的少女，城崎诺亚。,system,02,01,Adv,04
16298,那边那个，你还没自我介绍吧？,hiro,02,01,Adv,04
16299,亚里沙向我投来锐利的目光。,system,02,01,Adv,04
16300,不想介绍。我，讨厌像你这样的人。,alisa,02,01,Adv,04
16301,派头跟个班长似的，让人恶心得起鸡皮疙瘩。,alisa,02,01,Adv,04
16302,紫藤亚里沙。看来你听说过我曾经当过班长的事。对我很感兴趣？,hiro,02,01,Adv,04
16303,什么……！？,alisa,02,01,Adv,04
16304,那边那个随心所欲的，是城崎诺亚。,hiro,02,01,Adv,04
16305,嗯？,noa,02,01,Adv,04
16306,我一声拍手。,system,02,01,Adv,04
16307,介绍完毕！,hiro,02,01,Adv,04
16308,其他少女看我的眼神明显变得充满怀疑。,system,02,01,Adv,04
16309,那个，希罗……你为什么会知道大家叫什么名字……？,ema,02,01,Adv,04
16310,这真是太令人在意了呢～！该我这个名侦探出场了吧！,sherry,02,01,Adv,04
16311,……老实说，我意识到自己有些失去了冷静。我悄悄叹了口气。,system,02,01,Adv,04
16312,（也许，我有点操之过急了）,hiro,02,01,Adv,04
16313,（……或许是想避免对她们产生感情）,hiro,02,01,Adv,04
16314,二阶堂希罗知道大家名字的原因，那就是……没错！超能力！,sherry,02,01,Adv,04
16315,她肯定是会读心！,sherry,02,01,Adv,04
16316,原来是这样吗，希罗！？,ema,02,01,Adv,04
16317,怎么可能啊。这些家伙是傻吗？,coco,02,01,Adv,04
16318,蕾雅轻咳一声，举起了手。,system,02,01,Adv,04
16319,我可以说几句吗？各位好像都被人穿上了莫名其妙的衣服吧。,leia,02,01,Adv,04
16320,请各位看看自己的衣服口袋。好像每个人都分到了一部手机。,leia,02,01,Adv,04
16321,这是我不知道的信息。我心里暗暗惊讶，同时把手伸进自己的衣服口袋。,system,02,01,Adv,04
16322,果然，正如蕾雅所说，里面有一部智能手机。,system,02,01,Adv,04
16323,而且，口袋里还有另一样东西。,system,02,01,Adv,04
16324,（这是……！）,hiro,02,01,Adv,04
16325,我的心脏因震惊而狂跳，但还是勉强保持着面无表情。,system,02,01,Adv,04
16326,真的欸，有了这个，也许就能和外界联系了！,ema,02,01,Adv,04
16327,不，遗憾的是，没有信号，不能用来和外界联络。,leia,02,01,Adv,04
16328,这部手机里有一个叫【魔女图鉴】的APP。上面记录了我们所有人的名字。,leia,02,01,Adv,04
16329,雪莉拍了下手。,system,02,01,Adv,04
16330,所有谜题都解开了！！,sherry,02,01,Adv,04
16331,呵呵呵，二阶堂希罗……你是通过这个【魔女图鉴】……,sherry,02,01,Adv,04
16332,不用说到最后了哇。大家都已经明白了。,hanna,02,01,Adv,04
16333,我一边操作着手机，一边偷偷观察蕾雅。,system,02,01,Adv,04
16334,（上一次我太早就结束了监牢生活，所以不知道的事还是太多了）,hiro,02,01,Adv,04
16335,（信息越多越好。目前尽量获取更多信息才是明智之举）,hiro,02,01,Adv,04
16336,（……时间差不多了）,hiro,02,01,Adv,04
16337,我仰望天花板附近。,system,02,01,Adv,04
16338,一只猫头鹰怪物从小小的通风口准时飞了进来。,system,02,01,Adv,04
16339,啊……好多人……呃，我再重新自我介绍下……我是受命管理这座宅邸的可爱猫头鹰，典狱长……,warden,02,01,Adv,04
16340,……因为下班时间快到了……我就抓紧时间开始说明咯……,warden,02,01,Adv,04
16341,嗯……非常遗憾地告诉大家……各位的身上拥有成为【魔女】的因子。,warden,02,01,Adv,04
16342,——魔女。,system,02,01,Adv,04
16343,是这个世界的祸根，是绝对之恶。尽管已经听过同样的话，可我依然感到动摇。,system,02,01,Adv,04
16344,（我才不是坏人！）,hiro,02,01,Adv,04
16345,心脏剧烈地跳动着，咚咚作响。眼前的一切开始摇晃，自我意识濒临崩塌。,system,02,01,Adv,04
16346,我只想否定一切，只想不顾一切发狂挣扎。,system,02,01,Adv,04
16347,（这种情绪到底是什么……为什么……）,hiro,02,01,Adv,04
16348,我——,system,02,01,Adv,04
16349,拿起了拨火棍,@choice |#0201Adv04_Choice001| button:ChoiceButtons/Adv/Bad,02,01,Adv,04
16350,拼命忍耐住了,@choice |#0201Adv04_Choice002|,02,01,Adv,04
16351,（要忍耐……！）,hiro,02,01,Adv,04
16352,我下意识地狠狠咬紧牙关，血腥味在口中弥漫开来。,system,02,01,Adv,04
16353,从这个春季开始，请大家以囚犯的身份，在这里生活下去。,warden,02,01,Adv,04
16354,得救的方法倒也不是没有……只要能找到【大魔女】，就能将各位的诅咒……,warden,02,01,Adv,04
16355,啊，不过，让你们抱有期待也不太好……请把这事忘了吧。,warden,02,01,Adv,04
16356,（大魔女……？）,hiro,02,01,Adv,04
16357,虽然很在意大魔女和救赎这些词，但我还是克制住了自己，没有开口。,system,02,01,Adv,04
16358,接着，典狱长开始介绍看守——魔女的【残骸】。,system,02,01,Adv,04
16359,啊，顺带一提，看守就是过去收监在此的人成为了魔女后的样子。,warden,02,01,Adv,04
16360,我们称之为【残骸】。,warden,02,01,Adv,04
16361,多数成为魔女的人都会被处刑，但我们会挑出其中比较容易使唤的，对它进行心灵操控。,warden,02,01,Adv,04
16362,我们已经命令它们，只要谁敢反抗就杀谁……真是不好意思，反抗的话就请你去死吧。,warden,02,01,Adv,04
16363,…………,hiro,02,01,Adv,04
16364,我用阴郁的眼神望向看守。,system,02,01,Adv,04
16365,只要不出声，不反抗，看守就不会向我挥下镰刀。,system,02,01,Adv,04
16366,上次被杀死的冲击和精神痛苦再次袭上心头。这一切都鲜明地烙印在记忆中。,system,02,01,Adv,04
16367,（……不，我要忘记。我已经成功避免了死亡）,hiro,02,01,Adv,04
16368,（我再也不能失控了）,hiro,02,01,Adv,04
16369,那个，希罗。你的脸色很差，你还好吗……？,ema,02,01,Adv,04
16370,旁边的艾玛向我搭话，使我更加心悸。,system,02,01,Adv,04
16371,别管我。,hiro,02,01,Adv,04
16372,我不留情面地说道。于是艾玛一脸失落地离开。,system,02,01,Adv,04
16373,和艾玛拉开距离以后，我稍微轻松了一些。,system,02,01,Adv,04
16374,（果然，我只要感知到艾玛的存在，就会变得无法抑制感情）,hiro,02,01,Adv,04
16375,（但我应该不是这么冲动的性格才对）,hiro,02,01,Adv,04
16376,（我身上到底发生了什么……？）,hiro,02,01,Adv,04
16377,——啊，还有几句话要说，真是不好意思。有一件最重要的事情，要跟大家说清楚。,warden,02,01,Adv,04
16378,即将转变为魔女的人，会产生无法抑制的杀意或妄想。,warden,02,01,Adv,04
16379,我猛地抬起头看着典狱长。,system,02,01,Adv,04
16380,这就会带来一桩麻烦事……总有一天囚犯内部会发生凶杀案。,warden,02,01,Adv,04
16381,凶杀案！？,sherry,02,01,Adv,04
16382,是啊……每次都会有这种事……再怎么说也不可能和这么危险的人共同生活，对不对。,warden,02,01,Adv,04
16383,所以呢，只要发生了凶杀案，我们就会举行【魔女审判】。,warden,02,01,Adv,04
16384,成为【魔女】的囚犯呢……嗯…………就会处以死刑……,warden,02,01,Adv,04
16385,详细情况麻烦去看【魔女图鉴】。我就失陪啦……,warden,02,01,Adv,04
16386,说完，典狱长拍打着翅膀飞进通风口，消失不见了。,system,02,01,Adv,04
16387,我马上拿出手机，打开魔女图鉴APP。,system,02,01,Adv,04
16388,『囚犯受到强烈精神压力后，魔女因子会得到增强，魔女化程度便会加深』,system,02,01,Adv,04
16389,『成为魔女之人，有可能会因为难以忍受的杀人冲动，犯下杀人的罪行』,system,02,01,Adv,04
16390,阅读完魔女图鉴里的内容，我理解了。,system,02,01,Adv,04
16391,（魔女化导致的杀人冲动……）,hiro,02,01,Adv,04
16392,那时的我不仅无法控制自己的情绪，甚至可以说，已经彻底发狂了。,system,02,01,Adv,04
16393,（如果那就是【魔女化】造成的影响——）,hiro,02,01,Adv,04
16394,（也就意味着……我已经开始【魔女化】了……？）,hiro,02,01,Adv,04
16395,（我能想到的导火索是【与艾玛的再会】……对我来说，这件事竟然带来了如此巨大的精神创伤吗）,hiro,02,01,Adv,04
16396,一阵寒意直冲脊背，我猛地摇了摇头。,system,02,01,Adv,04
16397,（冷静点……保持清醒……！）,hiro,02,01,Adv,04
16398,我已经理解了自己失控的原因，也接受了这个事实。,system,02,01,Adv,04
16399,但我通过克服上次的死亡，已经能够成功压制住黑暗的感情了。,system,02,01,Adv,04
16400,（已经没事了。我能保持自我）,hiro,02,01,Adv,04
16401,（我绝不会堕为魔女）,hiro,02,01,Adv,04
16402,（我要作为给世界带来秩序的正确之人，制裁魔女——！）,hiro,02,01,Adv,04
16403,我深深吸了口气，目光坚定地投向前方。,system,02,01,Adv,04
16404,却仍有无法言喻的某种感觉，正缓慢而无声地渗入我的胸口。,system,02,01,Adv,04
16405,——某间牢房中。,system,02,01,Adv,05
16406,呀吼～我是泽渡可可哦～！你们能看到我吗～？,coco,02,01,Adv,05
16407,喂，你在做什么啊……？,hanna,02,01,Adv,05
16408,别随便进来啊！我现在正在直播呢！,coco,02,01,Adv,05
16409,直播……？还有这种功能吗？,hanna,02,01,Adv,05
16410,欸～，嗯～，哦～～,coco,02,01,Adv,05
16411,原～来如此啊～！这也太过分啦！嗯嗯，有幕后黑手，我会变成怪物……太糟糕了！！,coco,02,01,Adv,05
16412,你在和谁说话啊……？,hanna,02,01,Adv,05
16413,哈？和自己啊。,coco,02,01,Adv,05
16414,和自己说话？你是在自言自语吗？你该不会是个疯子吧？,hanna,02,01,Adv,05
16415,都说了别进来啊大小姐！现在正到重要的地方呢！,coco,02,01,Adv,05
16416,我只要在直播中露脸，就能和那边的我自己连接在一起。,coco,02,01,Adv,05
16417,不过，这好像是只有在我魔女化进行到一定程度才能使用的能力。,coco,02,01,Adv,05
16418,现在的我只能从那边的我那里获得有限的信息。,coco,02,01,Adv,05
16419,？？？,hanna,02,01,Adv,05
16420,……虽然只能知道到我死为止的事，不过我大概已经明白啦。,coco,02,01,Adv,05
16421,真是不可原谅啊。我居然会死。在见到我推之前，我可不能死啊。,coco,02,01,Adv,05
16422,喂，正在看我直播的家人们……你们在看的吧？,coco,02,01,Adv,05
16423,你们那边的事我也看得到哦。,coco,02,01,Adv,05
16424,我要把一切都颠覆过来唷～,coco,02,01,Adv,05
16425,随着一句阴暗得令人绝望的低语。,system,02,01,Adv,05
16426,新的监牢生活，就此拉开帷幕。,system,02,01,Adv,05
16427,在会客厅听完典狱长的讲话后……,system,02,01,Adv,06
16428,我们按照规定，回到了分配有各自囚犯编号的，位于地下的房间。,system,02,01,Adv,06
16429,为什么会变成这样……完全搞不懂啊……,ema,02,01,Adv,06
16430,与我同室的艾玛坐在床上，脸色苍白，垂头丧气的样子。,system,02,01,Adv,06
16431,魔女，是什么啊……？我们到底会怎么样……,ema,02,01,Adv,06
16432,我用余光瞥了艾玛一眼，随即又回到自己的事情上。,system,02,01,Adv,06
16433,我坐在房间里的椅子上，用手机确认【魔女图鉴】的内容。,system,02,01,Adv,06
16434,刚才只是粗略地看了一遍，我打算再次仔细了解一下这里的规则。,system,02,01,Adv,06
16435,我将各种信息牢记于心。最让我在意的是关于【魔女化】的内容。,system,02,01,Adv,06
16436,（我们会因为受到精神压力而加深魔女化程度……仅此而已，没有更多详情了）,hiro,02,01,Adv,06
16437,（不管怎么样，我已经成功压抑住了冲动，接下来只能避免在生活中积攒压力了）,hiro,02,01,Adv,06
16438,希罗很冷静呢。真厉害啊。,ema,02,01,Adv,06
16439,——没什么厉害的。还有，别跟我说话。,hiro,02,01,Adv,06
16440,……对不起。,ema,02,01,Adv,06
16441,我努力不去看艾玛，在胸前紧紧握拳。,system,02,01,Adv,06
16442,（在此之外，对我更不利的是和艾玛长期同处一室的这种环境）,hiro,02,01,Adv,06
16443,（这必定会给我带来压力。也许需要想些办法）,hiro,02,01,Adv,06
16444,（总之，到了放风时间尽量出去走走会比较好）,hiro,02,01,Adv,06
16445,我叹了口气，从口袋里掏出刚才发现的另一样东西。,system,02,01,Adv,06
16446,这是我初中时常用的，本应送给【她】了的钢笔。,system,02,01,Adv,06
16447,（为什么它会出现在这里……？）,hiro,02,01,Adv,06
16448,虽然想不通原因，但我正好需要一支笔，倒也算是件好事。,system,02,01,Adv,06
16449,为了整理思绪，我习惯每天写日记。,system,02,01,Adv,06
16450,幸运的是，这个房间里有一个可以用来写字的小本子，我决定从今天开始把它当作我的日记本。,system,02,01,Adv,06
16451,首先，我记下了今天发生的事情。随着书写的动作，我的头脑逐渐清晰起来。,system,02,01,Adv,06
16452,欸？这个不是希罗以前用的……？,ema,02,01,Adv,06
16453,艾玛注意到了我的动作，不由自主地开口问道。,system,02,01,Adv,06
16454,——啧。我不禁咂舌。,system,02,01,Adv,06
16455,不知怎么就在口袋里了。你那边没有什么东西吗？,hiro,02,01,Adv,06
16456,呃，我这边倒是没什么特别的……,ema,02,01,Adv,06
16457,艾玛慌张地翻找着自己的口袋。,system,02,01,Adv,06
16458,（为什么偏偏是这支钢笔……）,hiro,02,01,Adv,06
16459,我握紧钢笔，想着不如折断它了事，但……我还是没能下手。,system,02,01,Adv,06
16460,…………,hiro,02,01,Adv,06
16461,我强迫自己摆脱感伤，继续集中精神写日记。面无表情地，只是机械地移动着笔尖。,system,02,01,Adv,06
16462,——监狱生活第二轮，第一天。成功回避了死亡，我还活着。,system,02,01,Adv,06
16463,——但看样子，我的魔女化程度似乎正在加深。,system,02,01,Adv,06
16464,——只要避免积攒压力，平静生活下去，应该就不会变得冲动吧。,system,02,01,Adv,06
16465,——魔女化是不是只会逐渐加深？没有什么预防的办法吗？,system,02,01,Adv,06
16466,——留给我的时限到底还有多少……,system,02,01,Adv,06
16467,——为了不堕为魔女，我必须更深入了解这座监牢。,system,02,01,Adv,06
16468,手机上弹出了典狱长发出的通知，用餐时间到了。,system,02,01,Adv,07
16469,牢房一开锁，我就迅速动身前往食堂，甚至没有回头看一眼正在打盹的艾玛。,system,02,01,Adv,07
16470,我已经完全记住了时间表和监牢的地图。,system,02,01,Adv,07
16471,哪怕一秒钟我都不想浪费，正打算疾步走向食堂，途中——,system,02,01,Adv,07
16472,——,hiro,02,01,Adv,07
16473,在玄关大厅，看守从玄关方向突然出现。,system,02,01,Adv,07
16474,异形怪物就在眼前，我身体瞬间僵硬起来，不由得停下脚步。,system,02,01,Adv,07
16475,你这混蛋，恶心死了放开我！,alisa,02,01,Adv,07
16476,可别小看我啊！？当心我弄死你！！,alisa,02,01,Adv,07
16477,紫藤亚里沙被看守扛了起来，正在挥动四肢拼命挣扎。,system,02,01,Adv,07
16478,我和亚里沙对上了视线。,system,02,01,Adv,07
16479,看、看什么看！你那是什么眼神！你小子给我记住了！！,alisa,02,01,Adv,07
16480,…………,hiro,02,01,Adv,07
16481,我默默拿出笔记本，飞快记下几笔。,system,02,01,Adv,07
16482,（典型的不良少女，还有改造的余地）,hiro,02,01,Adv,07
16483,看守把亚里沙拖到了地下层。,system,02,01,Adv,07
16484,（她还想做逃跑这种愚蠢的事）,hiro,02,01,Adv,07
16485,按照规则，在规定的放风时间之外走出监牢的人，会被关进惩罚室。,system,02,01,Adv,07
16486,（这就是为什么不遵守规则的人令人厌烦）,hiro,02,01,Adv,07
16487,无语地叹了口气。我不再多想这件事，继续向食堂走去。,system,02,01,Adv,07
16488,我站在食堂入口，逐个指着陆续进来的少女们开始点数。,system,02,01,Adv,07
16489,……橘雪莉、远野汉娜，OK。,hiro,02,01,Adv,07
16490,莲见蕾雅、佐伯米莉亚、宝生玛格，OK。,hiro,02,01,Adv,07
16491,冰上梅露露、樱羽艾玛、泽渡可可，可以进去了。,hiro,02,01,Adv,07
16492,喂喂，她那是把自己当什么人了啊？,coco,02,01,Adv,07
16493,我想，希罗大概是在点名吧……,ema,02,01,Adv,07
16494,点什么鬼名啦。,coco,02,01,Adv,07
16495,黑部奈叶香、夏目安安……就没人了吗？,hiro,02,01,Adv,07
16496,我看向入口，似乎不会再有人进来了。,system,02,01,Adv,07
16497,刚才我有看到，紫藤亚里沙被关进惩罚室了。那么现在还少一个人。,system,02,01,Adv,07
16498,城崎诺亚去哪了？,hiro,02,01,Adv,07
16499,啊，城崎诺亚说她不吃饭了。,ema,02,01,Adv,07
16500,……是吗。,hiro,02,01,Adv,07
16501,既然不来那也没办法。我环视一圈聚集在食堂的少女们。,system,02,01,Adv,07
16502,大家都是初次来到食堂，都一样感到困惑。当然，我也是第一次来，但已经调查好各种信息了。,system,02,01,Adv,07
16503,这边的取餐处上摆放着食物，大家自行取餐就好。。,hiro,02,01,Adv,07
16504,虽然卖相不佳，但我已经提前试毒了。没有混入奇怪的东西。可以放心食用。,hiro,02,01,Adv,07
16505,所以你到底当自己是谁啊？校长吗你。,coco,02,01,Adv,07
16506,啊，还有座位似乎没有特别规定，可以随意就座。,hiro,02,01,Adv,07
16507,除了我和艾玛，其他人都是第一次见面。,system,02,01,Adv,07
16508,刚才听完典狱长的讲话后，大家也没怎么聊天，就回到了标有各自囚犯编号的房间。,system,02,01,Adv,07
16509,不过似乎凭直觉感受到了彼此的气场，自然而然三三两两地聚集起来。,system,02,01,Adv,07
16510,我迅速取了食物，独自坐下。这时——,system,02,01,Adv,07
16511,可以坐你旁边吗？,leia,02,01,Adv,07
16512,蕾雅面带柔和的微笑，在我旁边放下托盘。,system,02,01,Adv,07
16513,无所谓。你看起来还算个能沟通的人。,hiro,02,01,Adv,07
16514,我大致能猜到蕾雅为什么会来我这里。,system,02,01,Adv,07
16515,蕾雅和我一样，她也具有团队领头人的气质，大概是在警惕我这个属性相近的人吧。,system,02,01,Adv,07
16516,不过是首领互争地盘而已。这种情况我经历过几次。,system,02,01,Adv,07
16517,不过，还有一个意想不到的人也坐到了我旁边。,system,02,01,Adv,07
16518,是黑部奈叶香。,system,02,01,Adv,07
16519,我也要坐在这里吃。行吗？,nanoka,02,01,Adv,07
16520,行，请便。,hiro,02,01,Adv,07
16521,奈叶香并没有开始用餐，而是用阴沉的眼神紧盯着我。,system,02,01,Adv,07
16522,（是在怀疑我吗……有意思）,hiro,02,01,Adv,07
16523,我故意不理会她的视线，优雅地开始用餐。,system,02,01,Adv,07
16524,呃……这味道真够呛的。你居然能面不改色地吃下去。,leia,02,01,Adv,07
16525,无论味道多么糟糕，都不应该表现在脸上，这样有失礼节。,hiro,02,01,Adv,07
16526,啊，确实，你说得对。抱歉。,leia,02,01,Adv,07
16527,话说回来，希罗，你对这座监牢有什么看法？,leia,02,01,Adv,07
16528,有没有什么逃脱的方法呢？,leia,02,01,Adv,07
16529,看守比你想像的要危险得多。不应该违抗它们。,hiro,02,01,Adv,07
16530,应该优先掌握关于这座监牢和魔女的知识。啊，还有一点。,hiro,02,01,Adv,07
16531,我习惯在用餐时保持安静。请不要向我搭话。,hiro,02,01,Adv,07
16532,…………,leia,02,01,Adv,07
16533,…………,nanoka,02,01,Adv,07
16534,冷清的餐桌上，我们三人沉默着进食。,system,02,01,Adv,07
16535,我一边往嘴里送着浓稠的饭菜，一边用余光迅速观察着各个座位。,system,02,01,Adv,07
16536,——可可和米莉亚、玛格坐在一起。,system,02,01,Adv,07
16537,——安安和梅露露坐在一起。,system,02,01,Adv,07
16538,——艾玛和雪莉、汉娜坐在一起。,system,02,01,Adv,07
16539,在彼此之间互相试探的尴尬氛围中——,system,02,01,Adv,07
16540,突然，汉娜站了起来。,system,02,01,Adv,07
16541,这就是我的魔法哇哇哇～,hanna,02,01,Adv,07
16542,话音刚落，她的身体就轻飘飘地浮了起来。,system,02,01,Adv,07
16543,虽然只有大约10厘米高，但亲眼目睹她确实飘浮在空中，她口中的【魔法】一词顿时具有了说服力。,system,02,01,Adv,07
16544,（原来如此。远野汉娜拥有【飘浮】魔法）,hiro,02,01,Adv,07
16545,我迅速扫视了一圈所有人的表情。,system,02,01,Adv,07
16546,虽然有几个少女显得很惊讶，但看起来，几乎所有人都接受了魔法的存在。,system,02,01,Adv,07
16547,当然也包括我在内。,system,02,01,Adv,07
16548,是魔法展示会吗！那么我也要来一个厉害的！,sherry,02,01,Adv,07
16549,似乎受到刺激，雪莉一边宣布着，一边站了起来。她拿起托盘上的苹果——,system,02,01,Adv,07
16550,啊……,ema,02,01,Adv,07
16551,干净利落地把苹果捏得粉碎。,system,02,01,Adv,07
16552,震惊！雪莉的魔法竟然是【怪力】！,sherry,02,01,Adv,07
16553,我的苹果……,ema,02,01,Adv,07
16554,大家也来展示自己的魔法吧～！,sherry,02,01,Adv,07
16555,当然，没有人回应雪莉的提议。所有人都不发一言。,system,02,01,Adv,07
16556,我不能使用魔法。因为我不是魔女。,hiro,02,01,Adv,07
16557,啊，是这样啊……,sherry,02,01,Adv,07
16558,雪莉垂头丧气地回到座位上，这时我站了起来。,system,02,01,Adv,07
16559,我吃好了。,hiro,02,01,Adv,07
16560,说完，我走向取餐处，开始往盘子里盛食物。,system,02,01,Adv,07
16561,希罗，你不是已经吃完了吗？,leia,02,01,Adv,07
16562,啊，这不是我的。是给城崎诺亚的。,hiro,02,01,Adv,07
16563,啊……原来如此。,leia,02,01,Adv,07
16564,蕾雅轻轻一笑。,system,02,01,Adv,07
16565,你真是个体贴的人啊。,leia,02,01,Adv,07
16566,（……体贴？我吗？）,hiro,02,01,Adv,07
16567,我差点冷哼一声。我只是想保持自己的正确而已。,system,02,01,Adv,07
16568,（城崎诺亚没有来吃饭。人应该要吃饭。仅此而已）,hiro,02,01,Adv,07
16569,我端着盛好食物的托盘，离开了食堂。,system,02,01,Adv,07
16570,我端着食物托盘，站在诺亚的房间门口。,system,02,01,Adv,08
16571,这到底是怎么回事……,hiro,02,01,Adv,08
16572,我惊呆了。——房间内部被喷漆涂成了整面鲜红色。,system,02,01,Adv,08
16573,你这是要干什么！？,hiro,02,01,Adv,08
16574,我严厉地质问道，诺亚一脸疑惑地转过身来。,system,02,01,Adv,08
16575,嗯？慌慌张张的，有什么事吗？,noa,02,01,Adv,08
16576,为什么把房间涂成红色！,hiro,02,01,Adv,08
16577,喷漆颜料的气味充满了整个房间，让人不禁屏住呼吸。,system,02,01,Adv,08
16578,因为它怎么都不肯变成诺亚想画的样子，所以就想把它涂掉。,noa,02,01,Adv,08
16579,然后，就全都变成这样子了。,noa,02,01,Adv,08
16580,看着稍微有些害羞的诺亚，我的视野开始摇晃。,system,02,01,Adv,08
16581,（这是错误的，这是错误的，这是错误的！）,hiro,02,01,Adv,08
16582,把它清理掉！立刻！,hiro,02,01,Adv,08
16583,欸～为什么啊？诺亚只是在画画而已啊？,noa,02,01,Adv,08
16584,不论这对你来说是爱好还是艺术，熏人的气味已经飘到过道里了，这对其他人来说就是一种骚扰行为。,hiro,02,01,Adv,08
16585,……是这样啊，我没注意到……,noa,02,01,Adv,08
16586,看着垂头丧气的诺亚，我深深地叹了口气。,system,02,01,Adv,08
16587,虽然我很想让你想做什么就做什么，但是，到这种程度，已经不能坐视不理了。不过，清理起来应该会很麻烦，所以我也会帮忙。,hiro,02,01,Adv,08
16588,淋浴房里应该有肥皂，用肥皂来擦的话……,hiro,02,01,Adv,08
16589,啊，不用。不需要那种东西的。,noa,02,01,Adv,08
16590,诺亚轻描淡写地说着，然后将所有的红色都哧溜溜地收进了喷漆罐里。,system,02,01,Adv,08
16591,看到这明显超出常理的液体移动，我恍然大悟。,system,02,01,Adv,08
16592,（魔法……她的魔法是让画动起来……不，是能操控液体……？）,hiro,02,01,Adv,08
16593,你看，干净了吧～！这样可以了吗？,noa,02,01,Adv,08
16594,房间里已经恢复原状了。,system,02,01,Adv,08
16595,嗯……是啊。那就这样吧。,hiro,02,01,Adv,08
16596,那我就开始画下一幅画啦。,noa,02,01,Adv,08
16597,不行不行，你有没有听我说话？这里禁止画画。,hiro,02,01,Adv,08
16598,欸——那不可能的啊？因为诺亚不画画就活不下去啊。,noa,02,01,Adv,08
16599,忍耐一下吧。这里是大家一起生活的地方。,hiro,02,01,Adv,08
16600,唔——我忍不了——,noa,02,01,Adv,08
16601,诺亚鼓起腮帮子，显然心情变得很糟糕。,system,02,01,Adv,08
16602,（真是的……这种不愿意顾及他人的态度，真的很像【小雪】）,hiro,02,01,Adv,08
16603,突然，这个想法浮现在脑海中，使我的感情泛起涟漪。,system,02,01,Adv,08
16604,——不能放着她不管。,system,02,01,Adv,08
16605,……好吧。我来帮你另找一个能进行艺术创作的地方。这样可以吗？,hiro,02,01,Adv,08
16606,不能在这里画吗？,noa,02,01,Adv,08
16607,不行。,hiro,02,01,Adv,08
16608,小气鬼～,noa,02,01,Adv,08
16609,随你怎么说。只要我在，就不许你擅自行动。,hiro,02,01,Adv,08
16610,啊，对了，我给你带来了这个。,hiro,02,01,Adv,08
16611,我这才想起自己还端着食物托盘，赶紧递给了她。,system,02,01,Adv,08
16612,刚刚还气鼓鼓的诺亚，立刻露出了笑容。,system,02,01,Adv,08
16613,哇，是饭啊！说起来我肚子饿了！,noa,02,01,Adv,08
16614,谢谢你，呃……,noa,02,01,Adv,08
16615,希罗。我叫二阶堂希罗。,hiro,02,01,Adv,08
16616,谢谢你，希罗！那个，诺亚的名字是——,noa,02,01,Adv,08
16617,我知道。你的名字是城崎诺亚。,hiro,02,01,Adv,08
16618,欸，为什么会知道呢？希罗好厉害啊。,noa,02,01,Adv,08
16619,……下次要准时去吃饭。就算你不愿意，我也会强行把你带去的。,hiro,02,01,Adv,08
16620,既然已经把食物托盘交给她了，我的任务就完成了。我移开视线，回到了自己的房间。,system,02,01,Adv,08
16621,翌日的早餐时间，我、蕾雅、奈叶香，还有一人——,system,02,01,Adv,09
16622,诺亚也加入了我们。,system,02,01,Adv,09
16623,说来，这真是意料之外的组合呢。,leia,02,01,Adv,09
16624,迅速结束用餐的蕾雅略带惊讶地说道。,system,02,01,Adv,09
16625,我本以为像希罗这样的类型应该会讨厌自由奔放的人。,leia,02,01,Adv,09
16626,越是自由的人，越需要让她学会规矩。,hiro,02,01,Adv,09
16627,同样快速吃完早餐的我，一边品着餐后红茶一边优雅地说道。,system,02,01,Adv,09
16628,今早她又想乱涂乱画了。需要对她彻底管教——不，是需要教育。,hiro,02,01,Adv,09
16629,换个说法也没有本质区别啊……,leia,02,01,Adv,09
16630,气气。,noa,02,01,Adv,09
16631,诺亚一脸不开心，用叉子戳着盘中的谜之食物。时不时还自顾自地让食物蠕动起来玩耍。,system,02,01,Adv,09
16632,奈叶香则一直在凝神观察着这一幕。,system,02,01,Adv,09
16633,……你的魔法是操纵液体，对吧。,nanoka,02,01,Adv,09
16634,对呀。诺亚的魔法就是让画自己动起来。只要是液体，都能让它动起来哦。,noa,02,01,Adv,09
16635,不过只能对画起作用啦。看！,noa,02,01,Adv,09
16636,那团扭曲的食物变成了一条立体的艺术蛇。完成度相当高。,system,02,01,Adv,09
16637,诺亚得意洋洋地挺起胸膛，但蕾雅的表情却不太好看。,system,02,01,Adv,09
16638,她突然低下头，悄悄说道。,system,02,01,Adv,09
16639,虽然我已经猜想到了大家都有神奇的力量——魔法，但是，公开这些信息可能不太妥当吧。,leia,02,01,Adv,09
16640,嗯？为什么？,noa,02,01,Adv,09
16641,……我也赞同莲见蕾雅的意见。不暴露底牌才是明智的做法。,nanoka,02,01,Adv,09
16642,考虑到接下来可能发生的事，更是如此。,nanoka,02,01,Adv,09
16643,…………,hiro,02,01,Adv,09
16644,我并不这么认为。,system,02,01,Adv,09
16645,如果彼此之间互相隐藏手牌，必然会产生嫌隙。,system,02,01,Adv,09
16646,既然知道有魔法存在，那么共享彼此的信息反而更容易合作。,system,02,01,Adv,09
16647,不过，我自己也没打算向任何人透露我拥有【死亡回溯】的魔法，更不打算使用它。,system,02,01,Adv,09
16648,所以我保持沉默。,system,02,01,Adv,09
16649,环顾四周，其他被囚禁的少女们大致以与昨晚相同的组合用餐。亚里沙不在。,system,02,01,Adv,09
16650,视线扫到艾玛，我不快地皱起眉头。,system,02,01,Adv,09
16651,艾玛、雪莉和汉娜三人像是在密谋一般，不知道在商量什么。,system,02,01,Adv,09
16652,不能向别人展示魔法吗？但是，诺亚只要一画画，就全都是用魔法了啊。气气。,noa,02,01,Adv,09
16653,诺亚又开始一脸不开心起来。,system,02,01,Adv,09
16654,我不是答应过你吗。今天要为你找个画画的地方。,hiro,02,01,Adv,09
16655,对哦！诺亚我呀，要和希罗一起出去玩啦！,noa,02,01,Adv,09
16656,出去玩～，出去玩～♪画画～，画画～♪,noa,02,01,Adv,09
16657,好了，快点吃吧。我在等你吃完呢。,hiro,02,01,Adv,09
16658,我帮诺亚擦拭她嘴角沾上的食物。蕾雅微笑着眺望我们两人。,system,02,01,Adv,09
16659,……你们现在这么亲密了呀。希罗的行动力真是令人佩服。,leia,02,01,Adv,09
16660,（这人说话怎么这么浮夸。算了）,hiro,02,01,Adv,09
16661,在等诺亚的时候，我突然想到了什么，站起身来。,system,02,01,Adv,09
16662,——大家请注意！！,hiro,02,01,Adv,09
16663,我提高嗓门，食堂里的少女们都看向我这边。,system,02,01,Adv,09
16664,大家都带手机来了吗？我昨晚也研究了一下。,hiro,02,01,Adv,09
16665,我举起自己的手机给大家看。,system,02,01,Adv,09
16666,看来手机里装有可以聊天的APP。只要交换ID，以后就可以随时传信息了。应该还能语音通话。,hiro,02,01,Adv,09
16667,虽然，聊天内容被那只猫头鹰监听的可能性极高……不过考虑到我们本就是被软禁在此，也没必要想太多。,hiro,02,01,Adv,09
16668,毕竟还有限制活动的时间，我们应该好好利用这个聊天功能。现在，我们所有人互换联系方式吧。,hiro,02,01,Adv,09
16669,啊，确实是个好主意。所有人互换联系方式……是我没能说出口的主意。,leia,02,01,Adv,09
16670,蕾雅虽然脸上略带遗憾，仍然还是飒爽地站到我身边。,system,02,01,Adv,09
16671,本来我因为和大家还不太熟络，所以多少有些顾忌，但困难当前，我也不能再这么下去了。还请各位踊跃和我交换联系方式！,leia,02,01,Adv,09
16672,（她怎么回事，一举一动都跟演戏似的……算了，不说什么了）,hiro,02,01,Adv,09
16673,其他少女们似乎也没什么异议，纷纷查看手机，开始互加账号。,system,02,01,Adv,09
16674,（明天再问亚里沙要联系方式就行了）,hiro,02,01,Adv,09
16675,我一边进行这仪式般的举动，一边在脑子里想好了接下来的计划。,system,02,01,Adv,09
16676,突然，视野角落里出现了一个令人在意的少女。,system,02,01,Adv,09
16677,是佐伯米莉亚。她低着头，似乎想尽可能地消除自己的存在感。,system,02,01,Adv,09
16678,我朝她走了过去。,system,02,01,Adv,09
16679,米莉亚。我想和你交换联系方式。,hiro,02,01,Adv,09
16680,——,miria,02,01,Adv,09
16681,……那个，这是一定要交换、的吗……？大叔我，对这些东西不太擅长……,miria,02,01,Adv,09
16682,一定要的。我并不打算和你搞好关系。只是，接下来会发生什么事，谁也说不准。每个人都互相保持联系会比较好。,hiro,02,01,Adv,09
16683,是这样啊……啊哈哈，输给你了……说、说得也是啊。并不是朋友之间的交流，而是类似工作联络那样的东西吧，嗯。,miria,02,01,Adv,09
16684,米莉亚虽然有些不太情愿，但还是拿出手机，加入了互加账号的仪式。,system,02,01,Adv,09
16685,——终于，除了亚里沙以外的所有人都加上了联系方式，大多数少女都离开了食堂。,system,02,01,Adv,09
16686,这时，蕾雅再次低下头，压低声音说道。,system,02,01,Adv,09
16687,——话说希罗、奈叶香、诺亚。能借一步说话吗。,leia,02,01,Adv,09
16688,什么事？,hiro,02,01,Adv,09
16689,你们觉得今后会发生【凶杀案】吗？,leia,02,01,Adv,09
16690,——凶杀案。这个词，让我的心猛地一跳。,system,02,01,Adv,09
16691,……应该要考虑到这种可能性吧。,hiro,02,01,Adv,09
16692,我假装平静地说道。奈叶香也深深点头。,system,02,01,Adv,09
16693,嗯。我认为会发生。,nanoka,02,01,Adv,09
16694,诺亚不知道，但是诺亚讨厌杀人犯。因为很可怕。,noa,02,01,Adv,09
16695,是啊。虽然我希望相信这种事不会发生，但为了以防万一，我们要不要先定下一些规矩？,leia,02,01,Adv,09
16696,……定下规矩，是指？,hiro,02,01,Adv,09
16697,如果发生凶杀案，举行魔女审判的话，每个囚犯都要投票决出谁是魔女。,leia,02,01,Adv,09
16698,那么，我们四个人绝对不能投票给自己人，这样如何。,leia,02,01,Adv,09
16699,我想相信同伴。相信我们之间的牵绊。,leia,02,01,Adv,09
16700,（这是为了自保，还是出于天真？很难判断……）,hiro,02,01,Adv,09
16701,……虽然是个不错的想法，但我不能赞同。,hiro,02,01,Adv,09
16702,欸……为、为什么？,leia,02,01,Adv,09
16703,即使是同伴，如果真的犯下了杀人罪行，那么，那个人就应该受到惩罚。,hiro,02,01,Adv,09
16704,如果真的认为对方是同伴，就更应该这么做。如果是我的话，为了让那个人改过自新，我会这么做的。,hiro,02,01,Adv,09
16705,是吗。虽然有点遗憾，但也许希罗说得对……,leia,02,01,Adv,09
16706,我明白了，忘了我说的吧！我们之间就保持公平吧！,leia,02,01,Adv,09
16707,就在蕾雅果断发出宣言的片刻后。,system,02,01,Adv,09
16708,呀啊啊啊啊啊——！！,coco,02,01,Adv,09
16709,听见食堂外传来的尖叫，我们表情僵硬地站了起来。,system,02,01,Adv,09
16710,那声音昭示着监牢中发生了可怕的事情，我们慌忙跑出食堂。,system,02,01,Adv,09
16711,…………,jailer,02,01,Adv,09
16712,刚出走廊，我就亲眼目睹了那个场景，不禁战栗。,system,02,01,Adv,09
16713,看守正挥舞着镰刀朝少女们砍去。,system,02,01,Adv,09
16714,每当镰刀划出轨迹，就有一件走廊上的陈设被劈成两半。,system,02,01,Adv,09
16715,无论是硬木还是金属，在看守的镰刀下全都只消一击就被腰斩。,system,02,01,Adv,09
16716,那把镰刀的威胁性再明显不过了。,system,02,01,Adv,09
16717,不仅是我，走廊上所有的少女都害怕得发抖。,system,02,01,Adv,09
16718,啊啊，啊……啊。,anan,02,01,Adv,09
16719,住、住手吧！！,ema,02,01,Adv,09
16720,是我们错了……！,hanna,02,01,Adv,09
16722,一声威严斥责响起，让所有人为之一震。我本以为是典狱长出现，制止了看守的暴行。,system,02,01,Adv,09
16723,看向声音来处，站在那里的却是玛格。,system,02,01,Adv,09
16724,（是她的魔法吗……！）,hiro,02,01,Adv,09
16725,看守也像是回应典狱长的声音一般——朝那个方向挥下镰刀。,system,02,01,Adv,09
16726,呀啊啊啊啊啊！,margo,02,01,Adv,09
16727,玛格！！,hiro,02,01,Adv,09
16728,——血沫四溅，过道一片狼藉。,system,02,01,Adv,09
16729,…………,jailer,02,01,Adv,09
16730,呜……呜呜……,margo,02,01,Adv,09
16731,虽然玛格没有当场死亡，但她的腰侧似乎被深深砍了一刀。,system,02,01,Adv,09
16732,鲜血不停涌出，染红了过道。,system,02,01,Adv,09
16733,我比任何人都更深切地感受过看守的可怕。全身的血液都仿佛瞬间冻结。,system,02,01,Adv,09
16734,玛格小姐……,meruru,02,01,Adv,09
16735,梅露露立刻奔向玛格身边，双手轻轻放在伤口上。梅露露掌心绽放出光芒。是魔法。,system,02,01,Adv,09
16736,啊，啊啊，怎么会受这么重的伤……我不要这样，不可以，绝对不会让你丧命的……,meruru,02,01,Adv,09
16737,坚持住，玛格小姐……！,meruru,02,01,Adv,09
16738,我本想保护大家的……结果自己却中招了，真是活该呢……呃！,margo,02,01,Adv,09
16739,请不要说话……我会治好你的，请你一定要撑住……！,meruru,02,01,Adv,09
16740,…………,jailer,02,01,Adv,09
16741,看守凝视着玛格的方向，不知在沉思些什么。良久，终于静静离开了现场。,system,02,01,Adv,09
16742,危机暂时解除，少女们之间紧绷的神经终于也稍稍放松。,system,02,01,Adv,09
16743,到底发生了什么事！？,hiro,02,01,Adv,09
16744,我气势汹汹地抓住了附近的艾玛的衣领。,system,02,01,Adv,09
16745,……那个……我们，商量着要越狱。,ema,02,01,Adv,09
16746,我、雪莉和汉娜三个人，就行动了……,ema,02,01,Adv,09
16747,是的……我昨天也说过，我有怪力魔法。,sherry,02,01,Adv,09
16748,所以我们商量着用魔法让看守昏迷，然后大家一起逃跑。,sherry,02,01,Adv,09
16749,结果我们袭击看守的时候，好像惹怒了它，它就开始挥舞镰刀……,sherry,02,01,Adv,09
16750,愚蠢至极！,hiro,02,01,Adv,09
16751,请、请不要这么大声呵斥我们……！我们也没想到会变成这样……,hanna,02,01,Adv,09
16752,其他少女看起来没有受伤。,system,02,01,Adv,09
16753,我们可没听说过看守那么强大，那么可怕呀……,hanna,02,01,Adv,09
16754,我以为靠自己的怪力能打倒它，真是太天真了……,sherry,02,01,Adv,09
16755,对不起，都是我们的错，害得玛格……,ema,02,01,Adv,09
16756,艾玛她们完全蔫了，眼中含着泪水。,system,02,01,Adv,09
16757,可可、米莉亚和安安也挤在过道的角落里，脸色苍白地发抖。,system,02,01,Adv,09
16758,真的不行了，太恶心了……呜，要吐了……,coco,02,01,Adv,09
16759,好可怕……这里，太可怕了……,miria,02,01,Adv,09
16760,那、那么多血……我不舒服……,anan,02,01,Adv,09
16761,第一次有少女遭受如此残酷的对待，走廊的气氛变得阴郁起来。,system,02,01,Adv,09
16762,——你们是害怕血的红色吗？,noa,02,01,Adv,09
16763,不知何时诺亚出现在了现场。,system,02,01,Adv,09
16764,诺亚疑惑地歪着头，环视着少女们的样子。,system,02,01,Adv,09
16765,那么，诺亚要把所有的红色，都变得不可怕哦！,noa,02,01,Adv,09
16766,（难道——）,hiro,02,01,Adv,09
16767,心中闪过预感的同时。,system,02,01,Adv,09
16768,诺亚挥起手，将飞溅的血液聚集到手边，做成了一支彩色的笔。,system,02,01,Adv,09
16769,用诺亚的魔法，所有所有血的红色，都变成蝴蝶的图画吧～！,noa,02,01,Adv,09
16770,在目瞪口呆的我们面前，大量的蝴蝶图案突然飞舞起来。,system,02,01,Adv,09
16771,仿佛是梦幻般的魔法，整个世界变得五彩缤纷。,system,02,01,Adv,09
16772,令人难以置信的景象。,system,02,01,Adv,09
16773,梅露露对玛格施展治愈魔法已经足够称得上奇迹了，但这比奇迹更让人震惊。,system,02,01,Adv,09
16774,用了很～多力量的。这是特别的魔法哦～,noa,02,01,Adv,09
16775,从今以后所有人流出的血都会变成蝴蝶图案哦。,noa,02,01,Adv,09
16776,为了让大家不再害怕！,noa,02,01,Adv,09
16777,诺亚努力了！怎么样？厉害吗？厉害吗？,noa,02,01,Adv,09
16778,虽、虽然很厉害，但这有什么意义呢……？,hanna,02,01,Adv,09
16779,嗯？倒是没有什么意义呢？只是血会变成蝴蝶图案而已哦。,noa,02,01,Adv,09
16780,是这样啊……,hanna,02,01,Adv,09
16781,诺亚笑嘻嘻的，但突然意识到什么，转向我。她的表情有点尴尬。,system,02,01,Adv,09
16782,……诺亚画画了。会被骂吗……？,noa,02,01,Adv,09
16783,……并不是在生你的气。只是因为问题还没解决而已。,hiro,02,01,Adv,09
16784,是啊。我记得这里好像有医务室。我们把玛格带到医务室去吧。,leia,02,01,Adv,09
16785,蕾雅飒爽地飞奔到玛格身边，轻松将她横抱起来。,system,02,01,Adv,09
16786,需要有人护理。我也来帮忙。还有，那边的梅露露。,hiro,02,01,Adv,09
16787,我、我在……,meruru,02,01,Adv,09
16788,你似乎有治愈魔法，希望你和我们一起照料她。,hiro,02,01,Adv,09
16789,当、当然了……,meruru,02,01,Adv,09
16790,我迅速下达指示，和蕾雅并肩走了起来。,system,02,01,Adv,09
16791,…………,hiro,02,01,Adv,09
16792,刚迈出的脚步停顿了一下。我回头看向艾玛。,system,02,01,Adv,09
16793,不要再想越狱这种愚蠢的事了。,hiro,02,01,Adv,09
16794,……真的很对不起……,ema,02,01,Adv,09
16795,我很生气。比起对任何人，我最恨自己不争。,system,02,01,Adv,09
16796,（如果我能更强烈警告大家看守的危险程度，这场事故本来是可以避免的）,hiro,02,01,Adv,09
16797,（而且，知道看守到底有多危险的，只有我）,hiro,02,01,Adv,09
16798,（绝不能再让这样的事情发生——！）,hiro,02,01,Adv,09
16799,——监狱生活第二轮，第二天。玛格被看守攻击，身负重伤。,system,02,01,Adv,10
16800,——原因是艾玛、雪莉、汉娜三人策划越狱并反抗看守。玛格被卷入其中。,system,02,01,Adv,10
16801,——我和蕾雅、梅露露在医务室照料玛格。,system,02,01,Adv,10
16802,——其他囚犯也轮流来探望玛格。,system,02,01,Adv,10
16803,——玛格一度发高烧，生命垂危，但在梅露露的魔法下好转，状况已稳定。不用再担心了。,system,02,01,Adv,10
16804,——虽然是以我不愿意看到的方式，至少看守的危险性已为众人所知。少女们都变得畏缩了起来。,system,02,01,Adv,10
16805,——为防止再次有人策划越狱，我决定每天定时检查各个关押囚犯的房间。,system,02,01,Adv,10
16806,——第四天早晨。,system,02,01,Adv,11
16807,我坐起身，轻盈地从双层床上跳下来。,system,02,01,Adv,11
16808,我看到艾玛也已经坐起身来。,system,02,01,Adv,11
16809,你该不会……一夜没睡吧？,hiro,02,01,Adv,11
16810,啊，希罗，早上好……其实我睡了一会，但还是担心玛格，很快就醒了……,ema,02,01,Adv,11
16811,不用担心玛格。昨天我也去医务室探望了几次，她已经完全恢复精神了。,hiro,02,01,Adv,11
16812,是吗！？太好了～～,ema,02,01,Adv,11
16813,希罗，给你添麻烦了，对不起……,ema,02,01,Adv,11
16814,……虽然你们也有部分责任，但这是看守干的。,hiro,02,01,Adv,11
16815,今天是怎么了？总觉得希罗和平常有点不一样。,ema,02,01,Adv,11
16816,——,hiro,02,01,Adv,11
16817,艾玛的说法让我感到恼火，我冷冷地瞪了她一眼。,system,02,01,Adv,11
16818,和平常不一样？你对我了解多少？,hiro,02,01,Adv,11
16819,……对不起。,ema,02,01,Adv,11
16820,（只会道歉也让人火大。向我道歉有什么用？艾玛对【她】做过的事已经无法挽回了——）,hiro,02,01,Adv,11
16821,感觉再和艾玛交谈下去，可能又会控制不住情绪，于是我急忙朝门口走去。,system,02,01,Adv,11
16822,啊，希罗等等！,ema,02,01,Adv,11
16823,什么事？我已经没有什么要和你说……,hiro,02,01,Adv,11
16824,艾玛有些尴尬地向我递出笔记本和钢笔。,system,02,01,Adv,11
16825,这是你忘的东西吧。你一直随身带着的。,ema,02,01,Adv,11
16826,……,hiro,02,01,Adv,11
16827,我几乎是抢夺般从艾玛手中拿过东西。我感到自己的烦躁情绪在加剧，这不是好兆头。,system,02,01,Adv,11
16828,（这个环境果然让人压力很大）,hiro,02,01,Adv,11
16829,这几天，我算是把魔女化导致的冲动抑制下来了。,system,02,01,Adv,11
16830,保持这个势头的话，我应该不会堕为魔女，但面对这种无计可施的状况，我还是越来越焦躁。,system,02,01,Adv,11
16831,（不知道自己什么时候又会像之前一样失控。明明我不应该再积攒压力）,hiro,02,01,Adv,11
16832,（都是艾玛在这里害的……！）,hiro,02,01,Adv,11
16833,我半是迁怒地瞪着艾玛，然后突然想到了什么。,system,02,01,Adv,11
16834,……说起来，你的魔法是什么？,hiro,02,01,Adv,11
16835,欸？我的魔法？,ema,02,01,Adv,11
16836,也、也是啊。大家都有神奇的力量……那一定就是所谓魔女的魔法吧。,ema,02,01,Adv,11
16837,但是我却没有任何神奇的力量。说不定是弄错了什么才把我关进这里的。,ema,02,01,Adv,11
16838,（……不可能搞错。是她自己都没有察觉，还是在隐瞒？）,hiro,02,01,Adv,11
16839,我转过脸不看艾玛，注视着手中的钢笔。,system,02,01,Adv,11
16840,（艾玛是危险的）,hiro,02,01,Adv,11
16841,走到地下过道时，诺亚已经在那里埋伏我了。,system,02,01,Adv,11
16842,希罗，你是不是，忘记约定了？,noa,02,01,Adv,11
16843,被她埋怨的眼神盯着，我脸颊冒汗。,system,02,01,Adv,11
16844,（说起来，我确实答应过要帮诺亚找画画的地方）,hiro,02,01,Adv,11
16845,……我没忘。只是因为玛格的事有点忙。来，我们先去吃早餐吧。约定的事之后再说。,hiro,02,01,Adv,11
16846,太好了！,noa,02,01,Adv,11
16847,（虽然感觉行动会受到很多限制，但也没办法……）,hiro,02,01,Adv,11
16848,我决定和诺亚一起探索这座监牢。,system,02,01,Adv,11
16849,我们来到监牢二楼的图书室，发现雪莉、汉娜和艾玛正待在阅读区。,system,02,01,Adv,13
16850,诺亚被图书室中央的大树吸引住了，开始构思要画些什么，于是我独自走向雪莉她们。,system,02,01,Adv,13
16851,你们在做什么？,hiro,02,01,Adv,13
16852,纪律委员大驾光临了哇……,hanna,02,01,Adv,13
16853,我可不是什么纪律委员。,hiro,02,01,Adv,13
16854,每天巡视好几次我们的房间，不是纪律委员是什么啊……,hanna,02,01,Adv,13
16855,啊，希罗！我们今天正在调查图书室的各种书籍呢！,sherry,02,01,Adv,13
16856,嗯，想着也许能更了解一些这座监牢的情况。,ema,02,01,Adv,13
16857,但都是些看不懂的书，正头疼着呢。,ema,02,01,Adv,13
16858,如果能掌握规律的话，或许就能大致解读了～,sherry,02,01,Adv,13
16859,（我也大致浏览了一下图书室的书，确实都是些看不懂的东西……）,hiro,02,01,Adv,13
16860,啊，对了对了。希罗，请看这个！,sherry,02,01,Adv,13
16861,雪莉指着桌上的一本厚书。,system,02,01,Adv,13
16862,那是一本装帧华丽、看起来就有什么特殊内情的书。,system,02,01,Adv,13
16863,这本书似乎记载了有关魔女和魔法的内容。,sherry,02,01,Adv,13
16864,我也注意到了翻开的那一页。,system,02,01,Adv,13
16865,用独特文字写就的如此厚重的书籍……看来并不只是装饰品那么简单。,hiro,02,01,Adv,13
16866,看来监牢的运营方似乎拥有与我们不同的文化和历史。,hiro,02,01,Adv,13
16867,（恐怕是魔女……相关的东西吧）,hiro,02,01,Adv,13
16868,……我很在意这幅画。,hiro,02,01,Adv,13
16869,我指着的这幅画上，众多魔女手牵手围在一起，一名威严十足的魔女正在降临。,system,02,01,Adv,13
16870,这画的不是【魔女安息仪式】吗？就是魔女召唤大魔女的仪式之类的。,sherry,02,01,Adv,13
16871,……原来如此？虽然不太了解，但确实在一般的传说中，魔女似乎也有首领。,hiro,02,01,Adv,13
16872,对魔女来说【大魔女】是不可或缺的存在……对，也就是说！,sherry,02,01,Adv,13
16873,也就是说……！,sherry,02,01,Adv,13
16874,雪莉竖起食指，正要说些什么，却静止了一会，发出嗯～～的声音陷入苦思。,system,02,01,Adv,13
16875,嗯～！如果能解读出文字的话，就能知道里面写了什么详细内容了～,sherry,02,01,Adv,13
16876,虽然轻率推理很危险……但如果按照这本书来考虑的话运营方可能也是魔女一方。,hiro,02,01,Adv,13
16877,典狱长之前说到一半停下了：“只要找到大魔女，诅咒就能……”什么的。,hiro,02,01,Adv,13
16878,那么，这个荒唐的游戏很可能是魔女一方为了召唤大魔女而举行的仪式。,hiro,02,01,Adv,13
16879,啊～！就是这个～！我也想说这个来着！,sherry,02,01,Adv,13
16880,希罗真不赖啊～！说不定我们能组成名侦探搭档什么的！,sherry,02,01,Adv,13
16881,我还是免了。,hiro,02,01,Adv,13
16882,雪莉亲昵地贴近，但我并不讨厌。,system,02,01,Adv,13
16883,不过，即便如此……为何我们非得被绑架到这里来呢？,hanna,02,01,Adv,13
16884,一直在读另一本书的汉娜烦躁地开口道。,system,02,01,Adv,13
16885,关于这点我也有几个假设。,hiro,02,01,Adv,13
16886,想要召唤大魔女的运营方，特意聚集了这么多预备魔女的理由……,hiro,02,01,Adv,13
16887,我竖起食指，吸引雪莉和汉娜的注意。,system,02,01,Adv,13
16888,第一种假设，召唤大魔女需要少女死亡。很简单——就是所谓的祭品。,hiro,02,01,Adv,13
16889,太糟糕了哇……,hanna,02,01,Adv,13
16890,无视汉娜寒毛耸立的样子，我平静地竖起第二根手指。,system,02,01,Adv,13
16891,第二种……这可能有点跳跃。目的并不是杀害少女。而是让少女们聚在一起。,hiro,02,01,Adv,13
16892,比如说，如果她们是为了召唤大魔女而【正在寻找某种魔法】呢？,hiro,02,01,Adv,13
16893,请稍等。第二种可能性，当真存在吗？,hanna,02,01,Adv,13
16894,若只是想了解魔法的话没必要大费周章将我们囚禁在这种地方吧……！,hanna,02,01,Adv,13
16895,规则手册不是写着吗。随着魔女化程度加深，魔法会进化。,hiro,02,01,Adv,13
16896,就目前看来，每个人的魔法都不一样。魔法会进化成什么样，运营方肯定也不知道。,hiro,02,01,Adv,13
16897,如果我们的魔法进化后出现了运营方想要的魔法呢？,hiro,02,01,Adv,13
16898,这座监牢就是促进我们尽快魔女化的养殖场……这样考虑的话，有些地方就说得通了。,hiro,02,01,Adv,13
16899,嗯……关于魔法和魔女还有很多不明之处所以无法断定，但也不能否定呢。,sherry,02,01,Adv,13
16900,汉娜似乎无言以对，有些愕然地看着我。,system,02,01,Adv,13
16901,……希罗。你是什么时候想到这些的？,hanna,02,01,Adv,13
16902,关于召唤大魔女的仪式我刚刚才知道。当然是刚刚才想到的。,hiro,02,01,Adv,13
16903,真、真不想和你敌对呢……,hanna,02,01,Adv,13
16904,……是啊。希罗很厉害的。,ema,02,01,Adv,13
16905,一直沉默的艾玛开口了。我看向艾玛……又移开了视线。,system,02,01,Adv,13
16906,我也不想和你们敌对。我该走了。时间有限——,hiro,02,01,Adv,13
16907,我向她们告别，朝着大树前的诺亚走去。,system,02,01,Adv,13
16908,诺亚举着喷漆，似乎想给大树上色。,system,02,01,Adv,13
16909,——喂，诺亚，你想干什么？,hiro,02,01,Adv,13
16910,啊，希罗。嘿嘿，那个啊，我在想如果把这棵树涂得五颜六色一定会超级棒的。,noa,02,01,Adv,13
16911,大家肯定会很高兴的～！,noa,02,01,Adv,13
16912,驳回。,hiro,02,01,Adv,13
16913,欸～不行吗～？明明一定会变得很漂亮的～,noa,02,01,Adv,13
16914,……快走吧。在图书室要保持安静。,hiro,02,01,Adv,13
16915,我半拖着依依不舍的诺亚离开了图书室。,system,02,01,Adv,13
16916,（魔法会变强……吗）,hiro,02,01,Adv,13
16917,（也许，强大得超乎想象的魔法会在我们之中诞生……）,hiro,02,01,Adv,13
16918,一丝微弱的骚动，悄然在我心中萌生。,system,02,01,Adv,13
16919,来到医务室，玛格、梅露露和安安也在。,system,02,01,Adv,14
16920,看到我和诺亚进来，梅露露有些拘谨地走了过来。,system,02,01,Adv,14
16921,啊，啊……希、希罗小姐……！之前真是非常感谢你的照顾……,meruru,02,01,Adv,14
16922,我不记得照顾过你。玛格的情况怎么样？,hiro,02,01,Adv,14
16923,啊，是……玛格小姐的伤口已经愈合，气色也好多了。,meruru,02,01,Adv,14
16924,躺在床上的玛格坐了起来。,system,02,01,Adv,14
16925,呵呵，多亏了梅露露呢。一直守在我身边照顾我……,margo,02,01,Adv,14
16926,当然也要感谢希罗。多亏了你们的悉心照料。真的非常感谢。,margo,02,01,Adv,14
16927,伤势很重，不能掉以轻心。尽量保持静养比较好。,hiro,02,01,Adv,14
16928,我之前好像有点误会希罗了呢。你其实很体贴的。,margo,02,01,Adv,14
16929,我只是在说理所当然的事情。,hiro,02,01,Adv,14
16930,玛格小姐，请你还是躺下吧……伤口可能会裂开的……,meruru,02,01,Adv,14
16931,真是的，梅露露。你真爱担心呢♡,margo,02,01,Adv,14
16932,梅露露轻轻扶着玛格的身体，玛格就乖乖重新躺下了。,system,02,01,Adv,14
16933,你已经吃过药了，请先睡一觉吧。现在还是需要静养的时期……,meruru,02,01,Adv,14
16934,梅露露手里拿着的瓶子，看起来像是安眠药。,system,02,01,Adv,14
16935,玛格已经开始昏昏欲睡了。,system,02,01,Adv,14
16936,……希罗呀。别太责怪艾玛她们哦。我也曾经有过类似的想法。,margo,02,01,Adv,14
16937,你也想越狱？,hiro,02,01,Adv,14
16938,是啊。考虑如何离开这里不是很正常吗？,margo,02,01,Adv,14
16939,反抗看守很危险。还是安分一点比较好。,hiro,02,01,Adv,14
16940,……你说得对。这次的事让我明白事情没那么简单，我打算再多调查一下这里。,margo,02,01,Adv,14
16941,希罗真的很可靠呢。让我们一起对抗魔女吧——,margo,02,01,Adv,14
16942,看着玛格闭眼入睡后，我将视线转向梅露露。,system,02,01,Adv,14
16943,你一直在照顾玛格吗。,hiro,02,01,Adv,14
16944,是、是的。因为是影响日常生活的重伤，所以需要各种照料……,meruru,02,01,Adv,14
16945,啊，我绝对没有觉得麻烦……！是我自愿的……！,meruru,02,01,Adv,14
16946,我仔细观察着强调这点的梅露露，注意到她眼下似乎有了黑眼圈。,system,02,01,Adv,14
16947,（……太爱操心也是个问题啊）,hiro,02,01,Adv,14
16948,既然玛格睡着了，你也稍微休息一下吧。,hiro,02,01,Adv,14
16949,好、好的。不过安安小姐也……,meruru,02,01,Adv,14
16950,安安正睡在玛格旁边的床上。,system,02,01,Adv,14
16951,安安为什么在这里？,hiro,02,01,Adv,14
16952,好像是贫血了。看她很难受，所以就让她休息一下。,meruru,02,01,Adv,14
16953,不知何时，诺亚已经来到了安安的床边。,system,02,01,Adv,14
16954,安安没事吧？,noa,02,01,Adv,14
16955,『勿要管吾辈。勿要与吾辈说话』,anan,02,01,Adv,14
16956,喂喂，我想在那个素描本上画画。,noa,02,01,Adv,14
16957,『这是吾辈的东西。不允许擅自使用』,anan,02,01,Adv,14
16958,但是画画很好玩的哦？,noa,02,01,Adv,14
16959,『吾辈不觉得有趣』,anan,02,01,Adv,14
16960,我瞥了一眼诺亚缠着安安的样子，转向了梅露露。,system,02,01,Adv,14
16961,安安没什么问题吧？,hiro,02,01,Adv,14
16962,那个……她有点发烧，可能是因为环境剧烈变化导致疲劳过度。,meruru,02,01,Adv,14
16963,虽然有点担心……但休息一下应该就会好起来的。,meruru,02,01,Adv,14
16964,这样啊。那最好不要太吵闹。玛格也睡着了，我们出去吧。,hiro,02,01,Adv,14
16965,来，诺亚……,hiro,02,01,Adv,14
16966,我刚喊她，诺亚已经朝着入口走去了。起初我以为她只是心血来潮，但她的动作有些奇怪。,system,02,01,Adv,14
16967,咦？奇怪？诺亚明明想和安安玩的，为什么身体自己动起来了……？,noa,02,01,Adv,14
16968,我察觉到了什么，直直地盯着安安。安安尴尬地移开了视线。,system,02,01,Adv,14
16969,你做了什么？根据你的回答，我可能需要进一步追问。,hiro,02,01,Adv,14
16970,安安慌忙开始在素描本上写字。然后把内容给我看。,system,02,01,Adv,14
16971,『吾辈拥有轻度的【洗脑】魔法。只是对诺亚说，让她出去而已。只要不反复使用就不会对人体有影响』,anan,02,01,Adv,14
16972,嗯……挺有意思的。能不能给我演示一下？,hiro,02,01,Adv,14
16973,安安虽然脸色发白，但还是点了点头，然后将视线转向诺亚。,system,02,01,Adv,14
16974,……吾辈口渴了。诺亚，【用魔法给吾辈倒茶】。,anan,02,01,Adv,14
16975,…………,noa,02,01,Adv,14
16976,…………,hiro,02,01,Adv,14
16977,…………,anan,02,01,Adv,14
16978,怎么了。这不是什么都没发生吗。,hiro,02,01,Adv,14
16979,奇、奇怪。不应该这样的。诺亚，给吾辈倒茶——,anan,02,01,Adv,14
16980,那个，可能是你误会了诺亚的魔法？诺亚的魔法呢，虽然是可以操控液体，但只能【画画】哦。,noa,02,01,Adv,14
16981,诺亚一边后退一边说道。,system,02,01,Adv,14
16982,虽然很想给你倒茶，但好像做不到呢。诺亚必须得出去了，拜拜～,noa,02,01,Adv,14
16983,诺亚一边挥手一边离开了。,system,02,01,Adv,14
16984,……好吧，我相信你。让她出去的洗脑看来确实有效。,hiro,02,01,Adv,14
16985,不过，这并不是什么值得称赞的行为。不要随意使用。,hiro,02,01,Adv,14
16986,……！,anan,02,01,Adv,14
16987,安安连连点头。,system,02,01,Adv,14
16988,安安小姐，我这就给你倒茶……！,meruru,02,01,Adv,14
16989,背对着忙碌的梅露露，我也跟着诺亚离开了医务室。,system,02,01,Adv,14
16990,当我们走向地下深处的过道时，一排排厚重的门扉映入眼帘。,system,02,01,Adv,15
16991,透过小窗，我们往里面看去。,system,02,01,Adv,15
16992,……看来这里是惩罚室的区域呢。,hiro,02,01,Adv,15
16993,惩罚室？是做什么的地方？,noa,02,01,Adv,15
16994,诺亚也站在我旁边往里面张望。,system,02,01,Adv,15
16995,哇，里面有好多危险的东西！,noa,02,01,Adv,15
16996,把那个那个还有那个堆叠起来做成装置艺术，应该会很好玩～,noa,02,01,Adv,15
16997,……是吗？,hiro,02,01,Adv,15
16998,诺亚试图打开门，但门被一把挂锁锁住了，打不开。,system,02,01,Adv,15
16999,气气——进不去啊？这样就没法画画了。,noa,02,01,Adv,15
17000,看来是这样。那我们去别的地方吧——,hiro,02,01,Adv,15
17001,我刚转身，就看到一个少女从过道那头走了过来。,system,02,01,Adv,15
17002,………！,alisa,02,01,Adv,15
17003,是紫藤亚里沙。,system,02,01,Adv,15
17004,她也注意到了我们，尴尬地站在原地。,system,02,01,Adv,15
17005,亚里沙，你应该已经被放出来了吧。来这里是有什么事？,hiro,02,01,Adv,15
17006,没必要告诉你。,alisa,02,01,Adv,15
17007,是吗。那就不多问了。诺亚，我们走。,hiro,02,01,Adv,15
17008,亚里沙手里拿的那张纸，是什么？,noa,02,01,Adv,15
17009,我正准备带着诺亚从亚里沙身边经过，但诺亚似乎对亚里沙手中的纸很感兴趣。,system,02,01,Adv,15
17010,我也注意到了，顿时吃了一惊。,system,02,01,Adv,15
17011,（……报纸……？）,hiro,02,01,Adv,15
17012,看到这个与监牢格格不入的东西，我不能坐视不理，向亚里沙走近一步。,system,02,01,Adv,15
17013,你这是在哪里得到的？,hiro,02,01,Adv,15
17014,……惩罚室里。被绑在十字刑架上的时候，偶然在架子缝隙里发现的。,alisa,02,01,Adv,15
17015,亚里沙不情愿地回答道。,system,02,01,Adv,15
17016,不知道是用了什么方法，但好像是之前像我们这样被抓来的家伙搞到的。,alisa,02,01,Adv,15
17017,在这个监牢里，外界的信息被彻底屏蔽了。这样看来，很可能是以前的某个囚犯用了什么魔法。,hiro,02,01,Adv,15
17018,我已经看过好几遍了，给你吧。,alisa,02,01,Adv,15
17019,亚里沙把报纸递给了我。,system,02,01,Adv,15
17020,五年前的报道啊。真有意思……,hiro,02,01,Adv,15
17021,是啊……我想着也许还有其他线索，所以来找找看。,alisa,02,01,Adv,15
17022,就算有什么，所有惩罚室都上了锁，不进去的话恐怕找不到吧。,hiro,02,01,Adv,15
17023,啧，这样哦……,alisa,02,01,Adv,15
17024,我突然注意到，亚里沙给我的报纸边缘有微微的烧焦痕迹。,system,02,01,Adv,15
17025,有被烧过的痕迹啊。,hiro,02,01,Adv,15
17026,那是我干的。报纸上有用血写的字，看着瘆得慌。,alisa,02,01,Adv,15
17027,不过后来我想可能是重要信息，就没继续烧了。,alisa,02,01,Adv,15
17028,我的魔法是【点火】。,alisa,02,01,Adv,15
17029,亚里沙在手指尖上轻轻燃起一小团火焰，就好像拿着一支看不见的打火机似的。,system,02,01,Adv,15
17030,哇～，好漂亮！！,noa,02,01,Adv,15
17031,漂、漂亮个屁啊！,alisa,02,01,Adv,15
17032,欸——超级漂亮啊？亚里沙真厉害。,noa,02,01,Adv,15
17033,你这家伙真让人摸不着头脑……,alisa,02,01,Adv,15
17034,（能够产生火焰的魔法吗……如果魔女化程度加深，这种能力可能会变得很危险）,hiro,02,01,Adv,15
17035,我们该走了。,hiro,02,01,Adv,15
17036,随你们便。我还想再调查一下这附近。,alisa,02,01,Adv,15
17037,亚里沙似乎被惩罚室吸引住了，她摇摇晃晃地向深处走去。,system,02,01,Adv,15
17038,我们离开了那里。,system,02,01,Adv,15
17039,我和诺亚从正门走出来，踏上了石砖小径。,system,02,01,Adv,16
17040,从窗户向外看去，可以看到类似别墅的建筑。我们朝那个方向走去。,system,02,01,Adv,16
17041,由于监牢宅邸坐落在高台上，远处望去尽是高墙。,system,02,01,Adv,16
17042,在凝视围墙的同时，诺亚的眼睛渐渐闪耀起来。,system,02,01,Adv,16
17043,好～高啊。可以画很多很多画呢～,noa,02,01,Adv,16
17044,我之前也出去过几次，探索了周围。,system,02,01,Adv,16
17045,看来，高高的围墙似乎环绕着整个岛屿，恐怕非常难以逃脱。,system,02,01,Adv,16
17046,（竟然能绑架13名少女，真是规模庞大的犯罪。背后恐怕有大型组织在运作）,hiro,02,01,Adv,16
17047,（不可能轻易让我们逃脱吧）,hiro,02,01,Adv,16
17048,——就在这时。,system,02,01,Adv,16
17049,附近的灌木丛中传来了树叶摩擦的声音。紧接着，奈叶香猛地冲了出来。,system,02,01,Adv,16
17050,！,hiro,02,01,Adv,16
17051,奈叶香的手朝我猛地伸了过来——,system,02,01,Adv,16
17052,我瞬间闪身躲开。,system,02,01,Adv,16
17053,呃！,nanoka,02,01,Adv,16
17054,失去平衡的奈叶香摔倒在地。,system,02,01,Adv,16
17055,……看来你很擅长运动啊。,hiro,02,01,Adv,16
17056,为什么要突然袭击我？根据你的回答，我可能会把你交给看守。,hiro,02,01,Adv,16
17057,奈叶香不甘心地爬起上身，保持单膝跪地的姿势，低声说道。,system,02,01,Adv,16
17058,……我只是想触碰你而已。并没有要伤害你的意思。,nanoka,02,01,Adv,16
17059,触碰？那能有什么用。,hiro,02,01,Adv,16
17060,……我的魔法是【幻视】。,nanoka,02,01,Adv,16
17061,能看到触碰对象的过去或未来的景象。不过，这个魔法并不能随意发动……,nanoka,02,01,Adv,16
17062,……原来如此。,hiro,02,01,Adv,16
17063,（话说回来，明明可以不用这种容易树敌的方式去触碰别人……）,hiro,02,01,Adv,16
17064,（这与她给人的印象不符，显得很笨拙。是因为不太习惯和人周旋吗……？）,hiro,02,01,Adv,16
17065,嗯，我大致明白了。,hiro,02,01,Adv,16
17066,突然被关在这样的监牢里，你却能保持如此冷静，肯定是有原因的。,hiro,02,01,Adv,16
17067,……正如你所察觉的。我通过【幻视】提前看到了监牢的信息。,nanoka,02,01,Adv,16
17068,我想问你几个问题。你那把枪是怎么一回事？只要你告诉我，就不追究你刚才的袭击了。,hiro,02,01,Adv,16
17069,我看到，过去监牢内的囚犯用魔法制作了这把枪，并隐藏了起来。所以，被抓来这里后，我马上就把它收走了。,nanoka,02,01,Adv,16
17070,这把魔法步枪可装填六发子弹，并且每天都会自动恢复一颗子弹。,nanoka,02,01,Adv,16
17071,（原来如此……在这座监牢里，能掌握信息优势确实是很大的强项……）,hiro,02,01,Adv,16
17072,很有趣。还知道些什么吗？,hiro,02,01,Adv,16
17073,我回答你关于枪的问题，你就不追究我的袭击，这不是说好的吗？我不会再回答更多问题。,nanoka,02,01,Adv,16
17074,但你也可能在撒谎。,hiro,02,01,Adv,16
17075,你觉得撒谎对我有什么好处？,nanoka,02,01,Adv,16
17076,谁知道呢。不过谨慎点总没错。毕竟我们才刚认识。,hiro,02,01,Adv,16
17077,两人沉默，对视数秒，最后，奈叶香像是放弃了似的叹了口气。,system,02,01,Adv,16
17078,……好吧。,nanoka,02,01,Adv,16
17079,我会告诉你我警惕的人的魔法。但我无法证明，你得自己去验证。,nanoka,02,01,Adv,16
17080,那个人的名字是【佐伯米莉亚】……她是我到目前为止最警惕的对象。,nanoka,02,01,Adv,16
17081,奈叶香皱着眉头开始讲述，就像是在回忆什么令人不快的事情。,system,02,01,Adv,16
17082,她……不，那家伙甚至不是少女。——是恶魔。,nanoka,02,01,Adv,16
17083,她原本拥有【互换】的魔法。目前是一个男性用魔法夺取了她的身体。,nanoka,02,01,Adv,16
17084,那家伙一定就是【幕后黑手】……,nanoka,02,01,Adv,16
17085,看着奈叶香如此厌恶地讲述，我明白她所说的一切都不是谎言。,system,02,01,Adv,16
17086,……确实，这是很重要的事实。你知道那个男性的身份吗？,hiro,02,01,Adv,16
17087,我只能看到一些片段，所以详细情况我也不清楚。那家伙是个夺取少女身体的极恶之徒，我看到的只有这些。,nanoka,02,01,Adv,16
17088,（……虽然她说是亲眼所见，但既然只是片段信息，还是只信一半比较好）,hiro,02,01,Adv,16
17089,我明白了。我相信你。感谢你提供的有价值的信息。,hiro,02,01,Adv,16
17090,而且你试图接近我，说明你还有不知道的信息。,hiro,02,01,Adv,16
17091,我顺便问一下，你从一开始就怀疑我吗？,hiro,02,01,Adv,16
17092,……你最初的行动让人摸不着头脑。老实说，我曾经怀疑你是幕后黑手。,nanoka,02,01,Adv,16
17093,绝无可能。,hiro,02,01,Adv,16
17094,依我看，你的行动才更加可疑。,hiro,02,01,Adv,16
17095,迅速回收枪支的行动，以及你那下定决心的表情。就像是事先准备好了行动计划一样。,hiro,02,01,Adv,16
17096,我双臂交叉，俯视着她说着，与奈叶香阴郁的眼神交汇。,system,02,01,Adv,16
17097,再追问也是徒劳的。我不打算与你合作。……反正，大家都会死。,nanoka,02,01,Adv,16
17098,（大家都会死？她是通过幻视得到这个信息的吗……？）,hiro,02,01,Adv,16
17099,我们互相瞪视着，谁都不愿退让，紧张的气氛弥漫开来。,system,02,01,Adv,16
17100,喂喂，希罗。,noa,02,01,Adv,16
17101,打破这种紧张气氛的是诺亚。,system,02,01,Adv,16
17102,她似乎没有注意到发生了什么，拉了拉我的袖子。,system,02,01,Adv,16
17103,难道说只有在放风时间才能画画吗？,noa,02,01,Adv,16
17104,……很遗憾。画画只能在放风时间进行。,hiro,02,01,Adv,16
17105,欸——,noa,02,01,Adv,16
17106,诺亚失望地耷拉下脑袋，但很快又抬了起来。,system,02,01,Adv,16
17107,……如果没有和希罗约定的话，诺亚可能会一直躲在房间里画画。,noa,02,01,Adv,16
17108,但是多亏了希罗，诺亚发现了好多好多有趣的地方！,noa,02,01,Adv,16
17109,谢谢你，希罗！诺亚画画时会遵守约定的！,noa,02,01,Adv,16
17110,……是吗。那就好。,hiro,02,01,Adv,16
17111,不知什么时候奈叶香已经站了起来。不过，她似乎不打算再对我出手了。,system,02,01,Adv,16
17112,……看来你不是坏人。,nanoka,02,01,Adv,16
17113,奈叶香轻声嘟哝，然后消失在了灌木丛的另一边。,system,02,01,Adv,16
17114,与奈叶香分别后，我和诺亚终于来到了目的地前。,system,02,01,Adv,16
17115,三栋原木小屋风格的建筑并排而立。,system,02,01,Adv,16
17116,（大概是接待贵宾的招待所吧）,hiro,02,01,Adv,16
17117,（看起来比监牢宅邸要新一些。似乎没怎么使用过——）,hiro,02,01,Adv,16
17118,希罗！我们进去看看吧。,noa,02,01,Adv,16
17119,……也好。如果门没锁的话，我也想看看。,hiro,02,01,Adv,16
17120,"门轻易就打开了，于是我们走进了挂着【<ruby=""UNDINE"">水精</ruby>之室】牌子的招待所中。",system,02,01,Adv,16
17121,一开门就看到了泽渡可可。,system,02,01,Adv,16
17122,看到我们出现，她的身体瞬间颤抖了一下，但很快就装作若无其事般露出笑容。,system,02,01,Adv,16
17123,啊，是希罗亲和诺亚啊。辛苦啦～,coco,02,01,Adv,16
17124,那我就先……,coco,02,01,Adv,16
17125,可可。你在这里做什么？,hiro,02,01,Adv,16
17126,没、没、没什么特别的啦～？,coco,02,01,Adv,16
17127,（……她在隐瞒些什么）,hiro,02,01,Adv,16
17128,我们才刚认识不久嘛，希望你别那么追根究底啦～,coco,02,01,Adv,16
17129,我对你没兴趣，所以也不打算追问那么多。,hiro,02,01,Adv,16
17130,哇，真讨厌。话说回来，希罗亲有在看我的直播吗？我从到这第一天就在播了哦。,coco,02,01,Adv,16
17131,直播……嗯，看过了。,hiro,02,01,Adv,16
17132,就这么点感想啊。,coco,02,01,Adv,16
17133,没什么特别的感想。,hiro,02,01,Adv,16
17134,回想起第一天的直播，她并不像是在向我们传达什么，而是一直在重复一些奇怪的言行。,system,02,01,Adv,16
17135,老实说虽然有点在意，但她也不是我想过多接触的类型。,system,02,01,Adv,16
17136,唔……明天可是有重大发表的，到时候你一定会为我着迷的！,coco,02,01,Adv,16
17137,绝对要看哦！,coco,02,01,Adv,16
17138,她这番意味深长的话莫名地让我在意，我故意摇了摇头。,system,02,01,Adv,16
17139,还是算了吧。要是被施了什么奇怪的法术就麻烦了。,hiro,02,01,Adv,16
17140,我不知道你的魔法是什么，说不定和直播有关。万一看了就被洗脑了呢。,hiro,02,01,Adv,16
17141,才不是洗脑呢！我的魔法是【千里眼】！,coco,02,01,Adv,16
17142,千里眼……？,hiro,02,01,Adv,16
17143,可可似乎意识到自己不小心说漏嘴了，尴尬地移开了视线。,system,02,01,Adv,16
17144,糟糕说漏嘴了……不、不过也行吧。反正被知道了也不会少块肉……,coco,02,01,Adv,16
17145,无论通过直播还是照片，只要有人认知到了泽渡可可这个人，我就能俯瞰到正在观察我的人。,coco,02,01,Adv,16
17146,意思就是说，你能获得这座监牢外面的信息吗？,hiro,02,01,Adv,16
17147,差不多吧？只要有人在某处看着我就行？,coco,02,01,Adv,16
17148,而且，通过我的千里眼，还获得了一个超～厉害的情报哦～,coco,02,01,Adv,16
17149,怎么样，我的魔法很厉害吧？——记得看直播哦。,coco,02,01,Adv,16
17150,可可离开了招待所。,system,02,01,Adv,16
17151,至于诺亚……正在拿典狱长模样的摆件玩耍。我深深地叹了口气。,system,02,01,Adv,16
17152,在巡视监牢二楼时，我发现了一处不自然的地方。,system,02,01,Adv,17
17153,地图上明确显示对面有一个房间，但却找不到能进入房间的门。,system,02,01,Adv,17
17154,整面都是墙。,system,02,01,Adv,17
17155,这个房间似乎没有门……,hiro,02,01,Adv,17
17156,是不是被魔法消除了呢？,noa,02,01,Adv,17
17157,（……倒是无法否定这个可能性。图书室里有棵大树，外面还有一直悬着彩虹的花田）,hiro,02,01,Adv,17
17158,（这座监牢里不可思议的地方实在太多了。不得不接受这个现实啊）,hiro,02,01,Adv,17
17159,嗯——,noa,02,01,Adv,17
17160,诺亚稍作思考，拿出了彩色喷漆。,system,02,01,Adv,17
17161,诺亚，你要干什——,hiro,02,01,Adv,17
17162,还没来得及阻止，诺亚就在墙上画出了一扇门。,system,02,01,Adv,17
17163,锵锵！因为没有门所以我就画了一个！,noa,02,01,Adv,17
17164,这可不是“锵锵”就能蒙混过去的吧。在这种地方涂鸦——,hiro,02,01,Adv,17
17165,墙上描绘出的大门，精细得难以称之为涂鸦。,system,02,01,Adv,17
17166,如此栩栩如生，让我意识到诺亚的画技是多么惊人。,system,02,01,Adv,17
17167,然后那扇门——,system,02,01,Adv,17
17168,自然而然地打开了。,system,02,01,Adv,17
17169,欸——！？真的开了！欸——！？,noa,02,01,Adv,17
17170,……看来你的魔法与监牢的某种不可思议力量产生了互动，起到了正面作用。,hiro,02,01,Adv,17
17171,嗯、嗯。诺亚也很惊讶。虽然我会画画，但画的画从来没有变成真东西过。,noa,02,01,Adv,17
17172,其实诺亚在其他地方也试过，但那些都没有变成真正的门哦？,noa,02,01,Adv,17
17173,（那么，这只是让我们能进入这个房间而已。不过，能进入原本进不去的房间，也许也很重要）,hiro,02,01,Adv,17
17174,我们虽然有些困惑，但还是穿过诺亚画的门，走了进去。,system,02,01,Adv,17
17175,地上放着画布，到处散落着许多素描。,system,02,01,Adv,17
17176,木桌上杂乱地摆放着调色板和画笔，四处还有飞溅的颜料痕迹……,system,02,01,Adv,17
17177,哇……！！,noa,02,01,Adv,17
17178,这里面正是诺亚梦寐以求的画室。,system,02,01,Adv,17
17179,是画画的地方耶！诺亚可以在这里画画吗！？,noa,02,01,Adv,17
17180,啊，当然可以。在这里你应该能尽情享受艺术创作了。,hiro,02,01,Adv,17
17181,空气中混合着干燥的颜料香气，和略显陈旧的木头气息。,system,02,01,Adv,17
17182,里面还有一个可以俯瞰中庭的阳台。,system,02,01,Adv,17
17183,发现了一个超棒的地方！好耶，好耶！,noa,02,01,Adv,17
17184,看着天真无邪地蹦跳的诺亚，我的嘴角也不禁微微上扬。,system,02,01,Adv,17
17185,我们四处看了看，但这个房间并不像是什么特别重要的地方。,system,02,01,Adv,17
17186,（这么说来，就像诺亚的魔法起作用让门出现一样，可能是某人的魔法让门消失了）,hiro,02,01,Adv,17
17187,我们在画室里待了一会，这期间其他少女们似乎也注意到了这个房间的存在。,system,02,01,Adv,17
17188,许多少女来到了画室。,system,02,01,Adv,17
17189,哎呀这是……诺亚，你找到了个好地方啊。,leia,02,01,Adv,17
17190,嗯！我要把这里命名为【诺亚的画室】！,noa,02,01,Adv,17
17191,魔女图鉴 更新…,"@toast ""|#Toast_001|""",02,01,Adv,17
17192,这里真是太适合做手工了～！也让我用用这里哇！,hanna,02,01,Adv,17
17193,真是个氛围不错的地方。阳台的景色也很好，真让人放松啊。,miria,02,01,Adv,17
17194,虽然在娱乐室看电影也不错，不过大叔我也可以偶尔来这里坐坐吗？,miria,02,01,Adv,17
17195,当然可以啦～！,noa,02,01,Adv,17
17196,（虽然这里并不是诺亚专用的房间……不过既然是诺亚打开的，那就随她吧）,hiro,02,01,Adv,17
17197,少女们轮流来到这里，一团和气地交流后又各自离开。,system,02,01,Adv,17
17198,我也终于久违地从压抑中解脱了出来。,system,02,01,Adv,17
17199,（也许我们真的发现了一个好地方）,hiro,02,01,Adv,17
17200,——监牢生活第二轮，第四天。,system,02,01,Adv,18
17201,——到今天为止，我获得了许多关于被囚禁在这座监牢中的少女们的魔法的信息。,system,02,01,Adv,18
17202,——远野汉娜是【飘浮】。——橘雪莉是【怪力】。——城崎诺亚是【操纵液体】。,system,02,01,Adv,18
17203,——宝生玛格是【模仿】。——冰上梅露露是【治愈】。——夏目安安是【洗脑】。,system,02,01,Adv,18
17204,——紫藤亚里沙是【点火】。——黑部奈叶香是【幻视】。——佐伯米莉亚是【互换】。,system,02,01,Adv,18
17205,——泽渡可可是【千里眼】。,system,02,01,Adv,18
17206,——由于我认为独自手握这么多信息，似乎对他人不太公平……,system,02,01,Adv,18
17207,——因此，我已经将所有这些信息作为工作联络，通过聊天APP分享给了其他少女们。,system,02,01,Adv,18
17208,——虽然有些魔法我并没有亲眼目睹，还不能确定可信度有多高。,system,02,01,Adv,18
17209,——但有一点令我在意的是……,system,02,01,Adv,18
17210,——樱羽艾玛的魔法是什么？,system,02,01,Adv,18
17211,第二天晚餐后——我和诺亚来到了淋浴房。,system,02,01,Adv,19
17212,在标有囚犯编号的储物柜里，每天都放着一模一样的衣服。我们每天只能穿这个。,system,02,01,Adv,19
17213,就算已经使用好几次这个储物柜了，每次看到还是会不由自主地因厌恶而咂舌。,system,02,01,Adv,19
17214,把我们当换装娃娃吗……,hiro,02,01,Adv,19
17215,诺亚讨厌洗澡。,noa,02,01,Adv,19
17216,我都帮你洗了，就别任性了。,hiro,02,01,Adv,19
17217,每天都要洗吗？三天洗一次不行吗？,noa,02,01,Adv,19
17218,不行。每天都要洗。,hiro,02,01,Adv,19
17219,小气鬼～,noa,02,01,Adv,19
17220,这不是什么小气。这座监牢的卫生状况本来就不太好。所以我们应当保持清洁……,hiro,02,01,Adv,19
17221,我刚一开始向诺亚啰啰嗦嗦地说教时，手中的智能手机闪烁起来，提示有新的通知。,system,02,01,Adv,19
17222,查看后发现，和之前预告的一样，原来是泽渡可可开始了直播。,system,02,01,Adv,19
17223,直播画面上显示着可可。诺亚也凑过来看我的手机。,system,02,01,Adv,19
17224,啊，是可可。她在哪里呢？？,noa,02,01,Adv,19
17225,大家好～我是可可哦～！今天我提前预告过了，大家都在看吧～？,coco,02,01,Adv,19
17226,（确实，不知道她在哪里。是故意设法不让人知道她的位置吗？）,hiro,02,01,Adv,19
17227,嘿嘿嘿～今天我要宣布一件大事哦。,coco,02,01,Adv,19
17228,锵锵～！大家看看这个！,coco,02,01,Adv,19
17229,其实这个啊，是【杀死魔女的药】哦～,coco,02,01,Adv,19
17230,它的名字叫【特雷德基姆】。效果有我亲自担保！,coco,02,01,Adv,19
17231,我本来还在犹豫要不要告诉大家这个信息……因为如果说出来的话，我可能也会陷入危险的境地吧。,coco,02,01,Adv,19
17232,但是、但是！我已经拿到【杀死魔女的药】了！再也不会被这种东西杀死了！,coco,02,01,Adv,19
17233,信不信由你们！总之，如果不使用这种【杀死魔女的药】，就绝对无法杀死魔女！,coco,02,01,Adv,19
17234,以上就是可可的重大宣布啦～！,coco,02,01,Adv,19
17235,直播就这样简单地结束了。,system,02,01,Adv,19
17236,（【杀死魔女的药】……？真的存在那种东西吗？）,hiro,02,01,Adv,19
17237,可可说的是真的吗？要不要去找可可问问看？,noa,02,01,Adv,19
17238,……,hiro,02,01,Adv,19
17239,我——,system,02,01,Adv,19
17240,去找可可,@choice |#0201Adv19_Choice001| button:ChoiceButtons/Adv/Bad,02,01,Adv,19
17241,不去找可可,@choice |#0201Adv19_Choice002|,02,01,Adv,19
17242,摇了摇头。,system,02,01,Adv,19
17243,泽渡可可不值得信任。不用理会她。,hiro,02,01,Adv,19
17244,（即使【杀死魔女的药】的事是真的，也不太可能得到更多信息）,hiro,02,01,Adv,19
17245,（也许只是说些危言耸听的话博人眼球罢了）,hiro,02,01,Adv,19
17246,总之，现在最要紧的事洗澡。快点洗完吧，诺亚。,hiro,02,01,Adv,19
17247,欸——,noa,02,01,Adv,19
17248,又过了一天。,system,02,01,Adv,20
17249,日子平静地过去，除了监牢的卫生环境不佳外，没有发生什么麻烦事。,system,02,01,Adv,20
17250,（……好，就祈祷一切都按照正规进行，平安无事吧）,hiro,02,01,Adv,20
17251,我从简陋的床上起身，揉了揉眼睛。,system,02,01,Adv,20
17252,（不知为何，我内心的不安感似乎在逐渐增强）,hiro,02,01,Adv,20
17253,（也许在这种地方过着平安无事的日子，反而才是异常……）,hiro,02,01,Adv,20
17254,啊，希、希罗，早上好。,ema,02,01,Adv,20
17255,早上好。,hiro,02,01,Adv,20
17256,艾玛似乎已经起床了，我冷淡地回应了她。,system,02,01,Adv,20
17257,回应别人的问候是一种礼貌，我才不得不回应。所以我的压力之源，正是同室的艾玛。,system,02,01,Adv,20
17258,我这么想着，片刻后——,system,02,01,Adv,20
17260,听到这声尖叫，我立刻从床上跳了下来。,system,02,01,Adv,20
17261,！？这声音是！？,hiro,02,01,Adv,20
17262,不，不知道！我们之中有谁是这种音色吗……！,ema,02,01,Adv,20
17263,在我们中几乎没有发出过声音的少女，那就只有——她了。,hiro,02,01,Adv,20
17264,总之就在隔壁。,hiro,02,01,Adv,20
17265,我们跑向了夏目安安和城崎诺亚的房间。,system,02,01,Adv,20
17266,到达现场的有我、艾玛，还有莲见蕾雅。,system,02,01,Adv,20
17267,看来其他人都已经不在地下层了。,system,02,01,Adv,20
17268,希罗，你也听到了吗！？,leia,02,01,Adv,20
17269,当然了……！,hiro,02,01,Adv,20
17270,看到眼前的景象，我不禁瞪大了眼睛。,system,02,01,Adv,20
17271,这是怎么回事……,hiro,02,01,Adv,20
17272,——诺亚！！！！,hiro,02,01,Adv,20
17273,我犹豫着是否该进入房间。因为房间内被涂成了一片雪白。,system,02,01,Adv,20
17274,从墙壁到地板，一切都彻底被白色覆盖。,system,02,01,Adv,20
17275,能在一夜之间做到这种程度，毫无疑问只有诺亚的魔法能做到。,system,02,01,Adv,20
17276,啊，是希罗～,noa,02,01,Adv,20
17277,快看快看～这样就可以画很多画了吧？,noa,02,01,Adv,20
17278,诺亚一看到我，就带着满脸天真笑容迎了上来。,system,02,01,Adv,20
17279,不是和我约好，只能在画室里画画吗！呃……这是不正确的！！,hiro,02,01,Adv,20
17280,但是，但是啊，这也没办法嘛？因为晚上一直被关在这里，实在忍不住了嘛。,noa,02,01,Adv,20
17281,诺亚像是在闹别扭般说道，仿佛自己真有正当理由似的。,system,02,01,Adv,20
17282,这让我头疼不已。,system,02,01,Adv,20
17283,（果然……所谓的预备魔女都有些脱离常轨之处吗）,hiro,02,01,Adv,20
17284,呜……,anan,02,01,Adv,20
17285,循声望去，房间深处的床上有个蠕动的影子。,system,02,01,Adv,20
17286,是夏目安安。,system,02,01,Adv,20
17287,哈啊……哈啊……哈啊……,anan,02,01,Adv,20
17288,安安看起来很不舒服……！可能是因为颜料的气味……,ema,02,01,Adv,20
17289,啊……说起来，刚才好像听到了什么声音……,noa,02,01,Adv,20
17290,她就在你旁边尖叫啊！为什么没注意到！快点把房间恢复原状！,hiro,02,01,Adv,20
17291,……不要。,noa,02,01,Adv,20
17292,可能是我一时热血上头，说得太严厉了，诺亚的情绪完全低落了下来。,system,02,01,Adv,20
17293,就在蕾雅和艾玛把安安搬出去，房间变空之际——,system,02,01,Adv,20
17294,留下脚印了，要弄得更白才行～,noa,02,01,Adv,20
17295,她竟然又开始在室内喷洒颜料。,system,02,01,Adv,20
17296,——！,hiro,02,01,Adv,20
17297,希罗！,ema,02,01,Adv,20
17298,我不由得打了诺亚一巴掌。,system,02,01,Adv,20
17299,诺亚呆呆地看着我，然后……眼眶满溢泪水，随时都要哭出来似的。,system,02,01,Adv,20
17300,……最讨厌希罗了。,noa,02,01,Adv,20
17301,讨厌就讨厌吧。诺亚做了不正确的事，都是诺亚不好！,hiro,02,01,Adv,20
17302,你们两个冷静点！总之现在先把安安送到医务室去！,leia,02,01,Adv,20
17303,我和诺亚各自气鼓鼓地转过身去。,system,02,01,Adv,20
17304,不过，必须先把身体不适的安安带走，这是毋庸置疑的……,system,02,01,Adv,20
17305,于是我们决定前往医务室。,system,02,01,Adv,20
17306,……幸好没什么大碍。在这里休息一会应该就能稳定下来了。,leia,02,01,Adv,20
17307,太好了……,ema,02,01,Adv,20
17308,…………,hiro,02,01,Adv,20
17309,我稍微远离安安的床，独自站在一旁。,system,02,01,Adv,20
17310,我对自己有些震惊。,system,02,01,Adv,20
17311,因为我发现自己把监督诺亚当成了自己的职责。,system,02,01,Adv,20
17312,诺亚对此产生了反抗，而我也变得情绪化。,system,02,01,Adv,20
17313,我用手机向所有人告知了这次的事件，然后深深地叹了口气。,system,02,01,Adv,20
17314,那个，安安，对不起……,noa,02,01,Adv,20
17315,诺亚似乎终于意识到事态的严重性，显得很懊悔。她萎靡不振，紧贴在安安的床边。,system,02,01,Adv,20
17316,诺亚不是故意的哦。但是，就是忍不住想画画……,noa,02,01,Adv,20
17317,不是故意的，也不行。,hiro,02,01,Adv,20
17318,如果无法控制自己，那就暂时禁止画画。,hiro,02,01,Adv,20
17319,我不由自主地插嘴了。,system,02,01,Adv,20
17320,诺亚顿时脸一皱，瞪向我这边。,system,02,01,Adv,20
17321,不、不要！那不行！诺亚会注意的！一定没问题的！,noa,02,01,Adv,20
17322,诺亚不画画的话，就要迷失自我了！,noa,02,01,Adv,20
17323,看着安安，你还能说出这种话吗！,hiro,02,01,Adv,20
17324,我语气严厉地指着安安的病床。,system,02,01,Adv,20
17325,呜呜呜呜……！,noa,02,01,Adv,20
17326,希、希罗！你冷静一点。安安会被吵醒的哦。,ema,02,01,Adv,20
17327,艾玛的制止让我感到屈辱。我紧紧握住自己的一只手臂。,system,02,01,Adv,20
17328,诺亚，已经在反省了……！已经知道自己对安安做了不好的事情了……！,noa,02,01,Adv,20
17329,诺亚会照顾安安的！会一直陪在她身边直到她康复！,noa,02,01,Adv,20
17330,你以为这样就能解决问题吗！？,hiro,02,01,Adv,20
17331,那该怎么办嘛！？,noa,02,01,Adv,20
17332,已经无法挽回了！犯下的事实是无法改变的！,hiro,02,01,Adv,20
17333,蕾雅拍了拍我的肩膀。,system,02,01,Adv,20
17334,……好了，希罗。诺亚自告奋勇照顾病人，作为反省的表现来说，是件好事。,leia,02,01,Adv,20
17335,所幸安安的情况也没那么糟糕。能不能网开一面呢。,leia,02,01,Adv,20
17336,你们现在最好不要待在一起。看样子双方都无法冷静下来……,leia,02,01,Adv,20
17337,我们出去透透气吧。艾玛也一起来好吗？,leia,02,01,Adv,20
17338,嗯、嗯。希罗我们走吧……？,ema,02,01,Adv,20
17339,在两人的催促下，我被带出了房间。,system,02,01,Adv,20
17340,脑子里其实明白，生气也于事无补。,system,02,01,Adv,20
17341,……是我的错。,hiro,02,01,Adv,20
17342,在离开房间的最后一刻，我轻声呢喃道。,system,02,01,Adv,20
17343,希罗责任感很强这一点，我觉得很了不起哦。,leia,02,01,Adv,20
17344,而且……老实说我也有点生气。多亏你代替我发火了，我才能冷静下来。,leia,02,01,Adv,20
17345,蕾雅像是找到了同谋一样，对我微笑着……,system,02,01,Adv,20
17346,但我却无法回以笑容。,system,02,01,Adv,20
17347,我和诺亚的事很快就被所有少女知道了。,system,02,01,Adv,21
17348,毕竟是我自己告诉所有人的。,system,02,01,Adv,21
17349,希罗……你在做什么呢？,hanna,02,01,Adv,21
17350,打扫卫生。,hiro,02,01,Adv,21
17351,我一直在擦拭会客厅里那些神秘的装饰品。全神贯注地擦。,system,02,01,Adv,21
17352,（从以前这个习惯就一直改不掉。一遇到什么事就立刻用打扫来逃避）,hiro,02,01,Adv,21
17353,（我只想重新回到正确。回到规则。回到节律。回到健全）,hiro,02,01,Adv,21
17354,即使彻底把室内打扫得干干净净，刚才和诺亚的对话还是一直萦绕在心头。,system,02,01,Adv,21
17355,（……我被她讨厌了）,hiro,02,01,Adv,21
17356,（管它呢。为这种事心情低落……可不像我的作风）,hiro,02,01,Adv,21
17357,希罗，没关系的！打扫会有看守来做的！,sherry,02,01,Adv,21
17358,我知道。,hiro,02,01,Adv,21
17359,嘴上回答着，我加大了擦拭的力度，没有回头看雪莉。,system,02,01,Adv,21
17360,难得的放风时间，要不要和我一起去探索一下！？,sherry,02,01,Adv,21
17361,我拒绝。,hiro,02,01,Adv,21
17362,啊……？,sherry,02,01,Adv,21
17363,雪莉依然保持着笑容，但看起来很茫然，好像不理解我的行为。,system,02,01,Adv,21
17364,（有个空瓶子……这是在晾干吗？）,hiro,02,01,Adv,21
17365,壁炉前放着一个空瓶，那是之前在医务室看到梅露露拿着的安眠药瓶。,system,02,01,Adv,21
17366,里面是空的，所以能够推测它是已经洗干净了，正在晾干。,system,02,01,Adv,21
17367,（这个瓶子看来就这样放着比较好）,hiro,02,01,Adv,21
17368,话说回来，希罗！昨天我又去图书室调查了，试着解读那些文字！,sherry,02,01,Adv,21
17369,你有好好听人说话吗？,hiro,02,01,Adv,21
17370,不一会，传来了一声沉重的响声。,system,02,01,Adv,21
17371,一看，原来是雪莉用怪力从图书室搬来了大量的书，然后把书都堆在了会客厅的桌子上。,system,02,01,Adv,21
17372,似乎是些古老的书籍，书堆摇摇欲坠，扬起了灰尘。,system,02,01,Adv,21
17373,咳……！刚打扫完就……,hiro,02,01,Adv,21
17374,雪莉毫不在意，一边念叨着一边开始对照笔记和书本。,system,02,01,Adv,21
17375,（……看来暂时是没法打扫这个房间了）,hiro,02,01,Adv,21
17376,我放弃了这里，准备打扫别的房间，于是朝着房间出口走去。,system,02,01,Adv,21
17377,——那之后我想了想。,nanoka,02,01,Adv,21
17378,正要出门，冷不丁被人搭话。,system,02,01,Adv,21
17379,一看，是奈叶香正靠墙站着。,system,02,01,Adv,21
17380,我不会和你联手。不过，看起来你是拥有力量的。,nanoka,02,01,Adv,21
17381,……力量？,hiro,02,01,Adv,21
17382,也许你能改变些什么。……我就是这么觉得。,nanoka,02,01,Adv,21
17383,我想确认一下，你的【幻视】能看到未来吗？,hiro,02,01,Adv,21
17384,奈叶香犹豫了一下，摇了摇头。,system,02,01,Adv,21
17385,……我的【幻视】主要能看到人或物的过去。不过，在极其限定的情况下，偶尔也能看到未来。,nanoka,02,01,Adv,21
17386,如果是多次接触过的对象，也有时能看到未来……,nanoka,02,01,Adv,21
17387,奈叶香话说到一半，面露悲色地低下了头。,system,02,01,Adv,21
17388,（多次接触？是亲人吗……？）,hiro,02,01,Adv,21
17389,也许我从你身上感觉到了什么。,nanoka,02,01,Adv,21
17390,从我身上……？,hiro,02,01,Adv,21
17391,（是魔力之类的吗……？难道是因为魔女化造成的影响……）,hiro,02,01,Adv,21
17392,我稍作思考。然后抬起头，凝视着奈叶香。,system,02,01,Adv,21
17393,关于【魔女化】，你知道些什么吗？,hiro,02,01,Adv,21
17394,奈叶香以前说过，她掌握了很多关于这座监牢的信息。,system,02,01,Adv,21
17395,现在我想尽可能多获得一些关于【魔女化】的信息。,system,02,01,Adv,21
17396,我恳切地问道。奈叶香再次面露难色。,system,02,01,Adv,21
17397,虽然我把握得也不是很清楚……但我只知道，在转化为【残骸】的过程中，每个人都会有不同的表现。,nanoka,02,01,Adv,21
17398,如果因为某些契机，被强烈刺激到内心的创伤，就会迅速魔女化。,nanoka,02,01,Adv,21
17399,但如果仅仅只是积攒过多压力，应该还是能较长时间保持理性。,nanoka,02,01,Adv,21
17400,也就是说，取决于自己心灵有多坚强吧。,nanoka,02,01,Adv,21
17401,是这样吗……,hiro,02,01,Adv,21
17402,我稍稍放心了些。,system,02,01,Adv,21
17403,之前我险些失控，但如今已经能克制住自己，保持理性。,system,02,01,Adv,21
17404,我确信自己已经挺过来了。,system,02,01,Adv,21
17405,（如果取决于自己内心的坚强程度，那我之后一定不会堕为魔女）,hiro,02,01,Adv,21
17406,正在我悄悄下定决心的时候，奈叶香已经不知不觉间离开了。,system,02,01,Adv,21
17407,那天下午——,system,02,01,Adv,21
17408,我在地下巡视检查各个少女房间的情况。,system,02,01,Adv,21
17409,打开栅栏门往里看，确认每个房间是否有变化。,system,02,01,Adv,21
17410,（665，黑部奈叶香。664，宝生玛格——）,hiro,02,01,Adv,21
17411,空无一人的房间没有什么变化，每个牢房的结构都差不多。,system,02,01,Adv,21
17412,湿度很高，光线昏暗，床铺这类的家具都很硬，有一股陈旧的气味。,system,02,01,Adv,21
17413,每天多次的巡视并不受其他少女的欢迎。,system,02,01,Adv,21
17414,但是，在这个充满异常的监牢里，需要尽可能多一点规律。,system,02,01,Adv,21
17415,另外，确认状况是否有变，也是巡视的意义之一。,system,02,01,Adv,21
17416,……呼。,hiro,02,01,Adv,21
17417,来到隔壁房间前，我犹豫了一下要不要往里看。,system,02,01,Adv,21
17418,（661，城崎诺亚——）,hiro,02,01,Adv,21
17419,被涂成白色的室内，没有人影。,system,02,01,Adv,21
17420,还未干透的颜料散发出的刺激性气味扑鼻而来。,system,02,01,Adv,21
17421,（安安已经康复了，我看到她和诺亚一起去了画室）,hiro,02,01,Adv,21
17422,（那两个人看起来虽然那样，实际上可能关系还不错。也许只是我一个人在大惊小怪……）,hiro,02,01,Adv,21
17423,看到她们一起去画室的时候，由于在意自己和诺亚之间的隔阂，没敢向她们搭话。,system,02,01,Adv,21
17424,（已经回不去了、吗）,hiro,02,01,Adv,21
17425,在环境恶劣，却整齐有序的牢房中，我走进这个被格格不入的白色完全覆盖的房间……,system,02,01,Adv,21
17426,凝视着自己的手掌。,system,02,01,Adv,21
17427,后悔可真不像我的作风。,hiro,02,01,Adv,21
17428,话音刚落——突然间，背脊一阵发凉。,system,02,01,Adv,21
17429,感觉到有人正无声无息地站在我的背后。还没来得及回头。,system,02,01,Adv,21
17431,——,hiro,02,01,Adv,21
17432,伴随着钝重的冲击，视野开始摇晃。,system,02,01,Adv,21
17433,（怎么……回事……？被人……攻击了？）,hiro,02,01,Adv,21
17434,（被、谁……）,hiro,02,01,Adv,21
17435,剧烈的疼痛让我眼前一黑，身体无法自由活动。,system,02,01,Adv,21
17436,膝盖瘫软，支撑不住身体，最终，脸颊贴在了房间冰冷的地板上。,system,02,01,Adv,21
17439,（这个声音是……）,hiro,02,01,Adv,21
17440,在逐渐模糊的意识中，我努力从记忆中搜寻这个声音。,system,02,01,Adv,21
17441,然而在得出准确答案之前，我的意识就坠入了黑暗——,system,02,01,Adv,21
17442,月代雪——【她】，和其他人截然不同。,system,02,01,Adv,22
17443,她像是一个无法在这个世界上拥有归属的存在。仿佛空气凝结成型一般，漂浮在人间。,system,02,01,Adv,22
17444,虚幻得像是一触碰就会烟消云散。,system,02,01,Adv,22
17445,她的眼神意味深长。她的身影显得无喜无悲。,system,02,01,Adv,22
17446,并且——她被这个世界厌弃。,system,02,01,Adv,22
17447,在某种意义上，“与他人截然不同”即等同于“不正确”。或许也正因如此，我才会被她所吸引。,system,02,01,Adv,22
17448,一旦暴露在人群之中，她就会遭到迫害。,system,02,01,Adv,22
17449,所以我们自然就选择了学校天台这个避人耳目的地方，作为我们的秘密集合点。,system,02,01,Adv,22
17450,然后，我对她说。,system,02,01,Adv,22
17451,我会保护你。,hiro,02,01,Adv,22
17452,即使我开口，小雪的眼神总是望向某个遥远的地方，或是投向另一个朋友。,system,02,01,Adv,22
17453,所以我选择了托付。,system,02,01,Adv,22
17454,明明已经，选择把她托付给了另一个朋友——,system,02,01,Adv,22
17455,啊啊啊啊啊！,miria,02,01,Adv,22
17456,不要啊啊啊啊！！,hanna,02,01,Adv,22
17457,呀啊，呜呀啊啊啊啊啊！！,coco,02,01,Adv,22
17458,怎么会这样……！,margo,02,01,Adv,22
17459,某种物体破碎的声音和少女们的哀嚎声响起，打断了旧日时光的梦境。,system,02,01,Adv,22
17460,——不知昏迷了多久，我的意识开始急速复苏。,system,02,01,Adv,22
17461,（到底，发生了什么……？）,hiro,02,01,Adv,22
17462,我一边按着疼痛的头部，一边用手肘支撑着地面，但无法立即站起来。,system,02,01,Adv,22
17463,醒醒，希罗。,margo,02,01,Adv,22
17464,我虽然视野一片模糊，还是在玛格的搀扶下走出了房间。,system,02,01,Adv,22
17465,模糊的视线逐渐清晰起来。,system,02,01,Adv,22
17466,我为了再次确认房间的状况，回头一看。,system,02,01,Adv,22
17467,——！,hiro,02,01,Adv,22
17468,我瞪大了双眼。,system,02,01,Adv,22
17469,在那纯白无垢的房间里，一滩血泊扩散开来。,system,02,01,Adv,22
17470,血泊的鲜红，绘成了绚烂的蝴蝶图案。,system,02,01,Adv,22
17471,以倒伏在地的白衣少女为中心。,system,02,01,Adv,22
17472,白衣少女身上正被无数只赤红的蝴蝶簇拥着。,system,02,01,Adv,22
17473,那些玷污纯白的赤色群影，酿出无声的寒意，冰冷宣告着生命的终结。,system,02,01,Adv,22
17474,已经断气了。倒在地上的是本应该袭击了我的人——梅露露。,system,02,01,Adv,22
17475,梅露露的尸体被发现后不久——手机就收到了典狱长的消息。,system,02,01,Adv,23
17476,『唉……收到一份报告。据说发生了一起令人痛心的凶杀案啊』,system,02,01,Adv,23
17477,『这到底是怎么回事……』,system,02,01,Adv,23
17478,『总之，请大家立即前往会客厅集合。不遵守者将会被看守带走……』,system,02,01,Adv,23
17479,虽然大家还在无所适从，但我们只能服从出现在此的看守，别无他法……,system,02,01,Adv,23
17480,会客厅里12名少女全都聚集在一起，除了梅露露以外。,system,02,01,Adv,23
17481,一具明显死于他杀的尸体。大家应该都是第一次目睹吧。当然，我也是。,system,02,01,Adv,23
17482,她们每个人都脸色苍白。,system,02,01,Adv,23
17483,真的发生了呢，凶杀案！,sherry,02,01,Adv,23
17484,……除了一个人以外。,system,02,01,Adv,23
17485,有的人在哭泣，有的人在强忍呕吐感，有的人一直发出小声的悲鸣。,system,02,01,Adv,23
17486,这些少女们看我的眼神……明显变了。,system,02,01,Adv,23
17487,那眼神充满恐惧，就像在看杀人犯一样——,system,02,01,Adv,23
17488,（那是什么眼神……！）,hiro,02,01,Adv,23
17489,我因为极度不适而想要对她们大吼。,system,02,01,Adv,23
17490,但是，即使仍然处于混乱之中，我还是搞清楚了一些状况。,system,02,01,Adv,23
17491,我倒在了尸体所在的房间里。而且全身沾满了白色颜料和飞溅的血迹，一副凄惨的样子。,system,02,01,Adv,23
17492,（现在不管我说什么，都只会加深她们的恐惧而已）,hiro,02,01,Adv,23
17493,而且我的后脑勺遭受重击，直到刚才还处于昏迷状态。,system,02,01,Adv,23
17494,从自己身上散发出的不详的血腥味，让我胃中翻江倒海，头痛欲裂。,system,02,01,Adv,23
17495,——感觉糟透了。,system,02,01,Adv,23
17496,（现在只能静观事态发展……）,hiro,02,01,Adv,23
17497,听到典狱长的扑翅声响起，我们之间的气氛变得更加紧张。,system,02,01,Adv,23
17498,唉……结果还是发生了凶杀案……,warden,02,01,Adv,23
17499,今晚，将会举行【魔女审判】。,warden,02,01,Adv,23
17500,请各位务必从在押囚犯当中锁定杀人凶手的身份。选中的人将以【魔女】的身份被处以死刑。,warden,02,01,Adv,23
17501,我们会用特殊方法行刑，令不会轻易死亡的魔女永久地安息。那会是非常……非常残酷的方法。,warden,02,01,Adv,23
17502,另外，有件事要向全体囚犯通告。如果没有选出凶手，将会对所有人处刑。,warden,02,01,Adv,23
17503,听完典狱长平淡地解释这些内容，她们喧闹起来。,system,02,01,Adv,23
17504,全员处决也太荒唐了哇……！,hanna,02,01,Adv,23
17505,喂，你这只臭鸟在胡说什么！！,alisa,02,01,Adv,23
17506,与此同时，典狱长也显得很困惑，歪着头开口说道。,system,02,01,Adv,23
17507,我只是按照主人的命令，转达这些早已定好的事项而已……,warden,02,01,Adv,23
17508,只是，决定这些事项的人，也就是主人都被杀害了，我也感到很惊讶，不知该如何是好。,warden,02,01,Adv,23
17509,嘈杂声更加强烈了。,system,02,01,Adv,23
17510,（冰上梅露露向典狱长下达命令……！？）,hiro,02,01,Adv,23
17511,大家都还没有理解情况时，奈叶香迈出一步说道。,system,02,01,Adv,23
17512,也就是说，监牢管理方……在背后牵线的【幕后黑手】，【魔女】的真实身份，就是冰上梅露露？,nanoka,02,01,Adv,23
17513,大概就是这样吧……？,warden,02,01,Adv,23
17514,……这样。原来是这样啊。,nanoka,02,01,Adv,23
17515,（冰上梅露露……明明表现得那么会关心人，居然是魔女吗）,hiro,02,01,Adv,23
17516,老实说，我不知道该如何看待这件事。,system,02,01,Adv,23
17517,虽然我和梅露露交谈过几次，但并没有多亲密。,system,02,01,Adv,23
17518,即便如此，她被杀害的样子仍在我脑海中挥之不去，即使听说她是邪恶一方，我的心还是隐隐作痛。,system,02,01,Adv,23
17519,（即使相处的时间这么短，原来也会产生感情……）,hiro,02,01,Adv,23
17520,虽然梅露露大人不在了，但监牢的规定并不会因此消失……只能像以前一样继续运营下去了。,warden,02,01,Adv,23
17521,仔细想想，这里几乎都是由我来管理的。即使没有梅露露大人也能运转。,warden,02,01,Adv,23
17522,说不定因为那个很会使唤鸟的上司消失了，反而工作更顺畅了呢……,warden,02,01,Adv,23
17523,一直在嘀咕着什么的典狱长突然展开了翅膀。,system,02,01,Adv,23
17524,这是个好机会。现在让我们引入之前就一直在准备的机制，【先行投票】吧！,warden,02,01,Adv,23
17525,先行、投票……？,ema,02,01,Adv,23
17526,是的。在调查之前先进行投票，将最可疑的囚犯拘禁起来。,warden,02,01,Adv,23
17527,这样一来，调查期间就不会发生犯人做手脚的情况，也更容易确定凶手。也就是说审判能更早结束。,warden,02,01,Adv,23
17528,你是想尽快结束吧？嗯……我倒是能理解你的心情。,margo,02,01,Adv,23
17529,那么各位，请拿出自己的手机，票选出心中认为最可疑的囚犯吧。,warden,02,01,Adv,23
17530,……等等等等。这不是什么都没变吗。反而更糟了吧……？,coco,02,01,Adv,23
17531,虽然手机确实带在身上……但是……唔唔……对不起。,leia,02,01,Adv,23
17532,少女们虽然犹豫不决，但还是拿出了手机。,system,02,01,Adv,23
17533,我只能呆呆地站在那里，看着这一切。,system,02,01,Adv,23
17534,（如果搞什么先行投票的话，不管怎么想都——）,hiro,02,01,Adv,23
17535,会客厅的大屏幕突然亮起来，紧接着响起一阵滑稽的庆祝音效。,system,02,01,Adv,23
17536,屏幕上显示的是……,system,02,01,Adv,23
17537,由于获得了压倒性多数的投票，最终决定是二阶堂希罗小姐！,warden,02,01,Adv,23
17538,我们将拘禁你直到魔女审判开庭哦～。那么就请各位努力找出凶手吧。,warden,02,01,Adv,23
17539,开、开什么玩笑——唔！,hiro,02,01,Adv,23
17540,我的抗议声被有着许多长长手臂的看守打断了。,system,02,01,Adv,23
17541,我不仅被堵住了嘴，双臂还被从腋下擒抱，动弹不得。,system,02,01,Adv,23
17542,希罗……！,ema,02,01,Adv,23
17543,希罗……,noa,02,01,Adv,23
17544,看守的腕力非同寻常，无论我如何挣扎都纹丝不动。,system,02,01,Adv,23
17545,在这种状态下，我瞪视着在场的所有少女。,system,02,01,Adv,23
17546,噫……,miria,02,01,Adv,23
17547,好可怕～,coco,02,01,Adv,23
17548,我被选中了。,system,02,01,Adv,23
17549,被这里的少女们认定为杀人凶手——【魔女】。,system,02,01,Adv,23
17550,（好啊……你们全都是我的敌人……！！）,hiro,02,01,Adv,23
17551,胸中刚刚萌生的那一丝情感碎片已经荡然无存。,system,02,01,Adv,23
17552,我被看守带走的同时，用仿佛要射杀所有人的眼神一直瞪视着她们。,system,02,01,Adv,23
17553,看守把我押送到了位于地下层的惩罚室。,system,02,01,Adv,24
17554,火把的火焰不断摇曳。不知从何处传来秒针滴答般的滴水声。,system,02,01,Adv,24
17555,（3600次。大约就是一个小时吧）,hiro,02,01,Adv,24
17556,…………,hiro,02,01,Adv,24
17557,不论时间过了多久，我的愤怒还是无法平息。,system,02,01,Adv,24
17558,这时，古老的金属发出了吱呀声。沉重的门被小心翼翼地打开了。,system,02,01,Adv,24
17559,门口出现两个人影。,system,02,01,Adv,24
17560,……看来我们可以进去了。,leia,02,01,Adv,24
17561,我想你的衣服可能被颜料弄脏了，所以带来了换洗衣物和毛巾。出去时用吧。,leia,02,01,Adv,24
17562,希罗，那个，你没事吗……？,ema,02,01,Adv,24
17563,……谢谢。我应该向你们好好表达谢意才对。,hiro,02,01,Adv,24
17564,但是，我看起来像没事的样子吗？照这样下去，我只能等着被处刑了。,hiro,02,01,Adv,24
17565,艾玛也带来了毛巾，站在我身边帮我擦拭污渍。,system,02,01,Adv,24
17566,这样下去太惨了……,ema,02,01,Adv,24
17567,……来者偏偏是樱羽艾玛。,system,02,01,Adv,24
17568,但是，如果说有谁会来探望，我想应该就是她了。这一点让我心情更加复杂。,system,02,01,Adv,24
17569,艾玛咬着嘴唇，痛苦地低着头，继续帮我擦拭污渍。,system,02,01,Adv,24
17570,希罗，为什么……,ema,02,01,Adv,24
17571,什么为什么？你是想问我为什么杀了梅露露吗？,hiro,02,01,Adv,24
17572,不……,ema,02,01,Adv,24
17573,但听起来你就是在怀疑我啊？,hiro,02,01,Adv,24
17574,……怎么会……,ema,02,01,Adv,24
17575,希罗……让你经历这样的事，我真的很抱歉。我本想保护你的……,leia,02,01,Adv,24
17576,……不需要保护。在你们眼中，我可能就是凶手。,hiro,02,01,Adv,24
17577,我冷冷地瞪视着两人。,system,02,01,Adv,24
17578,——当然，在我看来，你们也可能是凶手。,hiro,02,01,Adv,24
17579,这、这怎么可能！我——,leia,02,01,Adv,24
17580,只是说有这种可能。我只需在审判中证明自己的清白。,hiro,02,01,Adv,24
17581,这个所谓的先行投票真是残酷。它在少女们心中种下了分裂的种子。,hiro,02,01,Adv,24
17582,不过，多亏如此，我的决心更加坚定了。我会独自生存下去，不依靠任何人。,hiro,02,01,Adv,24
17583,我的眼神，想必正闪烁着阴冷的光芒吧。,system,02,01,Adv,24
17584,当然，选择合作也是一种方法。,system,02,01,Adv,24
17585,若解释事件前后的情况，或许能获得推理的线索。,system,02,01,Adv,24
17586,但在不知谁是真凶的情况下，这反而可能给凶手提供消息。,system,02,01,Adv,24
17587,（凶手无疑正试图陷害我）,hiro,02,01,Adv,24
17588,（那么，这两个主动接近我的人，很可能就是凶手）,hiro,02,01,Adv,24
17589,（善意是敌人。牵绊是毒药。我再也不会被这些东西绊倒了）,hiro,02,01,Adv,24
17590,希、希罗。别把自己孤立起来！如果大家一起合作的话，一定能——,ema,02,01,Adv,24
17591,合作？这就是合作的结果。,hiro,02,01,Adv,24
17592,我感到头晕目眩。我无法接受艾玛口中那些漂亮话。,system,02,01,Adv,24
17593,艾玛，我最不相信的就是你。,hiro,02,01,Adv,24
17594,希罗……为什么？求你了，请听我解释——,ema,02,01,Adv,24
17595,闭嘴！！我不想看到你的脸，也不想听到你的声音！！,hiro,02,01,Adv,24
17596,如果你还有一丝在乎我的心，就给我滚出去！！,hiro,02,01,Adv,24
17597,——到此为止！,leia,02,01,Adv,24
17598,蕾雅一声高喊，盖过了我的怒吼。,system,02,01,Adv,24
17599,什么……,hiro,02,01,Adv,24
17600,一种不可思议的现象，让我不由得屏住了呼吸。,system,02,01,Adv,24
17601,我被声音吸引，将视线落在了蕾雅身上，发现自己无法将目光从她脸上移开。,system,02,01,Adv,24
17602,……吓到你了吧。这就是我的魔法。我可以【引导视线】。,leia,02,01,Adv,24
17603,人们常说，不知为何无法将目光从舞台上的我身上移开呢。,leia,02,01,Adv,24
17604,我想让你稍微信任我一点。所以我想，不妨把我的魔法揭露给你看。,leia,02,01,Adv,24
17605,蕾雅温柔地笑了。,system,02,01,Adv,24
17606,……能解除吗？,hiro,02,01,Adv,24
17607,我刚提出要求，视线就恢复了自由。,system,02,01,Adv,24
17608,看来你们之间曾经发生过什么事呢。能和我说说吗？,leia,02,01,Adv,24
17609,……我拒绝。,hiro,02,01,Adv,24
17610,……我明白了。现在，还是让你静一静比较好。,leia,02,01,Adv,24
17611,蕾雅说完，就劝艾玛一起离开。,system,02,01,Adv,24
17612,艾玛似乎被我的激烈的态度吓到，在蕾雅的催促下拖着沉重的脚步离开了。,system,02,01,Adv,24
17613,希罗……待会见……,ema,02,01,Adv,24
17614,随后门被关上，再次恢复了寂静。,system,02,01,Adv,24
17615,（……这是最糟糕的情况……）,hiro,02,01,Adv,24
17616,（但我真的能说，人不是我杀的吗……？）,hiro,02,01,Adv,24
17617,紧接着，脑海中闪过自己失控的样子——,system,02,01,Adv,24
17618,（说不定是我失去理智，把梅露露给……）,hiro,02,01,Adv,24
17619,（反正这样下去都要被处刑了，还不如死掉重来……）,hiro,02,01,Adv,24
17620,下一个瞬间，我又清醒了过来。,system,02,01,Adv,24
17621,（自杀……？我吗……？）,hiro,02,01,Adv,24
17622,一种让我不寒而栗的嫌恶感传遍全身。,system,02,01,Adv,24
17623,（我在想什么啊。无论如何，绝对不可以【自杀】）,hiro,02,01,Adv,24
17624,（我绝对不会用这种夺走了朋友生命的禁忌方式！）,hiro,02,01,Adv,24
17625,（我没有杀害梅露露。我没有——！）,hiro,02,01,Adv,24
17626,我听到深沉钟声一次次响起，响彻整个监牢。,system,02,01,Adv,25
17627,（这声音是……）,hiro,02,01,Adv,25
17628,长时间的拘禁让我精疲力尽，我缓慢抬起沉重的脑袋。,system,02,01,Adv,25
17629,直觉告诉我，这就是宣告魔女审判开庭的钟声。,system,02,01,Adv,25
17630,看守很快出现在惩罚室里——,system,02,01,Adv,25
17631,在没有得到任何自由和信息的情况下，我再次被带走。,system,02,01,Adv,25
17632,我被押送到审判庭，被安排站在类似证人席的地方，然后终于给我解开了束缚。,system,02,01,Adv,25
17633,环绕的证人席上，已经有11名少女就位。,system,02,01,Adv,25
17634,（这里就是，审判庭吗……）,hiro,02,01,Adv,25
17635,看守正在出入口大门处站岗。,system,02,01,Adv,25
17636,终于，站在扶手上的典狱长开始发言。,system,02,01,Adv,25
17637,嗯……首先我要说明一下魔女审判的规则。,warden,02,01,Adv,25
17638,经过1小时的辩论之后，我会请各位用你们的手机投票，选出你们心中认定的凶手。,warden,02,01,Adv,25
17639,而在投票中被选为魔女的人物，会被带到中间的底座处，执行处刑……大概就这样。,warden,02,01,Adv,25
17640,少女们看我的眼神依旧充满怀疑和恐惧。,system,02,01,Adv,25
17641,（情况仍然对我极为不利）,hiro,02,01,Adv,25
17642,而我也依旧心怀对她们的憎恨。,system,02,01,Adv,25
17643,我冷冷地扫视着每一个少女。,system,02,01,Adv,25
17644,（在这些人中，藏着一个可恶的【魔女】）,hiro,02,01,Adv,25
17645,（我一定要把她揪出来）,hiro,02,01,Adv,25
17646,（你会为陷害过我而后悔的……！！）,hiro,02,01,Adv,25
17647,那么，魔女审判现在开庭！,warden,02,01,Adv,25
17648,杀害冰上梅露露的凶手，是宝生玛格。,system,02,01,Adv,26
17649,理所当然，她被票选为【魔女】——,system,02,01,Adv,26
17650,即便如此，聚集在审判庭上的所有人，看向玛格的眼神中依然带着难以置信。,system,02,01,Adv,26
17651,长久的沉默之后，率先开口说话的是玛格本人。,system,02,01,Adv,26
17652,……真不像我呢。不知怎么的，头脑发热了。,margo,02,01,Adv,26
17653,我很少那样情绪高涨哦。不杀掉她就无法平息下来。很过分吧……真的非常抱歉。,margo,02,01,Adv,26
17654,为、为什么？梅露露不是帮助过玛格吗！,ema,02,01,Adv,26
17655,她一直照顾重伤的玛格，那么关心你，那么尽心尽力……,ema,02,01,Adv,26
17656,是啊……梅露露她啊，对我非常非常好。,margo,02,01,Adv,26
17657,我发高烧神志不清的时候，她一直陪在身边握着我的手，还不停地抚摸我的头……,margo,02,01,Adv,26
17658,哭着说请我不要死，给予了我许多爱和怜惜。,margo,02,01,Adv,26
17659,我被感动了。明明才刚认识不久，却如此无私地为我付出……,margo,02,01,Adv,26
17660,玛格轻轻擦去眼角渗出的泪水。但她的动作只会令我觉得很违和。,system,02,01,Adv,26
17661,她充满了真心，我确实感受到了爱。没错，我们是相爱的。,margo,02,01,Adv,26
17662,相爱……？那就更不明白为什么要杀她了……,miria,02,01,Adv,26
17663,是不是那种什么变态的癖好？不是有那种吗，喜欢你就要杀掉你的那种人。,coco,02,01,Adv,26
17664,呵呵，就是这样。我啊，就是因为深爱着她才杀了她的。,margo,02,01,Adv,26
17665,你们迟早也会明白的。对爱最终极的回应，就是死亡呀。,margo,02,01,Adv,26
17666,玛格带着陶醉的表情说出这些话，我对她只感到厌恶。,system,02,01,Adv,26
17667,……太扭曲了。本来这种关怀应该是值得感恩的，而不是去加害他人。,hiro,02,01,Adv,26
17668,你是错误的……！,hiro,02,01,Adv,26
17669,你们可能无法理解吧。这就是我爱的形式。,margo,02,01,Adv,26
17670,啊，你们讲完了吗？时间也拖很久了，是时候该继续了……,warden,02,01,Adv,26
17671,现在大家的手机上应该都出现了一颗按钮，只要所有人按下它，就会开始执行处刑了。,warden,02,01,Adv,26
17672,（处刑按钮……原来如此，是要把我们逼到无路可退啊）,hiro,02,01,Adv,26
17673,只要长按这个按钮……,warden,02,01,Adv,26
17674,（不管动机如何，即使梅露露是幕后黑手，宝生玛格杀害冰上梅露露的罪行也是事实）,hiro,02,01,Adv,26
17675,（我要——制裁她！）,hiro,02,01,Adv,26
17676,好了！那么，现在开始执行对魔女的刑罚～,warden,02,01,Adv,26
17677,话音刚落，某道机关就启动了。,system,02,01,Adv,26
17678,随着大型齿轮的转动声传来，中央的底座缓缓下降。,system,02,01,Adv,26
17679,然后，我们面前出现了一个新的底座，取代了原来底座的位置。,system,02,01,Adv,26
17680,舞台被灯光照亮，上有一个巨大的靶子。,system,02,01,Adv,26
17681,少女们预感到一场恶趣味的表演即将在眼前展开，不禁吞了一口口水。,system,02,01,Adv,26
17682,……是要搞什么马戏表演？,alisa,02,01,Adv,26
17683,难道是扔飞刀……？,sherry,02,01,Adv,26
17684,……相当华丽的处刑台呢。,leia,02,01,Adv,26
17685,她到底在想什么呢。,system,02,01,Adv,26
17686,玛格正在被押送到木制靶子的面前。从她的表情读不出任何感情。,system,02,01,Adv,26
17687,在我们屏息注视下——,system,02,01,Adv,26
17688,玛格双手双脚被用皮带固定住，身体无法动弹。,system,02,01,Adv,26
17689,也就是被束缚在靶子上的状态。,system,02,01,Adv,26
17690,哎呀呀♡品味这么低俗，真是太棒啦♡让人兴奋不已呢♡,margo,02,01,Adv,26
17691,即使犯下杀人罪，即使被束缚——她依然保持着妖艳的微笑。,system,02,01,Adv,26
17692,（正常的飞刀表演，是不会刺中目标的）,hiro,02,01,Adv,26
17693,（但既然是处刑，那么刀子一定会……）,hiro,02,01,Adv,26
17694,也许是因为恐怖的预感，许多少女忍不住捂住眼睛或转过头去。,system,02,01,Adv,26
17695,划破空气的声音响起的同时，不知从哪里飞来了凶器。,system,02,01,Adv,26
17696,锐利的尖端闪着寒光。,system,02,01,Adv,26
17697,……,margo,02,01,Adv,26
17698,插在靶子上的不是飞刀——而是形状恶俗的箭矢。,system,02,01,Adv,26
17699,箭矢深深地刺入了距离玛格脸颊仅几厘米的地方。,system,02,01,Adv,26
17700,从射出箭矢的速度来看，如果射中了的话，一定已经贯穿了她的脸颊。,system,02,01,Adv,26
17701,接着又飞来许多箭矢，它们同样没有射中玛格，而是插在几乎就要射中的边沿。,system,02,01,Adv,26
17702,也许是因为凶器没有刺中自己，反而造成了更大的心理压迫，刚才还在妖艳微笑的玛格，表情已经开始绷紧了。,system,02,01,Adv,26
17703,……梅露露，真的是个善良的好孩子。,margo,02,01,Adv,26
17704,在无数箭矢射中标靶的间隙中，玛格低声呢喃着。,system,02,01,Adv,26
17705,简直难以相信她是魔女，她那么可爱，那么惹人怜爱……,margo,02,01,Adv,26
17706,我想把她的一切都占为己有。那惊讶地看着我的眼神、那圣洁的服装、那可爱的声音。,margo,02,01,Adv,26
17707,那美丽的银发、那飞溅的鲜血，还有心脏，全部、全部全部。,margo,02,01,Adv,26
17708,真的太爱太爱了，就把她变成了我的东西……！,margo,02,01,Adv,26
17709,僵硬的笑容扭曲至极。,system,02,01,Adv,26
17710,够了，不想再听了……！,ema,02,01,Adv,26
17711,我用余光扫过泪流满面地摇头的艾玛，直视玛格。,system,02,01,Adv,26
17712,你在说谎。,hiro,02,01,Adv,26
17713,我再也无法保持沉默，脱口而出，随后玛格看向了我。,system,02,01,Adv,26
17714,很遗憾，这不是谎言。这就是我真实的爱——,margo,02,01,Adv,26
17715,你在说谎！！,hiro,02,01,Adv,26
17716,我再次斩钉截铁地说道。玛格的眼神第一次动摇了。,system,02,01,Adv,26
17717,你根本就不爱梅露露！！,hiro,02,01,Adv,26
17718,这就是真实的爱？令人作呕。你的爱是【谎言】！！,hiro,02,01,Adv,26
17719,我的脑海中浮现出她的身影。,system,02,01,Adv,26
17720,失去她的痛苦无论经过多么漫长的时间也不会消失。,system,02,01,Adv,26
17721,杀戮怎么可能是爱。,system,02,01,Adv,26
17722,我只想一直、永远——和她在一起。,system,02,01,Adv,26
17723,那根本不是爱！！你根本不懂什么是爱！！,hiro,02,01,Adv,26
17724,我发自内心的呐喊，让玛格的表情大为扭曲。,system,02,01,Adv,26
17725,不是的，不是……我懂得爱，这就是爱啊……,margo,02,01,Adv,26
17726,嗯——我虽然也不太了解什么是爱，但我更认同希罗的主张！,sherry,02,01,Adv,26
17727,玛格，你不是因为爱才杀人，而是因为想让她消失才杀人的，对吧。,sherry,02,01,Adv,26
17728,——！,margo,02,01,Adv,26
17729,就是啊。承认自己讨厌她不是会轻松点吗？,coco,02,01,Adv,26
17730,不对！不对不对不对不对！！,margo,02,01,Adv,26
17731,我懂得爱！！这就是爱！！,margo,02,01,Adv,26
17732,够了！！不要否定我的爱！！,margo,02,01,Adv,26
17733,【不要爱我】——！,margo,02,01,Adv,26
17734,尖叫过后，玛格自己也惊讶地绷紧了表情。,system,02,01,Adv,26
17735,我、我刚才、说了什么……,margo,02,01,Adv,26
17736,大概就在那时。终于吐露出真心的双唇开始颤抖。,system,02,01,Adv,26
17737,玛格被束缚着的身体，开始发生变化。,system,02,01,Adv,26
17738,脸上出现裂纹，指甲肉眼可见地伸长。,system,02,01,Adv,26
17739,靶子上已经密密麻麻地插满了箭矢，几乎不见一丝间隙。,system,02,01,Adv,26
17740,终于，大量的箭矢如雨点般，朝着玛格全身飞去。,system,02,01,Adv,26
17741,啊——原来我，,margo,02,01,Adv,26
17742,不懂什么是爱啊。,margo,02,01,Adv,26
17743,轻声吐露出的寂寞话语，打开了玛格封锁在内心的【禁忌】之门——,system,02,01,Adv,26
17744,——一边听着“我爱你”，一边挨打。,system,02,01,Adv,26
17745,这样的日子，是从什么时候开始的呢？早就算不清了，也不想再算了。,system,02,01,Adv,26
17746,在充满腐臭、堆满垃圾的房间里。,system,02,01,Adv,26
17747,和垃圾一同被扔在房间的玛格，不知从何时起，已经放弃了思考。,system,02,01,Adv,26
17748,母亲本就不是个像样的人。偶尔回家看一眼玛格的情况，留下食物和一点钱后便匆匆离开。,system,02,01,Adv,26
17749,某天，母亲带了一个男人回家。母亲说，她也【爱】那个男人。,system,02,01,Adv,26
17750,在四张半榻榻米大的狭窄房间门后，母亲每天都对那个男人说【我爱你】。,system,02,01,Adv,26
17751,取而代之的，是她不再对玛格说【我爱你】了。,system,02,01,Adv,26
17752,男人回应了母亲的爱。,system,02,01,Adv,26
17753,回应是不断堆积的垃圾。是充斥耳膜的怒吼。是对母亲施暴。,system,02,01,Adv,26
17754,终于有一天，那男人来到玛格藏身的小房间，拉开隔扇。,system,02,01,Adv,26
17755,他对玛格施暴了。,system,02,01,Adv,26
17756,被打、被骂、被踩。,system,02,01,Adv,26
17757,被揍、被辱骂、被揪住头发、被扔东西到身上。,system,02,01,Adv,26
17758,被打、被打、被打。被揍、被揍、被揍。被伤害、被伤害、被伤害。,system,02,01,Adv,26
17759,某天，满身瘀青的玛格，在断断续续的意识中，注意到了母亲的目光。母亲只是冷冷地俯视着她。,system,02,01,Adv,26
17760,玛格用目光请求着，救救我。可母亲表情中流露出的却是——,system,02,01,Adv,26
17761,轻蔑。,system,02,01,Adv,26
17762,聪明的玛格明白了。因为我夺走了那男人的爱。,system,02,01,Adv,26
17763,母亲恨我。,system,02,01,Adv,26
17764,我得到了爱，所以她嫉妒。我年轻，我美丽，我得到了注视。,system,02,01,Adv,26
17765,玛格流着泪，领悟了爱的模样。,system,02,01,Adv,26
17766,但是……,system,02,01,Adv,26
17767,母亲离开了，男人也离开了，只留下玛格独自一人，在被褥上。玛格用轻得几乎听不见的声音，喃喃着。,system,02,01,Adv,26
17768,……明明……我真的、真的，很讨厌这一切啊。,system,02,01,Adv,26
17769,玛格的身体被无数箭矢刺穿。,system,02,01,Adv,26
17770,呃……,anan,02,01,Adv,26
17771,呜呜！,hanna,02,01,Adv,26
17772,数不清的箭矢一根一根刺入玛格体内，她如野兽般低吼、痛苦挣扎——,system,02,01,Adv,26
17773,咆哮着，化作了异形。,system,02,01,Adv,26
17774,由于她已顺利变成魔女的残骸，接下来她会被关进永恒的囚牢之中。,warden,02,01,Adv,26
17775,典狱长平静地说道。紧接着是一阵机械运转声。,system,02,01,Adv,26
17776,这时机关开始运作，将处刑台降至地下，移出了现场。,system,02,01,Adv,26
17777,异形的咆哮声仍持续回荡了一阵子，直到地板关闭，一切恢复沉寂。,system,02,01,Adv,26
17778,中央恢复成了原来的底座，只有如同残香般的——一只赤红的蝴蝶在轻盈飞舞。,system,02,01,Adv,26
17779,（这就是……魔女的处刑……）,hiro,02,01,Adv,26
17780,亲眼目睹了如此惨烈的处刑，我们失去了言语。,system,02,01,Adv,26
17781,目睹了如此可怕又悲伤的场面，想必艾玛一定在哭泣吧，我不由自主地看向她。,system,02,01,Adv,26
17782,但映入我眼帘的艾玛，竟然——……在笑。,system,02,01,Adv,26
17783,（艾玛……你果然……）,hiro,02,01,Adv,26
17784,我无言地握紧了颤抖的拳头。,system,02,01,Adv,26
17785,审判庭陷入死寂。一时间，没有任何人说话。,system,02,01,Adv,26
17786,打破这令人窒息的沉默的是典狱长。,system,02,01,Adv,26
17787,能顺利结束真是太好了呢。如果之后再发生凶杀案的话，就会开展魔女审判。,warden,02,01,Adv,26
17788,在下次审判到来之前，请大家跟往常一样，老实规矩地作为囚犯生活下去吧。,warden,02,01,Adv,26
17789,魔女审判，就此闭庭。哎呀呀，真是辛苦大家了……,warden,02,01,Adv,26
17790,在我们心中留下无法抹去的深深伤痕后——审判结束了。,system,02,01,Adv,26
17791,审判结束后，我来到了玛格的房间。,system,02,01,Adv,27
17792,我很在意玛格提到过的，可可留下的语音备忘录。想再检查看看这里还有没有其他线索。,system,02,01,Adv,27
17793,在这座监牢中度过的数日间，这里没有留下任何她存在过的痕迹。,system,02,01,Adv,27
17794,这是一个有些冷清的房间。,system,02,01,Adv,27
17795,（不知为何。我总觉得她像是会给房间添上更多装饰的人）,hiro,02,01,Adv,27
17796,（……话说回来，没有线索啊。明天直接去问可可应该更快）,hiro,02,01,Adv,27
17797,老实说还有一个原因。搜查有些难以进行了。,system,02,01,Adv,27
17798,因为我刚进这个房间，艾玛就跟着进来了。,system,02,01,Adv,27
17799,艾玛似乎是在寻找玛格的遗物。,system,02,01,Adv,27
17800,呜呜……玛格……,ema,02,01,Adv,27
17801,她眼里噙着泪水，在玛格的床边翻找着。,system,02,01,Adv,27
17802,（真是一厢情愿的感伤之举。对于玛格——那个魔女……根本就没有半点同情的余地）,hiro,02,01,Adv,27
17803,（她是个犯下杀人罪，甚至不惜陷害我，只为逃避罪责的卑鄙小人）,hiro,02,01,Adv,27
17804,（口口声声说着【爱】，实际不过是自私地杀害了梅露露罢了）,hiro,02,01,Adv,27
17805,我是这么想的。我明明是这么想的……但不知为何，我的拳头一直在颤抖。,system,02,01,Adv,27
17806,就像在强忍着什么一样。,system,02,01,Adv,27
17807,理所当然地，我和艾玛没有对话。,system,02,01,Adv,27
17808,正当我准备离开这尴尬的空间时。,system,02,01,Adv,27
17809,…………,ema,02,01,Adv,27
17810,我用余光瞥见艾玛似乎发现了什么东西，然后迅速将它藏进了怀里。,system,02,01,Adv,27
17811,（她藏了什么……？）,hiro,02,01,Adv,27
17812,这让我非常在意，于是我转向了艾玛。,system,02,01,Adv,27
17813,我要走了，你还打算继续找下去？,hiro,02,01,Adv,27
17814,啊，嗯。我想再看看有没有别的东西——,ema,02,01,Adv,27
17815,梅露露死了，玛格被处刑了，你会为此感到伤心吗？,hiro,02,01,Adv,27
17816,这……当然难过啊。或许她们两人确实都做了不可饶恕的事。,ema,02,01,Adv,27
17817,但对我来说，只要有人不在了，我就会觉得悲伤、觉得寂寞……,ema,02,01,Adv,27
17818,乍看之下，艾玛似乎是真情流露。,system,02,01,Adv,27
17819,然而，面对泪流满面的艾玛。,system,02,01,Adv,27
17820,我脑海中浮现的是，那段和艾玛亲密无间的时光——,system,02,01,Adv,27
17821,那是小学三四年级的时候。,system,02,01,Adv,27
17822,呜呜，呜呜……,ema,02,01,Adv,27
17823,艾玛，原来你在这里啊。因为你班会的时候不在，大家都在找你……,hiro,02,01,Adv,27
17824,啊，希罗……,ema,02,01,Adv,27
17825,你的室内鞋还没找到。到底是谁这么过分藏起来的……,hiro,02,01,Adv,27
17826,就在这时，我注意到她脚上穿的，正是她大喊“丢了”的那双鞋。,system,02,01,Adv,27
17827,找到了吗！那我得赶快告诉大家！,hiro,02,01,Adv,27
17828,啊，是哦。对不起……不过我就知道希罗一定会找到我。,ema,02,01,Adv,27
17829,最近希罗，都不怎么和我玩了。,ema,02,01,Adv,27
17830,但是最了解我的，果然还是希罗啊！,ema,02,01,Adv,27
17831,面对嬉皮笑脸的艾玛，当时的我感到了一丝寒意。,system,02,01,Adv,27
17832,她或许只是为了引起我的注意，才一直藏在天台上，等着我出现——,system,02,01,Adv,27
17833,甚至所谓“鞋子丢了”的事件，也可能全是她编造的——,system,02,01,Adv,27
17834,（不只是这次。类似的事发生过好多次）,hiro,02,01,Adv,27
17835,（正因为相处时间长，我才明白。艾玛绝不是大家以为的“好孩子”）,hiro,02,01,Adv,27
17836,（她曾冷眼旁观小雪被霸凌，对她见死不救，这便是证据）,hiro,02,01,Adv,27
17837,（艾玛，是邪恶的）,hiro,02,01,Adv,27
17838,上初中以后，月代雪加入了我们——,system,02,01,Adv,27
17839,有一次，趁艾玛不在时，她悄悄在我耳边低语。,system,02,01,Adv,27
17840,艾玛她啊，总有一天会成为带来灾祸的魔女哦。,yuki,02,01,Adv,27
17841,她会杀死很多人。,yuki,02,01,Adv,27
17842,会让大家都变得不幸。,yuki,02,01,Adv,27
17843,很可怕吧。那一天终将到来。,yuki,02,01,Adv,27
17844,小雪总是喜欢用转弯抹角的说法，所以当时我以为是某种隐喻。,system,02,01,Adv,27
17845,但现在我明白了。,system,02,01,Adv,27
17846,（我应该制裁的恶——【魔女】，就在我的眼前）,hiro,02,01,Adv,27
17847,（为了避免发生更大的悲剧，我必须负起责任纠正你）,hiro,02,01,Adv,27
17848,（如果你就是不该存在于这个世界的魔女，那么——就由我来杀死你）,hiro,02,01,Adv,27
17849,（这就是我必须完成的使命）,hiro,02,01,Adv,27
17850,原以为已经成功压抑的黑暗，正在悄然渗出，逐渐膨胀。,system,02,01,Adv,27
17851,我满怀冰冷的杀意，久久注视着艾玛的背影。,system,02,01,Adv,27
17852,我将倚靠在暖炉旁的拨火棍拿到手里。,system,02,01,Bad,01
17853,要是在这里闹事，我会没命的。,system,02,01,Bad,01
17854,那样的话，一切又将重蹈覆辙。这是我必须避免的愚蠢行径。,system,02,01,Bad,01
17855,道理我都明白。即便如此——,system,02,01,Bad,01
17856,你错了。我不是邪恶。,hiro,02,01,Bad,01
17857,我无法忍受。,system,02,01,Bad,01
17858,如果魔女真是绝对的邪恶，那就必须将其铲除。,system,02,01,Bad,01
17859,我凌空一跃，往前冲去——,system,02,01,Bad,01
17860,然而。,system,02,01,Bad,01
17861,！,hiro,02,01,Bad,01
17862,我立刻停住了脚步。,system,02,01,Bad,01
17863,有一位少女挡在了我的面前，阻拦了我的去路。,system,02,01,Bad,01
17864,你打算做什么？,leia,02,01,Bad,01
17865,……清除错误。,hiro,02,01,Bad,01
17866,我言简意赅地回答。,system,02,01,Bad,01
17867,你的视线和敌意是针对艾玛……不，是针对在场的所有人。,leia,02,01,Bad,01
17868,你的眼神明显不对劲。如果你想伤害她们，我绝不会坐视不理。,leia,02,01,Bad,01
17869,蕾雅严肃地说道，手按在了腰间的武器上。她竟然会在此刻介入，这让我有些意外。,system,02,01,Bad,01
17870,我为【与上次的不同】感到一丝惊讶，同时也感到一股怒火正在心中升腾。,system,02,01,Bad,01
17871,蕾雅的口气，说得仿佛我才是错误的存在。,system,02,01,Bad,01
17872,不要妨碍我。我的目标是……,hiro,02,01,Bad,01
17873,话到嘴边，我却卡住了。,system,02,01,Bad,01
17874,我想看向原本打算攻击的目标——看守，却发现自己根本做不到。,system,02,01,Bad,01
17875,我试图转移视线，却不知为何，目光完全无法从蕾雅身上移开。,system,02,01,Bad,01
17876,……这是你的魔法？,hiro,02,01,Bad,01
17877,面对我的疑问，蕾雅只是淡淡一笑，似乎并不打算回答。,system,02,01,Bad,01
17878,这是剥夺他人自由的魔法吗？……不，身体可以正常活动。,system,02,01,Bad,01
17879,只是我的【视线】，仿佛被一股力量【牵引】着，只能注视着蕾雅……,system,02,01,Bad,01
17880,你能解除这个魔法吗？,hiro,02,01,Bad,01
17881,如果你愿意放下武器，我随时可以解除。,leia,02,01,Bad,01
17882,……不过，看你的表情，你似乎并没有这个打算。,leia,02,01,Bad,01
17883,蕾雅微微苦笑。,system,02,01,Bad,01
17884,你误会了。我没有对你们出手的意图。,hiro,02,01,Bad,01
17885,……原来如此。你的目标是那些怪物吗？,leia,02,01,Bad,01
17886,即便如此，我也要阻止你。那太鲁莽了……简直是自杀。,leia,02,01,Bad,01
17887,——！,hiro,02,01,Bad,01
17888,心脏猛烈地跳动起来。,system,02,01,Bad,01
17889,“自杀”。这个词，像火星般点燃了我的怒火。,system,02,01,Bad,01
17890,我的职责是保护这里的每一个人。如果你在这里乱来，会危及到周围——,leia,02,01,Bad,01
17891,蕾雅还在说着什么，但我已经充耳不闻。,system,02,01,Bad,01
17892,自杀是错误的。是最不可饶恕的罪行。,system,02,01,Bad,01
17893,我绝不可能做出那种事。,system,02,01,Bad,01
17894,可蕾雅却说，我的行为是在自杀。,system,02,01,Bad,01
17895,我的内心，我所坚持的世界，仿佛都在剧烈摇晃，几近崩溃。,system,02,01,Bad,01
17896,……不对，不是的。,hiro,02,01,Bad,01
17897,我要铲除魔女。这绝非自寻死路。,system,02,01,Bad,01
17898,如果她要否定这一点，如果她执意阻拦。,system,02,01,Bad,01
17899,蕾雅，看来我必须让你吃点苦头了。,hiro,02,01,Bad,01
17900,一股前所未有的强烈冲动涌上心头，几乎要将我吞噬殆尽。,system,02,01,Bad,01
17901,在无法抑制的情感驱使下。我再次凌空一跃，挥起拨火棍，向蕾雅猛击而去。,system,02,01,Bad,01
17902,蕾雅拔出刺剑，挡下了我的攻击。,system,02,01,Bad,01
17903,……看来你的刺剑，并非只是装饰品。,hiro,02,01,Bad,01
17904,彼此彼此，你的身手也很不错呢。,leia,02,01,Bad,01
17905,蕾雅露出了不甘示弱的笑容，我们挥舞武器，激烈地交锋起来。,system,02,01,Bad,01
17906,几番交手之后——,system,02,01,Bad,01
17907,我倾注全力的一击，将蕾雅手中的剑震飞。,system,02,01,Bad,01
17908,唔……！,leia,02,01,Bad,01
17909,我顺势将拨火棍的尖端抵在了她的脸上。,system,02,01,Bad,01
17910,然后，高高举起手臂——,system,02,01,Bad,01
17912,！？,hiro,02,01,Bad,01
17913,就在我即将挥下拨火棍的瞬间，背后传来一声呼喊。同时，我的手臂也仿佛失去了控制般，停在了半空中。,system,02,01,Bad,01
17914,我想要确认声音的主人，便将视线转向身后。,system,02,01,Bad,01
17915,噫……！？,anan,02,01,Bad,01
17916,与我对上视线的安安，身体僵硬地颤抖起来。是她发出的声音吗？,system,02,01,Bad,01
17917,【不许动……！】,anan,02,01,Bad,01
17918,安安用命令的语气，对我喝道。,system,02,01,Bad,01
17919,（身体变得迟钝……）,hiro,02,01,Bad,01
17920,但是，并非完全无法动弹。虽然全身如同灌了铅般沉重，但还是能勉强一点点地活动手脚。,system,02,01,Bad,01
17921,（虽然效果轻微，但这是操纵他人的魔法吗？）,hiro,02,01,Bad,01
17922,虽然有些棘手，但并非无法抵抗。,system,02,01,Bad,01
17923,我迈着沉重的步伐，向安安靠近。,system,02,01,Bad,01
17924,呜……别过来，别过来啊！,anan,02,01,Bad,01
17925,趁、趁现在……谁来，阻止她！,anan,02,01,Bad,01
17926,啧，真麻烦。,alisa,02,01,Bad,01
17927,不知是受到安安的命令操控，还是出于自身意志，亚里沙向前迈出一步。,system,02,01,Bad,01
17928,她的左手，握着几根木柴。应该是这房间里暖炉用的燃料。,system,02,01,Bad,01
17929,亚里沙的右手，指尖燃起一簇小小的火焰。,system,02,01,Bad,01
17930,我的魔法是【点火】。,alisa,02,01,Bad,01
17931,也可以这么用。,alisa,02,01,Bad,01
17932,亚里沙用指尖的火焰点燃了木柴。然后——,system,02,01,Bad,01
17933,尝尝这个吧！,alisa,02,01,Bad,01
17934,她将燃烧的木柴，朝着我投掷过来。,system,02,01,Bad,01
17935,！！,hiro,02,01,Bad,01
17936,安安的魔法和蕾雅的魔法，似乎都已经失效了。我迅速侧身闪避，躲开了飞来的木柴。,system,02,01,Bad,01
17937,啧，别躲来躲去啊！,alisa,02,01,Bad,01
17938,亚里沙瞄准我，不停地投掷着燃烧的木柴。对于躲闪不及的木柴，我挥舞拨火棍将其击落。,system,02,01,Bad,01
17939,真是胡闹……再这样下去，整个房间都会烧起来的！,hiro,02,01,Bad,01
17940,一切都为时已晚。火焰已经蔓延开来，点燃了会客厅的家具和地毯。,system,02,01,Bad,01
17941,即便如此，亚里沙依然没有停止攻击，似乎完全听不进我的劝告。,system,02,01,Bad,01
17942,惊慌失措的少女们，开始四处逃窜，想要逃离房间。,system,02,01,Bad,01
17943,啊……！？,nanoka,02,01,Bad,01
17944,或许是脚下打滑，奈叶香突然摔倒在地。火苗瞬间逼近——,system,02,01,Bad,01
17945,危险！,leia,02,01,Bad,01
17946,蕾雅挺身而出，挡在奈叶香身前，将她拉了起来。,system,02,01,Bad,01
17947,奈叶香，你没事吧……,leia,02,01,Bad,01
17948,枪声骤然响起，蕾雅的身体向一侧倾倒。,system,02,01,Bad,01
17949,她无力地瘫倒在地，眉心处赫然是一个血洞，是被子弹贯穿的痕迹。,system,02,01,Bad,01
17950,少女们爆发出凄厉的尖叫。,system,02,01,Bad,01
17951,啊啊……啊啊啊啊啊……！！,nanoka,02,01,Bad,01
17952,开枪的人，正是奈叶香。她举着枪，声音颤抖得不成样子。,system,02,01,Bad,01
17953,……为、为什么……！,nanoka,02,01,Bad,01
17954,奈叶香仿佛失去了理智一般，开始对着四周胡乱射击。,system,02,01,Bad,01
17955,为了阻止她继续开枪，几位少女鼓起勇气，向奈叶香冲了过去。,system,02,01,Bad,01
17956,火焰肆虐，枪声不断，悲鸣与怒吼交织在一起。会客室瞬间化为一片人间地狱。,system,02,01,Bad,01
17957,唔……！,hiro,02,01,Bad,01
17958,一颗流弹擦伤了我的手臂。奈叶香还想再次扣动扳机——,system,02,01,Bad,01
17959,但枪里的子弹已经似乎耗尽了。,system,02,01,Bad,01
17960,现在正是阻止奈叶香的最佳时机。必须在她造成更多伤亡之前，让她失去反抗能力。我立刻朝着奈叶香的方向冲去。,system,02,01,Bad,01
17961,别过来……不要靠近我……！,nanoka,02,01,Bad,01
17962,奈叶香声嘶力竭地尖叫着，双手胡乱挥舞着手中的枪。,system,02,01,Bad,01
17963,……！,hiro,02,01,Bad,01
17964,就在我冲入攻击范围的瞬间，我挥舞起拨火棍，想要击落奈叶香手中的枪。,system,02,01,Bad,01
17965,兵器碰撞的刹那，我感受到一股巨大的冲击力，以及身体瞬间腾空的感觉。,system,02,01,Bad,01
17966,我立刻意识到，我被击败了，整个人都被击飞了出去。,system,02,01,Bad,01
17967,身体重重地撞在房间的墙壁上。,system,02,01,Bad,01
17968,————,hiro,02,01,Bad,01
17969,剧烈的疼痛让我瞬间窒息。随后，身体沿着墙壁滑落，狼狈地跌坐在地上。,system,02,01,Bad,01
17970,咳、咳咳……！,hiro,02,01,Bad,01
17971,我强忍着疼痛，用拨火棍支撑着身体，勉强站了起来。,system,02,01,Bad,01
17972,喂，伤员就给我乖乖退下。,alisa,02,01,Bad,01
17973,站在一旁的亚里沙，毫不客气地对我说道。,system,02,01,Bad,01
17974,我拒绝。我要阻止奈叶香。,hiro,02,01,Bad,01
17975,造成现在这种局面的，归根结底是我的责任。所以，要由我来阻止她。,system,02,01,Bad,01
17976,该退下的人是你。别再多管闲事。,hiro,02,01,Bad,01
17977,你说什么？,alisa,02,01,Bad,01
17978,停一下！,sherry,02,01,Bad,01
17979,眼看我和亚里沙又要争吵起来，雪莉连忙跑过来，挡在我们中间。,system,02,01,Bad,01
17980,现在不是内讧的时候吧？奈叶香现在的状态，明显很不正常啊。,sherry,02,01,Bad,01
17981,雪莉说得没错，奈叶香现在的样子确实很不正常。,system,02,01,Bad,01
17982,突然杀害蕾雅，接着又毫无差别地胡乱射击。,system,02,01,Bad,01
17983,只能认为她是受到了某种刺激，精神彻底崩溃了。,system,02,01,Bad,01
17984,那又怎么样？总之，先把她制服再说吧！,alisa,02,01,Bad,01
17985,虽然不情愿，但我也不得不同意亚里沙的说法。,system,02,01,Bad,01
17986,尽管枪里的子弹似乎已经打光了，但奈叶香的威胁依然存在。,system,02,01,Bad,01
17987,她现在正用充满杀意的眼神，注视着那些饱受惊吓的少女们。,system,02,01,Bad,01
17988,是啊！谁也不知道接下来会发生什么，现在大家齐心协力才是上策……,sherry,02,01,Bad,01
17989,谁管你！,alisa,02,01,Bad,01
17990,亚里沙根本不理会雪莉的劝说，径直朝着奈叶香冲了过去。,system,02,01,Bad,01
17991,哎呀呀，被拒绝了。唉，也没办法——,sherry,02,01,Bad,01
17992,雪莉倒也不在意，也跟在亚里沙身后跑了过去。,system,02,01,Bad,01
17993,看招——！,alisa,02,01,Bad,01
17994,唔……！,nanoka,02,01,Bad,01
17995,亚里沙挥舞着紧握的拳头，朝着奈叶香猛击过去。,system,02,01,Bad,01
17996,奈叶香身手敏捷地躲过了攻击。然而——,system,02,01,Bad,01
17997,还有我哦——！,sherry,02,01,Bad,01
17998,！？,nanoka,02,01,Bad,01
17999,奈叶香躲闪的方向，雪莉早已在那里守株待兔。,system,02,01,Bad,01
18000,看招——！,sherry,02,01,Bad,01
18001,雪莉挥出的拳头，结结实实地击中了奈叶香的脸颊。,system,02,01,Bad,01
18002,呃……！？,nanoka,02,01,Bad,01
18003,奈叶香狠狠地撞在房间的墙壁上，就像刚才的我一样……不，甚至比我还要惨烈。,system,02,01,Bad,01
18004,别看我这样，我的拳脚功夫可是很厉害的。毕竟，我可是名侦探！,sherry,02,01,Bad,01
18005,雪莉得意洋洋地挺起胸膛。,system,02,01,Bad,01
18006,拳脚功夫和名侦探之间，到底有什么关系？,hiro,02,01,Bad,01
18007,我不禁脱口而出，雪莉闻言，对我狡黠地一笑。,system,02,01,Bad,01
18008,你不知道吗？,sherry,02,01,Bad,01
18009,优秀的侦探，往往也拥有强健的体魄哦！,sherry,02,01,Bad,01
18010,喂喂，那家伙都嵌进墙里了……你这家伙，是怪物吗……,alisa,02,01,Bad,01
18011,亚里沙一脸错愕地嘟哝着，雪莉听了，不满地撅起了嘴。,system,02,01,Bad,01
18012,说我是怪物也太过分了吧——至少也请称我为小仙子——,sherry,02,01,Bad,01
18013,你身上哪有半点小仙子的影子啊。,alisa,02,01,Bad,01
18014,要说怪物的话……那边那个，恐怕也一样吧。,hiro,02,01,Bad,01
18015,嵌在墙壁里的奈叶香，缓缓地动了起来。她吃力地抬起手臂，举起了手中的枪。,system,02,01,Bad,01
18016,（她想做什么？枪里不是已经没子弹了吗——）,hiro,02,01,Bad,01
18017,呃、啊……！！,sherry,02,01,Bad,01
18018,枪声再次响起，一颗子弹穿透了雪莉的胸膛。,system,02,01,Bad,01
18019,啊……欸……怎么会……,sherry,02,01,Bad,01
18020,雪莉瞪着双眼，倒在了地上。少女们再次发出惊恐的尖叫。,system,02,01,Bad,01
18021,到底怎么回事啊！子弹不是打光了吗！？,alisa,02,01,Bad,01
18022,奈叶香并没有重新装填子弹的动作。难道说，刚才的子弹并非真的打光了？,system,02,01,Bad,01
18023,只是卡壳了而已……又或者是，她一直藏着备用子弹？,system,02,01,Bad,01
18024,……不，现在不是纠结这些的时候。当务之急，是如何对抗黑部奈叶香这个威胁。,system,02,01,Bad,01
18025,奈叶香缓缓地，一步步向我们逼近。,system,02,01,Bad,01
18026,那、那是什么啊……,alisa,02,01,Bad,01
18027,看到奈叶香现在的模样，亚里沙彻底呆住了，喃喃自语道。,system,02,01,Bad,01
18028,难道说，她真的变成怪物了吗……？,alisa,02,01,Bad,01
18029,奈叶香的样貌发生了改变。,system,02,01,Bad,01
18030,失去了血色，呈现出青白色的肌肤。她的手，也变得不再像是人类的手，形状怪异。,system,02,01,Bad,01
18031,她的表情扭曲而阴沉，难以分辨是恐惧、绝望还是悲伤。,system,02,01,Bad,01
18032,那双如同流淌着黑色泪水的眼眸，死死地锁定着我们。,system,02,01,Bad,01
18033,对不起……对不起……,nanoka,02,01,Bad,01
18034,突然，奈叶香的身影从我的视线中消失了。,system,02,01,Bad,01
18035,！？,hiro,02,01,Bad,01
18036,就在我意识到不对劲的刹那。,system,02,01,Bad,01
18037,耳边传来一阵令人毛骨悚然的声响。,system,02,01,Bad,01
18038,啊……咳……,alisa,02,01,Bad,01
18039,奈叶香竟然一把抓住亚里沙的头颅，然后，将其硬生生捏爆了。,system,02,01,Bad,01
18040,对不起……对不起……,nanoka,02,01,Bad,01
18041,奈叶香如同行尸走肉般，机械地重复着这句话。,system,02,01,Bad,01
18042,——下一个就该我了吧。,system,02,01,Bad,01
18043,但是，我绝不会轻易束手就擒。我紧紧握住手中的拨火棍，准备战斗到最后一刻。,system,02,01,Bad,01
18044,啊啊啊啊……大家都会死……,nanoka,02,01,Bad,01
18045,不要……不要啊啊啊啊啊！,nanoka,02,01,Bad,01
18046,奈叶香双手紧紧抱住自己的头，发出凄厉的嘶吼。,system,02,01,Bad,01
18047,奈叶香的身姿，再度发生异变。这一次，她已经彻底失去了人形。,system,02,01,Bad,01
18048,我理解了。奈叶香已经堕落成了魔女。,system,02,01,Bad,01
18049,…………,nanoka,02,01,Bad,01
18050,奈叶香看向了我。,system,02,01,Bad,01
18051,我清晰地感觉到了。,system,02,01,Bad,01
18052,恐惧。我正感到恐惧。,system,02,01,Bad,01
18053,与此同时，一股强烈的憎恶感也随之而来。我对魔女这种邪恶的存在感到愤怒。,system,02,01,Bad,01
18054,我绝不能容忍。魔女，必须被铲除。,system,02,01,Bad,01
18055,将错误的存在，从这个世界上抹除。,system,02,01,Bad,01
18056,不知为何，那些原本以为已经死去的少女们，也一个接一个地站了起来，向我发起了攻击。,system,02,01,Bad,01
18057,究竟是从哪里开始，车轮彻底脱轨了呢？,system,02,01,Bad,01
18058,我们这场自相残杀的盛宴，已经没有任何人能够阻止。,system,02,01,Bad,01
18059,唔啊啊啊啊啊啊啊啊啊啊！！,hiro,02,01,Bad,01
18060,我怒吼一声，猛地挥舞起了拨火棍。,system,02,01,Bad,01
18061,轻轻摇了摇头。,system,02,01,Bad,02
18062,我并非信任可可，不过……如果【杀死魔女的药】是真的，那确实值得留意。,hiro,02,01,Bad,02
18063,我们去找找看吧。,hiro,02,01,Bad,02
18064,好～。,noa,02,01,Bad,02
18065,我迅速换好衣服，为了找到可可，动身离开了淋浴房。,system,02,01,Bad,02
18066,可可，会在哪里呢～？,noa,02,01,Bad,02
18067,不清楚。所以才要找出来。,hiro,02,01,Bad,02
18068,（话虽如此，像这样没头苍蝇似的乱找，也只是白白浪费时间。）,hiro,02,01,Bad,02
18069,总之，还是先按顺序把监牢的房间都检查一遍比较稳妥。,system,02,01,Bad,02
18070,诺亚，走这边。,hiro,02,01,Bad,02
18071,啊，希罗，等等我～,noa,02,01,Bad,02
18072,食堂、娱乐室、图书室、会客厅……,system,02,01,Bad,02
18073,我们将各个房间彻底搜查了一遍，但还是不见可可的踪影。,system,02,01,Bad,02
18074,可可，不在呢～。,noa,02,01,Bad,02
18075,究竟躲到哪里去了……真是的。,hiro,02,01,Bad,02
18076,可可，你在哪呀～？,ema,02,01,Bad,02
18077,可可～？请回应一下。,sherry,02,01,Bad,02
18078,快给我出来呀～！,hanna,02,01,Bad,02
18079,看来其他人也都在寻找可可。,system,02,01,Bad,02
18080,监牢里，此起彼伏地响着呼唤可可的声音。,system,02,01,Bad,02
18081,（为什么要躲得这么彻底？有什么必要吗？）,hiro,02,01,Bad,02
18082,我只是想确认一下【杀死魔女的药】的事情，没想到会这么费事。,system,02,01,Bad,02
18083,可可，很会玩捉迷藏呢。,noa,02,01,Bad,02
18084,我没理会似乎乐在其中的诺亚，径直走向还没搜索过的牢房区域。,system,02,01,Bad,02
18085,（可可的房间应该是在这边）,hiro,02,01,Bad,02
18086,正当我打算出声叫她时，牢房的栅栏门突然猛地打开了。,system,02,01,Bad,02
18087,啊！找到可可了～！,noa,02,01,Bad,02
18088,唔！糟了！,coco,02,01,Bad,02
18089,啊，喂！站住！,hiro,02,01,Bad,02
18090,视线相撞的瞬间，可可拔腿就跑。我慌忙追了上去。,system,02,01,Bad,02
18091,跑哪去了……,hiro,02,01,Bad,02
18092,明明刚才还勉强跟得上，怎么一转眼就让她跑掉了。,system,02,01,Bad,02
18093,这家伙脚程还真快。,hiro,02,01,Bad,02
18094,哈啊、哈啊……希罗，等等我～。,noa,02,01,Bad,02
18095,我停下脚步等诺亚跟上来，然后再次开始搜寻可可的踪迹。,system,02,01,Bad,02
18096,（……还是找不到。她到底躲到哪里去了？）,hiro,02,01,Bad,02
18097,希罗，诺亚想画画了。,noa,02,01,Bad,02
18098,画画的事等找到可可再说。,hiro,02,01,Bad,02
18099,可是，完全找不到她嘛～？,noa,02,01,Bad,02
18100,那就更没有时间休息了。,hiro,02,01,Bad,02
18101,正当我准备再次从下面开始，向上逐一排查监牢而迈开脚步时——,system,02,01,Bad,02
18102,可可！喂，你怎么了！？,ema,02,01,Bad,02
18103,可可！请你冷静一点！,sherry,02,01,Bad,02
18104,怎么回事呀！这到底是怎么回事呀！？,hanna,02,01,Bad,02
18105,（出什么事了？）,hiro,02,01,Bad,02
18106,那些声音里充满了恐惧和焦急，我立刻拔腿跑了过去。,system,02,01,Bad,02
18107,到底发生什么了！,hiro,02,01,Bad,02
18108,啊，希罗……！,ema,02,01,Bad,02
18109,啊……啊啊、啊……,coco,02,01,Bad,02
18110,（那个样子……是怎么回事……？）,hiro,02,01,Bad,02
18111,在惊恐万分的艾玛她们对面，泽渡可可站在那里。,system,02,01,Bad,02
18112,但是，她的状态非常不对劲。,system,02,01,Bad,02
18113,可可？,noa,02,01,Bad,02
18114,我……忘记了……玩捉迷藏……是不行的……,coco,02,01,Bad,02
18115,可可一边喃喃自语，一边左摇右晃地朝我们这边走来。,system,02,01,Bad,02
18116,……不行的。要是藏起来……就、不行的……明明不行的……！,coco,02,01,Bad,02
18117,难道……她的魔女化正在加剧？,hiro,02,01,Bad,02
18118,说出这句无意识的低语后，在场的所有人都瞬间屏住了呼吸。,system,02,01,Bad,02
18119,（再这样下去就糟了……）,hiro,02,01,Bad,02
18120,魔女化一旦加剧，杀人冲动便会变强。继续留在这里会有什么下场，根本不言而喻。,system,02,01,Bad,02
18121,快逃！,hiro,02,01,Bad,02
18122,呵呵……呵呵呵呵……！喂，别跑呀……你们别跑嘛……,coco,02,01,Bad,02
18123,你们跑的话……我会忍不住想追上去的嘛！！啊哈，啊哈哈哈哈哈！,coco,02,01,Bad,02
18124,就在我们奔上楼梯的同时，可可那疯狂的笑声在大厅里回荡开来。,system,02,01,Bad,02
18125,希罗，我们该往哪里逃……？,noa,02,01,Bad,02
18126,那当然是……！,hiro,02,01,Bad,02
18127,就在我差点要忍不住对诺亚的疑问怒吼出声的时候——,system,02,01,Bad,02
18128,咳哈……,sherry,02,01,Bad,02
18129,听到这痛苦的呻吟，我们不由自主地、战战兢兢地回过头。,system,02,01,Bad,02
18130,抓～到～你～了～,coco,02,01,Bad,02
18131,不知何时追上来的可可，已彻底丧失了人性，正死死地掐着雪莉的脖子。,system,02,01,Bad,02
18132,呃……咕、呜……,sherry,02,01,Bad,02
18133,可可，快住手！放开雪莉！,ema,02,01,Bad,02
18134,放开？好不容易才抓到的，为什么要放开？,coco,02,01,Bad,02
18135,哈……啊……,sherry,02,01,Bad,02
18136,艾玛的恳求终究徒劳，玄关大厅里，响起了一声令人毛骨悚然的，像是骨头被折断的脆响。,system,02,01,Bad,02
18137,雪莉的身体瞬间不再动弹，像个断了线的木偶般瘫软下去。,system,02,01,Bad,02
18138,噫——！,hanna,02,01,Bad,02
18139,哎呀，坏掉了呢。,coco,02,01,Bad,02
18140,——！,hiro,02,01,Bad,02
18141,就在可可的视线，如同锁定下一个猎物般，缓缓转向我们这边的瞬间——,system,02,01,Bad,02
18142,在场的所有人，立刻朝着四面八方惊惶逃窜。,system,02,01,Bad,02
18143,那残酷至极的景象还历历在目。那无法抗衡的、压倒性的力量。一种源自本能的恐惧攫住了心脏。,system,02,01,Bad,02
18144,希罗！等等我……,noa,02,01,Bad,02
18145,诺亚，快点跟上！,hiro,02,01,Bad,02
18146,我下意识地抓住她伸来的手，拼尽全力向前跑去。,system,02,01,Bad,02
18147,躲在这里，暂时应该能安全一阵子。,hiro,02,01,Bad,02
18148,图书室书架多，万一被发现，利用这些障碍物成功脱身的机会也相对较高。,system,02,01,Bad,02
18149,我们……接下来会怎么样呢……？,noa,02,01,Bad,02
18150,呃……,hiro,02,01,Bad,02
18151,也许是真的害怕了吧，诺亚的声音不住地颤抖。但我却找不到任何可以安慰她的话。,system,02,01,Bad,02
18152,不知之后又过了多久。当听到图书室的门被推开时，我们瞬间僵住了。,system,02,01,Bad,02
18153,呵呵，有人在里面吗～？我呀，最擅长找人了哦。,coco,02,01,Bad,02
18154,藏～好～了～吗～？,coco,02,01,Bad,02
18155,……！,hiro,02,01,Bad,02
18156,逐渐逼近的脚步声，正一步步、确实无疑地朝着我们这边过来。,system,02,01,Bad,02
18157,（再这样下去……我们两个都会被杀……！）,hiro,02,01,Bad,02
18158,……,hiro,02,01,Bad,02
18159,……,noa,02,01,Bad,02
18160,我拉起身边不住颤抖的诺亚，站了起来，然后屏息凝神，悄无声息地开始在书架间穿行移动。,system,02,01,Bad,02
18161,（很好，只要能这样悄悄溜出去……）,hiro,02,01,Bad,02
18162,啊……,noa,02,01,Bad,02
18163,伴随着一声令人不适的声响，我感到牵着的那只诺亚的手，正迅速失去力气。,system,02,01,Bad,02
18164,诺亚……？,hiro,02,01,Bad,02
18165,希……罗……,noa,02,01,Bad,02
18166,……！,hiro,02,01,Bad,02
18167,找到你们了……,coco,02,01,Bad,02
18168,不知何时，可可已经悄无声息地绕到了我们正后方。,system,02,01,Bad,02
18169,我能清楚地看见，她那异常伸长的指甲，深深贯穿了诺亚的身体。,system,02,01,Bad,02
18170,从那伤口处，无数鲜红的蝴蝶仿佛涌泉一般，翩跹飞舞。,system,02,01,Bad,02
18171,……诺亚……,hiro,02,01,Bad,02
18172,（为什么……）,hiro,02,01,Bad,02
18173,明明应该没有被发现才对。,system,02,01,Bad,02
18174,我们移动时没有发出任何声音，身影也绝对没有被她看见才对。,system,02,01,Bad,02
18175,可是——,system,02,01,Bad,02
18176,（难道是……千里眼……？）,hiro,02,01,Bad,02
18177,可可的魔法是千里眼。据说她能看见正在看着她的人。,system,02,01,Bad,02
18178,但如果这个魔法因为魔女化而得到了强化……变成了即使不去看她，她也能将一切尽收眼底的话……,system,02,01,Bad,02
18179,光是这个想法，就让我脊背发凉。,system,02,01,Bad,02
18180,（必须逃走……！）,hiro,02,01,Bad,02
18181,但是，又能逃往哪里？,system,02,01,Bad,02
18182,无论逃到哪里，恐怕都无法再躲开她的感知了。,system,02,01,Bad,02
18183,即便如此，我还是一边警惕着一边缓缓向后退去，想要拉开距离。,system,02,01,Bad,02
18184,要逃，就只能趁可可的注意力还放在诺亚身上的时候。,system,02,01,Bad,02
18185,（去和其他还幸存的人汇合吧——！）,hiro,02,01,Bad,02
18186,！？,hiro,02,01,Bad,02
18187,我下定决心冲出图书室，奔到走廊上——却被眼前的景象惊得瞠目结舌。,system,02,01,Bad,02
18188,这是……,hiro,02,01,Bad,02
18189,视野所及之处，漫天飞舞着如同要填满整个空间的鲜红蝴蝶。一股刺鼻的血腥味扑面而来。,system,02,01,Bad,02
18190,面对这既诡异又绝望的光景，我已经再也无法动弹分毫。,system,02,01,Bad,02
18191,就在这时，耳朵里听到了沉重的脚步声。,system,02,01,Bad,02
18192,我猛地回过头，只见可可挂着扭曲的狞笑，正居高临下地俯视着我。,system,02,01,Bad,02
18193,最后一个……抓～到～你～了～,coco,02,01,Bad,02
18194,她猛地挥下那尖锐的利爪，深深刺入了我的身体。,system,02,01,Bad,02
18195,呃……！咳啊……！,hiro,02,01,Bad,02
18196,如同烈焰灼烧般的剧痛瞬间席卷全身。我的意识开始迅速模糊、远去……,system,02,01,Bad,02
18197,（下一次……）,hiro,02,01,Bad,02
18198,下一次绝不会再失败。下一次……我一定要——,system,02,01,Bad,02
18199,那么，我们开始吧。开始这场找出杀害梅露露的凶手……揪出魔女的审判！,leia,02,01,Trial,00
18200,（通过投票来决定凶手，并将其处刑。这就是魔女审判）,hiro,02,01,Trial,00
18201,（……对于行动受限的我来说，所谓的审判不过是徒有虚名，根本没有任何公平可言……）,hiro,02,01,Trial,00
18202,我说，还有什么好讨论的？,coco,02,01,Trial,00
18203,……什么意思？,miria,02,01,Trial,00
18204,因为……这不是【现行犯】吗？凶手不是已经很明显了嘛。,coco,02,01,Trial,00
18205,（……简直不可理喻。这种闹剧，我可没心情奉陪）,hiro,02,01,Trial,00
18206,现、现在就下结论是不是太早了点呢……？,miria,02,01,Trial,00
18207,毕竟现在还不确定人就是小希杀的……！,miria,02,01,Trial,00
18208,……嗯，米莉亚说得对。,leia,02,01,Trial,00
18209,对、对吧……！,miria,02,01,Trial,00
18210,况且，就算希罗是凶手，我们也应该弄清楚到底发生了什么，不是吗？,leia,02,01,Trial,00
18211,我赞成这个观点！让我们整理一下希罗是如何杀害梅露露的，怎么样！,sherry,02,01,Trial,00
18212,（……看来至少我还有辩解的机会）,hiro,02,01,Trial,00
18213,（那么……我要奋力一搏。直到最后一刻，都要朝着正确的方向前进……！）,hiro,02,01,Trial,00
18214,……那么，首先由我来说明现场的情况吧。,leia,02,01,Trial,00
18215,现场发现了被害人冰上梅露露的尸体。,leia,02,01,Trial,00
18216,发现尸体时，二阶堂希罗就在现场……没错吧？,leia,02,01,Trial,00
18217,……没错。当时我的确在现场。,hiro,02,01,Trial,00
18218,这是可可当时拍下的现场照片。,leia,02,01,Trial,00
18219,正如照片所示，希罗倒在梅露露身旁，周围也没有第三者的足迹……,leia,02,01,Trial,00
18220,魔女图鉴 更新…,"@toast ""|#Toast_001|""",02,01,Trial,00
18221,（周围确实没有足迹……）,hiro,02,01,Trial,00
18222,（【除我之外，没有人能杀害梅露露】……她是这个意思吧）,hiro,02,01,Trial,00
18223,接下来是凶器。就是这把刺穿梅露露胸口的剑。,leia,02,01,Trial,00
18224,对于这件凶器，希罗你有什么要解释的吗？,leia,02,01,Trial,00
18225,……不知道。我从没见过那东西。,hiro,02,01,Trial,00
18226,明白了，你否认和凶器有关联。嗯，这也许是更明智的选择。,leia,02,01,Trial,00
18227,……您的见解如此高明，真是让我受益匪浅。,hiro,02,01,Trial,00
18228,最后，是梅露露的尸体的情况。,leia,02,01,Trial,00
18229,我自作主张，对尸体进行了一些检查。,leia,02,01,Trial,00
18230,从尸体状况来看，死亡时间应该已经超过20分钟……但不会超过1小时。,leia,02,01,Trial,00
18231,当然，因为没有检查的专业设备，这只是我的粗略估计。,leia,02,01,Trial,00
18232,……你进行了【验尸】？,hiro,02,01,Trial,00
18233,嗯，以前为了进入角色，我学习过一些相关知识。虽然只是外行人依样画葫芦……但应该没有弄错。,leia,02,01,Trial,00
18234,如大家所见，死因显然是胸部的刺伤。,leia,02,01,Trial,00
18235,另外，还有一件我也搞不懂的怪事……,leia,02,01,Trial,00
18236,……她的眼睛变得像【义眼】一样。准确来说，眼球似乎逐渐变成矿物状的物质……,leia,02,01,Trial,00
18237,（眼球变成矿物……？这可不是寻常现象）,hiro,02,01,Trial,00
18238,……啊，那个问题你们没必要在意啦。,coco,02,01,Trial,00
18239,你知道些什么吗？,leia,02,01,Trial,00
18240,嗯……【魔女】死后就会变成那样……或者说，魔女要死的话，就只能变成那样。,coco,02,01,Trial,00
18241,……不过，现在这个问题不重要吧。反正死因是刺伤，不是吗？,coco,02,01,Trial,00
18242,……嗯。从尸体状况来看，被刺穿心脏是直接死因。,leia,02,01,Trial,00
18243,至于眼睛……说不定是有人出于某些原因，在她死后对尸体进行了破坏。,leia,02,01,Trial,00
18244,……关于这一点，我也来作证好了。,warden,02,01,Trial,00
18245,梅露露大人眼睛的异变，是消除魔女不死特性的药物产生的副作用导致的……,warden,02,01,Trial,00
18246,从眼球变化的程度来看，梅露露大人胸口被贯穿的时间应该是在药物生效之前。,warden,02,01,Trial,00
18247,恐怕毒药是涂在剑刃上的。请各位注意不要乱碰，以免受伤中毒哦。,warden,02,01,Trial,00
18248,呀！？我、我刚才摸到了欸！？,hanna,02,01,Trial,00
18249,……汉娜，记得把手洗干净哦。,leia,02,01,Trial,00
18250,我刚才已经洗过了！,hanna,02,01,Trial,00
18251,……各位只需要认定【在剑刃上涂抹药物，并刺伤胸口的人物】是凶手就行了。,warden,02,01,Trial,00
18252,……好了，我调查到的现场情况大致就这些了。,leia,02,01,Trial,00
18253,大家有什么意见吗？,leia,02,01,Trial,00
18254,……我还是觉得，凶手只可能是希罗。,hanna,02,01,Trial,00
18255,她倒在了现场……不觉得很可疑吗！？,hanna,02,01,Trial,00
18256,……客观来看，这的确很可疑。,hiro,02,01,Trial,00
18257,但我真的不是凶手。,hiro,02,01,Trial,00
18258,那么……我们一起来梳理一下大家目前掌握的情况吧。,leia,02,01,Trial,00
18259,如果希罗不是凶手……那么，案件中一定会存在一些矛盾之处！,leia,02,01,Trial,00
18260,（为了避免审判沦为单方面的批判……我必须坚决作出反驳）,hiro,02,01,Trial,00
18261,（必须纠正她们那些指责我的错误观点……）,hiro,02,01,Trial,00
18262,首先，我们来确认一下发现尸体时的具体情况吧。,leia,02,01,Trial,01
18263,当时，我们正在靠里面的房间聊天。包括我在内，一共有四个人在场。,leia,02,01,Trial,01
18264,嗯……小蕾、小可、小娜……再加上大叔我，一共四个人。,miria,02,01,Trial,01
18265,那时候，我和奈叶香也在各自的房间里。,margo,02,01,Trial,01
18266,……嗯，没错。,nanoka,02,01,Trial,01
18267,我们所有人都听到了，从城崎诺亚和夏目安安的房间那边传来玻璃碎裂的声音……,nanoka,02,01,Trial,01
18268,等我们赶到现场的时候，就看到希罗趴倒在地上了♡,margo,02,01,Trial,01
18269,从我们房间的视角来看，情况也是一样的……！,hanna,02,01,Trial,01
18270,"也就是说，希罗<link=""Objection_02_01_01_01"">杀了梅露露之后</link>，我们<link=""Objection_02_01_01_02"">立刻</link>就赶来了～～！",hanna,02,01,Trial,01
18271,"如果凶手另有其人，我们六人里的<link=""Objection_02_01_01_03"">某个人应该会看到</link>……",miria,02,01,Trial,01
18272,那么，结论就是【只有希罗才可能杀害梅露露】……,leia,02,01,Trial,01
18273,情况就是这样，没错吧？,leia,02,01,Trial,01
18274,我认为已经没有继续讨论的必要了，大家觉得呢？,leia,02,01,Trial,01
18275,（……真是荒谬。她们难道忘记了刚才自己确认过的事情吗？）,hiro,02,01,Trial,01
18276,（那些话……和她们刚才说过的内容明显自相矛盾）,hiro,02,01,Trial,01
18277,（逻辑错误，说法也是错误……我必须纠正这一切……！）,hiro,02,01,Trial,01
18278,没有杀害梅露露,hiro,02,01,Trial,01
18279,返回,hiro,02,01,Trial,01
18280,不是立刻赶到的,hiro,02,01,Trial,01
18281,没看到也不奇怪,hiro,02,01,Trial,01
18282,我根本没有杀害梅露露。,hiro,02,01,Trial,01
18283,希罗……我们不想听毫无根据的辩解。,leia,02,01,Trial,01
18284,……客观看来，我们只能认为是你杀了她……,leia,02,01,Trial,01
18285,这就是我们的结论。,leia,02,01,Trial,01
18286,如果你有异议，就拿出证据——,leia,02,01,Trial,01
18287,——说到底，我们能确定梅露露她真的死了吗？,hiro,02,01,Trial,01
18288,……什么意思？,leia,02,01,Trial,01
18289,【梅露露是幕后黑手】，【魔女是不会死的】……,hiro,02,01,Trial,01
18290,也就是说……梅露露只是假装被杀，实际上根本没死！,hiro,02,01,Trial,01
18291,……不，她死了。,leia,02,01,Trial,01
18292,不仅心跳停止了，呼吸也没了。,leia,02,01,Trial,01
18293,虽然没办法确认瞳孔的情况……,leia,02,01,Trial,01
18294,但她的确死了，我可以保证。,leia,02,01,Trial,01
18295,连典狱长也说她死了，不管怎么看她都死了！,hanna,02,01,Trial,01
18296,要是受了那样的伤都还能站起来，那就真成僵尸了……,miria,02,01,Trial,01
18297,（唔……！……看来前提没什么问题）,hiro,02,01,Trial,01
18298,（重新确认一下魔女图鉴吧。上面记录了梅露露死亡的情况）,hiro,02,01,Trial,01
18299,（这跟她说的那句话明显有矛盾……！）,hiro,02,01,Trial,01
18300,就算你们没看到凶手也不奇怪……,hiro,02,01,Trial,01
18301,凶手杀死梅露露后，立刻就逃离了现场。,hiro,02,01,Trial,01
18302,……不，我要否定这一点。,nanoka,02,01,Trial,01
18303,什么……？,hiro,02,01,Trial,01
18304,……如果是那样的话，我或者宝生玛格应该会看到凶手才对。,nanoka,02,01,Trial,01
18305,没错，我和奈叶香的房间就在杀人现场隔壁……,margo,02,01,Trial,01
18306,而且还是靠近出口的一侧。,margo,02,01,Trial,01
18307,如果凶手要逃跑，就必须经过我们房间的门口。,margo,02,01,Trial,01
18308,我们听到玻璃碎裂的声音，立刻就看了看房间外面。但是……,nanoka,02,01,Trial,01
18309,那时，房间外面一个人也没有。,nanoka,02,01,Trial,01
18310,大叔我们那边也没看到任何人哦。,miria,02,01,Trial,01
18311,也就是说，凶手在作案后就没离开过现场呢！,sherry,02,01,Trial,01
18312,果然凶手就是二阶堂，没别的可能了。,alisa,02,01,Trial,01
18313,（……看来的确没有看漏的可能）,hiro,02,01,Trial,01
18314,（既然有6个目击者都说【没有看到任何人】，那么现场除了我之外就不可能有其他人了……）,hiro,02,01,Trial,01
18315,（但我没有杀害梅露露。一定是哪里认知出现了偏差）,hiro,02,01,Trial,01
18316,（重新确认一下魔女图鉴吧。上面记录了梅露露死亡的情况）,hiro,02,01,Trial,01
18317,（这跟她说的那句话明显有矛盾……！）,hiro,02,01,Trial,01
18318,……真是服了，你们一个个都是笨蛋吗？,hiro,02,01,Trial,01
18319,搞、搞什么，你很没礼貌欸！？你知道自己现在是什么立场吗！？,hanna,02,01,Trial,01
18320,意见不是站在自身的立场来表达的。,hiro,02,01,Trial,01
18321,……而是靠逻辑和关联性来表达的。,hiro,02,01,Trial,01
18322,我杀了人之后你们立刻赶来……？这绝对不可能。,hiro,02,01,Trial,01
18323,如果你们认为我说得不对……,hiro,02,01,Trial,01
18324,首先该怀疑的，难道不是【蕾雅的尸检结果】吗？,hiro,02,01,Trial,01
18325,……啊！？,hanna,02,01,Trial,01
18326,蕾雅的尸检……,hiro,02,01,Trial,01
18327,也就是说，考虑到尸体的推定死亡时间，发现尸体的时间不可能是刚遇害不久。,hiro,02,01,Trial,01
18328,因为……梅露露【在二十几分钟之前就已经死亡了】。,hiro,02,01,Trial,01
18329,唔唔……！？,hanna,02,01,Trial,01
18330,假设我就是凶手……,hiro,02,01,Trial,01
18331,你能告诉我，我既不跑也不躲，而是选择在那里和尸体一起待了二十几分钟的理由吗？,hiro,02,01,Trial,01
18332,这、这个嘛……！？,hanna,02,01,Trial,01
18333,……我只是单纯地昏过去了而已。,hiro,02,01,Trial,01
18334,可你们却认定我是凶手，这令我很头痛。,hiro,02,01,Trial,01
18335,你说得对！,hanna,02,01,Trial,01
18336,（……呼）,hiro,02,01,Trial,01
18337,（看来她接受了我的解释）,hiro,02,01,Trial,01
18338,（说不定继续这么一对一解释下去，就能证明我的清白了……？）,hiro,02,01,Trial,01
18339,原来如此，我明白了！,sherry,02,01,Trial,01
18340,……！,hiro,02,01,Trial,01
18341,这起案件的全貌……就由名侦探雪莉来为大家揭开吧！,sherry,02,01,Trial,01
18342,希罗说不定确实昏过去了。,sherry,02,01,Trial,02
18343,那就是说希罗她不是凶手了？,noa,02,01,Trial,02
18344,不。昏过去和作案这两件事并不冲突。,sherry,02,01,Trial,02
18345,"因为希罗受到了梅露露的<link=""Objection_02_01_02_01"">反击</link>！",sherry,02,01,Trial,02
18346,"就用<link=""Objection_02_01_02_02"">手里的钝器</link>，<link=""Objection_02_01_02_03"">“砰”！</link>……的一声！",sherry,02,01,Trial,02
18347,于是希罗就昏倒了……,sherry,02,01,Trial,02
18348,希罗用的是剑，而梅露露用的是安眠药瓶。,sherry,02,01,Trial,02
18349,"两人同时作出攻击，<link=""Objection_02_01_02_04"">同时</link>昏倒了……",sherry,02,01,Trial,02
18350,这完全是有可能的吧！,sherry,02,01,Trial,02
18351,（雪莉的推理存在漏洞）,hiro,02,01,Trial,02
18352,（……但是，我并没有仔细观察现场，掌握的情报还不够充分）,hiro,02,01,Trial,02
18353,（首先【追问】一下她们的发言，听取更多的情报吧）,hiro,02,01,Trial,02
18354,梅露露不能反击,hiro,02,01,Trial,02
18355,返回,hiro,02,01,Trial,02
18356,手里的钝器是什么？,hiro,02,01,Trial,02
18357,梅露露力气不大,hiro,02,01,Trial,02
18358,不可能同时发生,hiro,02,01,Trial,02
18359,你刚才提到了【钝器】……对不对？,hiro,02,01,Trial,02
18360,那具体指的是什么？,hiro,02,01,Trial,02
18361,现场掉落有【瓶子】的碎片哦～！,sherry,02,01,Trial,02
18362,瓶子……？,hiro,02,01,Trial,02
18363,没错，现场散落着玻璃碎片。,leia,02,01,Trial,02
18364,……米莉亚！请报告一下鉴定结果！,leia,02,01,Trial,02
18365,鉴定也太夸张了点……,miria,02,01,Trial,02
18366,嗯……根据大叔我的调查，那好像是【安眠药瓶】。,miria,02,01,Trial,02
18367,之前小沙看到小梅在医务室准备安眠药。,miria,02,01,Trial,02
18368,嗯。那时候我倒是没问她准备那玩意要干嘛……,alisa,02,01,Trial,02
18369,不过说起来，冰上那家伙好像准备了不少药，不止安眠药。,alisa,02,01,Trial,02
18370,会客厅里也留有空瓶子。,miria,02,01,Trial,02
18371,大叔我仔细对比了一下，现场的瓶子和那些空瓶子应该是同一种。,miria,02,01,Trial,02
18372,我还舔了一口安眠药，感觉药效挺强的，现在还有点晕乎乎的呢！,sherry,02,01,Trial,02
18373,你竟然直接入口了！？都没搞清楚是什么东西你就……！？,leia,02,01,Trial,02
18374,是啊！【尝一尝确认是不是药物】……我早就想这么试一下了！,sherry,02,01,Trial,02
18375,……又不是小孩子，别随便乱捡东西吃啊。,alisa,02,01,Trial,02
18376,不过，诺亚能理解哦～,noa,02,01,Trial,02
18377,诺亚也是，刚才在医务室看到那些瓶子的时候，闻到一股甜甜的味道，就忍不住舔了一下。,noa,02,01,Trial,02
18378,太、太危险了！你们两个……！不要什么都往嘴里塞啊！,leia,02,01,Trial,02
18379,（……看来我们之中足足混进了2位奇葩啊）,hiro,02,01,Trial,02
18380,……总、总之……！情况就是这样！,leia,02,01,Trial,02
18381,这下你清楚了吗，希罗。,leia,02,01,Trial,02
18382,……嗯，非常感谢你的协助。,hiro,02,01,Trial,02
18383,魔女图鉴 更新…,"@toast ""|#Toast_001|""",02,01,Trial,02
18384,（……我真的会被玻璃瓶敲一下就昏过去吗？）,hiro,02,01,Trial,02
18385,（不过，目前我也没有相关证据可以否定这一点）,hiro,02,01,Trial,02
18386,讨论前进…,@toast |#Toast_002|,02,01,Trial,02
18387,……不对，梅露露不可能反击。,hiro,02,01,Trial,02
18388,哦？你为什么这么肯定？,leia,02,01,Trial,02
18389,看看现场留下的脚印就明白了。,hiro,02,01,Trial,02
18390,现场并没有发现凶手和梅露露扭打过的痕迹。,hiro,02,01,Trial,02
18391,也就是说，梅露露应该是遭到偷袭被杀害的。……她根本就来不及反击。,hiro,02,01,Trial,02
18392,所以，梅露露不可能反击。,hiro,02,01,Trial,02
18393,……假设是偷袭好了。,nanoka,02,01,Trial,02
18394,这也不能断定冰上梅露露会在受第一击后就立刻死亡吧？,nanoka,02,01,Trial,02
18395,说不定，她躲过了最初的攻击，或者受伤后没有当场死亡……,nanoka,02,01,Trial,02
18396,确实，这么说来，她的确有可能在受到致命伤前作出了反击。,leia,02,01,Trial,02
18397,希罗的推理只是理论上有可能，并没有决定性的证据。,leia,02,01,Trial,02
18398,在我听来根本就是就是狡辩好吗！？,hanna,02,01,Trial,02
18399,（……被认为是狡辩了）,hiro,02,01,Trial,02
18400,（看来目前无法完全排除梅露露作出了反击的可能性）,hiro,02,01,Trial,02
18401,（……不过，不管是小题大做还是怎样，我都必须终结她们继续认定我是凶手的讨论现状）,hiro,02,01,Trial,02
18402,（为此，我得找出雪莉推理中可以确凿反驳的漏洞）,hiro,02,01,Trial,02
18403,（……如果情报不足，就【追问】她们发言中不严谨的地方，问出更详细的情报吧）,hiro,02,01,Trial,02
18404,以梅露露的力气，她就算打中我，也不至于让我昏过去。,hiro,02,01,Trial,02
18405,而且，以她的性格来看，她会是那种立刻反击的人吗？,hiro,02,01,Trial,02
18406,说不定人家是情急之下爆发了超常力量呢。,alisa,02,01,Trial,02
18407,……毕竟她是真的死到临头了。,alisa,02,01,Trial,02
18408,再说，小梅她本来就是魔女吧。,coco,02,01,Trial,02
18409,真要动手的话可不会手软吧？,coco,02,01,Trial,02
18410,希罗的反驳逻辑不够严谨呢！,sherry,02,01,Trial,02
18411,不用勉强自己反驳也没关系哦！,sherry,02,01,Trial,02
18412,（……看来从体力或性格方面进行否定并不可行）,hiro,02,01,Trial,02
18413,（……不过，不管是小题大做还是怎样，我都必须终结她们继续认定我是凶手的讨论现状）,hiro,02,01,Trial,02
18414,（为此，我得找出雪莉推理中可以确凿反驳的漏洞）,hiro,02,01,Trial,02
18415,（……如果情报不足，就【追问】她们发言中不严谨的地方，问出更详细的情报吧）,hiro,02,01,Trial,02
18416,我还以为有什么高见……你说的那种情况绝不可能发生。,hiro,02,01,Trial,02
18417,这么简单的道理，你都搞不明白吗？名侦探小姐？,hiro,02,01,Trial,02
18418,欸欸！？为什么不可能？,sherry,02,01,Trial,02
18419,理由很简单，看看被害人的尸体就知道了。,hiro,02,01,Trial,02
18420,梅露露的尸体上，可是有【好几处刺伤】……这一点你应该也确认过了吧？,hiro,02,01,Trial,02
18421,是的，没错！,sherry,02,01,Trial,02
18422,那么，如果我是凶手，并且我们是同时倒下的……,hiro,02,01,Trial,02
18423,那么梅露露根本不可能对我作出反击才对！,hiro,02,01,Trial,02
18424,啊！还真是耶！？,sherry,02,01,Trial,02
18425,……有道理。,anan,02,01,Trial,02
18426,怎么样，现在明白怀疑我是多么愚蠢了吧？,hiro,02,01,Trial,02
18427,……唔……,noa,02,01,Trial,02
18428,……可是，真的完全不可能吗？,noa,02,01,Trial,02
18429,什么……？,hiro,02,01,Trial,02
18430,如果梅露露没有当场死亡的话……,noa,02,01,Trial,02
18431,说不定还是有能力反击的哦？,noa,02,01,Trial,02
18432,说起来……小梅是【魔女】来着……,miria,02,01,Trial,02
18433,嗯。因为魔女是不会死的，对不对？,noa,02,01,Trial,02
18434,……不管她是魔女还是怎样……,alisa,02,01,Trial,02
18435,如果真的没当场挂掉，那就无法完全排除二阶堂遭到反击的可能性，不是吗？,alisa,02,01,Trial,02
18436,……呃！,hiro,02,01,Trial,02
18437,（她们先入为主地认定我是凶手……看来这种情况下，要说服她们并不容易）,hiro,02,01,Trial,02
18438,……我认为有必要研讨各种可能性。,nanoka,02,01,Trial,02
18439,（如果再不做些什么，我真的会被处刑）,hiro,02,01,Trial,02
18440,（这场审判的证词完全是一边倒……根本不可能得出正确的结果）,hiro,02,01,Trial,02
18441,（既然都到了这个地步……那就容不得我对手段挑三拣四了）,hiro,02,01,Trial,02
18442,（我要尽全力得到【正确的结果】……哪怕是要我【说谎】……！）,hiro,02,01,Trial,02
18443,……唔，原来如此，原来如此……,sherry,02,01,Trial,02
18444,……好啦！接下来我会参考大家的意见，稍微修正一下我的看法！,sherry,02,01,Trial,02
18445,现在……我要重新发表我的推理！,sherry,02,01,Trial,02
18446,身为【幕后黑手】兼【魔女】的梅露露，即使被杀，也可能不会立刻死亡哦～！,sherry,02,01,Trial,03
18447,幕后黑手吗……,nanoka,02,01,Trial,03
18448,她把我们召集到这里，结果自己却反倒被杀了……她究竟有什么企图呢。,nanoka,02,01,Trial,03
18449,"总之，梅露露身为魔女，就算被希罗刺伤了，也<link=""Objection_02_01_03_01"">不会立刻死亡</link>！",sherry,02,01,Trial,03
18450,"接着，她用尽最后的力气<link=""Objection_02_01_03_02"">站了起来</link>……！",sherry,02,01,Trial,03
18451,就在这时，站起来的梅露露抓住了希罗的破绽，打了她一下！,sherry,02,01,Trial,03
18452,"然后希罗被打<link=""Objection_02_01_03_03"">晕过去</link>了，没错吧？扑通～地躺平～",noa,02,01,Trial,03
18453,这就是小希在现场逗留了20分钟以上的原因……,miria,02,01,Trial,03
18454,感觉确实还挺合理的……,miria,02,01,Trial,03
18455,所以说到头来……凶手还是希罗，对不对～！？,hanna,02,01,Trial,03
18456,『现在马上处决她吧，如何？』,anan,02,01,Trial,03
18457,（……开什么玩笑，怎么可以把别人的性命当儿戏……！）,hiro,02,01,Trial,03
18458,（不过按她的论点，情况的确成立）,hiro,02,01,Trial,03
18459,（如果继续放任她们自由发挥，我很可能会被认定为凶手）,hiro,02,01,Trial,03
18460,（……看来我得先暂时转移辩论的焦点了，哪怕我得抛出【应付一时的谎言】）,hiro,02,01,Trial,03
18461,她立刻死亡了,hiro,02,01,Trial,03
18462,返回,hiro,02,01,Trial,03
18463,她没有倒下,hiro,02,01,Trial,03
18464,当时是睡着了,hiro,02,01,Trial,03
18465,不对，梅露露肯定是当场死亡的。,hiro,02,01,Trial,03
18466,凶器上涂有消除魔女不死特性的药物，而且她的脖子和胸口被反复刺伤——,hiro,02,01,Trial,03
18467,就算她是魔女，这也死不掉的话就很不合理了。,hiro,02,01,Trial,03
18468,……嗯，当场死亡的可能性看起来确实很大。,leia,02,01,Trial,03
18469,只不过，诸如【魔女】和【杀死魔女的药】，超乎常理的事物实在太多，我们真的可以如此断定吗……,leia,02,01,Trial,03
18470,说起来，典狱长也说了【刺伤之后药物才生效】……,miria,02,01,Trial,03
18471,合理推测，小梅从被刺到死亡，中间或许还存在一定的时间差……,miria,02,01,Trial,03
18472,说不定她被人捅这么多刀的原因，就是因为生命力顽强，一时间死不掉呢？,margo,02,01,Trial,03
18473,也就是说……到头来还是没法断定是当场死亡呢！,sherry,02,01,Trial,03
18474,（看来没有足够的证据可以断定她是当场死亡……）,hiro,02,01,Trial,03
18475,（……我得首先打破前提才行）,hiro,02,01,Trial,03
18476,（哪怕要歪曲事实，我也要改变讨论的方向）,hiro,02,01,Trial,03
18477,（关于我当时昏迷的情况，有没有可以掺入【谎言】的空间呢？）,hiro,02,01,Trial,03
18478,（【我因梅露露的反击而昏迷】……我得编造一个能否定这种猜测的谎言——）,hiro,02,01,Trial,03
18479,……你说被刺伤的梅露露【站起来了】，这不对劲吧？,hiro,02,01,Trial,03
18480,要站起来，前提是她必须先倒下。,hiro,02,01,Trial,03
18481,可是，现场并没有发现任何梅露露倒下的痕迹。,hiro,02,01,Trial,03
18482,对于这一点，你们你们要怎么解释？,hiro,02,01,Trial,03
18483,如果她倒下的地方和最终死亡的地方都在同一个位置，不就不会留下痕迹了吗？,margo,02,01,Trial,03
18484,再说了，【站起来】只是一种习惯性的表达而已！,sherry,02,01,Trial,03
18485,就算梅露露没有实际倒下也没关系！,sherry,02,01,Trial,03
18486,我只是想表达，即使身中数剑，她也依然以不屈的精神反抗了凶手！,sherry,02,01,Trial,03
18487,『从现场情况来看，这两种可能性都说得通』,anan,02,01,Trial,03
18488,……简直是鸡蛋里挑骨头。,anan,02,01,Trial,03
18489,（……被当成是在无理取闹了）,hiro,02,01,Trial,03
18490,（……我得首先打破前提才行）,hiro,02,01,Trial,03
18491,（哪怕要歪曲事实，我也要改变讨论的方向）,hiro,02,01,Trial,03
18492,（关于我当时昏迷的情况，有没有可以掺入【谎言】的空间呢？）,hiro,02,01,Trial,03
18493,（【我因梅露露的反击而昏迷】……我得编造一个能否定这种猜测的谎言——）,hiro,02,01,Trial,03
18494,……哦，看来的确是这样没错。,hiro,02,01,Trial,03
18495,嗯？希罗，你这是要认罪了吗？,margo,02,01,Trial,03
18496,当然不是。,hiro,02,01,Trial,03
18497,因为我当时只是……【睡着了】而已。,hiro,02,01,Trial,03
18498,这、这是什么意思……？,miria,02,01,Trial,03
18499,你该不会想说，你面对着尸体还能悠哉睡大觉吧？,alisa,02,01,Trial,03
18500,很抱歉让各位失望了，但事实正是如此。,hiro,02,01,Trial,03
18501,我当时睡得可香了。,hiro,02,01,Trial,03
18502,……当然，是在【安眠药】的作用下。,hiro,02,01,Trial,03
18503,……欸！,sherry,02,01,Trial,03
18504,我不小心喝了放在会客厅里的安眠药。,hiro,02,01,Trial,03
18505,在走廊上走着走着，我就开始意识模糊……等我醒过来，就已经是你们看到的那种状况了。,hiro,02,01,Trial,03
18506,看颜色就不像好东西，你居然敢随便喝……？,alisa,02,01,Trial,03
18507,没错。毕竟，你也会好奇那到底是什么吧？,hiro,02,01,Trial,03
18508,……事实上，现场就有这么两位同道中人。,hiro,02,01,Trial,03
18509,我能理解希罗的心情！,sherry,02,01,Trial,03
18510,是啊是啊～,noa,02,01,Trial,03
18511,……这样……也行？,alisa,02,01,Trial,03
18512,（这样一来，在场的12人中就有3个人……也就是足足25%的人都声称自己【尝试喝了安眠药】）,hiro,02,01,Trial,03
18513,（正常来说，这种情况根本不可能出现……）,hiro,02,01,Trial,03
18514,（不过这么一来，她们就不能说只有我是特殊的了）,hiro,02,01,Trial,03
18515,……虽然这番说辞难以置信，但希罗喝安眠药睡着的可能性确实存在。,leia,02,01,Trial,03
18516,但是，这和案件本身又有什么关联呢？,leia,02,01,Trial,03
18517,无论你是昏迷还是睡着……结果不都一样吗？,leia,02,01,Trial,03
18518,……我说，你也稍微动动脑子好不好？,hiro,02,01,Trial,03
18519,你这种水平的侦探，最多只能算二流。,hiro,02,01,Trial,03
18520,什、什么……！？,leia,02,01,Trial,03
18521,……我睡着了的这一事实，恰恰说明了一件事。那就是我——,hiro,02,01,Trial,03
18522,当时是独自一人,@choice |#0201Trial03_Choice004|,02,01,Trial,03
18523,醒不来,@choice |#0201Trial03_Choice005|,02,01,Trial,03
18524,当时拿着安眠药的瓶子,@choice |#0201Trial03_Choice006|,02,01,Trial,03
18525,当时我是自己一个人待着的。,hiro,02,01,Trial,03
18526,试想一下，如果我和梅露露当时在一起，面对眼前这个即将要杀的人，我怎么可能会喝安眠药呢？,hiro,02,01,Trial,03
18527,道理是这么说，可这也有可能是伪装行为吧？,coco,02,01,Trial,03
18528,换作是诺亚，说不定真的会喝哦！,noa,02,01,Trial,03
18529,再说了，那药起效没那么快吧。,alisa,02,01,Trial,03
18530,对啊！我上次喝的时候，也是过了一会才开始感觉头昏昏的！,sherry,02,01,Trial,03
18531,那么，这并不能直接证明希罗当时是独自一人，不是吗？,leia,02,01,Trial,03
18532,『牵强』,anan,02,01,Trial,03
18533,（看来这个说法缺乏说服力）,hiro,02,01,Trial,03
18534,（不过，就算要作出诡辩，我也必须推翻蕾雅她们的主观论断）,hiro,02,01,Trial,03
18535,（……目前，她们都认为我【被梅露露用瓶子殴打过】）,hiro,02,01,Trial,03
18536,（但是，假设我手里真的拿着安眠药的话，就证明了一件事……）,hiro,02,01,Trial,03
18537,（那就是我——）,hiro,02,01,Trial,03
18538,我当时根本醒不来。,hiro,02,01,Trial,03
18539,这……这又是怎么一回事？,leia,02,01,Trial,03
18540,我在会客厅喝下安眠药之后，很快就在诺亚的房间里睡着了。,hiro,02,01,Trial,03
18541,之后，就算梅露露来到了房间，我也根本不可能醒过来。,hiro,02,01,Trial,03
18542,因为我当时正处于安眠药引起的昏睡状态。,hiro,02,01,Trial,03
18543,在这个状态下，我根本不可能实施犯罪行为……就是这么一回事。,hiro,02,01,Trial,03
18544,……那就是说，希罗在睡着的时候，有其他人来到房间，把梅露露杀了？,noa,02,01,Trial,03
18545,这种话嘴上怎么说都行吧。,alisa,02,01,Trial,03
18546,……可我当时确实是醒不过来，这也没办法啊。,hiro,02,01,Trial,03
18547,你低血压？,anan,02,01,Trial,03
18548,（看来这个反驳并不具有说服力）,hiro,02,01,Trial,03
18549,（不过，就算要作出诡辩，我也必须推翻蕾雅她们的主观论断）,hiro,02,01,Trial,03
18550,（……目前，她们都认为我【被梅露露用瓶子殴打过】）,hiro,02,01,Trial,03
18551,（但是，假设我手里真的拿着安眠药的话，就证明了一件事……）,hiro,02,01,Trial,03
18552,（那就是我——）,hiro,02,01,Trial,03
18553,……这就说明，装安眠药的瓶子原本就拿在【我】的手里。,hiro,02,01,Trial,03
18554,也就是说，现场发现的那个破碎的瓶子，原本就是我拿着的东西。,hiro,02,01,Trial,03
18555,原、原来是这样……,leia,02,01,Trial,03
18556,但这又能说明什么呢？,leia,02,01,Trial,03
18557,你到现在还不明白吗？……真是令我失望。,hiro,02,01,Trial,03
18558,唔……！？,leia,02,01,Trial,03
18559,那么，接下来……对了。,hiro,02,01,Trial,03
18560,……雪莉，你能回答这个问题吗？,hiro,02,01,Trial,03
18561,好呀。嗯，让我想想看……,sherry,02,01,Trial,03
18562,如果希罗拿着装有安眠药的瓶子……,sherry,02,01,Trial,03
18563,那梅露露的反击就变得有些不自然了呢！,sherry,02,01,Trial,03
18564,因为情况变成了，梅露露在被希罗刺伤的状态下，从希罗手中抢走了安眠药瓶，并且用那个瓶子进行了反击！,sherry,02,01,Trial,03
18565,可是，有必要特意去抢夺袭击者随身携带的物品吗？怎么想都很不自然吧！,sherry,02,01,Trial,03
18566,如果要抢东西，不是应该抢对方手里的武器才对吗？,sherry,02,01,Trial,03
18567,说得没错。梅露露真的有必要特意这么做吗？,hiro,02,01,Trial,03
18568,确实……难以想像啊！,hanna,02,01,Trial,03
18569,所以在我看来，我们还是应该考虑凶手另有他人的可能性。,hiro,02,01,Trial,03
18570,目前的讨论大多基于我是凶手这一假设。可实际上，不管是不在场证明，还是现场情况，都没有得到充分的讨论……,hiro,02,01,Trial,03
18571,不觉得……【讨论已经偏离正轨】了吗？,hiro,02,01,Trial,03
18572,（……我的这番话，到头来也只是基于错误的前提堆砌出的虚构推论罢了）,hiro,02,01,Trial,03
18573,（并没有任何证据可以证明瓶子原本就拿在我的手里）,hiro,02,01,Trial,03
18574,（不过……只要能稍微扰乱她们的思路，那就够了）,hiro,02,01,Trial,03
18575,（反正这帮人只不过是被迫凑到一起的乌合之众而已）,hiro,02,01,Trial,03
18576,（这么一场既无条理又无协作，根本无组织无纪律的议论，怎么可能得出正确的结论……）,hiro,02,01,Trial,03
18577,（……正因如此，为了让讨论朝着正确的方向前进，我必须作出引导）,hiro,02,01,Trial,03
18578,（……不，或许该用【煽动】这个词才对）,hiro,02,01,Trial,03
18579,（无论如何，只要最终能够抵达真相……管他走的是什么弯路，我作出的推理一定是正确的）,hiro,02,01,Trial,03
18580,（——因为，我并没有杀人）,hiro,02,01,Trial,03
18581,（我一定要揪出将杀害梅露露的罪名转嫁到我身上的真凶……亲手将这个人送上处刑台）,hiro,02,01,Trial,03
18582,……可是啊，还有一个地方让小希显得很可疑哦。,miria,02,01,Trial,03
18583,……哦，米莉亚，你也要怀疑我吗？,hiro,02,01,Trial,03
18584,没、没有啦！？只不过……嗯。,miria,02,01,Trial,03
18585,因为大叔我……调查过现场了。,miria,02,01,Trial,03
18586,跟什么敌对、友好的立场都无关，大叔我只是想将所调查到的事实，原原本本地转述给大家而已。,miria,02,01,Trial,03
18587,（……事实啊）,hiro,02,01,Trial,03
18588,（跟为了保命而说谎的我，站在了完全相反的两个极端……）,hiro,02,01,Trial,03
18589,（但是我怎么可能坐以待毙，任人冠以莫须有的罪名处死呢……！）,hiro,02,01,Trial,03
18590,（我要抗争到底……为了得出正确的结论！）,hiro,02,01,Trial,03
18591,当时大叔我呢，是听小蕾的吩咐，在案发现场寻找遗留下来的痕迹。,miria,02,01,Trial,04
18592,记得她确实被使唤得够呛。,alisa,02,01,Trial,04
18593,『奴隶吗？』,anan,02,01,Trial,04
18594,说明当时有靠谱的领队作出了有效的指示！,leia,02,01,Trial,04
18595,那么，调查的结果究竟如何呢？,leia,02,01,Trial,04
18596,"案发现场的地板全部被白色颜料覆盖……而且，除了小梅和小希的脚印之外，<link=""Objection_02_01_04_01"">没有留下其他痕迹</link>。",miria,02,01,Trial,04
18597,"换句话说，除了原本就在房间里的小希，没有人能轻易<link=""Objection_02_01_04_02"">潜入房间</link>。又不是会用<link=""Objection_02_01_04_03"">魔法</link>……",miria,02,01,Trial,04
18598,没错……所以，希罗你就是这起案件的凶手！,leia,02,01,Trial,04
18599,（不可否认，目前我的确相当可疑）,hiro,02,01,Trial,04
18600,（但是……即使真相还不明朗，至少现在有一个推理是错误的）,hiro,02,01,Trial,04
18601,（我要指出这一点，推进讨论）,hiro,02,01,Trial,04
18602,颜料已经干了,hiro,02,01,Trial,04
18603,返回,hiro,02,01,Trial,04
18604,在房间外杀的,hiro,02,01,Trial,04
18605,用魔法就能闯入,hiro,02,01,Trial,04
18606,真凶进入房间时，白色颜料已经干了。,hiro,02,01,Trial,04
18607,所以才没有留下真凶的脚印……难道不是这样吗？,hiro,02,01,Trial,04
18608,……不，这不对吧……？,miria,02,01,Trial,04
18609,既然小梅的脚印有留下来，凶手作案时颜料不太可能已经干透了。,miria,02,01,Trial,04
18610,再加上，在房间外面也没有发现白色颜料的脚印……,miria,02,01,Trial,04
18611,所以小梅进来的时候，颜料应该还没有干透吧……？,miria,02,01,Trial,04
18612,而且，发现尸体的时候，现场不只有希罗的脚印，希罗自己身上也沾到了颜料……,leia,02,01,Trial,04
18613,毕竟我们赶到现场的时候，颜料根本就还没干透。,leia,02,01,Trial,04
18614,除了你之外，很难想像还有谁会是凶手。……至少目前是这样。,leia,02,01,Trial,04
18615,（看来很多人都确认了颜料没有干）,hiro,02,01,Trial,04
18616,（的确，看到那样的现场，怀疑我是凶手也是理所当然的）,hiro,02,01,Trial,04
18617,（……不管是真是假，我得制造些除我之外的嫌疑人才行……）,hiro,02,01,Trial,04
18618,（回想一下，有一个人可以不踩到地板就进入房间……）,hiro,02,01,Trial,04
18619,（看一看魔女图鉴就能马上明白了。如果是她的话——）,hiro,02,01,Trial,04
18620,不一定是在房间里杀的。,hiro,02,01,Trial,04
18621,凶手可能是在其他地方杀害了梅露露，然后把尸体转移到了诺亚的房间。,hiro,02,01,Trial,04
18622,哎呀，那房间里的血迹又该怎么解释呢？,margo,02,01,Trial,04
18623,现场可是留下了大量的血迹哦。,sherry,02,01,Trial,04
18624,【梅露露是在房间里遇害的】，这么推测才更合理吧～！,sherry,02,01,Trial,04
18625,而且，希罗身上也沾了很多飞溅的血迹呢。,noa,02,01,Trial,04
18626,『加上地板的颜料，染成了红白两色』,anan,02,01,Trial,04
18627,……真喜庆。,anan,02,01,Trial,04
18628,（红白色搭配并不一定就代表喜庆……！）,hiro,02,01,Trial,04
18629,（的确，看到那样的现场，怀疑我是凶手也是理所当然的）,hiro,02,01,Trial,04
18630,（……不管是真是假，我得制造些除我之外的嫌疑人才行……）,hiro,02,01,Trial,04
18631,（回想一下，有一个人可以不踩到地板就进入房间……）,hiro,02,01,Trial,04
18632,（看一看魔女图鉴就能马上明白了。如果是她的话——）,hiro,02,01,Trial,04
18633,等一下，看来大家都忘记了一件事。,hiro,02,01,Trial,04
18634,欸……！？什么意思……！？,miria,02,01,Trial,04
18635,聚集在这里的各位，都是可以使用魔法的少女……,hiro,02,01,Trial,04
18636,而我们之中……不是正好有一个人会用【不留下脚印的魔法】吗。,hiro,02,01,Trial,04
18637,……啊！那、那是……！,miria,02,01,Trial,04
18638,看来你已经意识到了。,hiro,02,01,Trial,04
18639,【远野汉娜】——就是飘浮魔法的能力者。,hiro,02,01,Trial,04
18640,如果是她的话，应该能轻易闯入房间才对。,hiro,02,01,Trial,04
18641,你……你说我吗！？,hanna,02,01,Trial,04
18642,的确，如果是汉娜的话就有可能做到了！,sherry,02,01,Trial,04
18643,……等、等、等、等一下！？怎么连你也在乱说！？,hanna,02,01,Trial,04
18644,如果你有异议的话，不妨说来听听。,hiro,02,01,Trial,04
18645,有、有、有异议！因、因为我根本做不到啊！！,hanna,02,01,Trial,04
18646,本小姐可是有完美的不在场证明哦！现在就来告诉你们！,hanna,02,01,Trial,04
18647,（……从她的语气来看，她似乎对自己的不在场证明非常有自信）,hiro,02,01,Trial,04
18648,（接下来的证词，恐怕很难被推翻）,hiro,02,01,Trial,04
18649,（但是……即便如此，也一定还有其他应对的办法才对）,hiro,02,01,Trial,04
18650,（得想办法搅乱讨论……哪怕是再细微的矛盾点，也要揪出来，借此套出更多情报……）,hiro,02,01,Trial,04
18651,"我们一直<link=""Objection_02_01_05_01"">待在</link>自己的房间里，足足有一个小时！",hanna,02,01,Trial,05
18652,"我没有离开房间这一点，可可、米莉亚还有蕾雅都<link=""Objection_02_01_05_02"">可以作证</link>！",hanna,02,01,Trial,05
18653,她说的没错。而且……,leia,02,01,Trial,05
18654,"大叔我们是因为听到现场房间那边传来了<link=""Objection_02_01_05_03"">声响</link>才过去的。",miria,02,01,Trial,05
18655,接着我们就发现了尸体。,coco,02,01,Trial,05
18656,但是，我们并没有和任何人擦肩而过，也没有看到有人离开……,leia,02,01,Trial,05
18657,也就是说，只有在场的希罗……只有你才有可能是凶手！,leia,02,01,Trial,05
18658,"换言之，在场的人之中，能够制造出玻璃碎裂声音的人……只有你，希罗！<link=""Objection_02_01_05_04"">只有你</link>才可能是凶手！",leia,02,01,Trial,05
18659,（看来无论怎么挣扎，我都无法摆脱嫌疑人的身份了）,hiro,02,01,Trial,05
18660,（但是，还是有几个地方让我非常在意。哪怕只是微小的疑点，我也不能轻易放过）,hiro,02,01,Trial,05
18661,（我必须想办法证明，除了我以外，还有其他人也有作案的可能性……！）,hiro,02,01,Trial,05
18662,更早之前就杀害了,hiro,02,01,Trial,05
18663,返回,hiro,02,01,Trial,05
18664,四人串通好了,hiro,02,01,Trial,05
18665,是什么声音？,hiro,02,01,Trial,05
18666,任何人都可以伪造声音,hiro,02,01,Trial,05
18667,这么说来，汉娜应该是在更早之前就把梅露露杀了——,hiro,02,01,Trial,05
18668,在她和可可、米莉亚、蕾雅会合之前。,hiro,02,01,Trial,05
18669,这样的话，她的不在场证明就失效了。,hiro,02,01,Trial,05
18670,这、这不可能啊！！,hanna,02,01,Trial,05
18671,……不，希罗，那是不可能的。,leia,02,01,Trial,05
18672,首先，推定死亡时间最长是在一小时前……,leia,02,01,Trial,05
18673,而在这个一小时的期间内，我们一直都待在一起。,leia,02,01,Trial,05
18674,而且，考虑到房间的位置关系，也很难认定这件事。,leia,02,01,Trial,05
18675,我们所在的房间，是在走廊的最深处……,leia,02,01,Trial,05
18676,就算汉娜真的提前行凶——,leia,02,01,Trial,05
18677,在我们经过安安的房间时，肯定会注意到才对。,leia,02,01,Trial,05
18678,我的不在场证明可是完美无缺的！反倒是希罗你根本没有不在场证明吧～～！？,hanna,02,01,Trial,05
18679,（说到不在场证明，确实是我这边更加不利……）,hiro,02,01,Trial,05
18680,（但是，我不能放弃，不能心甘情愿接受处刑）,hiro,02,01,Trial,05
18681,（……不过，我最在意的还是发现尸体之前听到的那个【声音】）,hiro,02,01,Trial,05
18682,（如果真凶是在现场发出了【声音】，却没有被人看到，那就太奇怪了）,hiro,02,01,Trial,05
18683,（凶手明明在别的地方，却能让声音在现场响起……一定有什么方法可以做到这件事！）,hiro,02,01,Trial,05
18684,如果可可、米莉亚、蕾雅和汉娜四个人串通好，就能伪造不在场证明。,hiro,02,01,Trial,05
18685,哈啊！？,coco,02,01,Trial,05
18686,你说我们是共犯吗？,leia,02,01,Trial,05
18687,这、这也太牵强了吧……,miria,02,01,Trial,05
18688,我们绝对没有做这种事～！！,hanna,02,01,Trial,05
18689,『如果怀疑四人是共犯，就应该拿出证据』,anan,02,01,Trial,05
18690,若没有证据……那就只是妄想罢了。,anan,02,01,Trial,05
18691,（看来没人能接受这个说法）,hiro,02,01,Trial,05
18692,（在这种情况下，如果无端地将怀疑扩大到多人身上，只会引起反感）,hiro,02,01,Trial,05
18693,（如果要提出怀疑，也应该集中在一个人身上才对）,hiro,02,01,Trial,05
18694,（……不过，我最在意的还是发现尸体之前听到的那个【声音】）,hiro,02,01,Trial,05
18695,（如果真凶是在现场发出了【声音】，却没有被人看到，那就太奇怪了）,hiro,02,01,Trial,05
18696,（凶手明明在别的地方，却能让声音在现场响起……一定有什么方法可以做到这件事！）,hiro,02,01,Trial,05
18697,那个【声音】究竟是怎样的声音呢？,hiro,02,01,Trial,05
18698,是某种东西【啪嚓】一声碎掉的，非常短促的声音！,hanna,02,01,Trial,05
18699,就像玻璃瓶被打碎的声音……这样想的话应该更容易理解吧。,miria,02,01,Trial,05
18700,那个声音在我们房间也能听到。我们的房间就在现场靠楼梯一侧的隔壁。,nanoka,02,01,Trial,05
18701,（……诺亚的房间，也就是尸体所在的房间，正好位于她们房间的中间）,hiro,02,01,Trial,05
18702,（这么说的话，她们那边确实有可能听见声音）,hiro,02,01,Trial,05
18703,魔女图鉴 更新…,"@toast ""|#Toast_001|""",02,01,Trial,05
18704,接着，大叔我们就立刻冲进了房间。,miria,02,01,Trial,05
18705,讨论前进…,@toast |#Toast_002|,02,01,Trial,05
18706,你说只有我才可能犯案……？不，并非如此。,hiro,02,01,Trial,05
18707,……什么意思？,leia,02,01,Trial,05
18708,据我所知，你们听到的都只是【声音】，并没有亲眼目睹我杀害梅露露的瞬间，对吧？,hiro,02,01,Trial,05
18709,这……我们不是从一开始就这么说的吗。,leia,02,01,Trial,05
18710,……那么请允许我重新问一遍。,hiro,02,01,Trial,05
18711,你们听到的那个声音，真的是【玻璃碎裂的声音】吗？,hiro,02,01,Trial,05
18712,什……什么！？,leia,02,01,Trial,05
18713,可是，除此之外还有其他的可能吗……？,miria,02,01,Trial,05
18714,……那就请你说说看吧。,leia,02,01,Trial,05
18715,我们听到的那声玻璃碎裂的声音……究竟是什么！,leia,02,01,Trial,05
18716,正确的答案只有一个。你们听到的那声玻璃声，其实是……,hiro,02,01,Trial,05
18717,扔瓶子砸碎的声音,@choice |#0201Trial05_Choice005|,02,01,Trial,05
18718,伪造的声音,@choice |#0201Trial05_Choice006|,02,01,Trial,05
18719,门打开的声音,@choice |#0201Trial05_Choice007|,02,01,Trial,05
18720,是从远处投掷瓶子后，瓶子碎裂的声音。,hiro,02,01,Trial,05
18721,真凶在杀害梅露露之后，移动到了楼梯一侧的走廊拐角处——,hiro,02,01,Trial,05
18722,然后，朝诺亚她们的房间门口投掷了一个瓶子。,hiro,02,01,Trial,05
18723,这样一来，被瓶子碎裂声吸引了注意力的蕾雅她们，就会立刻聚集到杀害现场……,hiro,02,01,Trial,05
18724,而在此期间，凶手就可以趁机向楼梯方向逃跑。,hiro,02,01,Trial,05
18725,……原来如此。这么说的话，确实有可能成立。,leia,02,01,Trial,05
18726,声音响起的时间不是杀害当时，而是杀害后不久……这么推理的话的确——,leia,02,01,Trial,05
18727,——可是，你不觉得奇怪吗？,sherry,02,01,Trial,05
18728,根据推定死亡时间，凶手应该是一直都留在房间里才对……,sherry,02,01,Trial,05
18729,而且，如果是在房间门口投掷瓶子的话，【走廊上】也应该会散落玻璃碎片才对吧。,sherry,02,01,Trial,05
18730,但是，玻璃碎片却只存在于房间里面！,sherry,02,01,Trial,05
18731,所以，你的这个推理是不成立的哦！希罗！,sherry,02,01,Trial,05
18732,……你都听到了吧！希罗！你的这个推理，好像根本站不住脚啊！,leia,02,01,Trial,05
18733,（可恶……！明明再差一点就能说服她们了……）,hiro,02,01,Trial,05
18734,（……既然我不是凶手，那么在即将发现尸体时，玻璃瓶在现场被打碎的可能性就很低了）,hiro,02,01,Trial,05
18735,（那么，那个【声音】究竟会是什么呢——）,hiro,02,01,Trial,05
18736,其实那是诺亚她们房间的门被打开的声音。,hiro,02,01,Trial,05
18737,真凶在逃跑时，不小心让门发出了声响。,hiro,02,01,Trial,05
18738,大家肯定是听错声音了！,hiro,02,01,Trial,05
18739,不对啦～……门开关的声音和玻璃碎裂的声音，怎么都不可能听错吧……,miria,02,01,Trial,05
18740,你倒是说说到底怎么才能听错这两种声音啊。,alisa,02,01,Trial,05
18741,（看来听错声音的说法还是太牵强了……）,hiro,02,01,Trial,05
18742,（……既然我不是凶手，那么在即将发现尸体时，玻璃瓶在现场被打碎的可能性就很低了）,hiro,02,01,Trial,05
18743,（那么，那个【声音】究竟会是什么呢——）,hiro,02,01,Trial,05
18744,蕾雅，你知道留声机是什么东西吗？,hiro,02,01,Trial,05
18745,这、这我当然知道了……！这可是常识！,leia,02,01,Trial,05
18746,虽然没有用过真品……,leia,02,01,Trial,05
18747,但我见过，也了解相关的知识……！,leia,02,01,Trial,05
18748,这和这起案件有什么关系吗！？,leia,02,01,Trial,05
18749,嗯，当然有关系。,hiro,02,01,Trial,05
18750,这个概念自问世以来就持续发展至今……并随着科技的进步，不断演变着它的形态。,hiro,02,01,Trial,05
18751,而这项发明的名字……就叫做【录音装置】。,hiro,02,01,Trial,05
18752,在现代社会，这更是所有手机的标准必备功能。,hiro,02,01,Trial,05
18753,呃啊！？难、难道说……！,leia,02,01,Trial,05
18754,都说到这份上了，想必你也明白了。,hiro,02,01,Trial,05
18755,你们听到的【声音】……,hiro,02,01,Trial,05
18756,其实是……【事先录制下来的声音】！,hiro,02,01,Trial,05
18757,嘎啊……！？,leia,02,01,Trial,05
18758,如果将录音设置为闹铃音，或是来电提示音，凶手就可以随意播放这段声音。,hiro,02,01,Trial,05
18759,而且根据各位所说，那个声音是非常短暂的【啪嚓】一声，对不对。,hiro,02,01,Trial,05
18760,那么，即使录音的音质稍微差一些，应该也不太会察觉得到才对。,hiro,02,01,Trial,05
18761,究竟谁能够证明……那声音并不是录音呢？,hiro,02,01,Trial,05
18762,什……么……！,leia,02,01,Trial,05
18763,……唉，你也不用太介怀。,hiro,02,01,Trial,05
18764,毕竟那只是一瞬间的声音，你们没有察觉到异常之处也很正常。,hiro,02,01,Trial,05
18765,只不过……我希望各位可以重新作出判断，究竟要不要仅仅以此为据，就断定我是凶手！,hiro,02,01,Trial,05
18766,唔……！？,leia,02,01,Trial,05
18767,（……好了，我已经提出了新的可能性）,hiro,02,01,Trial,05
18768,（不过老实说，我并没有确凿的证据。如果出现反证，情况就会变得棘手——）,hiro,02,01,Trial,05
18769,——那、那个……请大家等一等……,miria,02,01,Trial,05
18770,……怎么了，有什么问题吗？,hiro,02,01,Trial,05
18771,是这样的……在现场，并【没有】发现小梅的手机……,miria,02,01,Trial,05
18772,虽然你主张声音是事先准备的录音……可如果不存在相应的播放设备，主张也就没法成立吧？,miria,02,01,Trial,05
18773,………！,hiro,02,01,Trial,05
18774,（现场有可能还存在其他能播放声音的设备。不过，最容易想到的可能性是……）,hiro,02,01,Trial,05
18775,……也许是被凶手带走了。又或者，梅露露从一开始就没有带手机……,hiro,02,01,Trial,05
18776,不……梅露露她应该是带着手机的。……直到她遇害前的那一刻为止。,ema,02,01,Trial,05
18777,……！,hiro,02,01,Trial,05
18778,（艾玛……！）,hiro,02,01,Trial,05
18779,梅露露的推定死亡时间，是发现尸体时的大约30分钟前……没错吧？,ema,02,01,Trial,05
18780,准确地说，是【至少20分钟前】。这一点我可以担保。,leia,02,01,Trial,05
18781,那么……看来除了希罗之外，确实再没有人能够杀害梅露露了……,ema,02,01,Trial,05
18782,（什么……！）,hiro,02,01,Trial,05
18783,在发现梅露露的尸体的【大约30分钟前】，我正在二楼。,ema,02,01,Trial,05
18784,当时我在那里见过诺亚和安安……,ema,02,01,Trial,05
18785,嗯！我们有和艾玛说过拜拜哦。,noa,02,01,Trial,05
18786,『没错。之后吾辈和诺亚一直在一起』,anan,02,01,Trial,05
18787,……我和她们两个道别后没过多久，就接到了梅露露给我打来的电话。,ema,02,01,Trial,05
18788,紧接着……我和梅露露短暂地通话了。,ema,02,01,Trial,05
18789,那么……结合艾玛和蕾雅的证词，梅露露的死亡时间应该就是在20到30分钟前的这段时间内！,sherry,02,01,Trial,05
18790,嗯，对的。,ema,02,01,Trial,05
18791,在那之后没过多久，我就在会客厅里遇到了雪莉她们……,ema,02,01,Trial,05
18792,当时，我和亚里沙一开始就在会客厅里了！,sherry,02,01,Trial,05
18793,然后，我和宝生玛格与樱羽艾玛几乎同时来到了会客厅。,nanoka,02,01,Trial,05
18794,之后，亚里沙和雪莉留在了会客厅，而我则是去了外面。,ema,02,01,Trial,05
18795,我和奈叶香回了房间。从那时起，直到尸体被发现，我们两个就一直在一起。,margo,02,01,Trial,05
18796,……而蕾雅她们四个人，也一直都在一起。,ema,02,01,Trial,05
18797,也就是说……,sherry,02,01,Trial,05
18798,大家都有【不在场证明】呢！,sherry,02,01,Trial,05
18799,其中唯一没有不在场证明的……,ema,02,01,Trial,05
18800,……希罗，只有你一个人。,ema,02,01,Trial,05
18801,（艾玛……！你该不会是……想处决我吧……！）,hiro,02,01,Trial,05
18802,……我们来重新整理一下大家的不在场证明吧。,ema,02,01,Trial,05
18803,我在发现尸体的30分钟前，和诺亚还有安安两个人在二楼道别了。,ema,02,01,Trial,06
18804,"嗯！我们<link=""Objection_02_01_06_01"">一直都在一起</link>哦！",noa,02,01,Trial,06
18805,之后，我接到了梅露露的电话，然后去会客厅的时候，就遇到了雪莉她们……,ema,02,01,Trial,06
18806,"是的！正好那时大家都<link=""Objection_02_01_06_02"">聚在了</link>会客厅呢！",sherry,02,01,Trial,06
18807,然后雪莉和亚里沙留在了会客厅，只有我一个人出去外面了。,ema,02,01,Trial,06
18808,我记得奈叶香她们说过要回房间……,ema,02,01,Trial,06
18809,"是的，在那之后直到尸体被发现，我们都<link=""Objection_02_01_06_03"">一直待在房间里</link>。",nanoka,02,01,Trial,06
18810,……然后，蕾雅她们几个在这期间也一直都在一起。,ema,02,01,Trial,06
18811,"你<link=""Objection_02_01_06_04"">说得没错</link>，艾玛。",leia,02,01,Trial,06
18812,30分钟前我接了电话，推定死亡时间是20分钟前，梅露露的死亡时间就在这两者之间……,ema,02,01,Trial,06
18813,"也就是说，希罗，<link=""Objection_02_01_06_05"">能杀死梅露露的人</link>只有你。",ema,02,01,Trial,06
18814,（……如果艾玛说的是真的，那么除了我之外，在场的其他11人就全都不可能作案了）,hiro,02,01,Trial,06
18815,（这么一来，我就真的躲不过被处死的结局了）,hiro,02,01,Trial,06
18816,（不管怎样，我必须要找到无法完美证明自己不在场的人，把她拉到同为嫌疑人的立场上……！）,hiro,02,01,Trial,06
18817,（……不过，如果没法得到大家的认同就没意义了）,hiro,02,01,Trial,06
18818,（如果怀疑存在共犯，就会一次性与两人以上为敌。目前来看，还是应该尽量避免提出这种可能性）,hiro,02,01,Trial,06
18819,诺亚她们的不在场证明是？,hiro,02,01,Trial,06
18820,返回,hiro,02,01,Trial,06
18821,雪莉她们的不在场证明是？,hiro,02,01,Trial,06
18822,奈叶香她们的不在场证明是？,hiro,02,01,Trial,06
18823,蕾雅她们的不在场证明是？,hiro,02,01,Trial,06
18824,还有人可以做到,hiro,02,01,Trial,06
18825,……诺亚还有安安你们两个在二楼做什么呢？,hiro,02,01,Trial,06
18826,唔……我们一起在娱乐室看了电影——,noa,02,01,Trial,06
18827,『之后我们决定去诺亚的画室』,anan,02,01,Trial,06
18828,因为安安说那里通风比较好，而且也不用担心颜料的气味！,noa,02,01,Trial,06
18829,那你们两个应该就是在从娱乐室去画室的路上遇到了我。,ema,02,01,Trial,06
18830,艾玛你当时又在做什么呢？,hiro,02,01,Trial,06
18831,我在图书室看书。,ema,02,01,Trial,06
18832,之后我出图书室的时候，正好遇到了她们两个——,ema,02,01,Trial,06
18833,『那是在尸体发现时刻约30分钟前的事』,anan,02,01,Trial,06
18834,那之后，我们就没有再遇到任何人了哦。,noa,02,01,Trial,06
18835,之后我们就一直待在二楼了。,anan,02,01,Trial,06
18836,『我们可以互相证明不在场』,anan,02,01,Trial,06
18837,你们说聚在了会客厅，能详细说说你们的不在场证明吗？,hiro,02,01,Trial,06
18838,好啊！没问题！,sherry,02,01,Trial,06
18839,我和亚里沙从大约一个小时之前起就一直待在会客厅里。,sherry,02,01,Trial,06
18840,……对吧！是这样没错吧！,sherry,02,01,Trial,06
18841,……啊，没错啦。,alisa,02,01,Trial,06
18842,我和橘，一直都在会客厅里。,alisa,02,01,Trial,06
18843,话是这么说，但我又不是时时刻刻紧盯着周围的情况……,alisa,02,01,Trial,06
18844,就算有人从我面前走过，我也未必能注意到。,alisa,02,01,Trial,06
18845,是这样吗～？我觉得应该还是能注意到的吧。,sherry,02,01,Trial,06
18846,对了，在那一小时里，还有其他3个人来过会客厅哦！,sherry,02,01,Trial,06
18847,……我也记得那三个人来过。,alisa,02,01,Trial,06
18848,大概是30分钟前吧？奈叶香最先从中庭那边过来了！,sherry,02,01,Trial,06
18849,……是的，我当时是从医务室那边过来。,nanoka,02,01,Trial,06
18850,我记得樱羽艾玛和宝生玛格也是几乎在同一时间来到会客厅，和我们汇合的。,nanoka,02,01,Trial,06
18851,没错。那个时候，会客厅里正好五个人都在。,margo,02,01,Trial,06
18852,……在那个时间点，我正好结束了和梅露露的通话。,ema,02,01,Trial,06
18853,也就是说，那个时候梅露露还活着……,ema,02,01,Trial,06
18854,既然如此，我和亚里沙就无论如何也不可能跟这起案件有关了！,sherry,02,01,Trial,06
18855,因为从那时起直到发现尸体为止，我们两个都一直在会客厅！,sherry,02,01,Trial,06
18856,……对。,alisa,02,01,Trial,06
18857,橘和我，都不可能去杀害冰上啦。,alisa,02,01,Trial,06
18858,……我想知道你们之后更详细的行动。,hiro,02,01,Trial,06
18859,我们五个人在会客厅里稍微聊了一会。,nanoka,02,01,Trial,06
18860,之后，橘雪莉和紫藤亚里沙留在了会客厅。,nanoka,02,01,Trial,06
18861,樱羽艾玛说她要出去，然后她就独自朝淋浴房的方向走掉了。,nanoka,02,01,Trial,06
18862,我也看到了哦！,sherry,02,01,Trial,06
18863,嗯。我去找梅露露了，直到听到典狱长的广播前我一直都待在外面。,ema,02,01,Trial,06
18864,在会客厅的聊天结束后，我和宝生玛格两个人一起回房间了。,nanoka,02,01,Trial,06
18865,凶案现场正好就在我们房间和莲见蕾雅她们房间的中间。,nanoka,02,01,Trial,06
18866,不过，我们没有靠近过案发现场哦。,margo,02,01,Trial,06
18867,我们两个人一直都在房间里待着呢♡,margo,02,01,Trial,06
18868,……她的证词没什么大问题。,nanoka,02,01,Trial,06
18869,我们径直回了房间，之后就再也没有从房间里走出一步。,nanoka,02,01,Trial,06
18870,我和奈叶香可以互相证明这一点。,margo,02,01,Trial,06
18871,……刚才你们说过，你们是在走廊尽头的房间里，对吧。,hiro,02,01,Trial,06
18872,蕾雅、可可、米莉亚、汉娜——你们四个人当时又在做什么呢？,hiro,02,01,Trial,06
18873,做什么事你也要管？,coco,02,01,Trial,06
18874,哎呀，毕竟是在确认不在场证明，还是应该好好交代才对……,miria,02,01,Trial,06
18875,是我邀请她们来我的房间的。,leia,02,01,Trial,06
18876,我个人对直播蛮感兴趣的，所以就想向可可请教一下。,leia,02,01,Trial,06
18877,哎，看在我们是房间紧挨着的邻居的份上，我才答应的。,coco,02,01,Trial,06
18878,然后，我也跟着可可去了。,hanna,02,01,Trial,06
18879,绝对不是因为一个人待在房间里会觉得孤单……绝对不是哦……？,hanna,02,01,Trial,06
18880,大概在发现尸体【一个多小时之前】就已经开始上手机课了吧。,miria,02,01,Trial,06
18881,啊～早知道就录下来了～肯定能拍到不少好东西。,coco,02,01,Trial,06
18882,……在那一个小时里，你们都没有出过房间吗？,hiro,02,01,Trial,06
18883,没有任何人走出过一步！我们的不在场证明是十～分完美的哦！,hanna,02,01,Trial,06
18884,……嗯，没错。,leia,02,01,Trial,06
18885,【我们四个人在一小时之内一步也没有出去过】……我们可以互相作证。,leia,02,01,Trial,06
18886,不，你错了。你的结论只有在所有人都说了实话的情况下才成立。,hiro,02,01,Trial,06
18887,如果有人在说谎，那么没有不在场证明的就不止我一个了。,hiro,02,01,Trial,06
18888,……而那个没有不在场证明的人就是……,hiro,02,01,Trial,06
18889,希罗……我想，那个人是有确凿的不在场证明的。,leia,02,01,Trial,06
18890,看来能杀害梅露露的人还是只有你一人啊！,leia,02,01,Trial,06
18891,（我还以为这人没有不在场证明，结果是我想错了吗……）,hiro,02,01,Trial,06
18892,（……我要冷静下来）,hiro,02,01,Trial,06
18893,（不在场证明存疑的人的确是存在的）,hiro,02,01,Trial,06
18894,（这个人在推定死亡时间处于独处状态……我要指出那个人）,hiro,02,01,Trial,06
18895,我。,hiro,02,01,Trial,06
18896,废话，你当然没有不在场证明啊！所以我们才一致怀疑你啊。,alisa,02,01,Trial,06
18897,小、小希你怎么了……？不如重新冷静地思考一下，怎么样……！,miria,02,01,Trial,06
18898,（连米莉亚都帮我说话了……！）,hiro,02,01,Trial,06
18899,（……我要冷静下来）,hiro,02,01,Trial,06
18900,（不在场证明存疑的人的确是存在的）,hiro,02,01,Trial,06
18901,（这个人在推定死亡时间处于独处状态……我要指出那个人）,hiro,02,01,Trial,06
18902,冰上梅露露，就是她。,hiro,02,01,Trial,06
18903,……欸？,ema,02,01,Trial,06
18904,和艾玛通完电话后，梅露露人在哪里做什么？这一点没有人能够解释。,hiro,02,01,Trial,06
18905,……那又怎样？,anan,02,01,Trial,06
18906,没有不在场证明的小梅自己是凶手——也就是说，你觉得有可能是自杀……？,miria,02,01,Trial,06
18907,真是有趣的推理！,sherry,02,01,Trial,06
18908,可是梅露露是被人捅了很多下的，基本不可能是自杀哦！！！,sherry,02,01,Trial,06
18909,……喂，希罗亲，你能不能别随口乱说啊？,coco,02,01,Trial,06
18910,（我答错了吗……！）,hiro,02,01,Trial,06
18911,（……我要冷静下来）,hiro,02,01,Trial,06
18912,（不在场证明存疑的人的确是存在的）,hiro,02,01,Trial,06
18913,（这个人在推定死亡时间处于独处状态……我要指出那个人）,hiro,02,01,Trial,06
18914,是你，艾玛。,hiro,02,01,Trial,06
18915,希、希罗……！,ema,02,01,Trial,06
18916,你所谓的不在场证明，是建立在你【和梅露露通过电话】这一证词之上。,hiro,02,01,Trial,06
18917,但如果那个证词是【谎言】呢？……这样一来，一部分不在场证明就不成立了。,hiro,02,01,Trial,06
18918,而首当其冲的就是你自己……如果【梅露露在30分钟前就已经死亡】的假设得到推翻……,hiro,02,01,Trial,06
18919,那么，你也有可能作案。,hiro,02,01,Trial,06
18920,这、这怎么可能……！我没有说谎……！,ema,02,01,Trial,06
18921,那么，你能证明你没有说谎吗？,hiro,02,01,Trial,06
18922,这、这……！,ema,02,01,Trial,06
18923,……对了！我手机里还留着【通话记录】呢！,ema,02,01,Trial,06
18924,这可以证明，我在尸体被发现的30分钟前确实通过电话！,ema,02,01,Trial,06
18925,的确，我看到艾玛下一楼的时候，好像是有人给她打过电话。,noa,02,01,Trial,06
18926,……对。,anan,02,01,Trial,06
18927,『不过，不知道电话另一头是谁。吾辈可没有偷听的兴趣』,anan,02,01,Trial,06
18928,我、我真的打过电话……！稍等一下！,ema,02,01,Trial,06
18929,我现在就再打一次！这样应该就能接通梅露露的手机……！,ema,02,01,Trial,06
18930,（……记得现场好像并没发现梅露露的手机……）,hiro,02,01,Trial,06
18931,……嗯？,hiro,02,01,Trial,06
18932,这个声音……是从哪里传来的……,miria,02,01,Trial,06
18933,（不、不可能……！怎么会……！）,hiro,02,01,Trial,06
18934,……声音好像是从希罗那边传来的欸？,noa,02,01,Trial,06
18935,唔……！,hiro,02,01,Trial,06
18936,这、这不是真的吧……希罗……！,ema,02,01,Trial,06
18937,看来是你身上的手机在响呢，希罗。,leia,02,01,Trial,06
18938,（…………！）,hiro,02,01,Trial,06
18939,（另一部手机……！这到底是怎么回事……！）,hiro,02,01,Trial,06
18940,希罗，那个，你没事吧……？,ema,02,01,Trial,06
18941,……谢谢。我应该向你们好好表达谢意才对。,hiro,02,01,Trial,06
18942,但是，我看起来像没事的样子吗？照这样下去，我只能等着被处刑了。,hiro,02,01,Trial,06
18943,艾玛也带来了毛巾，站在我身边帮我擦拭污渍。,system,02,01,Trial,06
18944,这样下去太惨了……,ema,02,01,Trial,06
18945,（难道……是那个时候……！被人塞了手机吗……！？）,hiro,02,01,Trial,06
18946,…………,ema,02,01,Trial,06
18947,（艾玛……！竟然……想陷害我……！）,hiro,02,01,Trial,06
18948,（果然……她才是凶手……！是一切的元凶！）,hiro,02,01,Trial,06
18949,（樱羽……艾玛……！）,hiro,02,01,Trial,06
18950,……看来，决定性的证据已经出现了。凶手果然就是希罗没错——,leia,02,01,Trial,06
18951,…………,leia,02,01,Trial,06
18952,……怎么了？米莉亚。,leia,02,01,Trial,06
18953,啊……那个……呃……,miria,02,01,Trial,06
18954,大、大叔我觉得……这么快下结论应该不太好吧～……,miria,02,01,Trial,06
18955,（……怎么回事……？）,hiro,02,01,Trial,06
18956,不、不是啦……！就是……大家，先冷静一下吧。冷静一点，好吗？,miria,02,01,Trial,06
18957,啊？可是……她不是拿着被害人的手机吗。,alisa,02,01,Trial,06
18958,说她是凶手有什么问题吗。,alisa,02,01,Trial,06
18959,对、对啊！小希她确实很可疑啊！,miria,02,01,Trial,06
18960,但、但是呢！大叔我觉得大家太过单方面地指责她了……这样很不好欸～！,miria,02,01,Trial,06
18961,大、大叔我其实不太擅长应对这种场面……,miria,02,01,Trial,06
18962,一对多……这种阵仗，大叔我很讨厌啊。,miria,02,01,Trial,06
18963,嗯……我理解米莉亚的想法。既然这样……,leia,02,01,Trial,06
18964,不如就由我来为希罗辩护吧！,leia,02,01,Trial,06
18965,（……哈？）,hiro,02,01,Trial,06
18966,嗯嗯。无论面对什么样的罪犯，都应该考虑有没有能从轻处罚的情节……,leia,02,01,Trial,06
18967,这不就是所谓的同伴情谊吗！,leia,02,01,Trial,06
18968,（……她已经完全认定我是罪犯了）,hiro,02,01,Trial,06
18969,没问题，交给我吧！这场讨论就由我来引导！,leia,02,01,Trial,06
18970,（……我被米莉亚帮了一把）,hiro,02,01,Trial,06
18971,（话说，这家伙究竟是怎么一回事）,hiro,02,01,Trial,06
18972,（单纯只是爱出风头吗？……不过）,hiro,02,01,Trial,06
18973,（她给了我一个反驳的机会）,hiro,02,01,Trial,06
18974,（……我必须想办法扭转目前的不利情况……）,hiro,02,01,Trial,06
18975,……话说回来，听到米莉亚的声音，我就想起了一件重要的事。大家愿意听我说吗？,leia,02,01,Trial,06
18976,重要的事……？,ema,02,01,Trial,06
18977,嗯。这是发现尸体【约40分钟前】发生的事情。,leia,02,01,Trial,06
18978,我和米莉亚她们四个人，当时正在房间里确认手机的各项功能。,leia,02,01,Trial,06
18979,当时我正好在试用手机的录音和直播功能。,leia,02,01,Trial,06
18980,那部手机性能很高，似乎还能录制空间音效。因为觉得很新奇，所以就和可可玩了一下。,leia,02,01,Trial,06
18981,那部手机啊，就连ASMR直播，或者消除人声的编辑都能搞定欸～这就是所谓的性能过剩吧？,coco,02,01,Trial,06
18982,所以，我当时正在仔细聆听周围的声音。,leia,02,01,Trial,06
18983,正好因为这样……我在那时好像听到了一个微弱的【声音】。,leia,02,01,Trial,06
18984,那个声音……听起来【像是玻璃碎裂的声音】。,leia,02,01,Trial,06
18985,我倒是完全没有听到欸？,hanna,02,01,Trial,06
18986,大叔我也没听到……,miria,02,01,Trial,06
18987,虽然我也不太清楚声音的来源是什么……,leia,02,01,Trial,06
18988,但这说不定就是【重大证据】……不是吗！,leia,02,01,Trial,06
18989,……是吗？可是诺亚不太明白欸。,noa,02,01,Trial,06
18990,魔女图鉴 更新…,"@toast ""|#Toast_001|""",02,01,Trial,06
18991,（……原来如此，我大概能猜到蕾雅在想什么了）,hiro,02,01,Trial,06
18992,（她肯定是……【什么都没想】……！）,hiro,02,01,Trial,06
18993,……呵呵。就是它没错了……能够动摇整个讨论走向的重大证据……！,leia,02,01,Trial,06
18994,（准确来说，她应该是……【除了让自己出风头以外什么都没想】吧）,hiro,02,01,Trial,06
18995,（不过，这一点或许可以利用一下）,hiro,02,01,Trial,06
18996,……真不愧是你啊。,hiro,02,01,Trial,06
18997,……欸？,leia,02,01,Trial,06
18998,居然能注意到这一点……不愧是当过演员的人，平时的洞察力就很出色呢。,hiro,02,01,Trial,06
18999,……是、是啊！当然了……！,leia,02,01,Trial,06
19000,果然这真是重要的证据，没错吧！？,leia,02,01,Trial,06
19001,是啊，当然了。,hiro,02,01,Trial,06
19002,（……与其说是证据，不如说是证词吧）,hiro,02,01,Trial,06
19003,这份证词的存在与否，将极大地改变案件的全貌……,hiro,02,01,Trial,06
19004,什么！？,leia,02,01,Trial,06
19005,是、是这样吗……！？,ema,02,01,Trial,06
19006,（……它最好真的是）,hiro,02,01,Trial,06
19007,（眼下最重要的，是先为自己争取一些思考的时间）,hiro,02,01,Trial,06
19008,因此，我们有必要认真审视不在场证明。,hiro,02,01,Trial,06
19009,那么，蕾雅，你能再帮我总结一下大家的不在场证明吗？,hiro,02,01,Trial,06
19010,啊，当然可以！首先是——,leia,02,01,Trial,06
19011,（……好，趁蕾雅在讲话，让我确认一下手里另一部手机的内容）,hiro,02,01,Trial,06
19012,（…………）,hiro,02,01,Trial,06
19013,（……嗯，看来这部手机，【已经被恢复出厂设置】了）,hiro,02,01,Trial,06
19014,（虽然不知道是谁的手机……但很可能是梅露露的吧）,hiro,02,01,Trial,06
19015,（我原有的那部手机没有任何变化。应该没有被人动过手脚）,hiro,02,01,Trial,06
19016,——大家的不在场证明总结如上。你明白了吗，希罗！,leia,02,01,Trial,06
19017,嗯？啊，明白了……,hiro,02,01,Trial,06
19018,帮大忙了，蕾雅。谢谢，真不愧是你。,hiro,02,01,Trial,06
19019,呵呵，作为大家的领袖，这是我应该做的！,leia,02,01,Trial,06
19020,（她什么时候变成领袖了……？）,hiro,02,01,Trial,06
19021,……好了。,anan,02,01,Trial,06
19022,『吾辈已经将大家的不在场证明都整理好了。有需要的时候就看这个吧』,anan,02,01,Trial,06
19023,那么……请告诉我吧，希罗。我在发现尸体40分钟前听到的那个【玻璃碎裂声】……它究竟意味着什么呢？,leia,02,01,Trial,06
19024,……嗯，好啊。那个声音，毫无疑问是……,hiro,02,01,Trial,06
19025,凶手的事先演习,@choice |#0201Trial06_Choice006|,02,01,Trial,06
19026,打破玻璃瓶的声音,@choice |#0201Trial06_Choice007|,02,01,Trial,06
19027,从远处传来的声音,@choice |#0201Trial06_Choice008|,02,01,Trial,06
19028,凶手做的伪装。,hiro,02,01,Trial,06
19029,在发现尸体40分钟前，凶手曾在现场播放过一段录音。,hiro,02,01,Trial,06
19030,那是……出于什么目的？,leia,02,01,Trial,06
19031,是事先练习。,hiro,02,01,Trial,06
19032,凶手是在测试录音是否能在指定的时间正确播放。当然，手机音量也是调到最小的。,hiro,02,01,Trial,06
19033,所以只有像蕾雅这样听力敏锐的人才能听到。凶手本来就没打算让人听到。,hiro,02,01,Trial,06
19034,呵，呵呵，原来如此，我明白了……真是……听力太过敏锐，有时也是一种烦恼啊。,leia,02,01,Trial,06
19035,（这人真是一夸奖尾巴就翘到天上去了）,hiro,02,01,Trial,06
19036,可是，现场没有发现任何能播放录音的设备欸？,hanna,02,01,Trial,06
19037,话又说回来……就算凶手真的做了事先练习，那又怎样？这能说明什么吗？,alisa,02,01,Trial,06
19038,这好像算不上是什么重要的证据呢～！,sherry,02,01,Trial,06
19039,怎、怎么会这样……！我明明准备好来一场华丽揭晓的……！,leia,02,01,Trial,06
19040,希罗，你这让我很难做啊！,leia,02,01,Trial,06
19041,（……被蕾雅抱怨了）,hiro,02,01,Trial,06
19042,（……如果无法改变现在的讨论方向，那就没有任何意义。我得再重新考虑一下）,hiro,02,01,Trial,06
19043,（在发现尸体的时候，并没有发现第三者从现场逃走的痕迹）,hiro,02,01,Trial,06
19044,（也就是说，在那个时间点，不太可能有人在现场打破玻璃瓶）,hiro,02,01,Trial,06
19045,（但是，现场确实散落着约有一瓶份量的玻璃碎片……）,hiro,02,01,Trial,06
19046,（这意味着，蕾雅在发现尸体40分钟前听到的声音，其实是——）,hiro,02,01,Trial,06
19047,是从远处传来的回声。,hiro,02,01,Trial,06
19048,凶手在并非杀人现场的某处打破了玻璃瓶。,hiro,02,01,Trial,06
19049,所以那个声音听起来才会那么微弱。这样一来，所有的事情就都能解释得通了。,hiro,02,01,Trial,06
19050,……我说，那凶手为什么要特意这么做啊？,alisa,02,01,Trial,06
19051,那是为了提前录制下你们在发现尸体时听到的【声音】。,hiro,02,01,Trial,06
19052,凶手提前在其他地方录制好玻璃破碎的声音，然后在之后播放了出来。,hiro,02,01,Trial,06
19053,请你等一下。,nanoka,02,01,Trial,06
19054,假设那个声音是在别的地方传来的好了……,nanoka,02,01,Trial,06
19055,那具体来说，那个声音是从哪里传来的呢？,nanoka,02,01,Trial,06
19056,……如果玻璃瓶是在地下摔破的话，感觉声音应该会更加响亮才对——,leia,02,01,Trial,06
19057,我们这些在一楼的人都没有听到。二楼的呢？,alisa,02,01,Trial,06
19058,我们也没有听到。,anan,02,01,Trial,06
19059,说起来，除了犯罪现场之外，其他地方好像都没有发现玻璃碎片呢。,miria,02,01,Trial,06
19060,走廊和走廊尽头的房间里，也都没有发现类似的痕迹。,miria,02,01,Trial,06
19061,……当然不排除凶手已经将现场清理干净的可能性。,nanoka,02,01,Trial,06
19062,『难道不是更应该怀疑蕾雅听错了吗』,anan,02,01,Trial,06
19063,……怎、怎么会……！,leia,02,01,Trial,06
19064,（看来这个解释不足以让所有人信服……）,hiro,02,01,Trial,06
19065,（……如果无法改变现在的讨论方向，那就没有任何意义。我得再重新考虑一下）,hiro,02,01,Trial,06
19066,（在发现尸体的时候，并没有发现第三者从现场逃走的痕迹）,hiro,02,01,Trial,06
19067,（也就是说，在那个时间点不太可能有人在现场打破玻璃瓶）,hiro,02,01,Trial,06
19068,（但是，现场确实散落着约有一瓶份量的玻璃碎片）,hiro,02,01,Trial,06
19069,（这意味着，蕾雅在发现尸体40分钟前听到的声音，其实是——）,hiro,02,01,Trial,06
19070,那其实就是在案发现场，【真正打破玻璃瓶时发出的声音】。,hiro,02,01,Trial,06
19071,案发现场的玻璃碎片，应该只有约一瓶的份量。,hiro,02,01,Trial,06
19072,那么，如果玻璃破碎的声音响了两次，那就非常奇怪了。,hiro,02,01,Trial,06
19073,而这只能说明一件事……,hiro,02,01,Trial,06
19074,蕾雅听到声音的那个时间，正是【真实作案的时间】！,hiro,02,01,Trial,06
19075,原来如此！,leia,02,01,Trial,06
19076,如果希罗的推理是正确的……那么，这起案件真正发生的时间，就是在发现尸体的40分钟之前呢！,sherry,02,01,Trial,06
19077,有可能只是她胡说八道狡辩而已，不是吗？,coco,02,01,Trial,06
19078,『也有可能是蕾雅听错了』,anan,02,01,Trial,06
19079,这、这不可能……！,leia,02,01,Trial,06
19080,……蕾雅的说法，确实与我们之前的证词有出入。,hiro,02,01,Trial,06
19081,但是……只要能解决【一处】关键矛盾，这个说法就能成立。,hiro,02,01,Trial,06
19082,只要【这一处证词】是虚假的，那么一切不合理之处就都能解释清楚了，而这处证词就是……！,hiro,02,01,Trial,06
19083,艾玛与梅露露的通话,@choice |#0201Trial06_Choice009|,02,01,Trial,06
19084,蕾雅的验尸结果,@choice |#0201Trial06_Choice010|,02,01,Trial,06
19085,即将发现尸体时，玻璃破碎的声音,@choice |#0201Trial06_Choice011|,02,01,Trial,06
19086,当然就是蕾雅的验尸结果了。,hiro,02,01,Trial,06
19087,如果实际的死亡时间与验尸结果不符，那么两者之间自然会产生矛盾！,hiro,02,01,Trial,06
19088,你、你是说我报告了虚假的验尸结果吗……！？,leia,02,01,Trial,06
19089,呃，那个……小蕾的验尸结果说，在发现尸体时，【死者已经死亡大约20分钟到1小时】……是这样说的吧。,miria,02,01,Trial,06
19090,假设实际的作案时间是在40分钟之前，那这好像和验尸结果并不冲突啊……,miria,02,01,Trial,06
19091,如果小蕾的验尸结果是假的，那情况有什么变化呢……？,miria,02,01,Trial,06
19092,…………,hiro,02,01,Trial,06
19093,别、别不说话啊！？,miria,02,01,Trial,06
19094,（蕾雅的验尸结果并没有明显的错误吗……）,hiro,02,01,Trial,06
19095,（……让我仔细回想一下至今的讨论内容……）,hiro,02,01,Trial,06
19096,（如果推定死亡时间真的是【发现尸体的40分钟之前】，那么【那份证词】就不再成立）,hiro,02,01,Trial,06
19097,（也就是【作证的只有她自己】的那个发言……）,hiro,02,01,Trial,06
19098,当然就是指在发现尸体前不久，我们听到的玻璃破碎的声音。,hiro,02,01,Trial,06
19099,玻璃破碎的声音响了两次……这本身就是一个明显的矛盾点。,hiro,02,01,Trial,06
19100,可是这声音我们六个人都听到了哦？这你也要怀疑吗？,margo,02,01,Trial,06
19101,竟然同时怀疑我们六个人的证词，脑子是不是出问题了哇～！,hanna,02,01,Trial,06
19102,（确实不该怀疑产生集体幻觉……）,hiro,02,01,Trial,06
19103,（……让我仔细回想一下至今的讨论内容……）,hiro,02,01,Trial,06
19104,（如果推定死亡时间真的是【发现尸体的40分钟之前】，那么【那份证词】就不再成立）,hiro,02,01,Trial,06
19105,（也就是【作证的只有她自己】的那个发言……）,hiro,02,01,Trial,06
19106,那当然就是艾玛的证词中提到的，她与梅露露通话的时间。,hiro,02,01,Trial,06
19107,如果梅露露在发现尸体40分钟前就已经遇害，那么艾玛就不可能在30分钟前还和她讲电话。,hiro,02,01,Trial,06
19108,也就是说，艾玛声称【与梅露露通过电话】的证词不再成立了。,hiro,02,01,Trial,06
19109,呜……！？怎么会这样……！？,ema,02,01,Trial,06
19110,艾玛……你是不是在撒谎？,hiro,02,01,Trial,06
19111,这、这个嘛……！？,ema,02,01,Trial,06
19112,你……为了要陷害我，不惜把梅露露……！,hiro,02,01,Trial,06
19113,不、不是的！,ema,02,01,Trial,06
19114,……我说的都是真的！我真的没有撒谎……！,ema,02,01,Trial,06
19115,我、我……真的和梅露露通过电话……,ema,02,01,Trial,06
19116,那艾玛，你们都聊了些什么呀？,noa,02,01,Trial,06
19117,这、这个……,ema,02,01,Trial,06
19118,…………,ema,02,01,Trial,06
19119,我知道了……我说就是了。,ema,02,01,Trial,06
19120,……在我接通电话的时候，梅露露的语气非常慌张，好像她在被什么人追赶似的。,ema,02,01,Trial,06
19121,然后…………,ema,02,01,Trial,06
19122,梅露露说，她【被希罗袭击了】……,ema,02,01,Trial,06
19123,你说……什么……！？,hiro,02,01,Trial,06
19124,原来是这样。梅露露在电话里说，她遭到了希罗的袭击……你打算这么作证，对吗？,leia,02,01,Trial,06
19125,嗯……所以，我……！,ema,02,01,Trial,06
19126,（看来艾玛无论如何都想把我渲染成凶手啊）,hiro,02,01,Trial,06
19127,……艾玛！既然如此，请详细告诉我们当时的情况吧！,sherry,02,01,Trial,06
19128,我在发现尸体的30分钟之前，接到了梅露露打来的电话。,ema,02,01,Trial,07
19129,"梅露露在电话里说，她【<link=""Objection_02_01_07_01"">被希罗袭击了</link>】……",ema,02,01,Trial,07
19130,"之后，电话就突然<link=""Objection_02_01_07_02"">挂断了</link>。我很担心她……",ema,02,01,Trial,07
19131,所以之后我去了会客厅，问雪莉她们有没有看到梅露露。,ema,02,01,Trial,07
19132,嗯嗯，确实有这么问过呢～,sherry,02,01,Trial,07
19133,大家都说没看到……我就害怕，希罗她是不是真的做了坏事……,ema,02,01,Trial,07
19134,"所以我就<link=""Objection_02_01_07_03"">出去外面</link>找梅露露了。",ema,02,01,Trial,07
19135,没过多久，就收到典狱长说找到尸体的通知了。然后，我就立刻赶回来了……,ema,02,01,Trial,07
19136,如果樱羽的证词是真的，那凶手就只可能是二阶堂了，不是吗。,alisa,02,01,Trial,07
19137,"如果樱羽的证词是真的，那就是二阶堂在<link=""Objection_02_01_07_04"">医务室</link>袭击了冰上。……那凶手就只可能是二阶堂了，不是吗。",alisa,02,01,Trial,07
19138,（艾玛……你竟然不惜撒下这种谎也要让我背上凶手的黑锅吗）,hiro,02,01,Trial,07
19139,（……我要冷静。就算真是如此，为什么她偏要在这个时候突然展开攻势呢……？）,hiro,02,01,Trial,07
19140,（难道揭发这件事会对她产生什么不利吗……？还是说……）,hiro,02,01,Trial,07
19141,（……假设她说的都是真的，为什么她要隐瞒到现在？明明这是对我不利的信息啊……？）,hiro,02,01,Trial,07
19142,（……也许有必要详细询问一下）,hiro,02,01,Trial,07
19143,我没有袭击她,hiro,02,01,Trial,07
19144,返回,hiro,02,01,Trial,07
19145,其他什么都没说吗？,hiro,02,01,Trial,07
19146,跑去外面很奇怪,hiro,02,01,Trial,07
19147,无法在医务室袭击她,hiro,02,01,Trial,07
19148,她在说谎。我没有袭击梅露露。,hiro,02,01,Trial,07
19149,如果我要袭击她，我就根本不会让她有机会打电话。,hiro,02,01,Trial,07
19150,可怕～……,coco,02,01,Trial,07
19151,但是，拿着梅露露手机的是希罗你，不是吗？,margo,02,01,Trial,07
19152,按这个情况来看，你为了隐藏梅露露和艾玛的通话记录，于是抢走了她的手机……,margo,02,01,Trial,07
19153,……我禁不住会这么想哦？,margo,02,01,Trial,07
19154,确实，如果这件事是在【第一次袭击之后】发生的，那就说得通了！,sherry,02,01,Trial,07
19155,这、这不是抢劫杀人吗……！,miria,02,01,Trial,07
19156,……死刑，或无期徒刑。,anan,02,01,Trial,07
19157,（罪名从杀人变成了抢劫杀人，情况变得更糟了……）,hiro,02,01,Trial,07
19158,（……就算我说出事实，只要没有证据，就不会有人相信的吧）,hiro,02,01,Trial,07
19159,（就算我说【我被梅露露袭击了】……也绝不会有人相信的）,hiro,02,01,Trial,07
19160,（但既然我不是凶手，那就一定是艾玛在说谎）,hiro,02,01,Trial,07
19161,（我要追问清楚梅露露和艾玛通话的内容，再接着——）,hiro,02,01,Trial,07
19162,（我得梳理清楚事件发生的顺序……！揭露艾玛证词中存在的矛盾！）,hiro,02,01,Trial,07
19163,……艾玛，你为什么要跑出去呢？,hiro,02,01,Trial,07
19164,欸？问我为什么吗……？,ema,02,01,Trial,07
19165,会客厅里的人都说，【没有看到梅露露经过】——,hiro,02,01,Trial,07
19166,如果梅露露想要逃跑，可以推测她会往人多的会客厅方向跑。,hiro,02,01,Trial,07
19167,那么，梅露露会跑到外面的可能性应该很低才对，不是吗？,hiro,02,01,Trial,07
19168,就是因为大家都说没有看到啊。,ema,02,01,Trial,07
19169,我当时想，如果梅露露没有来会客厅，那她可能是走别的路线逃到外面去了。,ema,02,01,Trial,07
19170,如果真的要逃跑，外面肯定比室内更安全，而且通往外面的出入口也不止一个……,ema,02,01,Trial,07
19171,可是，梅露露的尸体最终是在地下被发现的……,hiro,02,01,Trial,07
19172,这和你的证词完全矛盾！,hiro,02,01,Trial,07
19173,那只是你的马后炮而已，希罗！,ema,02,01,Trial,07
19174,好、好啦，你们两个都冷静冷静……！这样下去只会变成无意义的口水战了啦！,miria,02,01,Trial,07
19175,『禁止喧哗』,anan,02,01,Trial,07
19176,（被制止了……！）,hiro,02,01,Trial,07
19177,（但既然我不是凶手，那就一定是艾玛在说谎）,hiro,02,01,Trial,07
19178,（我要追问清楚梅露露和艾玛通话的内容，再接着——）,hiro,02,01,Trial,07
19179,（我得梳理清楚事件发生的顺序……！揭露艾玛证词中存在的矛盾！）,hiro,02,01,Trial,07
19180,……所以呢？你们还聊了些什么内容？,hiro,02,01,Trial,07
19181,也、也没什么很重要的事……毕竟电话很快就挂断了……,ema,02,01,Trial,07
19182,你的说法很含糊啊。你真的有和梅露露通过电话吗？,hiro,02,01,Trial,07
19183,我不认为你的发言有任何的可信度。,hiro,02,01,Trial,07
19184,真、真的通过电话啦！,ema,02,01,Trial,07
19185,……梅露露的语气听起来非常害怕，她说，【自己在医务室被希罗袭击了】……,ema,02,01,Trial,07
19186,还说自己必须要赶快逃走。,ema,02,01,Trial,07
19187,甚至还劝告我，最好也一起逃走……,ema,02,01,Trial,07
19188,我、我真的没有骗人！,ema,02,01,Trial,07
19189,魔女图鉴 更新…,"@toast ""|#Toast_001|""",02,01,Trial,07
19190,所以我才会……跑出去找梅露露……！,ema,02,01,Trial,07
19191,讨论前进…,@toast |#Toast_002|,02,01,Trial,07
19192,……这种毫无根据的诽谤差不多该到此为止了吧。,hiro,02,01,Trial,07
19193,……啊？,alisa,02,01,Trial,07
19194,请各位仔细想想吧。艾玛的证词中存在着矛盾。,hiro,02,01,Trial,07
19195,矛盾……？什么矛盾？,hanna,02,01,Trial,07
19196,梅露露说，她【在医务室被我袭击】……？,hiro,02,01,Trial,07
19197,不，这绝对不可能发生。,hiro,02,01,Trial,07
19198,——各位听清楚了，是绝对不可能发生。,hiro,02,01,Trial,07
19199,因为那时……医务室里【有奈叶香在场】啊。,hiro,02,01,Trial,07
19200,……啊！,ema,02,01,Trial,07
19201,这一点在刚才安安整理的不在场证明中也有明确提及……,hiro,02,01,Trial,07
19202,没错吧？奈叶香。,hiro,02,01,Trial,07
19203,……是的。这一点我也觉得非常奇怪。,nanoka,02,01,Trial,07
19204,按照艾玛的说法，她和梅露露通完电话后，在会客厅遇到了奈叶香，没错吧？,hiro,02,01,Trial,07
19205,但是，当时的奈叶香，不是应该正在医务室里找药吗？,hiro,02,01,Trial,07
19206,是的，没错。我确实在医务室里待了一段时间。,nanoka,02,01,Trial,07
19207,所以，如果樱羽艾玛声称，【冰上梅露露在医务室遭到了二阶堂希罗的袭击】的话……,nanoka,02,01,Trial,07
19208,我必须站出来否定这一点。,nanoka,02,01,Trial,07
19209,毫无疑问……【冰上梅露露当时根本就不在医务室】。,nanoka,02,01,Trial,07
19210,怎、怎么会这样……！但是，梅露露在电话里明明亲口说，她就在医务室啊……！,ema,02,01,Trial,07
19211,……那么，难道是我袭击了冰上梅露露吗？,nanoka,02,01,Trial,07
19212,这、这……！,ema,02,01,Trial,07
19213,艾玛，你在撒谎，你想把我塑造成凶手。,hiro,02,01,Trial,07
19214,不然的话，不可能出现这种矛盾……！,hiro,02,01,Trial,07
19215,不是这样的……！我没有……！,ema,02,01,Trial,07
19216,……好、好啦……！你们两个，都冷静一点……！,miria,02,01,Trial,07
19217,小蕾，你也快说两句！你不是领袖吗！这样下去讨论永远不会有进展的……！,miria,02,01,Trial,07
19218,……确实，你说得对。我们应该心平气和地对话，争取和平解决！,leia,02,01,Trial,07
19219,我们现在不就是在【对话】吗……,coco,02,01,Trial,07
19220,虽然是对话没错啦，但现在也没有任何证据能证实哪一方的说法是正确的……,sherry,02,01,Trial,07
19221,……嗯——诺亚觉得艾玛说的话有点奇怪。,noa,02,01,Trial,07
19222,……哎，毕竟和黑部的说法有矛盾嘛。,alisa,02,01,Trial,07
19223,不是这个意思啦……,noa,02,01,Trial,07
19224,……艾玛和希罗不一样，她没有说谎的理由吧？,noa,02,01,Trial,07
19225,……！,ema,02,01,Trial,07
19226,（……说谎？）,hiro,02,01,Trial,07
19227,希罗是因为被人怀疑了，所以说谎也能理解哦？,noa,02,01,Trial,07
19228,但是，艾玛为什么要【隐瞒】这件事呢……？唔～……,noa,02,01,Trial,07
19229,……好难懂啊。诺亚搞不明白。,noa,02,01,Trial,07
19230,那个……我……,ema,02,01,Trial,07
19231,（……从诺亚的口吻来看，她难道是察觉到我在说谎了吗？）,hiro,02,01,Trial,07
19232,（虽然不知道诺亚在想什么……但她真的很敏锐。真不想和她为敌）,hiro,02,01,Trial,07
19233,（……话说回来，艾玛隐瞒了事情……？）,hiro,02,01,Trial,07
19234,（她还有什么事情瞒着我们吗？）,hiro,02,01,Trial,07
19235,……诺亚，我没有说任何谎话哦。,hiro,02,01,Trial,07
19236,是吗～？,noa,02,01,Trial,07
19237,……不过，艾玛。如果你还有什么隐瞒的事情，还是现在说出来比较好。,hiro,02,01,Trial,07
19238,……毕竟一旦被处刑，就再也说不出口了。,hiro,02,01,Trial,07
19239,呜……！,ema,02,01,Trial,07
19240,……我明白了。我说就是。,ema,02,01,Trial,07
19241,但是……这件事和案件本身并没有关系。我先向大家道歉……对不起。,ema,02,01,Trial,07
19242,"我并不是有意想要<link=""Objection_02_01_08_01"">指控</link>希罗的。",ema,02,01,Trial,08
19243,所以……其实我原本并不想说。,ema,02,01,Trial,08
19244,这是为什么呢？,hanna,02,01,Trial,08
19245,因为，希罗是唯一一个，我来这里之前就认识的人……,ema,02,01,Trial,08
19246,所以，艾玛你是想要包庇希罗吗？,noa,02,01,Trial,08
19247,不、不是那样的……！,ema,02,01,Trial,08
19248,"但是，如果我把和梅露露的<link=""Objection_02_01_08_02"">谈话内容</link>告诉大家的话……我总觉得希罗会被处刑……",ema,02,01,Trial,08
19249,我不希望有人死掉……这个想法会很奇怪吗？,ema,02,01,Trial,08
19250,所以你才一直隐瞒梅露露对你说的话吗？,margo,02,01,Trial,08
19251,"嗯……但是……我所知道的情况，和现在的<link=""Objection_02_01_08_03"">讨论的方向</link>出现了<link=""Objection_02_01_08_04"">很大的偏差</link>……",ema,02,01,Trial,08
19252,所以我才觉得……必须要说出来才行。,ema,02,01,Trial,08
19253,（……真叫人恶心）,hiro,02,01,Trial,08
19254,（……她以前就是这副模样。遇事就想息事宁人，意志薄弱，总是无法坚定地对他人提出意见……）,hiro,02,01,Trial,08
19255,（如果没有人在背后推她一把，她甚至无法在正经讨论场合好好地表达自己的观点）,hiro,02,01,Trial,08
19256,（…………只不过）,hiro,02,01,Trial,08
19257,（这样的她却主动给出这些证词……难道背后有什么隐情？）,hiro,02,01,Trial,08
19258,（……也许，我也应该考虑一下她【并没有说谎的可能性】）,hiro,02,01,Trial,08
19259,艾玛在说谎,hiro,02,01,Trial,08
19260,返回,hiro,02,01,Trial,08
19261,梅露露在说谎,hiro,02,01,Trial,08
19262,很大的偏差是指？,hiro,02,01,Trial,08
19263,奈叶香在说谎,hiro,02,01,Trial,08
19264,艾玛在说谎。,hiro,02,01,Trial,08
19265,我、我没有说谎啦……！,ema,02,01,Trial,08
19266,你的说法与奈叶香的证词明显有矛盾，不是吗。,hiro,02,01,Trial,08
19267,而且，你说你并不是有意要告发我，但是——,hiro,02,01,Trial,08
19268,事实上，正因为你的这番话，大家对我的怀疑才变得更深了。,hiro,02,01,Trial,08
19269,……你根本不是在隐瞒证词。,hiro,02,01,Trial,08
19270,你不过是在等待一个最关键的时机，然后再出面作证罢了！,hiro,02,01,Trial,08
19271,不、不是的啦！！,ema,02,01,Trial,08
19272,等、等一下，小希！,miria,02,01,Trial,08
19273,现在进行人身攻击也没用……你先冷静一下……！,miria,02,01,Trial,08
19274,……说得对。至少就目前来看，还没有确凿的证据能够证明艾玛一定是在说谎。,leia,02,01,Trial,08
19275,……希罗！我们还是来进行更有建设性的讨论吧！,leia,02,01,Trial,08
19276,（虽然蕾雅说话的方式还是让人很不爽，但她说的确实没错，这样争论下去也不会有任何结果……）,hiro,02,01,Trial,08
19277,（……【艾玛和奈叶香的证词之间存在矛盾】，这一点是毋庸置疑的）,hiro,02,01,Trial,08
19278,（但是……退一百步说，假设艾玛说的是实话——）,hiro,02,01,Trial,08
19279,（那就意味着，现在在场的其他人中，一定有人在说谎）,hiro,02,01,Trial,08
19280,（证词无法得到证实的人……）,hiro,02,01,Trial,08
19281,（只有……她了）,hiro,02,01,Trial,08
19282,……我明白了，是奈叶香在说谎。,hiro,02,01,Trial,08
19283,……你这是什么意思？,nanoka,02,01,Trial,08
19284,有人能证明你当时在医务室吗？,hiro,02,01,Trial,08
19285,……没有。,nanoka,02,01,Trial,08
19286,那么，真相就只有一个了。,hiro,02,01,Trial,08
19287,梅露露是在医务室被【奈叶香】袭击的。,hiro,02,01,Trial,08
19288,但梅露露当时心神不定，【误以为袭击者是我】。,hiro,02,01,Trial,08
19289,如果奈叶香放下头发，摘掉帽子，确实有可能让别人误认是我。,hiro,02,01,Trial,08
19290,所、所以梅露露才给我打电话，说【被希罗袭击了】……！？,ema,02,01,Trial,08
19291,然后……逃到牢房的梅露露最终还是被奈叶香杀害了，是这样吗！,sherry,02,01,Trial,08
19292,……二阶堂希罗，这根本不可能。,nanoka,02,01,Trial,08
19293,如果冰上梅露露真的在医务室遇袭，那尸体绝不可能出现在地下——,nanoka,02,01,Trial,08
19294,……是啊。从医务室逃到牢房，必须要经过会客厅。,alisa,02,01,Trial,08
19295,但是，当时我们就在会客厅，既没有看到冰上，也没有看到黑部。,alisa,02,01,Trial,08
19296,就算想绕路，从后门绕到前门，也需要相当长的时间呢。,sherry,02,01,Trial,08
19297,在这段时间里，应该会有人目击到浑身是血的冰上梅露露才对，不是吗？,nanoka,02,01,Trial,08
19298,而且，在樱羽艾玛和冰上梅露露通完电话后没多久，我就立刻在会客厅和大家会合了。,nanoka,02,01,Trial,08
19299,……你硬要说我是伪装，但实际上恐怕不太可能吧？,nanoka,02,01,Trial,08
19300,（……好像的确无法推翻奈叶香人在医务室的主张）,hiro,02,01,Trial,08
19301,（……【艾玛和奈叶香的证词之间存在矛盾】，这一点是毋庸置疑的）,hiro,02,01,Trial,08
19302,（但是……退一百步说，假设艾玛说的是实话——）,hiro,02,01,Trial,08
19303,（那就意味着，现在在场的其他人中，一定有人在说谎）,hiro,02,01,Trial,08
19304,（证词无法得到证实的人……）,hiro,02,01,Trial,08
19305,（只有……她了）,hiro,02,01,Trial,08
19306,……你说的重大偏差是指什么？,hiro,02,01,Trial,08
19307,最大的偏差就是，梅露露的推定死亡时间……,ema,02,01,Trial,08
19308,虽然按目前的讨论结果，推定死亡时间可能是发现尸体40分钟前……但我在30分钟前还和梅露露通过话——,ema,02,01,Trial,08
19309,那时，梅露露在电话里说……【自己在医务室被希罗袭击了】。,ema,02,01,Trial,08
19310,起初……我以为这只是一场误会。,ema,02,01,Trial,08
19311,所以，你才一直没有说出这件事……？,miria,02,01,Trial,08
19312,嗯，我在想，或许和大家一起讨论过之后……就能得出不同的结论了……,ema,02,01,Trial,08
19313,结果，我还是觉得必须把梅露露留下的遗言告诉大家才行……,ema,02,01,Trial,08
19314,可是，我又没办法完全怀疑希罗……,ema,02,01,Trial,08
19315,我……我真的完全不知道该怎么办才好了……,ema,02,01,Trial,08
19316,所以，我才会……,ema,02,01,Trial,08
19317,……那是在撒谎吧。,hiro,02,01,Trial,08
19318,怎、怎么会……！我怎么可能会撒谎……！,ema,02,01,Trial,08
19319,要听别人把话说完。难道你是那种一看到人就乱叫的笨狗吗？,hiro,02,01,Trial,08
19320,呀……！？,ema,02,01,Trial,08
19321,艾玛，假设你没有撒谎……,hiro,02,01,Trial,08
19322,那么，有没有可能是梅露露在撒谎呢？,hiro,02,01,Trial,08
19323,梅、梅露露……在撒谎？,ema,02,01,Trial,08
19324,……哦？这倒是一个全新的视角呢。,leia,02,01,Trial,08
19325,这、这怎么可能……！虽然，也不是完全不可能……,ema,02,01,Trial,08
19326,可、可是梅露露她为什么要撒这种谎呢！？,hanna,02,01,Trial,08
19327,（……回想一下蕾雅的证词吧）,hiro,02,01,Trial,08
19328,（蕾雅听到了【40分钟前的玻璃破碎声】……如果将那个声音出现的时间认定为作案时间，那么艾玛和梅露露之间的通话……【就绝不可能发生】）,hiro,02,01,Trial,08
19329,（但是，梅露露和艾玛之间的通话，却是真实发生过的。那么，能解释这个情况的可能性是……？）,hiro,02,01,Trial,08
19330,梅露露在自导自演,@choice |#0201Trial08_Choice005|,02,01,Trial,08
19331,通话内容是录音,@choice |#0201Trial08_Choice006|,02,01,Trial,08
19332,有人冒充梅露露,@choice |#0201Trial08_Choice007|,02,01,Trial,08
19333,……这是一场由梅露露自导自演的戏。,hiro,02,01,Trial,08
19334,你、你的意思是……！？,ema,02,01,Trial,08
19335,道理很简单。,hiro,02,01,Trial,08
19336,梅露露为了让我背上凶手的黑锅，特意给艾玛打了一个虚假的电话。,hiro,02,01,Trial,08
19337,然后，她亲手用剑贯穿了自己的身体……死去了。,hiro,02,01,Trial,08
19338,……毕竟梅露露身为幕后黑手，能搞到【杀死魔女的药】也并不奇怪。,hiro,02,01,Trial,08
19339,怎么会，为什么她要这么做……？,ema,02,01,Trial,08
19340,（动机还不清楚……）,hiro,02,01,Trial,08
19341,（但是，如果将这一切都认定为自杀的话，那么梅露露为什么要打昏我，也就说得通了——）,hiro,02,01,Trial,08
19342,等一下，希罗！,leia,02,01,Trial,08
19343,请你回想一下凶器——就是那把剑。她根本不可能用剑多次贯穿自己的身体，难道不是吗。,leia,02,01,Trial,08
19344,确实，尸体上有多次刺伤的痕迹……！,miria,02,01,Trial,08
19345,就算她是不死之身的魔女，也应该会选择一种更容易死亡的方法吧？,leia,02,01,Trial,08
19346,请修正一下你的推理方向吧，希罗！,leia,02,01,Trial,08
19347,（……蕾雅说得的确有一定道理）,hiro,02,01,Trial,08
19348,（只不过，我还是认为【与梅露露的通话内容充满了疑点】）,hiro,02,01,Trial,08
19349,（我袭击她的说法……只可能是凭空捏造的）,hiro,02,01,Trial,08
19350,（而且，她和艾玛的通话发生在【梅露露不可能打电话的时间段】）,hiro,02,01,Trial,08
19351,（也就是说，那通电话——是【某个冒充梅露露的人】的手笔……！）,hiro,02,01,Trial,08
19352,艾玛听到的声音……是录音。,hiro,02,01,Trial,08
19353,艾玛其实是在和预先录制好的梅露露的声音对话。,hiro,02,01,Trial,08
19354,怎么会……？怎么可能提前录制好那样的内容……？,ema,02,01,Trial,08
19355,而且，梅露露的声音……听起来真的非常害怕——！,ema,02,01,Trial,08
19356,不是正好有这么一个人选吗……就是那种看起来很擅长这种演技指导的【演员】。,hiro,02,01,Trial,08
19357,…………你是在说我吗？,leia,02,01,Trial,08
19358,没错，就是你，蕾雅。是你事先录制了梅露露感到害怕的声音。,hiro,02,01,Trial,08
19359,你甚至还非常贴心地准备好了台词。,hiro,02,01,Trial,08
19360,比如说，“我想录一段配音剧，在可可的直播里面播出”……难道你不是找了这样的理由骗她录音吗？,hiro,02,01,Trial,08
19361,……然后，在和艾玛通话的时候，你播放了其中一部分的录音。这样一来，一切就都能解释得通了。,hiro,02,01,Trial,08
19362,…………呵呵。,leia,02,01,Trial,08
19363,不错啊……真是非常精彩的剧本。你要不要考虑下改行当小说家呀，侦探小姐。,leia,02,01,Trial,08
19364,怎么会……蕾雅，难道你真的……！？,hanna,02,01,Trial,08
19365,不不不不不。,coco,02,01,Trial,08
19366,我们从发现尸体前一个小时开始就一直待在一起，期间谁都没离开过座位啊。,coco,02,01,Trial,08
19367,艾玛亲和小梅通话，是在40分钟前，没错吧？,coco,02,01,Trial,08
19368,假设小蕾伪造了推定死亡时间，把小梅杀了……,miria,02,01,Trial,08
19369,我也觉得，小蕾根本没有机会在和小艾通话的时候播放录音呢～……,miria,02,01,Trial,08
19370,听起来确实不太可能～,noa,02,01,Trial,08
19371,…………呵，我只是早就想说说看了。,leia,02,01,Trial,08
19372,说一次那种凶手会说的台词！！,leia,02,01,Trial,08
19373,请不要在那里捣乱了好吗！！,hanna,02,01,Trial,08
19374,总之，我既不可能犯案，也不可能动手脚。,leia,02,01,Trial,08
19375,明白了吗，希罗。,leia,02,01,Trial,08
19376,（看来，蕾雅不可能进行伪装……）,hiro,02,01,Trial,08
19377,（只不过，我还是认为【与梅露露的通话内容充满了疑点】）,hiro,02,01,Trial,08
19378,（我袭击她的说法……只可能是凭空捏造的）,hiro,02,01,Trial,08
19379,（而且，她和艾玛的通话发生在【梅露露不可能打电话的时间段】）,hiro,02,01,Trial,08
19380,（也就是说，那通电话——是【某个冒充梅露露的人】的手笔……！）,hiro,02,01,Trial,08
19381,（……如果艾玛说的是实话，那就意味着，当时应该已经死亡的梅露露，竟然还在和她通话）,hiro,02,01,Trial,08
19382,（如果真是这样的话，那和艾玛通话的人，就应该是【另一个人】）,hiro,02,01,Trial,08
19383,（要说谁有办法冒充他人身份……我只能想到一个人）,hiro,02,01,Trial,08
19384,（只是这么一来……艾玛就很有可能不是凶手）,hiro,02,01,Trial,08
19385,（……艾玛作案的可能性，和另有真凶的可能性……）,hiro,02,01,Trial,08
19386,（……姑且就试这么一次）,hiro,02,01,Trial,08
19387,（试着排除艾玛的嫌疑……）,hiro,02,01,Trial,08
19388,……原来如此。,hiro,02,01,Trial,08
19389,怎、怎么了……希罗……？,ema,02,01,Trial,08
19390,我知道凶手是谁了。,hiro,02,01,Trial,08
19391,欸？！这、这怎么可能……！我怎么可能会杀害梅露露……！,ema,02,01,Trial,08
19392,我没说是你。,hiro,02,01,Trial,08
19393,凶手另有其人。,hiro,02,01,Trial,08
19394,欸欸……！？,ema,02,01,Trial,08
19395,凶手给艾玛拨了电话，让她成为了虚假的证人。,hiro,02,01,Trial,08
19396,……目的就是让大家以为，梅露露在那个时间还活着。,hiro,02,01,Trial,08
19397,然后，再将罪名转嫁到我的头上。,hiro,02,01,Trial,08
19398,在我们之间有办法做到这件事的，只有一个人。而那个能够操纵死亡时间的凶手就是——,hiro,02,01,Trial,08
19399,……我收回我刚才说的话。,hiro,02,01,Trial,08
19400,看来凶手的确就是你……樱羽艾玛！,hiro,02,01,Trial,08
19401,欸欸！？,ema,02,01,Trial,08
19402,【你和梅露露通过电话】这份证词本身，就是为了要陷害我而精心编造的谎言。,hiro,02,01,Trial,08
19403,你在掌握了所有人的不在场证明之后，精准地锁定了【对我最不利的时间段】——,hiro,02,01,Trial,08
19404,然后，再谎称【在那个时间，你和梅露露通过了电话】，以此来指控我！,hiro,02,01,Trial,08
19405,小、小希……冷静一点，冷静一点好吗！,miria,02,01,Trial,08
19406,小梅死亡的时间，是小蕾听到玻璃破碎声的时候，也就是发现尸体的【40分钟之前】……,miria,02,01,Trial,08
19407,那时，小艾应该还在二楼，之后安安她们也目击到小艾下到了一楼，没错吧……？,miria,02,01,Trial,08
19408,这样看来，小艾根本没有机会接近案发现场，不是吗？,miria,02,01,Trial,08
19409,『当时艾玛和我们在一起』,anan,02,01,Trial,08
19410,虽然不知道之后艾玛去了哪里……,noa,02,01,Trial,08
19411,但是在艾玛接到电话的【30分钟前】的时间点，我们一直都待在一起哦。,noa,02,01,Trial,08
19412,……居然因掺杂私情而蒙蔽了双眼。,anan,02,01,Trial,08
19413,『真是愚蠢』,anan,02,01,Trial,08
19414,（……得先冷静下来才行）,hiro,02,01,Trial,08
19415,（以艾玛的证词可信为前提考虑……那么【和艾玛通话的人，就不是梅露露本人】）,hiro,02,01,Trial,08
19416,（这样一来，答案就只有一个了。凶手就是【能够冒充梅露露的人】……她就是——）,hiro,02,01,Trial,08
19417,冰上梅露露，她自己。,hiro,02,01,Trial,08
19418,欸……？可是，梅露露不是被害人吗……！？,ema,02,01,Trial,08
19419,没错，梅露露是被凶手刺伤了……然后在临死前，给艾玛拨了那通电话。,hiro,02,01,Trial,08
19420,虽然我还不知道她的动机，但她这么做，显然是为了将罪名转嫁到我的头上。,hiro,02,01,Trial,08
19421,……请等一下。,leia,02,01,Trial,08
19422,如果各位相信我听到的【玻璃破碎声】，那么梅露露遇害的时间，就应该是发现尸体的【40分钟之前】。,leia,02,01,Trial,08
19423,但是，艾玛和梅露露通电话的时间，却是在发现尸体的【30分钟之前】……,leia,02,01,Trial,08
19424,应该已经遇害的梅露露，怎么可能和艾玛进行通话呢？,leia,02,01,Trial,08
19425,……梅露露是魔女——她有着不死之身。,hiro,02,01,Trial,08
19426,虽然凶手使用了【杀死魔女的药】，但如果在30分钟前梅露露其实还没有死的话——,hiro,02,01,Trial,08
19427,——不，我觉得这是不可能的。,nanoka,02,01,Trial,08
19428,你看冰上梅露露的尸体，她的【喉咙被贯穿了】……,nanoka,02,01,Trial,08
19429,我不觉得她在喉咙被刺伤后还能讲电话。,nanoka,02,01,Trial,08
19430,好像还真是～,noa,02,01,Trial,08
19431,而且那也不大可能是后来才补刀的，恐怕那通电话真的不是梅露露本人打来的呢！,sherry,02,01,Trial,08
19432,（……看来，现在应该可以认定艾玛听到的梅露露的遗言是虚假的了。话说回来……）,hiro,02,01,Trial,08
19433,（以艾玛的证词可信为前提考虑……那么【和艾玛通话的人，就不是梅露露本人】）,hiro,02,01,Trial,08
19434,（这样一来，答案就只有一个了。凶手就是【能够冒充梅露露的人】……她就是——）,hiro,02,01,Trial,08
19435,要说谁是善于冒充他人的高手——,hiro,02,01,Trial,08
19436,那就只有舞台剧演员，莲见蕾雅……凶手就是你。,hiro,02,01,Trial,08
19437,……哦，真有意思。,leia,02,01,Trial,08
19438,我模仿梅露露给艾玛拨了那通电话……这就是你的结论吗？,leia,02,01,Trial,08
19439,……这根本不可能吧。,alisa,02,01,Trial,08
19440,哎呀？你可不能小瞧我的演技哦。,leia,02,01,Trial,08
19441,我现在就可以演示给你们看。不就是模仿梅露露罢了……！,leia,02,01,Trial,08
19442,不，我说的不是这个意思啦。,alisa,02,01,Trial,08
19443,你那时候不是有不在场证明吗？,alisa,02,01,Trial,08
19444,……啊！？,leia,02,01,Trial,08
19445,是啊……蕾雅从发现尸体1小时前开始，就一直跟我们待在一起。,hanna,02,01,Trial,08
19446,嗯，我觉得小蕾应该没有时间偷偷打电话哦……？,miria,02,01,Trial,08
19447,听你们这么说，好像确实没说错……,leia,02,01,Trial,08
19448,我无法实施伪装！……但是，你们千万不要误会了！,leia,02,01,Trial,08
19449,这仅仅说明，我在那个特定时间段做不到而已……,leia,02,01,Trial,08
19450,但模仿他人的演技并不难，我可以完美地表演给你们看！,leia,02,01,Trial,08
19451,（……为什么非要较这个劲……！）,hiro,02,01,Trial,08
19452,（以艾玛的证词可信为前提考虑……那么【和艾玛通话的人，就不是梅露露本人】）,hiro,02,01,Trial,08
19453,（这样一来，答案就只有一个了。凶手就是【能够冒充梅露露的人】……她就是——）,hiro,02,01,Trial,08
19454,希罗……她，不太可能冒充别人吧……？,ema,02,01,Trial,08
19455,（……重新再想想看吧）,hiro,02,01,Trial,08
19456,（以艾玛的证词可信为前提考虑……那么【和艾玛通话的人，就不是梅露露本人】）,hiro,02,01,Trial,08
19457,（这样一来，答案就只有一个了。凶手就是【能够冒充梅露露的人】……她就是——）,hiro,02,01,Trial,08
19458,我们毕竟才相识不久，艾玛听错电话那头的声音其实也很正常……,hiro,02,01,Trial,08
19459,但是，梅露露那种胆怯懦弱的说话方式，实在是太有特点了。,hiro,02,01,Trial,08
19460,就算不是面对面，只是通过电话对话，也很难听错她的声音。,hiro,02,01,Trial,08
19461,而且梅露露本人也没有理由要说谎，另外也很难相信艾玛是在跟一段事先录好的录音对话……,hiro,02,01,Trial,08
19462,……这么一来，能在电话里和艾玛对谈的人，只可能是那个人了。,hiro,02,01,Trial,08
19463,——那就是，能够完美模仿他人声带的魔法使用者。,hiro,02,01,Trial,08
19464,也就是……【模仿】魔法的使用者——,hiro,02,01,Trial,08
19465,…………！,ema,02,01,Trial,08
19466,——宝生玛格！你就是杀害梅露露的凶手！,hiro,02,01,Trial,08
19467,…………哦？,margo,02,01,Trial,08
19468,……真有意思，希罗。,margo,02,01,Trial,08
19469,只凭这种毫无根据的线索，就认定我是凶手？,margo,02,01,Trial,08
19470,我只不过是在陈述，经过层层推理最终得出的结论而已。,hiro,02,01,Trial,08
19471,想反驳的话，我洗耳恭听。,hiro,02,01,Trial,08
19472,……好吧。既然如此，那我就说几句。,margo,02,01,Trial,08
19473,你的推理，绝大部分都是建立在其他人的证词之上的，对吧？,margo,02,01,Trial,08
19474,那你凭什么能这么自信地断言呢？,margo,02,01,Trial,08
19475,有可能单纯只是艾玛撒谎骗你而已，你不觉得吗？而目的就是为了陷害你……,margo,02,01,Trial,08
19476,还是说……【因为她是朋友你才相信她】吗？,margo,02,01,Trial,08
19477,——怎么会。,hiro,02,01,Trial,08
19478,那是绝对不可能的。,hiro,02,01,Trial,08
19479,欸……,ema,02,01,Trial,08
19480,这只不过是单纯的逻辑推理……不多一分，不少一毫。,hiro,02,01,Trial,08
19481,我所做的一切，都只是为了追寻真相。,hiro,02,01,Trial,08
19482,而且……逻辑也在告诉我，凶手就是你。,hiro,02,01,Trial,08
19483,……哼？,margo,02,01,Trial,08
19484,你的主张……其实是【虚假】的，没错吧？希罗。,margo,02,01,Trial,08
19485,…………！,hiro,02,01,Trial,08
19486,你没有任何确凿的证据能够证明我就是凶手，不是吗？,margo,02,01,Trial,08
19487,你所谓的推理，不过是为了逃避对自己的刑罚，而在仓皇之间拼凑出来的挣扎之词……,margo,02,01,Trial,08
19488,不过是在众人间播撒怀疑，令所有人彼此猜忌的流言蜚语罢了……,margo,02,01,Trial,08
19489,我懂你哦。因为这种手段我也很擅长呢♡,margo,02,01,Trial,08
19490,（玛格的这番话……如果要用“黑”或“白”来评价，毫无疑问她【黑】透了）,hiro,02,01,Trial,08
19491,（就算玛格真的冒充了梅露露的声音，也没法直接认定她就是凶手。……只不过）,hiro,02,01,Trial,08
19492,（如果不采取行动，我很快就会以最大嫌疑人的身份被处决了）,hiro,02,01,Trial,08
19493,（因此在这种情况下，想要将真凶送上处刑台，我要做的不是证明自身的清白，而是必须证明其他人的嫌疑，对这个人发起进攻）,hiro,02,01,Trial,08
19494,（这才是【正确】的战斗方式）,hiro,02,01,Trial,08
19495,（当然……如果把这个想法直接说出去，那就太蠢了。这不是正确的辩论策略）,hiro,02,01,Trial,08
19496,（你的挑衅对我无效，玛格）,hiro,02,01,Trial,08
19497,玛格，你究竟想说什么呢？看你一直没提出反驳，也就是说你默认一切属实咯？,hiro,02,01,Trial,08
19498,呵呵，怎么可能。没这回事。,margo,02,01,Trial,08
19499,只是，你这种说法实在是荒谬绝伦……害我忍不住笑出声罢了。,margo,02,01,Trial,08
19500,因为，我根本就不可能作案。,margo,02,01,Trial,08
19501,……那，就请你告诉我吧。,hiro,02,01,Trial,08
19502,告诉我你打算怎样从被逼入绝境的局面中成功脱身吧。,hiro,02,01,Trial,08
19503,……好啊，当然可以。,margo,02,01,Trial,08
19504,因为我从一开始，就没有被逼入绝境呢。,margo,02,01,Trial,08
19505,我并不是凶手……这一点，我会让你的每一根骨头都深深体会到♡,margo,02,01,Trial,08
19506,刚才我们也讨论过，现场的地板上涂有白色的颜料。,margo,02,01,Trial,09
19507,这是诺亚你弄的，没错吧？,margo,02,01,Trial,09
19508,嗯，没错哦～,noa,02,01,Trial,09
19509,案件发生的时候，颜料应该还没有干透。这一点大家都确认过了。,leia,02,01,Trial,09
19510,那么……凶手如果踏入了现场，就肯定会留下痕迹。,margo,02,01,Trial,09
19511,确实是这样没错！,sherry,02,01,Trial,09
19512,"但是，现场只留下了希罗和<link=""Objection_02_01_09_01"">梅露露的脚印</link>。那里并没有其他脚印，也没有<link=""Objection_02_01_09_02"">可以用作落脚点的东西</link>……",margo,02,01,Trial,09
19513,所以说，我根本就不可能作案。,margo,02,01,Trial,09
19514,只有跟她在一起的希罗……或者会飞的汉娜才有办法作案哦。,margo,02,01,Trial,09
19515,（如果艾玛没有撒谎，那就意味着现在撒谎的人是玛格……）,hiro,02,01,Trial,09
19516,（虽然我还没有完全排除对艾玛的怀疑，但无论谁是凶手，这个问题都必须解决）,hiro,02,01,Trial,09
19517,（【没有留下任何脚印的房间】……凶手一定有突破这个密室的方法）,hiro,02,01,Trial,09
19518,（反过来说……如果凶手是玛格的话，就意味着她不可能像汉娜那样，利用魔法突破密室）,hiro,02,01,Trial,09
19519,（现场是否还存在遗漏……再重新确认一遍看看吧！）,hiro,02,01,Trial,09
19520,使用了梅露露的鞋子,hiro,02,01,Trial,09
19521,进入时踩着梅露露的脚印,hiro,02,01,Trial,09
19522,返回,hiro,02,01,Trial,09
19523,有其他落脚点,hiro,02,01,Trial,09
19524,只要有梅露露的脚印，就已经足够了。,hiro,02,01,Trial,09
19525,玛格，你是利用梅露露的鞋子踏入凶案现场的。,hiro,02,01,Trial,09
19526,但、但是这究竟要怎么做到……？发现尸体的时候，小梅不是穿着鞋子的吗……？,miria,02,01,Trial,09
19527,凶手先穿上梅露露的鞋子，然后把事先弄晕的梅露露转移到现场并杀害……,hiro,02,01,Trial,09
19528,之后，凶手再把鞋子穿回梅露露身上，这么一来，犯罪现场就只会留下梅露露自己的脚印了。,hiro,02,01,Trial,09
19529,情况真是这样吗？,margo,02,01,Trial,09
19530,你根本没考虑到折返时的足迹吧？,margo,02,01,Trial,09
19531,脚印呢，无论是进场时还是折返时都会留下的哦？,margo,02,01,Trial,09
19532,啊……确实是。,miria,02,01,Trial,09
19533,你的推理太过牵强了，希罗。就算你再怎么不想被处决……也不该胡搅蛮缠的，对吧？,margo,02,01,Trial,09
19534,不要再找蹩脚的借口了，好吗♡,margo,02,01,Trial,09
19535,（被说成是找借口了……）,hiro,02,01,Trial,09
19536,（但现在最可疑的人就是玛格）,hiro,02,01,Trial,09
19537,（存不存在某样东西……可以让她不留足迹进入现场呢？）,hiro,02,01,Trial,09
19538,……玛格她是踩着梅露露走过的足迹进入现场的。,hiro,02,01,Trial,09
19539,然后在杀害梅露露之后，再小心翼翼地，只踩着那些脚印离开现场就行了。,hiro,02,01,Trial,09
19540,……这不太合理吧。,leia,02,01,Trial,09
19541,凶手需要一步不动地将受害者乱剑刺死，我觉得这非常难以实现……,leia,02,01,Trial,09
19542,是啊……而且现场的颜料还没干——,margo,02,01,Trial,09
19543,如果凶手踩在脚印之上的话，应该会留下【再次踩踏过的痕迹】才对，不是吗？,margo,02,01,Trial,09
19544,好像……并没有这种痕迹。,miria,02,01,Trial,09
19545,到头来，我确实不具备作案条件。,margo,02,01,Trial,09
19546,要以现场脚印去判断，最可疑的就是希罗……就是你哦♡,margo,02,01,Trial,09
19547,（……结果反而加深了我的嫌疑）,hiro,02,01,Trial,09
19548,（但现在最可疑的人就是玛格）,hiro,02,01,Trial,09
19549,（存不存在某样东西……可以让她不留足迹进入现场呢？）,hiro,02,01,Trial,09
19550,你说现场没有落脚点……？,hiro,02,01,Trial,09
19551,哎，我眼睛可没那么瞎，凭一两句话就能让你蒙混过去了。,hiro,02,01,Trial,09
19552,你说对吧，蕾雅。,hiro,02,01,Trial,09
19553,欸！？啊、啊……啊啊……是啊……应、应该没错……,leia,02,01,Trial,09
19554,……你这个领袖真是靠不住。,hiro,02,01,Trial,09
19555,明明你们在发现尸体的时候，早就看见现场的落脚点了。,hiro,02,01,Trial,09
19556,那，你能指出来吗……！希罗……！,leia,02,01,Trial,09
19557,指出凶手是如何在不留脚印的情况下进入房间的！,leia,02,01,Trial,09
19558,当然可以。,hiro,02,01,Trial,09
19559,这应该需要一定的身手才能用得上……不过凶手所利用的落脚点……就是这个！,hiro,02,01,Trial,09
19560,凶手是一边踩着梅露露，一边把她乱剑刺死的。,hiro,02,01,Trial,09
19561,呵呵，这可说不通哦。,margo,02,01,Trial,09
19562,梅露露她是被刺伤后才倒在地上的吧？要怎么把她当作落脚点呢，连顺序都是反过来的。,margo,02,01,Trial,09
19563,……而且从尸体和入口的距离来看，要出现在那个位置，得一口气跳到冰上梅露露的身上才行……,nanoka,02,01,Trial,09
19564,我觉得这不太现实。,nanoka,02,01,Trial,09
19565,你的推理就跟杂技一样乱来哇！,hanna,02,01,Trial,09
19566,（看来我是有些异想天开了……）,hiro,02,01,Trial,09
19567,（……再重新回想一下现场的情况吧）,hiro,02,01,Trial,09
19568,（现场应该存在可以作为【落脚点】的东西……！）,hiro,02,01,Trial,09
19569,安眠药瓶……凶手就是用这个当落脚点的！所以瓶子才会被踩碎——,hiro,02,01,Trial,09
19570,那也太小了。,alisa,02,01,Trial,09
19571,而且还碎掉了。瓶子碎了的话，脚不就直接着地了吗。,alisa,02,01,Trial,09
19572,话说回来，有可能站在那上面乱剑捅小梅吗？身子不会左摇右晃吗？,coco,02,01,Trial,09
19573,就算有【一定的身手】也不可能做到的啦。,alisa,02,01,Trial,09
19574,（看来这个推理有些牵强了……）,hiro,02,01,Trial,09
19575,（……再重新回想一下现场的情况吧）,hiro,02,01,Trial,09
19576,（现场应该存在可以作为【落脚点】的东西……！）,hiro,02,01,Trial,09
19577,希罗……那东西好像没法用来当落脚点啊……？,leia,02,01,Trial,09
19578,（看来这个东西不太适合用作落脚点……）,hiro,02,01,Trial,09
19579,（……再重新回想一下现场的情况吧）,hiro,02,01,Trial,09
19580,（现场应该存在可以作为【落脚点】的东西……！）,hiro,02,01,Trial,09
19581,那是……！,ema,02,01,Trial,09
19582,……唉，真没想到会被迫解释这么丢脸的事情。,hiro,02,01,Trial,09
19583,凶手所利用的落脚点就是——,hiro,02,01,Trial,09
19584,【倒在现场的我的身体】。,hiro,02,01,Trial,09
19585,把希罗……当成踏板了！？,leia,02,01,Trial,09
19586,在你们看来，我就是【杀了梅露露之后才倒在现场的凶手】……,hiro,02,01,Trial,09
19587,而正因为你们先入为主地认定我是凶手，所以才没有注意到，犯人把我当成了落脚点。,hiro,02,01,Trial,09
19588,……不过你们搞错时间顺序了。,hiro,02,01,Trial,09
19589,最先倒在现场的人是我。之后，梅露露才进入房间……,hiro,02,01,Trial,09
19590,也就是说，打从一开始我这个落脚点就存在于梅露露身旁了。,hiro,02,01,Trial,09
19591,那，凶手究竟是怎样杀害梅露露的呢？,noa,02,01,Trial,09
19592,首先，凶手为了接近进入房间的梅露露，先是跳到我身上……,hiro,02,01,Trial,09
19593,然后立刻刺杀了梅露露。,hiro,02,01,Trial,09
19594,凶手又朝着倒地的梅露露捅了很多剑……,hiro,02,01,Trial,09
19595,之后再次跳到我身上，小心不留下脚印地离开了房间。,hiro,02,01,Trial,09
19596,如果将昏迷的我作为踏板起跳，那么在不留下脚印的情况下杀死梅露露是完全有可能的。,hiro,02,01,Trial,09
19597,……如果按立定跳远来推测的话，我觉得可行。这个距离实际上并不夸张。,nanoka,02,01,Trial,09
19598,可、可是……！凶手真的会这么做吗……！,miria,02,01,Trial,09
19599,我记得现场并没有留下那样的证据……！,miria,02,01,Trial,09
19600,【实际上有没有做】并不重要。重要的是【理论上能不能做到】。,hiro,02,01,Trial,09
19601,只要作案手法在理论上是成立的，那就值得我们认真探讨。,hiro,02,01,Trial,09
19602,原来如此……你真可怕，希罗。,margo,02,01,Trial,09
19603,我想，只要被你缠上……就算是清白的人也会被你定罪呢。,margo,02,01,Trial,09
19604,这句话我原封不动地还给你。,hiro,02,01,Trial,09
19605,你的诡辩……对我无效。,hiro,02,01,Trial,09
19606,…………,margo,02,01,Trial,09
19607,…………,hiro,02,01,Trial,09
19608,等、等一下！冷静下……大家冷静点讨论好不好！,miria,02,01,Trial,09
19609,大、大叔我理解小希你为什么怀疑小玛，可是小玛不是有不在场证明吗？,miria,02,01,Trial,09
19610,不，那早就不再成立了。,hiro,02,01,Trial,09
19611,你们在发现尸体前不久听到的【玻璃碎裂声】……那其实是伪装。,hiro,02,01,Trial,09
19612,真正的作案时间是【发现尸体的40分钟前】……也就是蕾雅听到玻璃碎裂声的时候。,hiro,02,01,Trial,09
19613,是这个作案时间的话，玛格就根本没有不在场证明。,hiro,02,01,Trial,09
19614,……那时候我的确是一个人独处。,margo,02,01,Trial,09
19615,之后我才在会客厅和奈叶香她们会合。的确没有人能为我提供不在场证明呢。,margo,02,01,Trial,09
19616,是、是这样啊……,miria,02,01,Trial,09
19617,不过……按照希罗的推理，如果我是凶手，那就有一个地方是说不通的哦。,margo,02,01,Trial,09
19618,那就是……【梅露露的手机】的去向。,margo,02,01,Trial,09
19619,什么……？,hiro,02,01,Trial,09
19620,……我按顺序说明一下吧。,margo,02,01,Trial,09
19621,根据希罗的推理，【即将发现尸体时听到的玻璃声】是伪造的录音，没错吧？,margo,02,01,Trial,10
19622,那么这段录音理应存在于现场的【梅露露的手机】里。,margo,02,01,Trial,10
19623,毕竟现场也没有其他播放设备了吧？,margo,02,01,Trial,10
19624,可是，这就说不通了。,margo,02,01,Trial,10
19625,我在会客厅和艾玛汇合之后，就一直和奈叶香在一起。,margo,02,01,Trial,10
19626,艾玛她作证说她之前刚刚和梅露露通过电话……,margo,02,01,Trial,10
19627,假如用梅露露的手机给艾玛打电话的人是我，那么梅露露的手机从那时起就一直在我手里才对，不是吗？,margo,02,01,Trial,10
19628,……至少，宝生玛格没有靠近过案发现场。,nanoka,02,01,Trial,10
19629,请你说说看，我到底要怎样播放【从案发现场传来的录音】的呢？,margo,02,01,Trial,10
19630,如果手机在我身上，那声音就应该从我身上传出来才对，不是吗？,margo,02,01,Trial,10
19631,"在玻璃声响起时，宝生玛格正在<link=""Objection_02_01_10_01"">按</link>自己的手机。",nanoka,02,01,Trial,10
19632,不过，她一步都没有靠近过案发现场……,nanoka,02,01,Trial,10
19633,"再说了，听到声音的人有6个人，并且所有人都作证了，发现尸体时的那道玻璃破碎声【是从<link=""Objection_02_01_10_02"">案发现场</link>方向传来的】哦？",margo,02,01,Trial,10
19634,"请说说看，在现场响起的究竟是<link=""Objection_02_01_10_03"">什么声音</link>呢？",margo,02,01,Trial,10
19635,如果你硬要说是我做了伪装……那你就反驳看看好了，怎样？,margo,02,01,Trial,10
19636,【如果你做得到的话】……♡,margo,02,01,Trial,10
19637,（玛格明摆着在挑衅……看来她的发言中埋藏着好几个【陷阱】）,hiro,02,01,Trial,10
19638,（我是应该谨慎地避开呢……还是故意踩进去，观察她的反应呢……）,hiro,02,01,Trial,10
19639,（无论如何，我都不会放过她……！）,hiro,02,01,Trial,10
19640,当时在做什么？,hiro,02,01,Trial,10
19641,返回,hiro,02,01,Trial,10
19642,弄错了传来声音的地方,hiro,02,01,Trial,10
19643,是希罗的手机响了,hiro,02,01,Trial,10
19644,有自动打碎玻璃的机关,hiro,02,01,Trial,10
19645,有人将梅露露的手机偷放在我身上,hiro,02,01,Trial,10
19646,按手机……？,hiro,02,01,Trial,10
19647,那时候，你在做什么？莫非是在远程操控手机？,hiro,02,01,Trial,10
19648,才没有呢。我在试着发送聊天消息哦。,margo,02,01,Trial,10
19649,我给奈叶香，还有米莉亚她们发送了消息♡,margo,02,01,Trial,10
19650,……都是些无聊的内容。不值得一提。,nanoka,02,01,Trial,10
19651,……可、可以的话，还是希望你别再发奇怪的内容了～……,miria,02,01,Trial,10
19652,哎呀，奇怪的内容具体是指哪些呢？,margo,02,01,Trial,10
19653,这、这个嘛……！？,miria,02,01,Trial,10
19654,呃，对了，我们还聊了直播的幕后技术之类的话题吧～……！,miria,02,01,Trial,10
19655,比如说隐藏背景用的绿幕，还有还有，让声音听起来像从耳边或远处传来的空间音效之类的……！,miria,02,01,Trial,10
19656,怎么啦怎么啦？对直播有兴趣？如果你真的很想学，我可以教你哦？,coco,02,01,Trial,10
19657,不不，大叔我还是不太适合这些东西……！,miria,02,01,Trial,10
19658,……那时候我们正好在这边房间也聊着这些话题。,leia,02,01,Trial,10
19659,所以玛格当时在发送消息这件事应该是真的没错。,leia,02,01,Trial,10
19660,……在那期间，宝生玛格确实一步都没有离开过房间。,nanoka,02,01,Trial,10
19661,总之，重要的不是【我做了什么】哦？,margo,02,01,Trial,10
19662,而是【如何在案发现场准备了能发出声音的东西】哦？,margo,02,01,Trial,10
19663,那就是遗留在现场的东西……也就是【我的手机】发出了声音。,hiro,02,01,Trial,10
19664,玛格看准时机，远程操控了我的手机——,hiro,02,01,Trial,10
19665,如果有设置来电铃声或者闹钟，那就完全有可能。,hiro,02,01,Trial,10
19666,那么，希罗，能让我看一下你的手机吗？,margo,02,01,Trial,10
19667,如果是【我打了电话让希罗的手机发出声音】……那应该会留下通话记录吧？,margo,02,01,Trial,10
19668,而且，如果希罗没说错，那么手机的来电铃声应该被设置成了【玻璃破碎的声音】才对……,margo,02,01,Trial,10
19669,希罗的手机里，有录下那样的声音吗？,margo,02,01,Trial,10
19670,（呃……！我的手机里根本不存在这种声音……！）,hiro,02,01,Trial,10
19671,（虽然我可以作伪证，声称清除了数据……）,hiro,02,01,Trial,10
19672,（但是其他数据都还在，反而会招人可疑……）,hiro,02,01,Trial,10
19673,这样可是不对的，希罗，你怎么可以只凭臆测就认定别人是凶手——,margo,02,01,Trial,10
19674,这会害其他人开始怀疑你哦♡,margo,02,01,Trial,10
19675,（可恶……！玛格这个家伙……！）,hiro,02,01,Trial,10
19676,（她肯定早就预料到我会这样反驳了……！）,hiro,02,01,Trial,10
19677,（……从当时的状况来看，案发现场只有我的手机有可能发出声音……）,hiro,02,01,Trial,10
19678,（但是大家都的确听到了声音。那么……那道声音究竟是怎样弄出来的呢……？）,hiro,02,01,Trial,10
19679,其实很简单。现场一定设置了某种能自动打碎瓶子的机关。,hiro,02,01,Trial,10
19680,在发现尸体前40分钟，真凶玛格杀害了梅露露后，在现场设置了某种机关。,hiro,02,01,Trial,10
19681,例如，将瓶子不稳定地摆放在高处，并且用冰块提供支撑；那么当冰块融化时，瓶子自然就会掉落摔碎。,hiro,02,01,Trial,10
19682,你就是在现场设置了这样的机关。,hiro,02,01,Trial,10
19683,真厉害啊，希罗♡,margo,02,01,Trial,10
19684,竟然能想到各种各样的诡计。简直就像个杀人犯一样。,margo,02,01,Trial,10
19685,可是，现场并没有留下那样的痕迹哦？,margo,02,01,Trial,10
19686,是你做了手脚，掩盖了真实情况。又或者，我们遗漏了什么地方——,hiro,02,01,Trial,10
19687,希罗，你刚才这么说过吧？,margo,02,01,Trial,10
19688,现场的玻璃瓶碎片只有一个玻璃瓶的量，而且那就是蕾雅听到的【40分钟前响起的声音】的真相……,margo,02,01,Trial,10
19689,……！这……！,hiro,02,01,Trial,10
19690,如果真如你所说，打碎瓶子这件事是尸体发现前一刻才发生的——,margo,02,01,Trial,10
19691,那么，在尸体发现40分钟前响起的，又是什么声音呢？,margo,02,01,Trial,10
19692,唔…………！,hiro,02,01,Trial,10
19693,真让人头疼啊，希罗……你说话总是前后矛盾——,margo,02,01,Trial,10
19694,这样下去，我们都不敢再继续相信你了哦♡,margo,02,01,Trial,10
19695,（可恶……！玛格这个家伙……！）,hiro,02,01,Trial,10
19696,（她肯定早就预料到我会这样反驳了……！）,hiro,02,01,Trial,10
19697,（……从当时的状况来看，案发现场只有我的手机有可能发出声音……）,hiro,02,01,Trial,10
19698,（但是大家都的确听到了声音。那么……那道声音究竟是怎样弄出来的呢……？）,hiro,02,01,Trial,10
19699,……不知什么时候有人把梅露露的手机塞进我的衣服里了。,hiro,02,01,Trial,10
19700,如果在杀害梅露露时，就提前将手机藏在我的衣服里，也并非不可能——,hiro,02,01,Trial,10
19701,——那也是不可能的哦，希罗。,margo,02,01,Trial,10
19702,就假设我那时伪装成了梅露露好了，你看怎么样？,margo,02,01,Trial,10
19703,如此一来，我当时就应该用梅露露的手机打过电话。,margo,02,01,Trial,10
19704,可是在那之后，我根本没有接近过尸体。这一点奈叶香可以作证。,margo,02,01,Trial,10
19705,那手机就是在发现尸体之后放进去的。这样的话……,hiro,02,01,Trial,10
19706,玻璃破碎声，是在发现尸体【之前】响起的……,margo,02,01,Trial,10
19707,如果那道声音是从梅露露的手机里发出的……那我就不可能在之后再偷放手机。,margo,02,01,Trial,10
19708,很遗憾，希罗……你的推理，在时间先后顺序上就存在着矛盾呢♡,margo,02,01,Trial,10
19709,（可恶……！玛格这个家伙……！）,hiro,02,01,Trial,10
19710,（她肯定早就预料到我会这样反驳了……！）,hiro,02,01,Trial,10
19711,（……从当时的状况来看，案发现场只有我的手机有可能发出声音……）,hiro,02,01,Trial,10
19712,（但是大家都的确听到了声音。那么……那道声音究竟是怎样弄出来的呢……？）,hiro,02,01,Trial,10
19713,……呵，还以为你有什么杀手锏呢。,hiro,02,01,Trial,10
19714,…………,margo,02,01,Trial,10
19715,所谓的证词根本就不重要。,hiro,02,01,Trial,10
19716,玛格根本不需要在案发现场发出声音。这样一来，现场也就不需要梅露露的手机发声了。,hiro,02,01,Trial,10
19717,玛格用来制造出【玻璃破碎声】的方法就是……,hiro,02,01,Trial,10
19718,第二个玻璃瓶,@choice |#0201Trial10_Choice006|,02,01,Trial,10
19719,玛格的手机,@choice |#0201Trial10_Choice007|,02,01,Trial,10
19720,魔法,@choice |#0201Trial10_Choice008|,02,01,Trial,10
19721,使用了第二个玻璃瓶。,hiro,02,01,Trial,10
19722,第二个……？你的意思是说，她用的瓶子跟现场发现的玻璃瓶不是同一个？,nanoka,02,01,Trial,10
19723,没错，玛格事先准备了另一个玻璃瓶。,hiro,02,01,Trial,10
19724,她把那个瓶子扔在自己房间门前的走廊上，将它打碎……,hiro,02,01,Trial,10
19725,如果事先把它装在袋子里，就能轻松回收碎片了。,hiro,02,01,Trial,10
19726,……这不太可能吧。,nanoka,02,01,Trial,10
19727,就算宝生玛格有第二个玻璃瓶，如果不用相当大的力气砸，是很难打碎瓶子的……,nanoka,02,01,Trial,10
19728,也就是说，她需要移动到自己房间门口附近，然后做出幅度较大的投掷动作才行。,nanoka,02,01,Trial,10
19729,……我并没有看到她做出过什么可疑的举动。,nanoka,02,01,Trial,10
19730,不要太小看奈叶香了哦，希罗♡,margo,02,01,Trial,10
19731,（我并没有小看她……）,hiro,02,01,Trial,10
19732,（……目前我们还没有找到，能证明声音是伪造的实体证据）,hiro,02,01,Trial,10
19733,（但是……如果使用了【那个】，会不会连声音都可以重现……？）,hiro,02,01,Trial,10
19734,玛格她在自己的房间里，用自己的手机发出了声音。,hiro,02,01,Trial,10
19735,她事先录制好玻璃破碎的声音，然后在即将发现尸体的那个时间点播放了它。,hiro,02,01,Trial,10
19736,……这不可能。,nanoka,02,01,Trial,10
19737,我和宝生玛格待在同一个房间……尽管我并没有时时刻刻盯着她——,nanoka,02,01,Trial,10
19738,但我完全没有听到宝生玛格的手机发出声音……,nanoka,02,01,Trial,10
19739,如果从手机里发出的声音，大到连莲见蕾雅她们房间都能听得见，那我肯定会注意到的。,nanoka,02,01,Trial,10
19740,建议你还是重新思考一下吧，二阶堂希罗。,nanoka,02,01,Trial,10
19741,（被人提出建议了……）,hiro,02,01,Trial,10
19742,（……目前我们还没有找到，能证明声音是伪造的实体证据）,hiro,02,01,Trial,10
19743,（但是……如果使用了【那个】，会不会连声音都可以重现……？）,hiro,02,01,Trial,10
19744,那就是……你的魔法。,hiro,02,01,Trial,10
19745,你的魔法是【模仿】，也就是所谓的【口技】……,hiro,02,01,Trial,10
19746,既然你能模仿别人的声音，那么能模仿【玻璃破碎的声音】也不出奇吧？,hiro,02,01,Trial,10
19747,……哦，你的说法真有意思。,margo,02,01,Trial,10
19748,不过……你明白的吧？希罗。,margo,02,01,Trial,10
19749,你的主张是有漏洞的……,margo,02,01,Trial,10
19750,当时我和奈叶香同处一室，要是在近距离弄出玻璃破碎的声音，她不可能注意不到的吧？,margo,02,01,Trial,10
19751,哦？这可不一定。,hiro,02,01,Trial,10
19752,如果你用这个方法，就能瞒过近在咫尺的奈叶香。这个方法就是——,hiro,02,01,Trial,10
19753,说谎,@choice |#0201Trial10_Choice009|,02,01,Trial,10
19754,空间音效,@choice |#0201Trial10_Choice010|,02,01,Trial,10
19755,手机,@choice |#0201Trial10_Choice011|,02,01,Trial,10
19756,你说了谎，转移了奈叶香的注意力。,hiro,02,01,Trial,10
19757,比如说【房间深处有虫子】之类的，随便找了个借口，好让她注意不到走廊方向的动静。,hiro,02,01,Trial,10
19758,……你觉得我会相信那种骗小孩的把戏吗？,nanoka,02,01,Trial,10
19759,而且，那时候我几乎没和宝生玛格说过话。,nanoka,02,01,Trial,10
19760,仅有的几句交谈里也并没有任何能勾起我注意的内容……,nanoka,02,01,Trial,10
19761,二阶堂希罗，我可以保证，你的推理是错的。,nanoka,02,01,Trial,10
19762,（被斩钉截铁地否定了……！）,hiro,02,01,Trial,10
19763,（同处一室的玛格如果做出了可疑举动，奈叶香不可能注意不到）,hiro,02,01,Trial,10
19764,（但是，如果玛格的魔法真的【能模仿任何声音】——）,hiro,02,01,Trial,10
19765,（我是不是应该【假设她可以重现】现实世界中存在的所有声音种类呢？）,hiro,02,01,Trial,10
19766,玛格用自己的手机分散了奈叶香的注意力。,hiro,02,01,Trial,10
19767,玛格把手机放到房间深处，用某种方式令手机发出声音，好让她注意不到走廊方向的动静。,hiro,02,01,Trial,10
19768,……我不是说过了吗，二阶堂希罗。,nanoka,02,01,Trial,10
19769,在发现尸体之前，【宝生玛格一直在按手机】……,nanoka,02,01,Trial,10
19770,这是我刚刚才作证的。,nanoka,02,01,Trial,10
19771,……我觉得你应该好好听人说话，二阶堂希罗。,nanoka,02,01,Trial,10
19772,（被教训了……）,hiro,02,01,Trial,10
19773,（奈叶香作证说，她的注意力并没有被分散……）,hiro,02,01,Trial,10
19774,（……同处一室的玛格如果做出了可疑举动，奈叶香不可能注意不到）,hiro,02,01,Trial,10
19775,（但是，如果玛格的魔法真的【能模仿任何声音】——）,hiro,02,01,Trial,10
19776,（我是不是应该【假设她可以重现】现实世界中存在的所有声音种类呢？）,hiro,02,01,Trial,10
19777,她用魔法重现了，连声音来源方向都可以指定的……【空间音效】。,hiro,02,01,Trial,10
19778,这样一来，即使实际听见的声音是从近处发出的，也能让人误以为声音是从远处传来。,hiro,02,01,Trial,10
19779,而且【玻璃破碎声】还是一种很短促的声音，如果在毫无心理准备的情况下听到，误判声音的来源方向也并不出奇。,hiro,02,01,Trial,10
19780,还是说，你有办法断定这种可能性根本不存在？我想听听当时在场的奈叶香你的意见。,hiro,02,01,Trial,10
19781,……我无法否定这个说法。,nanoka,02,01,Trial,10
19782,毕竟，我也并没有时刻提防着宝生玛格。,nanoka,02,01,Trial,10
19783,……非常感谢你的宝贵证词。,hiro,02,01,Trial,10
19784,至于蕾雅她们四人，就更不用说了。,hiro,02,01,Trial,10
19785,因为从蕾雅她们的房间来看，玛格和奈叶香的房间正好处在案发现场的方向。,hiro,02,01,Trial,10
19786,对蕾雅她们而言，根本无从判断声音究竟是来自案发现场，还是玛格的房间。,hiro,02,01,Trial,10
19787,这就是你使用的诡计。我没说错吧？玛格。,hiro,02,01,Trial,10
19788,……呵呵。,margo,02,01,Trial,10
19789,呵呵呵……呵呵呵呵呵……♡,margo,02,01,Trial,10
19790,真有意思……希罗。你的推理，真是太精彩了……♡,margo,02,01,Trial,10
19791,不过呢，希罗。你的推理自始至终都缺乏证据。,margo,02,01,Trial,10
19792,还是说，你有办法拿出证据？……拿出证明我就是凶手的证据。,margo,02,01,Trial,10
19793,这……,hiro,02,01,Trial,10
19794,如果拿不出……那就只不过是纸上谈兵，是黔驴技穷的狡辩罢了……,margo,02,01,Trial,10
19795,就让我来手把手指导你……让你明白自己的主张究竟有多么空洞无物吧♡,margo,02,01,Trial,10
19796,希罗你说的都只是猜测而已。,margo,02,01,Trial,11
19797,的确，如果我真的能做到你说的那些匪夷所思的事，那么我杀害梅露露这件事确实有可能成立。,margo,02,01,Trial,11
19798,"只不过……<link=""Objection_02_01_11_01"">没有任何证据</link>就怀疑别人，你不觉得这样很不好吗？",margo,02,01,Trial,11
19799,要说证据，我现在和你也是同样的处境。同样没有任何证据能证明是我杀了梅露露。,hiro,02,01,Trial,11
19800,"可是希罗你<link=""Objection_02_01_11_02"">当时就在现场</link>啊。我认为这已经是非常有力的间接证据哦。",margo,02,01,Trial,11
19801,而且，你拿着梅露露的手机，对不对？这难道不是物证吗？,margo,02,01,Trial,11
19802,那是你趁着发现尸体时现场混乱，偷偷塞进我衣服里的吧。,hiro,02,01,Trial,11
19803,……而且，说到证据，艾玛和蕾雅的证词都与尸检结果存在矛盾。,hiro,02,01,Trial,11
19804,这足以证明，有人试图伪造梅露露的死亡时间。,hiro,02,01,Trial,11
19805,倒不如说，在梅露露死后我一直留在了现场，反而更不可能是凶手。,hiro,02,01,Trial,11
19806,凶手说不定就是看准了这一点呢？,margo,02,01,Trial,11
19807,……【谁也不会想到真凶会留在现场】。真凶就是运用了这种心理上的诡计。,margo,02,01,Trial,11
19808,既然你说什么都要怀疑我，不如你拿出一样证物来给我看看，怎样？,hiro,02,01,Trial,11
19809,当然了，我知道你根本不可能拿得出来。,hiro,02,01,Trial,11
19810,毕竟，我根本就不是凶手。,hiro,02,01,Trial,11
19811,我可以断言，根本不存在任何能证明我是凶手的证据。,hiro,02,01,Trial,11
19812,哎呀，真的是这样吗？,margo,02,01,Trial,11
19813,"说不定现场还清晰地留有某些痕迹哦。比如说，希罗的血迹，还有<link=""Objection_02_01_11_03"">指纹</link>……",margo,02,01,Trial,11
19814,明明没有任何直接证据能证明我杀害了梅露露，你还真是敢说。,hiro,02,01,Trial,11
19815,仅凭这种臆测就能建立推理……你对这起案件还真是了解得一清二楚呢。……简直就像是凶手一样。,hiro,02,01,Trial,11
19816,哦，这可真是个有趣的说法。,margo,02,01,Trial,11
19817,还是说……我应该把它称作【业余侦探的无端指控】才更合适呢？,margo,02,01,Trial,11
19818,不愧是专业人士，说话就是不一样。,hiro,02,01,Trial,11
19819,所以你一直以来就像这样，作为犯罪和诈骗的专家欺骗了无数人，我没说错吧？,hiro,02,01,Trial,11
19820,哎呀，能得到你的夸奖，真是我的荣幸♡,margo,02,01,Trial,11
19821,………,hiro,02,01,Trial,11
19822,………,margo,02,01,Trial,11
19823,……那个、那个……你们不要吵了……！,miria,02,01,Trial,11
19824,『现在不要插嘴』,anan,02,01,Trial,11
19825,（正如玛格所说，目前没有发现任何能证明她作案的证据……）,hiro,02,01,Trial,11
19826,（只用挑拨信任的方式就击败她，恐怕并不容易……）,hiro,02,01,Trial,11
19827,（那么……我只能【捏造】出并不存在的证据了）,hiro,02,01,Trial,11
19828,（……就算只是虚张声势也没关系）,hiro,02,01,Trial,11
19829,（必须要让大家认识到……【指向玛格的证据】是有可能存在的……！）,hiro,02,01,Trial,11
19830,没有证据就是最大的证据,hiro,02,01,Trial,11
19831,返回,hiro,02,01,Trial,11
19832,我被真凶打晕了,hiro,02,01,Trial,11
19833,日常巡查的习惯遭人利用了,hiro,02,01,Trial,11
19834,玛格的指纹也留在了现场,hiro,02,01,Trial,11
19835,正因为没有任何证据，才更可疑。,hiro,02,01,Trial,11
19836,我只能认为，有人想陷害我，让我背凶手的黑锅，于是故意操纵了这起案件。,hiro,02,01,Trial,11
19837,……而运用的手段正是不会留下任何证据的【魔法】。,hiro,02,01,Trial,11
19838,原来如此。,leia,02,01,Trial,11
19839,正因为没有任何证据，所以才能反过来说，这是【使用了只有魔法才能解释的诡计】……你的意思是这样，对吧。,leia,02,01,Trial,11
19840,不管再怎么诡辩也是白费功夫♡,margo,02,01,Trial,11
19841,只要认定希罗是凶手，那一切都很容易说得通了。,margo,02,01,Trial,11
19842,就像最初大家推理的那样，【梅露露遇害的时间就在发现尸体前不久】——,margo,02,01,Trial,11
19843,当时，梅露露用尽最后的力气，对凶手希罗进行了反击……用的就是玻璃瓶。,margo,02,01,Trial,11
19844,玻璃瓶因此破碎，声音传到了大家的耳中——,margo,02,01,Trial,11
19845,于是，现场就只剩下了死去的梅露露，以及昏迷的希罗。,margo,02,01,Trial,11
19846,而蕾雅的尸检结果，一定是哪里出了差错……,margo,02,01,Trial,11
19847,或者说，那才是凶手所使用的障眼法。,margo,02,01,Trial,11
19848,什、什么……！？,leia,02,01,Trial,11
19849,确实……在没有任何证据的情况下，这样考虑似乎更自然一些。,nanoka,02,01,Trial,11
19850,对吧？,margo,02,01,Trial,11
19851,希罗……你也差不多该放弃狡辩了吧？,margo,02,01,Trial,11
19852,（……在没有物证的情况下进行反驳，只会让自己更加不利）,hiro,02,01,Trial,11
19853,（但是，玛格也已经用尽了各种手段。只能假设她在某个地方留下了破绽）,hiro,02,01,Trial,11
19854,（就算是虚张声势也没关系……）,hiro,02,01,Trial,11
19855,（我得主动进攻，比如指出可能留有玛格痕迹的地方——或者物品，以此让她露出破绽才行）,hiro,02,01,Trial,11
19856,……我之所以会倒在现场，是因为被人打晕了。,hiro,02,01,Trial,11
19857,欸……！真的吗……！？,miria,02,01,Trial,11
19858,可、可是，为什么不在审判一开始就说呢……？,miria,02,01,Trial,11
19859,因为就算说了，也不会有人相信吧。,hiro,02,01,Trial,11
19860,之前大家不都先入为主地认定了【我是凶手】吗？,hiro,02,01,Trial,11
19861,所以现在……我才会在出现了其他明显的嫌疑人的时机说出这件事实。,hiro,02,01,Trial,11
19862,（没错……！我在昏迷的不久前听到的梅露露的声音，其实是玛格模仿的……！）,hiro,02,01,Trial,11
19863,真是可怕的污蔑呢，希罗。,margo,02,01,Trial,11
19864,而且，在你之前的推理中，你不是已经对自己出现在现场的理由，作出了这样的解释吗？,margo,02,01,Trial,11
19865,你之前说【因为服用了安眠药，所以睡着了】。,margo,02,01,Trial,11
19866,所以这话还作数吗？,margo,02,01,Trial,11
19867,啊……听、听你这么一说……！,miria,02,01,Trial,11
19868,看来你是铁了心要让我背凶手的黑锅啊？,margo,02,01,Trial,11
19869,连证据都没有，就推翻自己之前的推理，这怎么可能让人信服呢？,margo,02,01,Trial,11
19870,（推翻之前的推理，只会让大家对我的印象变差……！）,hiro,02,01,Trial,11
19871,（……在没有物证的情况下进行反驳，只会让自己更加不利）,hiro,02,01,Trial,11
19872,（但是，玛格也已经用尽了各种手段。只能假设她在某个地方留下了破绽）,hiro,02,01,Trial,11
19873,（就算是虚张声势也没关系……）,hiro,02,01,Trial,11
19874,（我得主动进攻，比如指出可能留有玛格痕迹的地方——或者物品，以此让她露出破绽才行）,hiro,02,01,Trial,11
19875,我出现在现场，并不是为了作案。,hiro,02,01,Trial,11
19876,只是因为我每天都会巡视大家的房间。,hiro,02,01,Trial,11
19877,虽然你们对此不太高兴——,hiro,02,01,Trial,11
19878,……但我只是想尽我所能，防止这种案件的发生。,hiro,02,01,Trial,11
19879,然而，我的日常巡视却被真凶利用了。,hiro,02,01,Trial,11
19880,哦……我还以为——,margo,02,01,Trial,11
19881,希罗你每天巡视房间，是为了【掌握所有人的行动规律】呢。,margo,02,01,Trial,11
19882,这、这是什么意思啊……！？,hanna,02,01,Trial,11
19883,如果对大家的每时每刻的行踪了如指掌，那么她在作案的时候不就更方便了吗？,margo,02,01,Trial,11
19884,如果不是为了这个理由，你怎么可能在大家不待见自己的情况下，依然坚持这个每日功课呢？,margo,02,01,Trial,11
19885,你、你每天来回巡视竟然是为了这个原因……！？,hanna,02,01,Trial,11
19886,太下流啦——！,hanna,02,01,Trial,11
19887,（怎么就下流了……！）,hiro,02,01,Trial,11
19888,（……在没有物证的情况下进行反驳，只会让自己更加不利）,hiro,02,01,Trial,11
19889,（但是，玛格也已经用尽了各种手段。只能假设她在某个地方留下了破绽）,hiro,02,01,Trial,11
19890,（就算是虚张声势也没关系……）,hiro,02,01,Trial,11
19891,（我得主动进攻，比如指出可能留有玛格痕迹的地方——或者物品，以此让她露出破绽才行）,hiro,02,01,Trial,11
19892,哎呀呀，看来你也有疏忽大意的时候啊。,hiro,02,01,Trial,11
19893,……竟然在案发现场留下了证物。,hiro,02,01,Trial,11
19894,……你说什么？,margo,02,01,Trial,11
19895,看来被你说对了，你在本不该有机会触碰的东西上，留下了你的指纹。,hiro,02,01,Trial,11
19896,你打算怎么解释这件事呢？,hiro,02,01,Trial,11
19897,指、指纹！？怎么会……在哪里！？,margo,02,01,Trial,11
19898,那是梅露露死后才被人放在现场的，只有凶手才会触碰的东西……上面本不该留下玛格你的指纹……,hiro,02,01,Trial,11
19899,那件东西就是……这个！,hiro,02,01,Trial,11
19900,当然就是那把剑。,hiro,02,01,Trial,11
19901,作为凶手的你握着这把剑，刺杀了梅露露，这把凶器上不可能没留下你的指纹……！,hiro,02,01,Trial,11
19902,……呵呵。,margo,02,01,Trial,11
19903,你在虚张声势啊。,margo,02,01,Trial,11
19904,你好好看看，希罗。,margo,02,01,Trial,11
19905,我……可是【戴着手套】的哦？,margo,02,01,Trial,11
19906,……！,hiro,02,01,Trial,11
19907,就算我真的是凶手，也不可能留下指纹吧？,margo,02,01,Trial,11
19908,希望你不要再说这些临时编造的谎话了哦♡,margo,02,01,Trial,11
19909,（看来谎言被识破了……！）,hiro,02,01,Trial,11
19910,（但是，在我提到指纹的时候……玛格确实产生了动摇）,hiro,02,01,Trial,11
19911,（即使玛格一直小心注意避免留下指纹，也肯定有不得不摘下手套的时候）,hiro,02,01,Trial,11
19912,（得想想戴着手套无法使用的【东西】……！如果真的留下了指纹，那一定会在那里……！）,hiro,02,01,Trial,11
19913,装安眠药的瓶子。,hiro,02,01,Trial,11
19914,你的意思是，她在现场地板上散落的碎片上留下了指纹……对吗？,sherry,02,01,Trial,11
19915,玛格当时有机会碰那个瓶子吗……？,ema,02,01,Trial,11
19916,只要这么想就说得通了——,hiro,02,01,Trial,11
19917,在发现尸体的40分钟前……梅露露拿着药瓶来到现场，被凶手刺中后，失手松开了瓶子。,hiro,02,01,Trial,11
19918,所以凶手为了接住掉落的瓶子，就碰到了它。,hiro,02,01,Trial,11
19919,因为如果瓶子掉在地上发出声响，就会被周围的人发现杀人的现场。,hiro,02,01,Trial,11
19920,而且，那个瓶子因为被凶手碰到过，坠落的冲击力得到了减缓，所以落地时只发出了微弱的声音——,hiro,02,01,Trial,11
19921,啊——所以发现尸体40分钟前的声音才会小到只有蕾雅能听到咯？,coco,02,01,Trial,11
19922,……我还以为你有什么绝招呢。,margo,02,01,Trial,11
19923,我啊……可是一直戴着手套的哦？,margo,02,01,Trial,11
19924,……！,hiro,02,01,Trial,11
19925,就算我真的是凶手，也不可能留下指纹吧？,margo,02,01,Trial,11
19926,希望你不要再说这些临时编造的谎话了哦♡,margo,02,01,Trial,11
19927,（看来谎言被识破了……！）,hiro,02,01,Trial,11
19928,（但是，在我提到指纹的时候……玛格确实产生了动摇）,hiro,02,01,Trial,11
19929,（即使玛格一直小心注意避免留下指纹，也肯定有不得不摘下手套的时候）,hiro,02,01,Trial,11
19930,（得想想戴着手套无法使用的【东西】……！如果真的留下了指纹，那一定会在那里……！）,hiro,02,01,Trial,11
19931,希罗……我不认为那件证物上会留下我的指纹哦。,margo,02,01,Trial,11
19932,毕竟我可没碰过那东西♡,margo,02,01,Trial,11
19933,（看她这么自信的样子……应该没在撒谎）,hiro,02,01,Trial,11
19934,（但是，在我提到指纹的时候……玛格确实产生了动摇）,hiro,02,01,Trial,11
19935,（即使玛格一直小心注意避免留下指纹，也肯定有不得不摘下手套的时候）,hiro,02,01,Trial,11
19936,（得想想戴着手套无法使用的【东西】……！如果真的留下了指纹，那一定会在那里……！）,hiro,02,01,Trial,11
19937,这是那台被某人偷偷塞进我衣服里的手机。,hiro,02,01,Trial,11
19938,既然艾玛重拨电话时这台手机会响，那么这显然就是梅露露的手机。,hiro,02,01,Trial,11
19939,……玛格。你说过在发现尸体之前，你【一直在按手机】，没错吧？,hiro,02,01,Trial,11
19940,如果戴着手套，手机的触摸屏是不会有反应的。,hiro,02,01,Trial,11
19941,所以在发现尸体时，你趁乱把手机塞进我衣服里的时候……应该没有戴手套。,hiro,02,01,Trial,11
19942,……所以才会留下了痕迹——,hiro,02,01,Trial,11
19943,那就是你的【指纹】！,hiro,02,01,Trial,11
19944,……！,margo,02,01,Trial,11
19945,在某种意义上来说，你按手机的目的恐怕是为了制造不在场证明。,hiro,02,01,Trial,11
19946,但现在看来，这反而成了你的致命弱点。,hiro,02,01,Trial,11
19947,……这、这怎么可能……！,margo,02,01,Trial,11
19948,……你在撒谎！你当时被绑起来了！,margo,02,01,Trial,11
19949,根本就没有时间去检查指纹才对……！,margo,02,01,Trial,11
19950,你的指控根本就是凭空捏造！,margo,02,01,Trial,11
19951,（……没错，正是如此。这只是我信口开河，纯粹的虚张声势罢了）,hiro,02,01,Trial,11
19952,（但是还差一口气……！如果有什么材料……能够击穿玛格的信用就好了……！）,hiro,02,01,Trial,11
19953,……！？,hiro,02,01,Trial,11
19954,……呵呵。,leia,02,01,Trial,11
19955,原来如此，希罗。我全都明白了。,leia,02,01,Trial,11
19956,（……这家伙怎么回事？）,hiro,02,01,Trial,11
19957,【你之前拜托我采集指纹】……,leia,02,01,Trial,11
19958,原来是这么一回事啊！,leia,02,01,Trial,11
19959,（……什么……！？）,hiro,02,01,Trial,11
19960,……你说什么……！,margo,02,01,Trial,11
19961,明明人被关了起来，却还要我帮忙采集指纹，我还在想你到底在打什么主意……,leia,02,01,Trial,11
19962,没想到你竟然已经预见到了现在的局面！,leia,02,01,Trial,11
19963,不过你放心吧！只要有一点点粉末或粘性物质，采集指纹还是很简单的……,leia,02,01,Trial,11
19964,当然我也已经采集好了……在那部手机上留下的指纹！！,leia,02,01,Trial,11
19965,呃……！？在与世隔绝的孤岛上……能采集指纹……！？,margo,02,01,Trial,11
19966,（……原来如此！我明白了……！蕾雅这家伙……！）,hiro,02,01,Trial,11
19967,来吧希罗！让我们一起将真凶逼入绝境吧！,leia,02,01,Trial,11
19968,（……她放弃了扮演侦探的角色，转而想要成为【搭档角色】……！！）,hiro,02,01,Trial,11
19969,（现在她只是想反过来支持我，好引人注目……！）,hiro,02,01,Trial,11
19970,（这人真是没救了……！）,hiro,02,01,Trial,11
19971,（……只不过）,hiro,02,01,Trial,11
19972,（如今这个状况下能多一个靠不住的队友，也算是不幸中的万幸了……！）,hiro,02,01,Trial,11
19973,（现在蕾雅正配合我虚张声势……！这个机会绝不能错过！）,hiro,02,01,Trial,11
19974,（不管结果会怎样……我都要赌一把！）,hiro,02,01,Trial,11
19975,……好了。既然你说自己不是凶手……！,hiro,02,01,Trial,11
19976,那就让我现场采集你的指纹吧，玛格！,hiro,02,01,Trial,11
19977,唔……！,margo,02,01,Trial,11
19978,………………,margo,02,01,Trial,11
19979,……我……拒绝……！,margo,02,01,Trial,11
19980,（……我赢了……）,hiro,02,01,Trial,11
19981,……等、等一下！,miria,02,01,Trial,11
19982,大叔我觉得强行采集指纹这种做法不太好……！,miria,02,01,Trial,11
19983,指纹是很重要的个人信息，这难道不是侵犯人权吗……！,miria,02,01,Trial,11
19984,……呃，虽然在这种地方说这个有点奇怪……,miria,02,01,Trial,11
19985,但是……正因为是在这种地方，才更应该注意……,miria,02,01,Trial,11
19986,……嗯嗯，米莉亚说得对。,hiro,02,01,Trial,11
19987,强迫是不好的。保持沉默也是玛格的自由。,hiro,02,01,Trial,11
19988,不过……请问大家对她这个决定有什么想法呢？,hiro,02,01,Trial,11
19989,唔……！,margo,02,01,Trial,11
19990,…………,ema,02,01,Trial,11
19991,太……太可疑了！,hanna,02,01,Trial,11
19992,（就算真的能采集到指纹，也不知道能产生多大的说服力）,hiro,02,01,Trial,11
19993,（但是在这场疯狂的审判中……！最终起决定作用的，是大家的自由心证……！）,hiro,02,01,Trial,11
19994,（失去了这一点的玛格，已经毫无胜算了——！）,hiro,02,01,Trial,11
19995,…………,margo,02,01,Trial,11
19996,……因为，指纹是有可能伪造的啊。,margo,02,01,Trial,11
19997,……什么……？,hiro,02,01,Trial,11
19998,……大家好好想想看，希罗不是作为嫌疑人被拘禁了吗？,margo,02,01,Trial,11
19999,即便如此，蕾雅还是轻信了嫌疑人的话，采集了指纹……,margo,02,01,Trial,11
20000,说到底，搞不好蕾雅自己就篡改了尸检结果呢？,margo,02,01,Trial,11
20001,这、这不可能……！,leia,02,01,Trial,11
20002,你们能证明自己不是【共犯】吗？,margo,02,01,Trial,11
20003,不如说……是共犯的可能性不是更大才对吗？,margo,02,01,Trial,11
20004,……从至今为止的讨论来看，我想大家都会认同我的看法。,margo,02,01,Trial,11
20005,（真是死鸭子嘴硬……！）,hiro,02,01,Trial,11
20006,（但是……现在的玛格，在任何人眼里都绝不会是完全清白的）,hiro,02,01,Trial,11
20007,（……乘胜追击吧。既然她这么喜欢煽动他人……）,hiro,02,01,Trial,11
20008,（那我就以其人之道，还治其人之身……结束掉这场【审判游戏】！）,hiro,02,01,Trial,11
20009,那……就让我来解释一下吧。,hiro,02,01,Trial,11
20010,关于现在的情况是如何明确地指向玛格，你就是凶手的！,hiro,02,01,Trial,11
20011,为了将罪名嫁祸于我，玛格进行了多项伪装……这一点大家应该已经十分清楚了。,hiro,02,01,Trial,12
20012,而打给艾玛的那通电话，也是用来陷害我的阴谋！,hiro,02,01,Trial,12
20013,"可、可是……那个<link=""Objection_02_01_12_01"">跟我通话的</link>梅露露，真的是冒牌的梅露露吗……那个声音……我总觉得就是正牌的……",ema,02,01,Trial,12
20014,当然，没有证据能证明和我通话的就是梅露露……！,ema,02,01,Trial,12
20015,而且和奈叶香还有蕾雅的证词也存在矛盾，那肯定是冒牌梅露露没错！,ema,02,01,Trial,12
20016,我之所以产生怀疑，就是因为蕾雅听到的那道玻璃破碎声。在发现尸体40分钟前，从现场发出的声音……揭示了梅露露真正的死亡时间。,hiro,02,01,Trial,12
20017,"……但是，我真的有听到那道声音吗？那声音小得只有我能听见……现在仔细想想，会不会只是我<link=""Objection_02_01_12_02"">幻听</link>了……",leia,02,01,Trial,12
20018,希罗说得对。那时候，玛格一定正准备杀害梅露露……不然一切都解释不通！,leia,02,01,Trial,12
20019,玛格还用魔法模仿了玻璃破碎的声音。……她制造出了空间音效，以误导奈叶香，让她对声音的来源方向产生误判。,hiro,02,01,Trial,12
20020,"……虽然我无法完全否定这种可能性，但是，特意做这种事有什么<link=""Objection_02_01_12_03"">意义</link>呢？",nanoka,02,01,Trial,12
20021,为了制造不在场证明，她不得不利用我……原来是这么一回事。,nanoka,02,01,Trial,12
20022,……这样一来，你就能在杀害梅露露之后，顺利地将罪名嫁祸于我。,hiro,02,01,Trial,12
20023,凶手就是你……宝生玛格！,hiro,02,01,Trial,12
20024,……希罗说的这些话，真的可信吗？怎么我觉得完全就是无端指责呢。,margo,02,01,Trial,12
20025,希罗你一口咬定我是凶手，还这么严厉地指控我……,margo,02,01,Trial,12
20026,可是，这场魔女审判的目的是为了找出魔女。,margo,02,01,Trial,12
20027,"你的这番说辞……到底能不能<link=""Objection_02_01_12_04"">令人信服呢？</link>",margo,02,01,Trial,12
20028,你的这番说辞……到底能不能令人信服呢？,margo,02,01,Trial,12
20029,（正如玛格所说，最终我们还是要少数服从多数……）,hiro,02,01,Trial,12
20030,（就算我拿出再多的证物，只要说服不了大家，就毫无意义）,hiro,02,01,Trial,12
20031,（只不过……玛格。你真的理解这其中的【意义】吗？）,hiro,02,01,Trial,12
20032,（每个人手中的票，都是嗜血的尖刀。它可以夺走我的性命——）,hiro,02,01,Trial,12
20033,（——同样也可以夺走你的性命！）,hiro,02,01,Trial,12
20034,（我……要逐一说服每个人！看到她这副丑态，肯定会有人改变投票对象才对……！）,hiro,02,01,Trial,12
20035,（我要争取的……是信任！要击溃的是……对方的心理！）,hiro,02,01,Trial,12
20036,根本不像梅露露,hiro,02,01,Trial,12
20037,与奈叶香的证词矛盾,hiro,02,01,Trial,12
20038,只给艾玛一个人打电话，这事本身就不对劲,hiro,02,01,Trial,12
20039,返回,hiro,02,01,Trial,12
20040,还有其他人听见了声音,hiro,02,01,Trial,12
20041,抑制了声音,hiro,02,01,Trial,12
20042,你要有自信！,hiro,02,01,Trial,12
20043,想让人尽快发现尸体,hiro,02,01,Trial,12
20044,想让人提出错误证词,hiro,02,01,Trial,12
20045,恶作剧,hiro,02,01,Trial,12
20046,我相信大家,hiro,02,01,Trial,12
20047,你仔细回想一下。,hiro,02,01,Trial,12
20048,艾玛，你当时听到的是冒牌货的声音……！,hiro,02,01,Trial,12
20049,是玛格用魔法伪装成梅露露和你讲话。声音再像，说话的语气也一定会有所不同。,hiro,02,01,Trial,12
20050,………可是。,ema,02,01,Trial,12
20051,我当时真的没感觉有什么不对劲啊……？应、应该是正牌没错吧……,ema,02,01,Trial,12
20052,……居然把逝者最后的遗言说成是假的，你也太过分了吧？,margo,02,01,Trial,12
20053,（看来我没能完全说服她……！）,hiro,02,01,Trial,12
20054,（……我必须消除大家的疑虑，赢得信任才行）,hiro,02,01,Trial,12
20055,（答案，一定就隐藏在至今为止的讨论之中……！！）,hiro,02,01,Trial,12
20056,你难道不觉得，单独给艾玛你一个人打电话这件事本身就很奇怪吗……！？,hiro,02,01,Trial,12
20057,如果她真的处在随时会遇害的危急关头——,hiro,02,01,Trial,12
20058,难道不是应该往人多的地方移动，或者大声呼救才对吗！,hiro,02,01,Trial,12
20059,也、也许梅露露她当时慌了神吧……？,ema,02,01,Trial,12
20060,是啊……这世上也不是所有人都能作出正确的行动。,margo,02,01,Trial,12
20061,反而是希罗你，竟然否定梅露露拼死求救的行为，你才更像坏人吧……？,margo,02,01,Trial,12
20062,（看来我没能完全说服她……！）,hiro,02,01,Trial,12
20063,（……我必须消除大家的疑虑，赢得信任才行）,hiro,02,01,Trial,12
20064,（答案，一定就隐藏在至今为止的讨论之中……！！）,hiro,02,01,Trial,12
20065,拿出自信来，领袖！,hiro,02,01,Trial,12
20066,你作为领袖，难道不该为自己的发言负责吗……！？,hiro,02,01,Trial,12
20067,…………对自己的发言负责——没错，你说得对！,leia,02,01,Trial,12
20068,正如我刚才所说，这果然就是我的幻听！,leia,02,01,Trial,12
20069,（糟、糟了……！！）,hiro,02,01,Trial,12
20070,（看来我没能完全说服她……！）,hiro,02,01,Trial,12
20071,（……我必须消除大家的疑虑，赢得信任才行）,hiro,02,01,Trial,12
20072,（答案，一定就隐藏在至今为止的讨论之中……！！）,hiro,02,01,Trial,12
20073,听到那个声音的，不止你一个人……！,hiro,02,01,Trial,12
20074,是、是吗……！？,leia,02,01,Trial,12
20075,当时除了蕾雅，房间里还有其他三个人。其中随便有一个人听到声音也不出奇！,hiro,02,01,Trial,12
20076,刚不是都说了谁都没听见吗。别老是让人重复讲同样的话。,coco,02,01,Trial,12
20077,这果然是我的幻听……,leia,02,01,Trial,12
20078,（看来我没能完全说服她……！）,hiro,02,01,Trial,12
20079,（……我必须消除大家的疑虑，赢得信任才行）,hiro,02,01,Trial,12
20080,（答案，一定就隐藏在至今为止的讨论之中……！！）,hiro,02,01,Trial,12
20081,为了误导奈叶香提出错误的证词，她有必要这么做！,hiro,02,01,Trial,12
20082,就是为了让你说出【发现尸体前一刻，你听到现场传来声音】，【梅露露肯定是在那时遇害的】，她才这么做的……！,hiro,02,01,Trial,12
20083,……在我身边伪造声音的风险太高了。,nanoka,02,01,Trial,12
20084,仅仅为了误导我做伪证，宝生玛格不太可能冒这么大的风险。,nanoka,02,01,Trial,12
20085,就算什么都不做，尸体也迟早会被发现，而且只要看到现场，谁都会怀疑你是凶手。,nanoka,02,01,Trial,12
20086,…………而且你现在的主张，似乎是以【宝生玛格是凶手】为前提的——,nanoka,02,01,Trial,12
20087,你刚才提到的两份证词，在你是凶手的情况下也同样成立。,nanoka,02,01,Trial,12
20088,……从你嘴里说出的话，完全没有说服力呢。,nanoka,02,01,Trial,12
20089,（看来我没能完全说服她……！）,hiro,02,01,Trial,12
20090,（……我必须消除大家的疑虑，赢得信任才行）,hiro,02,01,Trial,12
20091,（答案，一定就隐藏在至今为止的讨论之中……！！）,hiro,02,01,Trial,12
20092,这是玛格的恶作剧。,hiro,02,01,Trial,12
20093,她想试试自己的魔法能骗过多少人……！,hiro,02,01,Trial,12
20094,……如果宝生玛格真的是想恶作剧——,nanoka,02,01,Trial,12
20095,那就算她伪造了声音，也可能和案件无关吧？,nanoka,02,01,Trial,12
20096,说不定她只是偶然从远处看到了现场，然后玩心大发，就发出声音把大家引了过去……这也并非不符合情理。,nanoka,02,01,Trial,12
20097,这也太没品了吧……？,coco,02,01,Trial,12
20098,……只是假设她真的是恶作剧而已。,nanoka,02,01,Trial,12
20099,我当然没做过那种恶作剧哦？……你们两个竟然怀疑我，真是过分♡,margo,02,01,Trial,12
20100,（看来我没能完全说服她……！）,hiro,02,01,Trial,12
20101,（……我必须消除大家的疑虑，赢得信任才行）,hiro,02,01,Trial,12
20102,（答案，一定就隐藏在至今为止的讨论之中……！！）,hiro,02,01,Trial,12
20103,你仔细回想一下。,hiro,02,01,Trial,12
20104,不管电话里的声音听起来多么像梅露露，当时梅露露绝对不可能在医务室！,hiro,02,01,Trial,12
20105,这一点奈叶香可以作证！,hiro,02,01,Trial,12
20106,对、对哦……！那时候，医务室里有奈叶香在……！,ema,02,01,Trial,12
20107,……艾玛，梅露露是那种会骗你的人吗？,hiro,02,01,Trial,12
20108,当然不是……！,ema,02,01,Trial,12
20109,虽然大家都说她是【幕后黑手】……但其中肯定有什么内情……！,ema,02,01,Trial,12
20110,那个声音……才不是梅露露本人！绝对是冒牌货！,ema,02,01,Trial,12
20111,（……真是让人费心啊）,hiro,02,01,Trial,12
20112,（这点事只要稍微动动脑子就能想明白了）,hiro,02,01,Trial,12
20113,（……算了，这样一来，其他人应该也会更加怀疑玛格是凶手了吧）,hiro,02,01,Trial,12
20114,讨论前进…,@toast |#Toast_002|,02,01,Trial,12
20115,对玛格来说，抑制声音根本是小菜一碟。,hiro,02,01,Trial,12
20116,她连空间音效都能用魔法模仿出来。消除声音这点事，她还办不到吗？,hiro,02,01,Trial,12
20117,……原来如此！这就是主动降噪技术吧！,leia,02,01,Trial,12
20118,…………那是什么？,hiro,02,01,Trial,12
20119,这是用在耳机上的技术。,leia,02,01,Trial,12
20120,原理是通过发出相位相反的声波来抵消噪音。,leia,02,01,Trial,12
20121,……虽然需要机器级别的精确度，但也并非完全不可能。,leia,02,01,Trial,12
20122,是这么一回事的话，我就能理解玛格为什么能消除玻璃破碎声了！,leia,02,01,Trial,12
20123,（…………原来如此）,hiro,02,01,Trial,12
20124,（……看来我对蕾雅的评价得稍微改一改了）,hiro,02,01,Trial,12
20125,（总之，她似乎是接受了这个解释）,hiro,02,01,Trial,12
20126,如果说，她的目的是尽快让人发现尸体……那就完全说得通了。,hiro,02,01,Trial,12
20127,让人发现尸体……？为什么？,nanoka,02,01,Trial,12
20128,只要站在凶手的位置上想一想就明白了。,hiro,02,01,Trial,12
20129,我至少在40分钟前，就和尸体一起横躺在了现场。,hiro,02,01,Trial,12
20130,但是本应该在最里面房间的那些人，却一个都没有注意到这边的情况……,hiro,02,01,Trial,12
20131,明明都给艾玛打好电话，成功掩人耳目，把死亡时间伪造好了。,hiro,02,01,Trial,12
20132,如果再继续拖下去，我可能就会醒过来了。,hiro,02,01,Trial,12
20133,那样一来，精心布置的伪装就全都白费了。,hiro,02,01,Trial,12
20134,所以玛格才不得不采取行动。,hiro,02,01,Trial,12
20135,为了让你给她提供不在场证明。,hiro,02,01,Trial,12
20136,……嗯。,nanoka,02,01,Trial,12
20137,这个推理，我能接受。,nanoka,02,01,Trial,12
20138,（……看来我成功说服她了）,hiro,02,01,Trial,12
20139,……当然了。,hiro,02,01,Trial,12
20140,因为我……,hiro,02,01,Trial,12
20141,……相信大家。,hiro,02,01,Trial,12
20142,在场的各位，一定会愿意倾听我的发言！,hiro,02,01,Trial,12
20143,大家不会先入为主地认定我是凶手，一定会进行公正公平的审判！,hiro,02,01,Trial,12
20144,我就是这样深信着大家的！,hiro,02,01,Trial,12
20145,各位！我说得对吧！？,hiro,02,01,Trial,12
20146,（……相信？这么肉麻的话亏我说得出口）,hiro,02,01,Trial,12
20147,（但是……她们一定渴望去相信）,hiro,02,01,Trial,12
20148,（相信我所说的都是正确的……）,hiro,02,01,Trial,12
20149,（相信自己正走在正确的道路上……）,hiro,02,01,Trial,12
20150,（否则……她们根本无法作出这种终将处决他人的疯狂裁决）,hiro,02,01,Trial,12
20151,（那么……就让我成为一颗虚假的明星吧）,hiro,02,01,Trial,12
20152,（用我的光，照亮你们前行的路）,hiro,02,01,Trial,12
20153,（即便那是谎言……）,hiro,02,01,Trial,12
20154,（只要将其贯彻到底——它就会变成真相！）,hiro,02,01,Trial,12
20155,……对、对啊！,ema,02,01,Trial,12
20156,我、我也相信……希罗说的话……！,ema,02,01,Trial,12
20157,（……艾玛啊）,hiro,02,01,Trial,12
20158,（……算了，现在这样就好）,hiro,02,01,Trial,12
20159,（现在有了艾玛这番话——）,hiro,02,01,Trial,12
20160,………,hanna,02,01,Trial,12
20161,……嗯。,anan,02,01,Trial,12
20162,（——就大势已定了！）,hiro,02,01,Trial,12
20163,……可、可是。,ema,02,01,Trial,12
20164,我、我不是只相信希罗……！,ema,02,01,Trial,12
20165,我也相信玛格啊……！,ema,02,01,Trial,12
20166,玛格怎会做出这种事，这一定不是真的……！,ema,02,01,Trial,12
20167,……对、对了！不如，我们调查一下指纹怎么样……！？,ema,02,01,Trial,12
20168,这样一来，说不定就能证明清白了……！,ema,02,01,Trial,12
20169,…………,margo,02,01,Trial,12
20170,……【谎言】吗。,margo,02,01,Trial,12
20171,（………！）,hiro,02,01,Trial,12
20172,……是谎言呢。,margo,02,01,Trial,12
20173,还说什么相信我……,margo,02,01,Trial,12
20174,那些话……根本就是【谎言】。,margo,02,01,Trial,12
20175,就算嘴上说得再好听……人，终究会选择背叛。,margo,02,01,Trial,12
20176,我一直以来……都不断地遭受背叛。,margo,02,01,Trial,12
20177,所以啊，在被人欺骗我之前——,margo,02,01,Trial,12
20178,我要去主动欺骗别人……,margo,02,01,Trial,12
20179,我说……大家。,margo,02,01,Trial,12
20180,今天……你们有被我骗到吗？,margo,02,01,Trial,12
20181,呵……呵呵……呵呵呵……！,margo,02,01,Trial,12
20182,啊哈哈哈哈哈哈哈哈！！,margo,02,01,Trial,12
20183,……呃。,coco,02,01,Trial,12
20184,玛……玛格…………！,ema,02,01,Trial,12
20185,……算了，到此为止吧。,margo,02,01,Trial,12
20186,谎言也是有保质期的。,margo,02,01,Trial,12
20187,我的谎言……看来已经没人买账了。,margo,02,01,Trial,12
20188,没错……人就是我杀的。,margo,02,01,Trial,12
20189,与其继续陪你们玩这种虚情假意的友情游戏……,margo,02,01,Trial,12
20190,还不如早点被处刑，对我来说更痛快呢……♡,margo,02,01,Trial,12
20191,……玛格。,hiro,02,01,Trial,12
20192,我不需要同情。,margo,02,01,Trial,12
20193,是我输了……,margo,02,01,Trial,12
20194,你赢了，希罗♡,margo,02,01,Trial,12
20195,因为她太美好了。闪耀夺目，温暖人心……,margo,02,01,Trial,13
20196,所以啊……我就杀了她。仅此而已。……就是这么一回事。,margo,02,01,Trial,13
20197,至于杀害她的方法……我是从可可的语音备忘录里得知的。,margo,02,01,Trial,13
20198,这座监牢的地下保险箱里，存放着能杀死魔女的药物，还有能用作凶器的武器。,margo,02,01,Trial,13
20199,所以我就把那些东西拿走了。因为那里根本没人看管，只要知道打开保险箱的方法，一切都轻而易举。,margo,02,01,Trial,13
20200,不过，谁知道会发生什么呢。说不定会被典狱长或者看守阻挠。,margo,02,01,Trial,13
20201,为了发泄我心中郁积的这份情感，我想要做好万全的准备。,margo,02,01,Trial,13
20202,首先，我把希罗打昏了。我用手套装着从中庭里挖来的沙子，朝着她的后脑勺狠狠地来了一下……,margo,02,01,Trial,13
20203,不过跟虚构作品的情节不同，那样做有可能直接导致她死亡……,margo,02,01,Trial,13
20204,不过，那已经无所谓了。,margo,02,01,Trial,13
20205,如此将身处诺亚房间内的希罗打晕之后……我就喊梅露露过来了。,margo,02,01,Trial,13
20206,我跟她说希罗倒下了，她就立刻赶来了。多么善良的好孩子啊……♡,margo,02,01,Trial,13
20207,梅露露一看到希罗，就立刻跑到她身边了。,margo,02,01,Trial,13
20208,所以啊。我就在那一瞬间，跳到了希罗身上。,margo,02,01,Trial,13
20209,然后，我用藏起来的剑贯穿了梅露露的喉咙。,margo,02,01,Trial,13
20210,那一刻梅露露露出了惊讶的表情……♡实在太可爱了。,margo,02,01,Trial,13
20211,接着，我用涂了毒药的剑刃重复刺向梅露露。,margo,02,01,Trial,13
20212,一下又一下……不停地刺。,margo,02,01,Trial,13
20213,……啊，对了，那时候梅露露拿着的瓶子摔碎了。,margo,02,01,Trial,13
20214,所以我赶忙用反相位的声音抵消了玻璃破碎声。,margo,02,01,Trial,13
20215,……其实在来监牢之前，我就对这个魔法能做到什么程度很感兴趣，一直有在练习。,margo,02,01,Trial,13
20216,所以我有自信，就算她发出一些尖叫声，我也能用魔法消除……,margo,02,01,Trial,13
20217,不过，玻璃瓶破碎的声音倒是出乎我的意料，没能完全消除掉。,margo,02,01,Trial,13
20218,……看来蕾雅不愧是演舞台剧的，耳朵真灵♡,margo,02,01,Trial,13
20219,刺死梅露露之后，我拿走了她的手机，离开了房间。,margo,02,01,Trial,13
20220,之后，为了制造不在场证明，我用梅露露的手机给艾玛打了电话。,margo,02,01,Trial,13
20221,我的演技……很棒吧？,margo,02,01,Trial,13
20222,当然，我没想到奈叶香会出现在医务室。,margo,02,01,Trial,13
20223,之后我就立刻去会客厅和大家汇合了。我原以为我的不在场证明已经伪造好了。,margo,02,01,Trial,13
20224,只是想被人发现的时候，却偏偏没人发现……人生就是这么变化无常。,margo,02,01,Trial,13
20225,明明我等了好些时间，制造好了不在场证明，梅露露的尸体却迟迟没有被人发现。,margo,02,01,Trial,13
20226,所以……在和奈叶香一起回到房间后，我决定制造出声音。,margo,02,01,Trial,13
20227,如果再继续拖下去，我精心策划的不在场证明说不定就失去意义了。,margo,02,01,Trial,13
20228,因此……我调整好魔法，发出了玻璃破碎的声音，让声音听起来像是从尸体所在的房间里传出来一般。,margo,02,01,Trial,13
20229,……用的就是【模仿】魔法哦。,margo,02,01,Trial,13
20230,然后我和大家一起发现了尸体和希罗。,margo,02,01,Trial,13
20231,也是在那时候，我把梅露露的手机塞到了希罗的衣服里。,margo,02,01,Trial,13
20232,趁着大家都被尸体吸引了注意力，我就装作关心希罗的样子，把梅露露的手机塞进了她的衣服里。,margo,02,01,Trial,13
20233,我的故事……到这里就结束了。怎么样？是不是很有趣？,margo,02,01,Trial,13
20234,……但是。,margo,02,01,Trial,13
20235,现在回想起来，当时我的所感所思究竟是不是真实的呢……连我自己也搞不清楚了。,margo,02,01,Trial,13
20236,这是一个骗子——一个不可靠的叙述者，所讲述的不可信的故事。,margo,02,01,Trial,13
20237,你们是否愿意相信这种无稽之谈，就由你们自己判断好了。,margo,02,01,Trial,13
20238,你们会觉得，我说的这些话……是真的吗？,margo,02,01,Trial,13
20239,自从玛格被处刑后过了几天——,system,02,02,Adv,01
20240,早上，我来到食堂吃早餐。其他少女也都在食堂里。,system,02,02,Adv,01
20241,艾玛自然也在其中——,system,02,02,Adv,01
20242,雪莉，汉娜，早上好。,ema,02,02,Adv,01
20243,早上好！咦，艾玛，你就吃这么点啊？,sherry,02,02,Adv,01
20244,经过餐桌时我无意间听见了这番对话，便看向那边，只见艾玛手里只拿着一个苹果。,system,02,02,Adv,01
20245,是、是的……我没什么食欲。,ema,02,02,Adv,01
20246,虽然能理解你的心情啦……不过，为了维持体力，还是多吃一点比较好哦。,hanna,02,02,Adv,01
20247,汉娜的告诫虽然是对艾玛说的，但更像是在给自己找理由。她正狼吞虎咽地吃着早餐。,system,02,02,Adv,01
20248,我一边走向取餐区，一边环顾其他少女。,system,02,02,Adv,01
20249,看上去，没有一个人在享受这早饭。,system,02,02,Adv,01
20250,差到极点的卖相和味道的确是原因之一，但我想，原因大概不止如此。,system,02,02,Adv,01
20251,梅露露被杀，玛格作为凶手被处刑。,system,02,02,Adv,01
20252,案件留下的恐惧不可能在短短数日内就消散。,system,02,02,Adv,01
20253,（其实我也没有食欲，可是不能不吃……谁知道未来会发生什么）,hiro,02,02,Adv,01
20254,在一片死气沉沉中，我走到取餐处。,system,02,02,Adv,01
20255,各种饭菜摆满了整张桌子，可是每一样食物都黯淡无光，菜色十分不新鲜。,system,02,02,Adv,01
20256,冰冷的汤水、焉掉的菜叶、黑漆漆的硬面包、黏在瓶子上的诡异液体……,system,02,02,Adv,01
20257,即使每天都是这样，但我还是每次都很难决定到底该用什么果腹。,system,02,02,Adv,01
20258,今天去调查哪里呢？,ema,02,02,Adv,01
20259,嗯……去哪里呢。有疑点的地方基本都调查过了。,sherry,02,02,Adv,01
20260,话说回来真是吓我一跳。没想到还能从招待所走到那样的地下设施……,hanna,02,02,Adv,01
20261,正当我手里拿着夹子犹豫不决时，艾玛她们的说话声又飘进了耳朵里。,system,02,02,Adv,01
20262,（地下设施吗……）,hiro,02,02,Adv,01
20263,审判过后。,system,02,02,Adv,01
20264,大家一起逼问可可，她才不情不愿地带我们去了招待所。,system,02,02,Adv,01
20265,本想着“这种地方能有什么东西”……,system,02,02,Adv,01
20266,到了以后我们才发现，【水精之室】里竟藏着秘密楼梯，这让我们震惊不已。,system,02,02,Adv,01
20267,顺着楼梯走到半地下层，便看到一部电梯。,system,02,02,Adv,01
20268,我们打算赶紧乘上电梯，可是才进去3个人，就响起了警示音。,system,02,02,Adv,01
20269,大概是因为轿厢太旧，已经年久失修，所以承受不了太多重量吧。,system,02,02,Adv,01
20270,没办法，我们只好两人一组，分开乘电梯下去。,system,02,02,Adv,01
20271,于是到了下层，我们看到的是——,system,02,02,Adv,01
20272,一片令人惊奇的地下设施。,system,02,02,Adv,01
20273,在这里，我们注意到一个神秘的控制面板。,system,02,02,Adv,01
20274,据可可所说，这个仪器是用来更换处刑台的，最好不要随便碰。,system,02,02,Adv,01
20275,旁边还有个巨型冷冻室。这是让我们最震惊的设施。,system,02,02,Adv,01
20276,无数具【魔女的残骸】和牺牲的少女们——全都被冰封保存在这里。,system,02,02,Adv,01
20277,呜呜，光是想起来就冷得发抖……！,ema,02,02,Adv,01
20278,也许是和我一样回想起了在冷冻室的看到的场面，艾玛浑身发起抖来。,system,02,02,Adv,01
20279,既然有处刑装置那样的大型机关，那地下有个这么大的设施也不奇怪。,sherry,02,02,Adv,01
20280,嗯……不过要是能找到越狱的线索就好了……,ema,02,02,Adv,01
20281,就是说呀。如果有个从地下逃往岛外的海底隧道什么的该有多好！,hanna,02,02,Adv,01
20282,就算真的有，估计也不会让我们轻易逃走吧。,sherry,02,02,Adv,01
20283,可恶！真叫人恼火！,hanna,02,02,Adv,01
20284,好、好啦好啦……大家不要放弃，继续调查看看吧。,ema,02,02,Adv,01
20285,监牢后面还有个大型仓库，说不定能在那里找到些什么能用来越狱的东西哦。,ema,02,02,Adv,01
20286,（啊……说起来我们还找到了一处仓库）,hiro,02,02,Adv,01
20287,被关在这里的头几天，我就很好奇后面那个上锁的房间是做什么的。,system,02,02,Adv,01
20288,可是，不知从何时起，门上的锁被取下了。这使得我们也能随意进出了。,system,02,02,Adv,01
20289,（地下设施也好，这个仓库也好，大概原本都是只有监牢管理方才能进出的后方工作区域）,hiro,02,02,Adv,01
20290,（也许是幕后黑手梅露露的死亡给管理方带来了混乱吧……）,hiro,02,02,Adv,01
20291,感觉它们对我们的监视力度和规定执行力，似乎都变得漏洞百出了。,system,02,02,Adv,01
20292,大家不要放弃，一起寻找逃出去的办法吧！,ema,02,02,Adv,01
20293,听见艾玛说着鼓舞人心的话，我一下子火上心头。,system,02,02,Adv,01
20294,（不要放弃？你也好意思说这话……！）,hiro,02,02,Adv,01
20295,回过神来，我发现自己竟然在竖起耳朵偷听她们交谈。,system,02,02,Adv,01
20296,（冷静……我要冷静……）,hiro,02,02,Adv,01
20297,我长长地吐了一口气，轻轻摇头。,system,02,02,Adv,01
20298,（……现在生气也只会给自己增添压力）,hiro,02,02,Adv,01
20299,我强行把注意力从艾玛身上拉开。,system,02,02,Adv,01
20300,胡乱取了一些食物，便独自坐下就餐。,system,02,02,Adv,01
20301,为什么可可会知道那个秘密的地下设施？这也令我很在意。,system,02,02,Adv,01
20302,一把饭送进嘴里，我就把视线转向了可可和米莉亚那桌。,system,02,02,Adv,01
20303,大叔啊，你最好还是跟大家说清楚交换身体的魔法是怎么一回事吧？,coco,02,02,Adv,01
20304,我感觉有几个人真的以为你的灵魂是大叔。,coco,02,02,Adv,01
20305,没关系啦。她们爱怎么想都可以……,miria,02,02,Adv,01
20306,话说你真的能交换身体？换给我看看呗。,coco,02,02,Adv,01
20307,不不不，万一换不回来就头大了，还是算了吧。以前我就因为这事遇上过大麻烦……,miria,02,02,Adv,01
20308,你就把大叔我当做不会魔法的普通大叔吧。,miria,02,02,Adv,01
20309,对了小可，关于那个地下设施，能不能告诉大叔我，你还知道些什么……,miria,02,02,Adv,01
20310,又问这个？不是都告诉你们了嘛。我只是用千里眼魔法看到了前往地下设施的路径而已啦。,coco,02,02,Adv,01
20311,（不管大家怎么逼问她，她都只模棱两可地给出魔法这个托词）,hiro,02,02,Adv,01
20312,（看样子她肯定知道什么内幕……真不好对付）,hiro,02,02,Adv,01
20313,尽管我也想严厉地追问下去，不过，最近我一直在刻意回避和其他少女接触。,system,02,02,Adv,01
20314,（目前我只想尽量断绝和大家的关联）,hiro,02,02,Adv,01
20315,从我决心杀死艾玛的那一刻起——就决定要远离其他人了。,system,02,02,Adv,01
20316,所以我选择独自在远离人群的餐桌落座，尽量让自己吃点东西。,system,02,02,Adv,01
20317,亚里沙、奈叶香和蕾雅也都是独自吃饭，所以我的举动并没有多么格格不入。,system,02,02,Adv,01
20318,安安，这个黑黑的像西蓝花一样的东西你吃吗？,noa,02,02,Adv,01
20319,不吃。你不想吃为什么还拿。,anan,02,02,Adv,01
20320,因为它长得很有意思啊……呜呜，不知道可不可以剩菜……,noa,02,02,Adv,01
20321,诺亚出现在视野里，我急忙扭开视线。,system,02,02,Adv,01
20322,最近，诺亚经常和安安一起吃饭。,system,02,02,Adv,01
20323,我和诺亚自从上次小吵一架之后，就有了隔阂，于是我们的关系也渐渐有些疏远了。,system,02,02,Adv,01
20324,（……这样就好。我不该和任何人亲近）,hiro,02,02,Adv,01
20325,亲近别人，就意味着放松警惕。会让人有可趁之机。如今我已经有了明确的目标，就应该保持孤身一人。,system,02,02,Adv,01
20326,（没错……我要杀了艾玛。我只需贯彻这个目标就好）,hiro,02,02,Adv,01
20327,握住勺子的手陡然用力。,system,02,02,Adv,01
20328,（但我不能随意动手。只要罪行暴露，就会在魔女审判中被处刑……）,hiro,02,02,Adv,01
20329,（要下手，就必须是完美犯罪。要先从制定计划开始）,hiro,02,02,Adv,01
20330,（制定一个任何人都无法发现是我杀了艾玛的计划）,hiro,02,02,Adv,01
20331,（如果像玛格杀害梅露露一样，使用凶器杀人倒是简单）,hiro,02,02,Adv,01
20332,（玛格用过的那把剑……应该能用作防身武器）,hiro,02,02,Adv,01
20333,玛格用作凶器的仪礼剑已经被典狱长收走，放回了这把剑原本所在的保险箱里。,system,02,02,Adv,01
20334,（虽然从保险箱里拿出来也不是不行，但引人怀疑的行动，还是避免为好……）,hiro,02,02,Adv,01
20335,正想着，一阵脚步声渐近，停在我的旁边。,system,02,02,Adv,01
20336,我看向身旁，蕾雅一副欲言又止的表情站在那里。,system,02,02,Adv,01
20337,……找我有事？,hiro,02,02,Adv,01
20338,不，也说不上有什么事……,leia,02,02,Adv,01
20339,见我如此露骨地表示冷漠，蕾雅有些露怯。,system,02,02,Adv,01
20340,我看你好像身体不太舒服，就有点担心。如果身体有什么不适——,leia,02,02,Adv,01
20341,你胡说八道什么呢！,alisa,02,02,Adv,01
20342,突然，怒吼声和盘子破碎声同时响起。,system,02,02,Adv,01
20343,亚里沙抓住奈叶香的领口，愈发大声吼道。,system,02,02,Adv,01
20344,不是说了我不知道吗！,alisa,02,02,Adv,01
20345,真的吗？,nanoka,02,02,Adv,01
20346,你烦不烦！上来就污蔑别人是小偷！,alisa,02,02,Adv,01
20347,两人脸都快贴到一起了，火药味十足地瞪着彼此。,system,02,02,Adv,01
20348,等、等等……！你们都冷静点！,ema,02,02,Adv,01
20349,艾玛等人慌忙挡在两人之间。,system,02,02,Adv,01
20350,你们在吵什么呢？,sherry,02,02,Adv,01
20351,发带。,nanoka,02,02,Adv,01
20352,奈叶香简短而冷淡地回答了雪莉的疑问。,system,02,02,Adv,01
20353,……啊？什么意思？,hanna,02,02,Adv,01
20354,我的发带不见了。能想到的地方我都找过了，但都没找到。,nanoka,02,02,Adv,01
20355,也就是说，我们囚犯之中有小偷。而她是最可疑的。,nanoka,02,02,Adv,01
20356,你这家伙……！,alisa,02,02,Adv,01
20357,亚里沙挥起拳头。,system,02,02,Adv,01
20358,不、不能这样，亚里沙！,ema,02,02,Adv,01
20359,吵死了，一边去！关你屁事！,alisa,02,02,Adv,01
20360,——住手！,leia,02,02,Adv,01
20361,一触即发的食堂里，突然响起正气凛然的声音。在众人的注视下，蕾雅静静开口道。,system,02,02,Adv,01
20362,亚里沙，奈叶香。希望你们二位先冷静一下。,leia,02,02,Adv,01
20363,……啧。,alisa,02,02,Adv,01
20364,…………,nanoka,02,02,Adv,01
20365,或许是被她那威严有力的声音镇住了，亚里沙和奈叶香默默地拉开了距离。,system,02,02,Adv,01
20366,其他人也要保持镇定。请大家控制好自己，千万不要冲动。,leia,02,02,Adv,01
20367,我们必须要团结一致，才能渡过这个难关。,leia,02,02,Adv,01
20368,就当做是为了玛格和梅露露她们……至少我们这些幸存下来的人，也要一起逃出这里。,leia,02,02,Adv,01
20369,蕾雅提议，等大家都冷静下来之后，到会客厅集合。说是有事想跟大家商量。,system,02,02,Adv,01
20370,……希罗，请你务必也要参加。,leia,02,02,Adv,01
20371,（莫非蕾雅想出了什么越狱的办法？）,hiro,02,02,Adv,01
20372,（……虽然并不想和她们交好，但我得掌握囚犯的动向才行）,hiro,02,02,Adv,01
20373,……好吧。,hiro,02,02,Adv,01
20374,太好了……谢谢你！,leia,02,02,Adv,01
20375,听到我的回答，蕾雅露出安心的笑容。,system,02,02,Adv,01
20376,我吃完早餐，应蕾雅邀请来到了会客厅。,system,02,02,Adv,02
20377,进来以后，发现所有人都已经到齐了。,system,02,02,Adv,02
20378,（这倒是有点出乎意料……不，也许有些人只是想法和我一样）,hiro,02,02,Adv,02
20379,说吧，你要商量什么事？,coco,02,02,Adv,02
20380,你是想到了什么逃出这里的办法吗？,miria,02,02,Adv,02
20381,啊，不是的，抱歉让你们误会了。关于逃出去的方法，我还没有什么主意。,leia,02,02,Adv,02
20382,搞什么嘛，真让人失望！,coco,02,02,Adv,02
20383,面对可可的骂声，蕾雅为难地笑了笑。,system,02,02,Adv,02
20384,那你到底要商量什么？,nanoka,02,02,Adv,02
20385,我想和大家一起商量，怎么才能让命案不再继续发生。,leia,02,02,Adv,02
20386,……那你有什么好主意吗？,hiro,02,02,Adv,02
20387,对于正在谋划杀害艾玛的我来说，这个话题可不能错过。,system,02,02,Adv,02
20388,是的，希望大家能听我说。,leia,02,02,Adv,02
20389,在一众少女的注视下，蕾雅摆出演讲般的架势开口说道。,system,02,02,Adv,02
20390,只要不发生杀人案件，就不会举行魔女审判。,system,02,02,Adv,02
20391,这样一来至少就不会有人惨遭杀害，也不会有人被残忍处决。,system,02,02,Adv,02
20392,正如我先前说的，为此我们一定要团结一心。,leia,02,02,Adv,02
20393,也就是说，我们必须深化交流，让彼此更加熟稔起来。,leia,02,02,Adv,02
20394,嗯……就是说大家要搞好关系吗？,ema,02,02,Adv,02
20395,嗯，没错，只要大家搞好关系，对彼此有了情感，发生杀人案的概率就会降低。,leia,02,02,Adv,02
20396,虽然过于亲密也可能会招来摩擦和矛盾，但至少——,leia,02,02,Adv,02
20397,就不太容易因一时冲动而杀人了。,leia,02,02,Adv,02
20398,什么啊恶心死了！你脑袋被门夹了吗？在这种情况下谁有心情陪你玩朋友过家家！,coco,02,02,Adv,02
20399,你怎么说都可以。我知道大家很难认同，也知道这不是一件易事，但我依然要提出这个方案。,leia,02,02,Adv,02
20400,蕾雅并没有因为可可的批评而退缩，继续说道。,system,02,02,Adv,02
20401,这样总比什么都不做更有意义，大家不觉得吗？,leia,02,02,Adv,02
20402,比起这些有的没的，还是努力想办法逃出去更有用啦！,coco,02,02,Adv,02
20403,当然，摸索逃走的办法也很重要。但我们都被囚禁在这里，能做的事实在有限。,leia,02,02,Adv,02
20404,嗯，感觉能调查的地方都已经调查个遍了……,miria,02,02,Adv,02
20405,正是如此。所以我觉得也该从其他方向入手，探索生存之道。,leia,02,02,Adv,02
20406,看起来除了某几个人以外，大部分人对蕾雅的话还是认同的。,system,02,02,Adv,02
20407,（寻找活下去的道路是正确的。只不过……）,hiro,02,02,Adv,02
20408,我悄悄看向艾玛。接着依次环顾会客厅里的所有人。,system,02,02,Adv,02
20409,（现在的我，已经下定决心要杀艾玛了。那么，我就不能同意让大家更加亲近的提议）,hiro,02,02,Adv,02
20410,你说要让大家搞好关系，那具体要做些什么呢？,hanna,02,02,Adv,02
20411,哈哈哈，汉娜！真是个好问题！,leia,02,02,Adv,02
20412,像是对这个问题盼望已久似的，蕾雅两眼放光。,system,02,02,Adv,02
20413,要加深我们的友情，就需要大家朝着共同的目标同甘共苦、携手前行。,leia,02,02,Adv,02
20414,蕾雅用戏剧般的肢体语言向众人宣言。,system,02,02,Adv,02
20415,让我们来携手创作舞台剧吧！大家团结一心，共演一幕好戏！,leia,02,02,Adv,02
20416,……瞬间，房间里鸦雀无声。,system,02,02,Adv,02
20417,正当我们都被尴尬得愣在原地时，有个不看气氛的人却鼓起掌来。,system,02,02,Adv,02
20418,太棒了！真是个无与伦比的好主意！大家共同朝着一个目标努力……我们的感情一定会更深的！,sherry,02,02,Adv,02
20419,舞台剧……是演给谁看的？该不会给典狱长和看守看吧？,hanna,02,02,Adv,02
20420,与兴致勃勃的雪莉截然相反，汉娜有些无语地质问道。,system,02,02,Adv,02
20421,囚犯在台上演戏，典狱长和看守在台下看戏——,system,02,02,Adv,02
20422,这场面想想就觉得滑稽。,system,02,02,Adv,02
20423,不过，雪莉的积极性带动了其他人，让大家开始你一言我一语地说出自己的看法。,system,02,02,Adv,02
20424,演戏啊～感觉好好玩！可以呀，诺亚也来帮忙！,noa,02,02,Adv,02
20425,『可以考虑』,anan,02,02,Adv,02
20426,……随你们便吧。但我不会参加。我有自己必须要做的事。,nanoka,02,02,Adv,02
20427,……懒得理你们。,alisa,02,02,Adv,02
20428,我也算了……话说，还演戏呢。现在可不是搞这种事的时候吧。,coco,02,02,Adv,02
20429,奈叶香、亚里沙和可可三人兴致缺缺地离开了会客厅。,system,02,02,Adv,02
20430,很遗憾，不过这也没办法。……希罗，你怎么想？,leia,02,02,Adv,02
20431,我也不参加了吧。没什么心情和你们嬉戏打闹。,hiro,02,02,Adv,02
20432,在上一起案件的先行投票中，我才刚被当成凶手。,system,02,02,Adv,02
20433,蕾雅大概也是对此深感内疚，像是带着几分愧疚似的皱起眉。,system,02,02,Adv,02
20434,……这样啊，那真的很可惜。,leia,02,02,Adv,02
20435,说句实话，对被当做凶手一事我已经不再生气了。,system,02,02,Adv,02
20436,在那种情况下，就算是我站在她们的立场上，我也会这么投票的。,system,02,02,Adv,02
20437,她们的判断是正确的。,system,02,02,Adv,02
20438,（可是，我现在已经不能再和你们做朋友了）,hiro,02,02,Adv,02
20439,见蕾雅的神色如此悲伤，我心怀着几分焦躁与不安离开了会客厅。,system,02,02,Adv,02
20440,——监狱生活第二轮，第十一天。,system,02,02,Adv,02
20441,——我要杀死魔女。,system,02,02,Adv,02
20442,——杀。杀。杀。杀。杀杀杀杀杀杀杀杀杀杀,system,02,02,Adv,02
20443,第二天早上。,system,02,02,Adv,03
20444,一睁开眼我就立刻坐起身，翻身下床。,system,02,02,Adv,03
20445,看来艾玛还没醒。我悄悄松了口气。,system,02,02,Adv,03
20446,（和面都不想见的人同居一室，实在太令人窒息）,hiro,02,02,Adv,03
20447,我掐准牢房的开锁时间，走出房门。我已经决定好，今天要从一大早就开始探索监牢。,system,02,02,Adv,03
20448,（我要杀了艾玛。为此需要制定一个正确的计划）,hiro,02,02,Adv,03
20449,到处走一走看一看，说不定就能想到些好办法。,system,02,02,Adv,03
20450,来到娱乐室，米莉亚和安安正在放电影。,system,02,02,Adv,05
20451,她们都看得聚精会神，没有注意到我进来了。,system,02,02,Adv,05
20452,（……小飞侠啊）,hiro,02,02,Adv,05
20453,我瞥了一眼银幕上的老电影，便开始环顾室内。,system,02,02,Adv,05
20454,（如果要在这里杀死艾玛的话……）,hiro,02,02,Adv,05
20455,一抬头，大吊灯映入眼帘。,system,02,02,Adv,05
20456,（用这个大吊灯比较合适吧）,hiro,02,02,Adv,05
20457,动一动手脚，让它砸到艾玛的头上——也许就能伪装成事故。,system,02,02,Adv,05
20458,（问题是，我能完美伪装得不留下蛛丝马迹吗……）,hiro,02,02,Adv,05
20459,——嘿，呀～,miria,02,02,Adv,05
20460,一声略显滑稽的喊声传来，我不由得回头。,system,02,02,Adv,05
20461,一看，原来是米莉亚正在银幕前挥动台球杆。,system,02,02,Adv,05
20462,（这是在干什么……？）,hiro,02,02,Adv,05
20463,哒～……大概就像这样？那个，安安，你觉得怎么样？,miria,02,02,Adv,05
20464,看来米莉亚是在模仿银幕里挥剑的海盗。,system,02,02,Adv,05
20465,『下盘不稳，气势不足。你这样是无法胜任铁钩船长一角的』,anan,02,02,Adv,05
20466,什么！？嗯……大叔我本来还挺有自信的呢……,miria,02,02,Adv,05
20467,『只能说，要上台表演练习之路道阻且长』,anan,02,02,Adv,05
20468,（原来如此，她们在研究舞台剧的事啊）,hiro,02,02,Adv,05
20469,你们在舞台剧组都负责什么？,hiro,02,02,Adv,05
20470,啊，是希罗呀。其实大叔我被提拔为铁钩船长了。,miria,02,02,Adv,05
20471,『吾辈负责剧本』,anan,02,02,Adv,05
20472,和耷拉着脑袋的米莉亚相反，安安得意洋洋地举起了素描本。,system,02,02,Adv,05
20473,剧目已经定为《小飞侠》了，我们刚在开研讨会呢。,miria,02,02,Adv,05
20474,这样啊。祝你们成功。,hiro,02,02,Adv,05
20475,嗯，大叔我会努力的……,miria,02,02,Adv,05
20476,安安你那边怎样了。剧本写得还顺利吗？,miria,02,02,Adv,05
20477,『草案已经完稿』,anan,02,02,Adv,05
20478,哎，这就写完了？好厉害……,miria,02,02,Adv,05
20479,…………,anan,02,02,Adv,05
20480,大叔我也会帮忙的，我们一起努力吧。,miria,02,02,Adv,05
20481,虽然超过这部电影的水平是不可能的啦……但还是希望我们能创作出优秀的舞台剧来。,miria,02,02,Adv,05
20482,安安重重地点了点头。看来对于舞台剧一事，她们两人都很积极。,system,02,02,Adv,05
20483,（……这么看，蕾雅的提议也不坏）,hiro,02,02,Adv,05
20484,（有了目标以后，大家似乎都恢复了活力）,hiro,02,02,Adv,05
20485,说到小飞侠的名场面就是空中飘浮，我们能用吊威亚之类的方法复现出来吗？,miria,02,02,Adv,05
20486,『如果能真的飞到空中就精彩了』,anan,02,02,Adv,05
20487,嗯……汉娜的魔法不知道能不能让其他人也飘浮起来呢。,miria,02,02,Adv,05
20488,（还是别再继续打扰她们了）,hiro,02,02,Adv,05
20489,趁着两人正热火朝天地讨论，我转身离开了娱乐室。,system,02,02,Adv,05
20490,啊，希罗……,ema,02,02,Adv,06
20491,来到被诺亚用作画室的房间，碰上了艾玛和汉娜。,system,02,02,Adv,06
20492,……你们在这里做什么？,hiro,02,02,Adv,06
20493,我们也打算参加蕾雅的舞台剧制作。,ema,02,02,Adv,06
20494,于是，汉娜就负责当服装师了。,ema,02,02,Adv,06
20495,真叫人头疼哇。本小姐怎么就要负责做舞台服了……,hanna,02,02,Adv,06
20496,尽管她嘴上抱怨，手里却在熟练地做着针线活。,system,02,02,Adv,06
20497,（干活很麻利。看来她很擅长裁缝工作）,hiro,02,02,Adv,06
20498,为什么选择来这里干活？,hiro,02,02,Adv,06
20499,因为这里挺宽敞的，比较方便做事。我们也需要足够的空间去摆放材料和制作好的舞台服。,hanna,02,02,Adv,06
20500,我环视整个房间。,system,02,02,Adv,06
20501,不知什么时候，房里多了几个油漆桶。,system,02,02,Adv,06
20502,桶里满满都是色彩缤纷的油漆。,system,02,02,Adv,06
20503,大概是诺亚从某处找来，并存放在这里的吧。,system,02,02,Adv,06
20504,虽然整个房间有点脏脏的，但里面有一张大桌子，空间也够宽敞。,system,02,02,Adv,06
20505,（的确，这个房间应该很适合干活）,hiro,02,02,Adv,06
20506,剧目已经定好是《小飞侠》了。,hanna,02,02,Adv,06
20507,艾玛负责饰演温蒂哦！我会做一套精美的舞台服，请好好期待吧！,hanna,02,02,Adv,06
20508,好、好的，谢谢。其实我也不知道，现在还在做这种事真的好吗……,ema,02,02,Adv,06
20509,（这家伙忸怩作态的样子真让人来气……再聊下去只会让我压力越来越大）,hiro,02,02,Adv,06
20510,我远离那两人，再次仔细调查房间里的情况。,system,02,02,Adv,06
20511,画室里只能透进微弱的光，而且每次来都是乱糟糟的样子。,system,02,02,Adv,06
20512,石膏像上有着细小的裂纹，工作桌上密布着各种工具刻下的痕迹。,system,02,02,Adv,06
20513,还摆放着许多没有画完的油画，但并不是诺亚的手笔。,system,02,02,Adv,06
20514,（看来有必要彻底打扫一次）,hiro,02,02,Adv,06
20515,不过，地上散乱的画纸上的内容变了。看来，至少还是会定期扔进垃圾桶的。,system,02,02,Adv,06
20516,从阳台俯瞰中庭，正下方就是高耸的尖锐铁栅栏。,system,02,02,Adv,06
20517,艾玛，汉娜！让你们久等啦！,sherry,02,02,Adv,06
20518,随着一阵吵闹的脚步声，雪莉跑进了画室，我也回过头来。,system,02,02,Adv,06
20519,给，收着吧！我已经把所有能找到的绿色布料全都拿过来了！,sherry,02,02,Adv,06
20520,雪莉把怀里满满一摞绿色布料放在工作桌上。,system,02,02,Adv,06
20521,你好厉害啊。居然能找到这么多，都是在哪里找到的？,ema,02,02,Adv,06
20522,我把各个房间里的窗帘和桌布什么的全都扯下来了！,sherry,02,02,Adv,06
20523,你这是在干什么！？未免也太离谱了吧！而且，根本用不到这么多呀！,hanna,02,02,Adv,06
20524,见汉娜大发脾气，雪莉便把窗帘摊开给她看。,system,02,02,Adv,06
20525,你有没有在网红影片里看过这种东西！？,sherry,02,02,Adv,06
20526,什么意思……？,hanna,02,02,Adv,06
20527,绿幕呀！用来抠掉背景合成影片的那个东西！,sherry,02,02,Adv,06
20528,啊～……在天气预报里见到过。,hanna,02,02,Adv,06
20529,说不定我们不光要演舞台剧，还会拍电影什么的呢。,sherry,02,02,Adv,06
20530,可是，你就为了这个把窗帘和桌布都扯下来，真令人不敢置信……,hanna,02,02,Adv,06
20531,汉娜盯着窗帘撕破的地方紧蹙眉头。,system,02,02,Adv,06
20532,再不爱惜东西，可是会遭报应的。我们现在已经每天都在浪费东西了。,hanna,02,02,Adv,06
20533,听到汉娜的话，艾玛和雪莉都十分不解。,system,02,02,Adv,06
20534,就是我们穿的衣服呀！,hanna,02,02,Adv,06
20535,在监牢里，外衣自不必说，就连换洗内衣裤都是监牢提供的。,system,02,02,Adv,06
20536,根据规定，当天穿过的衣服和内衣都必须丢进淋浴房的垃圾滑槽里。我也一直遵守这个规定，每天都会丢弃。,system,02,02,Adv,06
20537,每天都丢掉衣服，实在是太浪费了！,hanna,02,02,Adv,06
20538,之前我问了典狱长，听说那个垃圾滑槽，好像是通向地下的焚烧炉来着。,sherry,02,02,Adv,06
20539,居然都烧掉了！？明明洗一洗还能继续穿呢！,hanna,02,02,Adv,06
20540,也就是说，它们对【魔女】已经忌讳到了要烧掉衣服的程度吧～,sherry,02,02,Adv,06
20541,我们哪里有那么脏哇～！！,hanna,02,02,Adv,06
20542,变成【魔女】以后可就不好说了哦？,sherry,02,02,Adv,06
20543,说不定还会散发出一些不明致病细菌什么的……,sherry,02,02,Adv,06
20544,那……那就到时候再说嘛！,hanna,02,02,Adv,06
20545,至少我们现在还不是魔女……这样实在是太浪费了……,hanna,02,02,Adv,06
20546,不想浪费的话，不丢掉大概也行吧。感觉它们也没有检查得那么仔细。,sherry,02,02,Adv,06
20547,……你说得对。以后我就自己洗衣服了！,hanna,02,02,Adv,06
20548,可是，要是违规行为被发现了，搞不好会受处分哦？,sherry,02,02,Adv,06
20549,唔唔……,hanna,02,02,Adv,06
20550,（这两个人真的好吵……）,hiro,02,02,Adv,06
20551,再加上艾玛也在场，怎么也集中不了精神。我只好放弃调查，离开了画室。,system,02,02,Adv,06
20552,我来到中庭。,system,02,02,Adv,07
20553,这是一方西洋风格的庭院，看上去很适合开茶会。,system,02,02,Adv,07
20554,不过大概是因为长期无人打理，到处长满了藤蔓。,system,02,02,Adv,07
20555,往上看，可以看到二楼有多处用来通风的阳台。,system,02,02,Adv,07
20556,庭院中央有一处喷泉。,system,02,02,Adv,07
20557,（要是把艾玛按进喷泉里……不行，从好几个阳台都能看见这个地方，很有可能被人看到）,hiro,02,02,Adv,07
20558,实际上，中庭也确实有人。蕾雅、诺亚和亚里沙就在稍远处。,system,02,02,Adv,07
20559,蕾雅和诺亚正在商量舞台剧的事。而亚里沙——,system,02,02,Adv,07
20560,她站在两棵紧挨着的树下面，正在摆弄着什么。只见她手里拿着一根绳子。,system,02,02,Adv,07
20561,……！,hiro,02,02,Adv,07
20562,一幕画面闪过脑海，瞬间心跳快得几乎扑出胸膛。,system,02,02,Adv,07
20563,（冷静点。亚里沙并没有试图自杀）,hiro,02,02,Adv,07
20564,我做了个深呼吸，这时，蕾雅和诺亚看到我，向这边走来。,system,02,02,Adv,07
20565,你好啊希罗。我想让你也看看这个。,leia,02,02,Adv,07
20566,……看什么？,hiro,02,02,Adv,07
20567,蕾雅有些兴奋地把素描本递给我看。,system,02,02,Adv,07
20568,这是舞台背景的草图。是诺亚帮忙画的。,leia,02,02,Adv,07
20569,说着，蕾雅一页页翻起素描本。,system,02,02,Adv,07
20570,每一页都画着如梦似幻的风景，让我不禁看入了迷。,system,02,02,Adv,07
20571,如何？画得很美吧？诺亚简直是灵感之神！,leia,02,02,Adv,07
20572,哎嘿嘿，说得我都不好意思了～,noa,02,02,Adv,07
20573,……没错。每张画都很有艺术性。原来你不止是喷漆画艺术家啊。,hiro,02,02,Adv,07
20574,只要是画画，诺亚都喜欢。不过最喜欢的还是喷漆画。,noa,02,02,Adv,07
20575,我试着跟诺亚搭话，看到她笑着回应，我莫名感到一点安心。,system,02,02,Adv,07
20576,最近呀，诺亚感觉自己操纵魔法越来越熟练了。,noa,02,02,Adv,07
20577,魔法都能好好变成诺亚心里描绘的场景了呢。一定是因为诺亚的画技提升了！,noa,02,02,Adv,07
20578,诺亚骄傲地挺起胸膛，蕾雅也开心地连连点头赞同。,system,02,02,Adv,07
20579,诺亚画出的背景，再配上我的演绎……啊，我现在就开始期待站上舞台的那一刻了！,leia,02,02,Adv,07
20580,嗯，诺亚也很期待～,noa,02,02,Adv,07
20581,让我们一起创作出最精彩的舞台剧吧！,leia,02,02,Adv,07
20582,蕾雅和诺亚相视一笑。,system,02,02,Adv,07
20583,……真是热情四溢啊。,hiro,02,02,Adv,07
20584,因为我享受舞台啊。既然要做，就要做到最好。,leia,02,02,Adv,07
20585,作为职业演员，我决不允许半吊子的心态。我想创作出好作品。想创作出能打动观众心灵的好作品。,leia,02,02,Adv,07
20586,这句话听起来像是在强烈诉说着：【打动你的心灵】同样是目标的一部分。,system,02,02,Adv,07
20587,（蕾雅作为职业演员的态度非常端正。我不能践踏她的心情）,hiro,02,02,Adv,07
20588,……我还有事要做。所以没办法帮你们忙。,hiro,02,02,Adv,07
20589,但剧目上演那天，我会去看的。,hiro,02,02,Adv,07
20590,真的吗！？,leia,02,02,Adv,07
20591,太好啦，蕾雅。,noa,02,02,Adv,07
20592,嗯，我越来越有干劲了。,leia,02,02,Adv,07
20593,“那就与我同行吧，前往那梦想诞生之地！在那里，连时间都无法将我们束缚！”,leia,02,02,Adv,07
20594,好厉害！真的像变了个人一样！,noa,02,02,Adv,07
20595,蕾雅即兴来了一段台词，让诺亚兴奋得满眼放光。,system,02,02,Adv,07
20596,我的嘴角也不禁划出一条弧度。,system,02,02,Adv,07
20597,或许我们不再像以前那般亲近，但对于现在的我来说，她们依然——,system,02,02,Adv,07
20598,——,hiro,02,02,Adv,07
20599,一阵绳子的吱呀声响传来，让我的想像瞬间凝固。,system,02,02,Adv,07
20600,亚里沙在不远处的树下，正用绳子和布料制作些什么。,system,02,02,Adv,07
20601,她把绳子分别缠在两棵树上。然后用钩子将摊开的布挂在绳子上。,system,02,02,Adv,07
20602,好，差不多了。,alisa,02,02,Adv,07
20603,我离开诺亚她们，朝亚里沙走去。,system,02,02,Adv,07
20604,你在做什么？,hiro,02,02,Adv,07
20605,这都看不出吗。我在做吊床。,alisa,02,02,Adv,07
20606,……为什么要做这个？,hiro,02,02,Adv,07
20607,哈？,alisa,02,02,Adv,07
20608,听见我的疑问，她似乎有些不解地眨了眨眼。,system,02,02,Adv,07
20609,当然是用来睡觉的啊。,alisa,02,02,Adv,07
20610,说完她就转过身，像在拒绝和我继续交谈。,system,02,02,Adv,07
20611,她检查过强度没有问题后，便躺到吊床上。,system,02,02,Adv,07
20612,……,hiro,02,02,Adv,07
20613,我感到一阵难以忍受的窒息感，逃也似的离开了中庭。,system,02,02,Adv,07
20614,走进淋浴房，只见可可正在用手机拍下室内的情况。,system,02,02,Adv,08
20615,你在拍什么呢？,hiro,02,02,Adv,08
20616,呀啊啊啊！？,coco,02,02,Adv,08
20617,什么嘛，是你啊希罗亲。你能不能别突然搭话啊？,coco,02,02,Adv,08
20618,她刚才大概是沉迷于拍照，被我突然问话吓了一跳。,system,02,02,Adv,08
20619,但她的脸上转眼间就写满了兴奋。,system,02,02,Adv,08
20620,刚才我发现了这个涂鸦，你看，是不是很厉害？,coco,02,02,Adv,08
20621,啊……这个多半是诺亚干的好事。真是的，到处乱涂乱画……必须得把它擦掉。,hiro,02,02,Adv,08
20622,不不不，不准擦。这个搞不好超有价值的呢。,coco,02,02,Adv,08
20623,……价值是指？,hiro,02,02,Adv,08
20624,你不知道吗？那个世界闻名的艺术家【气球】。说不定就是诺亚哦！,coco,02,02,Adv,08
20625,我不太了解这方面的事，但对这个名字略有耳闻。,system,02,02,Adv,08
20626,据说是个搞街头涂鸦的神秘艺术家，似乎还挺有名的……,system,02,02,Adv,08
20627,诺亚的画的确有着非同寻常的魅力。就算她真是个名人也不奇怪。,hiro,02,02,Adv,08
20628,对吧。我先把这个涂鸦拍下来，之后搞不好会爆火呢。,coco,02,02,Adv,08
20629,蹭蹭大红人的名气，这样人家也能挤进当红主播的行列了。嘻嘻嘻。,coco,02,02,Adv,08
20630,……原来你还打算着回家啊。,hiro,02,02,Adv,08
20631,哈？那肯定啊。我一定要回家。不管动用什么手段。,coco,02,02,Adv,08
20632,因为【我推】还在等我呢。,coco,02,02,Adv,08
20633,看着她喃喃自语的侧脸，我忽然想到，也许现在正是打探她的好机会。,system,02,02,Adv,08
20634,……想问你一个问题。,hiro,02,02,Adv,08
20635,关于前几天的直播。除了那个地下设施以外，你还知道什么别的信息吗？,hiro,02,02,Adv,08
20636,你手里到底还掌握了什么？,hiro,02,02,Adv,08
20637,我直截了当地问道，而可可听了明显有些不高兴。,system,02,02,Adv,08
20638,……笨蛋。我怎么可能告诉你。,coco,02,02,Adv,08
20639,要知道，随时随地都有可能有人变成魔女，不知道有谁会突然对我怀有杀意。,coco,02,02,Adv,08
20640,所以在这里的所有人！没有一个可信的！,coco,02,02,Adv,08
20641,我已经不想再死一遍了！,coco,02,02,Adv,08
20642,再什么一遍……？,hiro,02,02,Adv,08
20643,可可似乎是说漏了嘴，脸上的表情一下子僵住。,system,02,02,Adv,08
20644,没、没啥，口误而已。我说，你能去别的地方待着吗？我要准备直播了。,coco,02,02,Adv,08
20645,在这里……直播？,hiro,02,02,Adv,08
20646,这里隔音很好，可能是因为墙壁厚吧。所以我想试着在这里播一次看看。,coco,02,02,Adv,08
20647,……可是说不定会有人来淋浴啊。,hiro,02,02,Adv,08
20648,这个时间不会有人来啦！而且要是真有人来我就不播了。,coco,02,02,Adv,08
20649,行了，别碍事，走开走开！,coco,02,02,Adv,08
20650,还是说你想和我一起播？,coco,02,02,Adv,08
20651,……不必了。,hiro,02,02,Adv,08
20652,（隔音啊……这是个有用的信息）,hiro,02,02,Adv,08
20653,离开前，我装作漫不经心的样子，扫了一眼整个淋浴房。,system,02,02,Adv,08
20654,（那个垃圾滑槽……能不能利用呢）,hiro,02,02,Adv,08
20655,我一边这么思考着，一边走出淋浴房。,system,02,02,Adv,08
20656,我在森林简单探索了一番，直到来到湖畔。,system,02,02,Adv,09
20657,（把她沉到湖底也是可行的吧。……能毁尸灭迹就最好不过了）,hiro,02,02,Adv,09
20658,我眺望着湖面，思索如何杀死艾玛。就在这时——,system,02,02,Adv,09
20659,！,hiro,02,02,Adv,09
20660,附近的树丛沙沙作响，我立马警惕地绷紧身子。,system,02,02,Adv,09
20661,下一秒，从树丛里探出身子的是——奈叶香。,system,02,02,Adv,09
20662,又是你啊。难道说你的爱好就是从树丛里冒出来？,hiro,02,02,Adv,09
20663,我可没有那种癖好。,nanoka,02,02,Adv,09
20664,那么，你是又想触碰我了吗？,hiro,02,02,Adv,09
20665,奈叶香的魔法是【幻视】。据说碰到谁就能看见对方过去的画面。,system,02,02,Adv,09
20666,……不。,nanoka,02,02,Adv,09
20667,奈叶香缓缓摇头。,system,02,02,Adv,09
20668,只是碰巧遇见你罢了。我刚才在找东西，然后……,nanoka,02,02,Adv,09
20669,哦，我记得你说过自己的发带不见了。找到了吗？,hiro,02,02,Adv,09
20670,她上来就说是亚里沙偷的，结果两人差点打起来。,system,02,02,Adv,09
20671,奈叶香沮丧地摇了摇头。,system,02,02,Adv,09
20672,……没有。,nanoka,02,02,Adv,09
20673,这发带有那么重要吗？被关进来以后，我们自己的所有东西应该全都被拿走了吧。,hiro,02,02,Adv,09
20674,话刚落音，我忽然想起自己口袋里的钢笔。,system,02,02,Adv,09
20675,（难道奈叶香也和我一样，带着【某种物件】……？）,hiro,02,02,Adv,09
20676,发带我在监牢里找回来了。……因为我知道它掉在哪里了。,nanoka,02,02,Adv,09
20677,原来如此。和你手上那把枪的来路一样，这也是你通过幻视得知的信息吧。,hiro,02,02,Adv,09
20678,她点了点头，于是我开始翻找近处的树丛。,system,02,02,Adv,09
20679,你，这是在……？,nanoka,02,02,Adv,09
20680,你不是在找东西吗？那我得帮你找到。,hiro,02,02,Adv,09
20681,……你不问原因吗？,nanoka,02,02,Adv,09
20682,你不想说的话，我也不会多过问。毕竟我也有不愿提起的过去。,hiro,02,02,Adv,09
20683,……哦。,nanoka,02,02,Adv,09
20684,我们在周围四处找了一会……,system,02,02,Adv,09
20685,但最后还是没找到发带。,system,02,02,Adv,09
20686,我本来想着，可能在调查这附近的时候落在这里了……,nanoka,02,02,Adv,09
20687,但我也不知道究竟是在哪里弄丢的，算了。,nanoka,02,02,Adv,09
20688,……是吗。那以后我会多留意监牢里有没有类似东西的。,hiro,02,02,Adv,09
20689,……谢谢。二阶堂希罗，其实你人挺好的。,nanoka,02,02,Adv,09
20690,什么叫做“其实”啊。我不是一向都行得正坐得直吗？,hiro,02,02,Adv,09
20691,虽然我并不是在开玩笑，但奈叶香却轻轻地笑了。,system,02,02,Adv,09
20692,看你总是一脸冷峻地想事情，总感觉你是不是有些不好的企图。,nanoka,02,02,Adv,09
20693,（这倒是没说错……）,hiro,02,02,Adv,09
20694,自从来到这里，我的烦恼越来越多。每天都烦躁得不行。哪怕能摄取点糖分也好。,hiro,02,02,Adv,09
20695,糖分……嗯。,nanoka,02,02,Adv,09
20696,……我啊，其实很喜欢做点心。,nanoka,02,02,Adv,09
20697,她这冷不丁的回答，让我不知该作何反应。,system,02,02,Adv,09
20698,不介意的话，下次我做给你吃吧。,nanoka,02,02,Adv,09
20699,这做不到吧。连食材都没有，要怎么做？,hiro,02,02,Adv,09
20700,食材的话，我能筹措得到。我知道不少秘密通路，就交给我吧。,nanoka,02,02,Adv,09
20701,奈叶香微微一笑。看来她还挺信任我的。,system,02,02,Adv,09
20702,（明明我想要疏远大家，可是事不如意啊……）,hiro,02,02,Adv,09
20703,秘密小道吗……比起点心，我倒是更关心这个。,hiro,02,02,Adv,09
20704,那可不是什么值得期待的地方。而且，去那里还会违反规定……啊。,nanoka,02,02,Adv,09
20705,奈叶香突然停住话头，盯着我的头顶看。,system,02,02,Adv,09
20706,怎么了？,hiro,02,02,Adv,09
20707,你的头顶。有片叶子沾在头发上了。,nanoka,02,02,Adv,09
20708,是吗，因为刚才在树丛里到处找东西吧。,hiro,02,02,Adv,09
20709,她正准备伸手，却突然像转变心意似的停了下来。,system,02,02,Adv,09
20710,……不继续吗？刚才可是触碰我的好时机。,hiro,02,02,Adv,09
20711,（虽然我并不打算让她有机会触碰我）,hiro,02,02,Adv,09
20712,现在的我，一直在考虑如何杀害艾玛，那就决不能让她【幻视】到。,system,02,02,Adv,09
20713,我自己捏住叶子，用手指轻轻弹开了。,system,02,02,Adv,09
20714,……我改主意了。不会再幻视你。,nanoka,02,02,Adv,09
20715,二阶堂希罗。如果是你，也许……,nanoka,02,02,Adv,09
20716,奈叶香欲言又止。,system,02,02,Adv,09
20717,然而，最终她还是把话吞了下去，没有再往下说。,system,02,02,Adv,09
20718,……我该走了。典狱长马上就要来了。,nanoka,02,02,Adv,09
20719,话音刚落，她就消失在了树丛深处。,system,02,02,Adv,09
20720,紧接着——,system,02,02,Adv,09
20721,正如奈叶香所言，典狱长确实来了。,system,02,02,Adv,09
20722,是你啊，希罗小姐。你有在这附近看到奈叶香小姐吗？,warden,02,02,Adv,09
20723,不，我没看见。,hiro,02,02,Adv,09
20724,这样啊。哎呀呀，这可头疼了。奈叶香小姐违反了规定，已逃出监牢好几天了。,warden,02,02,Adv,09
20725,我一直找不到她……好不容易追过去，她又一眨眼就消失了。,warden,02,02,Adv,09
20726,如果你看到她，可以告诉我一声吗？,warden,02,02,Adv,09
20727,你尽管找就是。这事和我无关吧。,hiro,02,02,Adv,09
20728,没有必要告诉典狱长。我丢下这句话就离开了。,system,02,02,Adv,09
20729,大致探索一番后，我来到地下的焚烧炉室。,system,02,02,Adv,10
20730,（我想到杀死艾玛的方法了）,hiro,02,02,Adv,10
20731,（只要尸体上不留下证据，应该就不会被判定为【凶杀案】）,hiro,02,02,Adv,10
20732,这样一来，就算要举行魔女审判，我被人怀疑的可能性也很低。,system,02,02,Adv,10
20733,（为此，我要利用淋浴房的垃圾滑槽）,hiro,02,02,Adv,10
20734,这里隔音很好，可能是因为墙壁厚吧。所以我想先试一次。,coco,02,02,Adv,10
20735,（淋浴房隔音性能这么好，应该可以在那里避人耳目地执行计划）,hiro,02,02,Adv,10
20736,（计划很简单）,hiro,02,02,Adv,10
20737,（把艾玛叫出来杀了，再将她推下垃圾滑槽，之后焚烧炉就会把她的尸体烧个干净）,hiro,02,02,Adv,10
20738,我来到这里，正是为了调查焚烧炉。,system,02,02,Adv,10
20739,于是我打开炉盖，看向里面。,system,02,02,Adv,10
20740,炉底积了一层黑灰，若有若无的焦味飘进鼻腔。,system,02,02,Adv,10
20741,如此大型的焚烧炉，一定能用高温将尸体彻底焚烧干净吧。,system,02,02,Adv,10
20742,（虽然有可能因为温度不够而烧不干净骨头……）,hiro,02,02,Adv,10
20743,（但即便被人发现，也会被当做【事故】处理吧）,hiro,02,02,Adv,10
20744,（只要事先准备好能证明是【事故】的证据就可以）,hiro,02,02,Adv,10
20745,我打开魔女图鉴，再次确认规定。,system,02,02,Adv,10
20746,地下的焚烧炉每周一15时启动。,system,02,02,Adv,10
20747,（……距离启动还有一点时间。在那之前要打磨好细节）,hiro,02,02,Adv,10
20748,正当我刚想合上盖子准备走的时候。,system,02,02,Adv,10
20749,嗯……？,hiro,02,02,Adv,10
20750,炉子里有什么奇异的东西闪了一下。,system,02,02,Adv,10
20751,那东西沉在炉底，乍一看只是个发黑的金属片。,system,02,02,Adv,10
20752,不知为何我有点好奇，把它取了出来。擦一擦表面，上面刻有文字。,system,02,02,Adv,10
20753,这是……,hiro,02,02,Adv,10
20754,上面刻着我能看懂的文字。,system,02,02,Adv,10
20755,大概是以前的囚犯努力想留下些记录，才把它刻在金属上的。,system,02,02,Adv,10
20756,我刚打算仔细阅读——,system,02,02,Adv,10
20757,咦，这不是希罗亲吗……你在这干嘛呢？,coco,02,02,Adv,10
20758,身后冷不防地传来可可的声音，我吓了一跳，扭头看向她。,system,02,02,Adv,10
20759,……没什么。这里也是我平时巡视的一环。,hiro,02,02,Adv,10
20760,（被人目击到我在焚烧炉室，会不会有麻烦——）,hiro,02,02,Adv,10
20761,我在脑海里做了片刻的模拟实验，应该没什么问题。,system,02,02,Adv,10
20762,倒是你，来这里做什么？,hiro,02,02,Adv,10
20763,你不知道吗？我经常来这啦。比如说想一个人静静的时候。,coco,02,02,Adv,10
20764,更确切地说……是【我推】联系我的时候。这里没人来，所以能专心跟他聊天。,coco,02,02,Adv,10
20765,（什么意思……？）,hiro,02,02,Adv,10
20766,啊啊啊不跟你啰嗦了！没时间啦！不管我干嘛都给我当没看见啊！,coco,02,02,Adv,10
20767,看样子可可很嫌我碍事，但她似乎已经放弃赶我走了。,system,02,02,Adv,10
20768,她急匆匆地拿出自己的手机，贴在耳边。,system,02,02,Adv,10
20769,啊～我挺好的呀？没什么好担心的啦。真是的每天唠唠叨叨的也不嫌烦……,coco,02,02,Adv,10
20770,不会啊，我很开心。你一直都记着我嘛。,coco,02,02,Adv,10
20771,会的，我一定会回去的。哎呀，都说了不要再担心人家啦！,coco,02,02,Adv,10
20772,我更担心你啊爷爷！整个人都虚弱了那么多……别那么难过啦……,coco,02,02,Adv,10
20773,我会带给你笑容的……等着我。,coco,02,02,Adv,10
20774,…………,hiro,02,02,Adv,10
20775,可可放下手机，深深叹气。然后她轻轻吸了下鼻子，带着一脸尴尬看向我。,system,02,02,Adv,10
20776,……你应该大致猜到了吧。,coco,02,02,Adv,10
20777,嗯。你的魔法是【千里眼】。也就是说，你刚才是在跟某个正在看你以前的影像或照片的人对话。,hiro,02,02,Adv,10
20778,也就是你的家人。,hiro,02,02,Adv,10
20779,都说了，那是全世界最最重要的【我推】啊。当然了，这也是因为他每天都看着我的照片跟我说话……,coco,02,02,Adv,10
20780,虽然他听不见我的声音，但我就是想回应他嘛。,coco,02,02,Adv,10
20781,我知道这么干很傻，不准看不起我啊！？,coco,02,02,Adv,10
20782,我没有看不起你。,hiro,02,02,Adv,10
20783,（反而对你刮目相看了才是。不过……）,hiro,02,02,Adv,10
20784,（如果可可每天都在听这么重要的亲人的声音，那么，她的渴归之心肯定不是一般的强）,hiro,02,02,Adv,10
20785,（希望她最好不要想不开……）,hiro,02,02,Adv,10
20786,但就算是这样，我也没有余力对他人伸出援手。,system,02,02,Adv,10
20787,见她想一个人静静地待一会，我便离开了焚烧炉室。,system,02,02,Adv,10
20788,——监狱生活第二轮，第十二天。,system,02,02,Adv,10
20789,——我不记得昨天有写过日记。,system,02,02,Adv,10
20790,——但是没关系。我看起来没有魔女化的倾向，精神状态也十分稳定。,system,02,02,Adv,10
20791,——我不会堕为魔女。绝对不会。,system,02,02,Adv,10
20792,——周一早上。执行计划的日子到了。,system,02,02,Adv,11
20793,醒来后，我从床上下来，对艾玛打了声招呼。,system,02,02,Adv,11
20794,……早上好，艾玛。,hiro,02,02,Adv,11
20795,哎！？啊，什么……？,ema,02,02,Adv,11
20796,艾玛惊讶得不知所措。这也难怪。,system,02,02,Adv,11
20797,虽然我们生活在一个房间里，但我通常都是无视她的存在。,system,02,02,Adv,11
20798,早、早上好，希罗。,ema,02,02,Adv,11
20799,她慌张了一下，但还是高兴地给我回了声早安。,system,02,02,Adv,11
20800,怎么了？那个……因为很少见你跟我打招呼……,ema,02,02,Adv,11
20801,不出所料，艾玛虽然惊讶，还是接受了我的示好。我若无其事地按照脑海中编排好的计划，继续推进。,system,02,02,Adv,11
20802,抱歉。之前是我太固执了。但我觉得我们之间不能这样下去了。,hiro,02,02,Adv,11
20803,所以，我想和你聊聊以前的事。如果你不介意的话……,hiro,02,02,Adv,11
20804,当然可以呀！,ema,02,02,Adv,11
20805,话还没说完，艾玛就抢先答道。,system,02,02,Adv,11
20806,……谢谢你。那吃完午饭后，我们要不要一起去冲个澡？,hiro,02,02,Adv,11
20807,嗯、嗯，可以是可以……但是为什么要冲澡啊？,ema,02,02,Adv,11
20808,因为白天应该没什么人去淋浴房。我想和你两个人单独慢慢聊。这样的理由不够充分？,hiro,02,02,Adv,11
20809,……不会呀。哎嘿嘿，感觉有点开心。,ema,02,02,Adv,11
20810,（艾玛总是这样。露出天真无邪的笑容让人放松警惕，本性其实是个邪恶的人——）,hiro,02,02,Adv,11
20811,（不，是邪恶的魔女）,hiro,02,02,Adv,11
20812,我尽量抑制内心的想法，对她露出温柔的微笑。,system,02,02,Adv,11
20813,那，下午2点我们在淋浴房见吧。,hiro,02,02,Adv,11
20814,还有，这件事是我们之间的秘密，希望你能保密。,hiro,02,02,Adv,11
20815,欸，为什么呢？,ema,02,02,Adv,11
20816,我不太想被其他人打探到自己的情况和过去的经历。,hiro,02,02,Adv,11
20817,这确实是我的真心话，但也是个幌子。如果被其他少女得知艾玛在失踪前约好和我见面，那可就麻烦了。,system,02,02,Adv,11
20818,这样啊……嗯，我知道了！,ema,02,02,Adv,11
20819,到了时间，门锁开了。,system,02,02,Adv,11
20820,……那个，希罗。要不要一起吃早饭？,ema,02,02,Adv,11
20821,…………,hiro,02,02,Adv,11
20822,（我只不过稍微主动示好了一下，就得寸进尺）,hiro,02,02,Adv,11
20823,（这招我已经见过无数次了。其实她根本没受伤）,hiro,02,02,Adv,11
20824,（她总是故意装作失败，或是用示弱来吸引同情，一旦自己的处境不利，就立马翻脸）,hiro,02,02,Adv,11
20825,（你就是这样对小雪见死不救的吧……！）,hiro,02,02,Adv,11
20826,艾玛的态度让我心生怒火，用力握紧拳头。,system,02,02,Adv,11
20827,……希罗，你怎么了？我是不是说了什么惹你不开心的话？,ema,02,02,Adv,11
20828,……不，没什么。走吧。,hiro,02,02,Adv,11
20829,（很快就能斩断这令人恼火的根源了）,hiro,02,02,Adv,11
20830,艾玛欢欣雀跃地走出牢房，而我却跟在她身后，静静酝酿着阴暗的感情。,system,02,02,Adv,11
20831,早餐时间后。,system,02,02,Adv,12
20832,为了做好谋杀艾玛的准备工作，我悄悄来到淋浴房。,system,02,02,Adv,12
20833,淋浴房的墙壁上，还是一如既往画着一幅巨大的壁画。,system,02,02,Adv,12
20834,【气球】吗……,hiro,02,02,Adv,12
20835,虽然也可以问问诺亚本人，但她估计并不在意这些名头吧。,system,02,02,Adv,12
20836,（能感受到她真的只是纯粹地喜欢画画）,hiro,02,02,Adv,12
20837,（对于她来说，只要可以画画，似乎身在何处都无关紧要。即使是在这座监牢）,hiro,02,02,Adv,12
20838,我再次仔细端详诺亚的画，不禁笑了起来。,system,02,02,Adv,12
20839,（既然她在这里能够毫无压力地生活下去，应该就不需要担心她堕为魔女了）,hiro,02,02,Adv,12
20840,沉浸在思绪中，忽然，我猛地回过神来。,system,02,02,Adv,12
20841,（现在要做的事和诺亚无关吧！怎么能不把精力集中在头等大事上）,hiro,02,02,Adv,12
20842,我重新打起精神，继续推进准备工作。,system,02,02,Adv,12
20843,要做的事很简单。只需事先在垃圾滑槽上动动手脚。,system,02,02,Adv,12
20844,要把艾玛之死伪装成意外，需要制造相应的证据。,system,02,02,Adv,12
20845,（所以……垃圾滑槽的盖子要做成【年久失修导致损坏】的样子）,hiro,02,02,Adv,12
20846,（不幸的是，艾玛没有注意到这件事，走近后一时失去平衡，掉下去了……）,hiro,02,02,Adv,12
20847,（她因为头部遭受猛烈的撞击而晕了过去，然后又不幸撞上焚烧炉启动的时间……）,hiro,02,02,Adv,12
20848,（就这样，艾玛被烧死在那里）,hiro,02,02,Adv,12
20849,（……这就是我的剧本）,hiro,02,02,Adv,12
20850,必须在发现命案之前，就对滑槽下手。,system,02,02,Adv,12
20851,因为若是艾玛失踪后被人看到我动手脚的场面，就会加深自己的嫌疑。,system,02,02,Adv,12
20852,如果事先动手脚的话，万一被人目击，也能设法为自己开脱。最差的情况不过是计划中止。,system,02,02,Adv,12
20853,（我杀死艾玛后，只要等到有人找到【艾玛死亡是事故的证据】，再配合证据发表我的推理就好）,hiro,02,02,Adv,12
20854,（结论是【因为垃圾滑槽故障，艾玛不幸地失去了生命】）,hiro,02,02,Adv,12
20855,（总会有狡辩的余地。毕竟……没有任何证据能证明是他杀）,hiro,02,02,Adv,12
20856,（好，赶快把事情办完吧）,hiro,02,02,Adv,12
20857,我拿起在画室里找到的工具，走向垃圾滑槽——,system,02,02,Adv,12
20858,稍稍拧松螺丝,@choice |#0202Adv12_Choice001|,02,02,Adv,12
20859,以防万一调查内部,@choice |#0202Adv12_Choice002| button:ChoiceButtons/Adv/Bad,02,02,Adv,12
20860,然后稍稍拧松盖子上的螺丝。,system,02,02,Adv,12
20861,（这样就好。接下来只要等待约定的时间到来。……不对，还有一个隐患）,hiro,02,02,Adv,12
20862,那就是可可。,system,02,02,Adv,12
20863,（她有时候会来隔音比较好的淋浴房做直播……）,hiro,02,02,Adv,12
20864,如果到了我和艾玛约定的时间，可可正好想来淋浴房直播了，我该怎么办？,system,02,02,Adv,12
20865,当我想到这个计划的时候，就已经留意到了这个问题。,system,02,02,Adv,12
20866,我拟了几个解决方案，比如给可可提供一个更好的直播场地，等等。,system,02,02,Adv,12
20867,但是，小动作做得太多的话，很可能导致自己之后被人怀疑。,system,02,02,Adv,12
20868,最后我还是没想出什么具体对策，就这样到了计划当天。,system,02,02,Adv,12
20869,（其实不止可可一个隐患）,hiro,02,02,Adv,12
20870,其他少女也可能来到淋浴房。,system,02,02,Adv,12
20871,（到那时就只能想办法巧妙地赶她们走了）,hiro,02,02,Adv,12
20872,午饭后的放风时间到了。马上就要到约定见面的下午2点了。,system,02,02,Adv,13
20873,（终于要来了）,hiro,02,02,Adv,13
20874,我快步走向淋浴房。,system,02,02,Adv,13
20875,……！,hiro,02,02,Adv,13
20876,没想到淋浴房里已经有人捷足先登，我顿时紧张起来。,system,02,02,Adv,13
20877,啊，是希罗呀。,noa,02,02,Adv,13
20878,诺亚，你在这里做什……没什么。,hiro,02,02,Adv,13
20879,话没说完，我就反应过来了。,system,02,02,Adv,13
20880,是里面那幅画吧。,hiro,02,02,Adv,13
20881,你、你你、你在说什么呢？,noa,02,02,Adv,13
20882,咻、咻……！,noa,02,02,Adv,13
20883,看她想走进淋浴房，我立马抓住她的手臂。,system,02,02,Adv,13
20884,嗯？怎么了？,noa,02,02,Adv,13
20885,（怎么办？要是诺亚待在这里就无法执行计划了）,hiro,02,02,Adv,13
20886,她一脸疑惑地仰头望着我，于是我便……,system,02,02,Adv,13
20887,把她带去了画室,@choice |#0202Adv13_Choice001|,02,02,Adv,13
20888,想办法赶走了她,@choice |#0202Adv13_Choice002| button:ChoiceButtons/Adv/Bad,02,02,Adv,13
20889,把她带去了画室。,system,02,02,Adv,13
20890,还问怎么了。这里是不能画画的。,hiro,02,02,Adv,13
20891,这里也不准画画吗？真小气啊。,noa,02,02,Adv,13
20892,诺亚无精打采地鼓起脸颊。,system,02,02,Adv,13
20893,不是因为小气。我们不是一起找到了画画的地方吗。,hiro,02,02,Adv,13
20894,唔～话是这么说啦……,noa,02,02,Adv,13
20895,那个，希罗，诺亚我啊……,noa,02,02,Adv,13
20896,她欲言又止，最后闭上了嘴。可能还是对我有点顾忌吧。,system,02,02,Adv,13
20897,（毕竟我打过她，尽管不是真心的。她肯定多多少少有些怕我）,hiro,02,02,Adv,13
20898,（虽然我也想让她随心所欲地画，可是现在不能这么说）,hiro,02,02,Adv,13
20899,总而言之，要画画请在画室里画。,hiro,02,02,Adv,13
20900,……好吧。,noa,02,02,Adv,13
20901,（看来，哪怕态度强硬点也得带她走了。虽然会浪费点时间，不过到了画室马上回来，应该就没问题了）,hiro,02,02,Adv,13
20902,我牵起气鼓鼓的诺亚，向画室走去。,system,02,02,Adv,13
20903,,system,02,02,Adv,13
20904,我正带着一脸不高兴的诺亚前往二楼。,system,02,02,Adv,14
20905,刚上到楼梯尽头，手机突然响了起来。,system,02,02,Adv,14
20906,（已经过了和艾玛约定的时间……是她在催我……？）,hiro,02,02,Adv,14
20907,我拿起手机瞟了一眼。,system,02,02,Adv,14
20908,屏幕上显示着【可可正在直播！】几个字。,system,02,02,Adv,14
20909,我叹了口气，收起手机，与此同时，一个开朗的声音响起。,system,02,02,Adv,14
20910,咦？希罗你怎么了？,miria,02,02,Adv,14
20911,……是诺亚。,hiro,02,02,Adv,14
20912,嗯——？,miria,02,02,Adv,14
20913,米莉亚仔细盯着诺亚气鼓鼓的脸蛋。,system,02,02,Adv,14
20914,……哈哈我懂了。是不是被希罗教训了呀。诺亚干了什么坏事吧～？,miria,02,02,Adv,14
20915,诺亚才没干坏事呢。,noa,02,02,Adv,14
20916,这样啊～。也是哦～。,miria,02,02,Adv,14
20917,那诺亚你到底做了什么呀？,miria,02,02,Adv,14
20918,…………画画。,noa,02,02,Adv,14
20919,……她在墙壁上涂鸦。,hiro,02,02,Adv,14
20920,啊～原来是这样。然后被希罗发现了是吧。,miria,02,02,Adv,14
20921,这可不好呀～诺亚。,miria,02,02,Adv,14
20922,……诺亚会被惩罚？,noa,02,02,Adv,14
20923,嗯，是啊。可能会狠狠惩罚你哦。,miria,02,02,Adv,14
20924,什么……！？,noa,02,02,Adv,14
20925,……你们把我当做什么人了。,hiro,02,02,Adv,14
20926,开玩笑啦开玩笑！希罗才不会做那种事。,miria,02,02,Adv,14
20927,……不过她可能会口头教育你一下。,miria,02,02,Adv,14
20928,唔～,noa,02,02,Adv,14
20929,嗯～……,miria,02,02,Adv,14
20930,米莉亚抱起胳膊，稍作思考后开口说道。,system,02,02,Adv,14
20931,……那诺亚要不要和大叔我一起看电影呀？,miria,02,02,Adv,14
20932,……电影？,noa,02,02,Adv,14
20933,嗯。是个在街头墙壁上涂鸦的街头艺术家的故事。,miria,02,02,Adv,14
20934,……感觉很无聊。,noa,02,02,Adv,14
20935,那你想被希罗教训？,miria,02,02,Adv,14
20936,……我要看电影。,noa,02,02,Adv,14
20937,好嘞，那我们就去看电影吧。大叔我会给你解说的。,miria,02,02,Adv,14
20938,米莉亚说完便牵起诺亚的手。,system,02,02,Adv,14
20939,然后朝我眨了眨眼。,system,02,02,Adv,14
20940,（……太感谢了）,hiro,02,02,Adv,14
20941,终于把诺亚塞给米莉亚，我松了口气。,system,02,02,Adv,14
20942,（再不去汇合艾玛搞不好就要回去了）,hiro,02,02,Adv,14
20943,刚准备下楼梯，手机铃声又开始震动并响了起来。,system,02,02,Adv,14
20944,（……又来了）,hiro,02,02,Adv,14
20945,我不耐烦地停下脚步，打开手机一看。,system,02,02,Adv,14
20946,果不其然还是可可的名字。,system,02,02,Adv,14
20947,我决定无视，正打算把手机收起来，这时我突然想到。,system,02,02,Adv,14
20948,（……她该不会在淋浴房直播吧……？）,hiro,02,02,Adv,14
20949,一阵不祥的预感袭上心头，谨慎起见我点开了直播页面。,system,02,02,Adv,14
20950,…………,coco,02,02,Adv,14
20951,（怎么回事？好像不太对劲）,hiro,02,02,Adv,14
20952,屏幕上可可的表情让我感觉有几分怪异。,system,02,02,Adv,14
20953,她的视线正在快速地到处游走。又像是焦急，又像是在恐惧着什么东西。,system,02,02,Adv,14
20954,…………,coco,02,02,Adv,14
20955,明明已经开始直播了，可可却一言不发。,system,02,02,Adv,14
20956,啊，糟糕……！,coco,02,02,Adv,14
20957,大家好啊，我是可可碳～！,coco,02,02,Adv,14
20958,过了一会，可可开始说话救场。,system,02,02,Adv,14
20959,呃，今天……,coco,02,02,Adv,14
20960,那个……啥来着……,coco,02,02,Adv,14
20961,对、对了！闲聊！今天来开闲聊台吧～……！,coco,02,02,Adv,14
20962,（……这举止明显很可疑）,hiro,02,02,Adv,14
20963,不仅如此，不祥的预感应验了。可可身后是那幅熟悉的画。,system,02,02,Adv,14
20964,（淋浴房……！）,hiro,02,02,Adv,14
20965,现在可可就在淋浴房直播。,system,02,02,Adv,14
20966,啧……又有人来碍事……！,hiro,02,02,Adv,14
20967,（现在淋浴房里有艾玛和可可两个人）,hiro,02,02,Adv,14
20968,（如果现在过去，毫无疑问会被人看到我和艾玛在一起的场面……）,hiro,02,02,Adv,14
20969,（这样肯定会被怀疑……虽然很不甘心，但这次只能放弃实施……）,hiro,02,02,Adv,14
20970,……啊！！,coco,02,02,Adv,14
20971,可可惊讶的声音，让我正准备关闭直播的手不由得停了下来。,system,02,02,Adv,14
20972,喂，听得到吗～！……欸？,coco,02,02,Adv,14
20973,可可向屏幕另一端观众问话的声音突然停住了。,system,02,02,Adv,14
20974,不是……等,coco,02,02,Adv,14
20975,什么！？,hiro,02,02,Adv,14
20976,伴随着类似枪响的声音，黑红的飞沫弄脏了整个画面。,system,02,02,Adv,14
20977,紧接着，直播就中断了，画面一片漆黑。,system,02,02,Adv,14
20978,虽说是手机屏幕上的画面，但这冲击性的场面还是让我的心跳急剧加速。,system,02,02,Adv,14
20979,拿着手机的手也开始发抖。,system,02,02,Adv,14
20980,（枪声……？发生什么事了……？）,hiro,02,02,Adv,14
20981,（……不对，想都不用想）,hiro,02,02,Adv,14
20982,在画面的另一端，可可被什么人枪击了。,system,02,02,Adv,14
20983,（在淋浴房……发生了凶杀案……那凶手就是……）,hiro,02,02,Adv,14
20984,她的面庞愈发清晰地浮现在我的脑海中。,system,02,02,Adv,14
20985,……艾玛！,hiro,02,02,Adv,14
20986,我大喊她的名字，奔向淋浴房。,system,02,02,Adv,14
20987,——然而。,system,02,02,Adv,14
20988,呀啊啊！？,hanna,02,02,Adv,14
20989,呃唔！？,hiro,02,02,Adv,14
20990,下楼的时候我突然撞到了人，虽然没摔下楼，但也被撞得一屁股坐到了地上。,system,02,02,Adv,14
20991,……！,hiro,02,02,Adv,14
20992,到底在搞什么呀！！,hanna,02,02,Adv,14
20993,看向声音的方向，原来我撞到的人是汉娜。,system,02,02,Adv,14
20994,在往下几级台阶处，汉娜也跟我一样，一屁股跌坐在了地上。她身旁是散落一地的衣服。,system,02,02,Adv,14
20995,我看下雨了，赶紧把衣服收进来……这下又得重洗了！,hanna,02,02,Adv,14
20996,（下雨……？我都没注意到。看来这些衣服是她洗过的）,hiro,02,02,Adv,14
20997,我站起身，把那些几乎干掉的衣服拿开，从汉娜身边走过。,system,02,02,Adv,14
20998,……不好意思，我有急事先走了。,hiro,02,02,Adv,14
20999,等等！是你先撞上我的，你倒是帮帮忙啊！,hanna,02,02,Adv,14
21000,她从身后抓住我的手，可我现在真的无暇在意这些。,system,02,02,Adv,14
21001,我心里有些歉意，但还是果断地甩开了汉娜的手。然后立即奔跑起来。,system,02,02,Adv,14
21002,真是的……！又是突降暴雨又是交通事故，我也太倒霉了吧！？,hanna,02,02,Adv,14
21003,我没理会背后传来的牢骚，急忙赶往淋浴房。,system,02,02,Adv,14
21004,一跑进淋浴房——就看到艾玛呆呆地站在原地。,system,02,02,Adv,15
21005,艾玛！,hiro,02,02,Adv,15
21006,……希罗。,ema,02,02,Adv,15
21007,淋浴房的门在我身后关上了。,system,02,02,Adv,15
21008,冰冷的氛围笼罩着我和艾玛。,system,02,02,Adv,15
21009,……可可在哪？,hiro,02,02,Adv,15
21010,……你在说什么？,ema,02,02,Adv,15
21011,我从她的脸上看不出任何感情，便快速扫视了一圈淋浴房。,system,02,02,Adv,15
21012,可可不在。,system,02,02,Adv,15
21013,（怎么回事！？）,hiro,02,02,Adv,15
21014,我感到大脑一片混乱，急忙走出淋浴房。,system,02,02,Adv,15
21015,但我不知该去哪，只能先边走边思考。,system,02,02,Adv,15
21016,（这不对。可可去哪了？她刚才不是在淋浴房直播吗）,hiro,02,02,Adv,15
21017,（很明显她被枪击了）,hiro,02,02,Adv,15
21018,（那尸体究竟去哪里了……！如果被搬到了别处……那难道是）,hiro,02,02,Adv,15
21019,（……焚烧炉吗！）,hiro,02,02,Adv,15
21020,想到的一瞬间，我立马冲了过去。,system,02,02,Adv,15
21021,（焚烧炉在地下……！现在应该还来得及……！）,hiro,02,02,Adv,15
21022,距离15时焚烧炉自动启动还有一点时间。,system,02,02,Adv,15
21023,就在我冲进会客厅的那一刻。,system,02,02,Adv,15
21024,——！,hiro,02,02,Adv,15
21025,一阵无比巨大的轰鸣声响起，惊得我停下了脚步。,system,02,02,Adv,15
21026,我这才想起，汉娜先前说过。现在在下雨。,system,02,02,Adv,15
21027,我实在是太着急了，直到现在才注意到嘈杂的雨声。,system,02,02,Adv,15
21028,刚才那个声音好大啊……！,leia,02,02,Adv,15
21029,是不是有雷劈在附近了。,anan,02,02,Adv,15
21030,会客厅里是蕾雅和安安。,system,02,02,Adv,15
21031,说起来，刚才在去淋浴房的路上也看到了她们。,system,02,02,Adv,15
21032,下一秒。就在这激烈的雨声与雷声交织的间隙——,system,02,02,Adv,15
21033,噫……啊啊啊……！,ema,02,02,Adv,15
21034,传来一声抽搐着的凄惨尖叫。,system,02,02,Adv,15
21035,（这声音，是艾玛……？）,hiro,02,02,Adv,15
21036,我转身看向走廊。,system,02,02,Adv,15
21037,走廊有扇通往中庭的门。而门是开着的。,system,02,02,Adv,15
21038,但我刚刚经过那里时，门应该是关着的。,system,02,02,Adv,15
21039,（……是艾玛开的吗？）,hiro,02,02,Adv,15
21040,刚才的雷击和嘈杂的雨声，都仿佛是一种凶兆。,system,02,02,Adv,15
21041,自打看了可可的直播，我的心跳就一直吵得不行。,system,02,02,Adv,15
21042,像是被一股力量吸引过去似的，我独自迈着摇摇晃晃的步子走向中庭。,system,02,02,Adv,15
21043,然后——,system,02,02,Adv,15
21044,那倾盆大雨似乎只是阵雨。,system,02,02,Adv,15
21045,在下着小雨的中庭——,system,02,02,Adv,15
21046,毒舌直播主少女泽渡可可，正仰面倒在地上。,system,02,02,Adv,15
21047,她双眼瞪得巨大，脸上写满惊恐。,system,02,02,Adv,15
21048,尽管拥有【千里眼】魔法，这双眼却再也看不到任何东西了。,system,02,02,Adv,15
21049,可可已经完全停止了生命活动。,system,02,02,Adv,15
21050,成群聚集在她头部飞舞的赤蝶，似乎昭示着她是被射穿额头而当场死亡的。,system,02,02,Adv,15
21051,可可……！！,hiro,02,02,Adv,15
21052,我急忙想跑过去，却突然发现。,system,02,02,Adv,15
21053,艾玛正站在可可的尸体前。,system,02,02,Adv,15
21054,她视线涣散，眼里毫无感情，俯视着可可。,system,02,02,Adv,15
21055,——手里还拿着把枪。,system,02,02,Adv,15
21056,是你……向可可开枪的吗？,hiro,02,02,Adv,15
21057,听见我的问话，艾玛仿佛才回过神来，回头看向我。,system,02,02,Adv,15
21058,希罗？……不是的，我怎么会——,ema,02,02,Adv,15
21059,那这把手枪是怎么回事？,hiro,02,02,Adv,15
21060,这是……我看掉在地上就捡了起来。,ema,02,02,Adv,15
21061,艾玛的辩解让我心生怀疑，便眯起眼睛问她。,system,02,02,Adv,15
21062,真的是这样吗。,hiro,02,02,Adv,15
21063,……什么意思？,ema,02,02,Adv,15
21064,我感觉心情极差，正准备离开房间。,system,02,02,Adv,15
21065,…………,ema,02,02,Adv,15
21066,我用余光瞥见艾玛似乎发现了什么东西，一下子藏到怀里。,system,02,02,Adv,15
21067,（她藏了什么……？）,hiro,02,02,Adv,15
21068,在整理玛格遗物的时候，你是不是偷偷藏了什么东西？,hiro,02,02,Adv,15
21069,……！,ema,02,02,Adv,15
21070,到底是什么？该不会是手枪吧？,hiro,02,02,Adv,15
21071,那是——,ema,02,02,Adv,15
21072,你就是用这把枪杀死了可可，把她从垃圾滑槽扔进了焚烧炉吧？,hiro,02,02,Adv,15
21073,我没给她反驳的余地，连珠炮似的逼问道。,system,02,02,Adv,15
21074,……,ema,02,02,Adv,15
21075,艾玛的眼神动摇了一下。,system,02,02,Adv,15
21076,本以为她要哭出来了——……没想到艾玛正用阴暗的眼神瞪着我。,system,02,02,Adv,15
21077,你说够了吗。,ema,02,02,Adv,15
21078,希罗，你就那么想诬我为凶手……？,ema,02,02,Adv,15
21079,这和我怎么想没关系。而是所有的情况都在指明，你就是凶手。,hiro,02,02,Adv,15
21080,……我问你，希罗。,ema,02,02,Adv,15
21081,你把我叫到淋浴房，是陷阱？这一切都是你为了诬陷我设下的局……？,ema,02,02,Adv,15
21082,不知为何，我感到有股看不见摸不着的凉意顺着背爬了上来，让我为之一抖。,system,02,02,Adv,15
21083,（我就知道，艾玛的本性果然——）,hiro,02,02,Adv,15
21084,凶手难道不是希罗你吗？,ema,02,02,Adv,15
21085,啊，艾玛，希罗！你们在这啊！我刚才好像看到了超级可怕的——,sherry,02,02,Adv,15
21086,呼哧，呼哧，为什么要把我也拖过来……,hanna,02,02,Adv,15
21087,雪莉和汉娜也来到了中庭。看起来是雪莉硬拉汉娜过来的。,system,02,02,Adv,15
21088,随后，她们立即注意到了眼前的场面。,system,02,02,Adv,15
21089,这是……,sherry,02,02,Adv,15
21090,呀啊啊啊啊啊！？,hanna,02,02,Adv,15
21091,一看到可可的尸体汉娜就大声尖叫起来，情不自禁地抓住雪莉。,system,02,02,Adv,15
21092,艾玛，那个手枪是……？,sherry,02,02,Adv,15
21093,眼尖的雪莉立即询问起艾玛手里的手枪。,system,02,02,Adv,15
21094,不、不是的！我只是把掉在地上的枪捡了起来！,ema,02,02,Adv,15
21095,谁知道呢？,hiro,02,02,Adv,15
21096,……,ema,02,02,Adv,15
21097,就在此时，手机提示音响了起来。大概是典狱长发来的通知吧。,system,02,02,Adv,15
21098,劝你还是在投票开始前，想个更有说服力的借口吧。,hiro,02,02,Adv,15
21099,真相会在审判中揭晓。,hiro,02,02,Adv,15
21100,其他少女也接二连三地被中庭的骚动吸引过来。,system,02,02,Adv,15
21101,而我转身离开了中庭。,system,02,02,Adv,15
21102,,system,02,02,Adv,15
21103,所有人已聚集在会客厅，随后典狱长现身在众人面前。,system,02,02,Adv,16
21104,很好，大家都到齐了吧。方才已经通知过各位，又发生了一起凶杀案。,warden,02,02,Adv,16
21105,和上次一样，我们会举行先行投票。要是让可疑人士销毁证据可就麻烦了。,warden,02,02,Adv,16
21106,其实并不需要先行投票……不，甚至连审判都不需要。,hiro,02,02,Adv,16
21107,希罗，你这是什么意思？,leia,02,02,Adv,16
21108,凶手是谁很明显。只能是拿着枪站在现场的艾玛！,hiro,02,02,Adv,16
21109,……可疑的是你啊，希罗。,ema,02,02,Adv,16
21110,一直沉默不语的艾玛，低声喃喃道。,system,02,02,Adv,16
21111,你想说什么？,hiro,02,02,Adv,16
21112,是你约我在那个时间点见面。,ema,02,02,Adv,16
21113,你从一开始就想陷害我吧。,ema,02,02,Adv,16
21114,顿时少女们的视线都集中在我身上。,system,02,02,Adv,16
21115,根据我和艾玛刚才的对话，我已经预料到她会这么说了。,system,02,02,Adv,16
21116,我毅然决然地接住了她的话。,system,02,02,Adv,16
21117,所以呢？你的意思是我杀害了可可，再嫁祸给你？,hiro,02,02,Adv,16
21118,…………,ema,02,02,Adv,16
21119,我们怒视彼此，视线交错。,system,02,02,Adv,16
21120,啊——，可以请你们到审判时再争辩吗？总之，现在请赶快开始投票。,warden,02,02,Adv,16
21121,在典狱长的催促下，少女们纷纷开始在手机上投票。,system,02,02,Adv,16
21122,说实话，我完全不清楚发生了什么事。,system,02,02,Adv,16
21123,但是我和艾玛的争吵势必会导致一种投票结果——,system,02,02,Adv,16
21124,会客厅的大屏幕亮起同时，响起了滑稽的庆祝号角声。,system,02,02,Adv,16
21125,而后，画面上出现的是……我和艾玛两人的名字。,system,02,02,Adv,16
21126,哎呀，这可麻烦了。希罗小姐和艾玛小姐票数相同，并列第一呢。那么，先将你们二位关起来吧。,warden,02,02,Adv,16
21127,我们都要被关起来……？这我不能接受。我不是凶手！,hiro,02,02,Adv,16
21128,可就算你这么说……规定就是规定。如果你接受不了，就在审判中自证清白吧。,warden,02,02,Adv,16
21129,…………,jailer,02,02,Adv,16
21130,看守的手不由分说地抓住我和艾玛。,system,02,02,Adv,16
21131,我无法抵抗它巨大的力气，再加上被它堵住嘴巴，只能一个劲地瞪着艾玛。,system,02,02,Adv,16
21132,而艾玛也是同样瞪着我。,system,02,02,Adv,16
21133,我和艾玛被看守关进了惩罚室。,system,02,02,Adv,17
21134,蕾雅也许是因为担心，立刻来到了我们所在的地方。,system,02,02,Adv,17
21135,（该死的……又来了。为什么连我都要被怀疑！？）,hiro,02,02,Adv,17
21136,（有问题的是艾玛。我明明是正确的，是正义的……！）,hiro,02,02,Adv,17
21137,二位，对不起。要辛苦你们忍耐到审判了。,leia,02,02,Adv,17
21138,蕾雅歉疚地皱着眉，似乎是觉得很对不住我们。,system,02,02,Adv,17
21139,（说真的我气得不行。……但只靠愤怒，是无法解决眼下问题的）,hiro,02,02,Adv,17
21140,（冷静点。好好思考。到底怎么做才能从审判中突围？）,hiro,02,02,Adv,17
21141,（……首先，必须掌握一些证据）,hiro,02,02,Adv,17
21142,……蕾雅，我想麻烦你帮个忙。可以告诉我现在几点吗。,hiro,02,02,Adv,17
21143,当然可以。不用客气。现在是……14时45分。,leia,02,02,Adv,17
21144,蕾雅看着自己的手机回答道。,system,02,02,Adv,17
21145,太好了，还来得及。另外，我还有件事想拜托你。,hiro,02,02,Adv,17
21146,只要是我力所能及之事，我都愿意帮忙。,leia,02,02,Adv,17
21147,我瞥了眼近在身旁的艾玛，示意蕾雅靠近我一点。,system,02,02,Adv,17
21148,蕾雅察觉到我的意图便靠了过来，我凑到她的耳边。,system,02,02,Adv,17
21149,呃，希罗……？,leia,02,02,Adv,17
21150,去调查地下的焚烧炉。,hiro,02,02,Adv,17
21151,我悄悄对她说道。,system,02,02,Adv,17
21152,15时焚烧炉就要启动了。快，抓紧去。,hiro,02,02,Adv,17
21153,……知道了，交给我吧！,leia,02,02,Adv,17
21154,蕾雅用力点点头，离开了惩罚室。,system,02,02,Adv,17
21155,你和蕾雅说什么了？,ema,02,02,Adv,17
21156,我没有义务回答你。,hiro,02,02,Adv,17
21157,听到我的回答，艾玛垂下眼帘。,system,02,02,Adv,17
21158,……今天早上的希罗，全都是伪装出来的吗。,ema,02,02,Adv,17
21159,你跟我说了早安，态度也很温柔……我还高兴地以为，我们又能像以前那样要好了……,ema,02,02,Adv,17
21160,……不知道你误会了什么。听好了，我，讨厌你。,hiro,02,02,Adv,17
21161,——讨厌到恨不得杀死你。,system,02,02,Adv,17
21162,自那以后，我和艾玛再无交谈。,system,02,02,Adv,17
21163,夜幕降临，钟声宣告魔女审判即将开始。,system,02,02,Adv,18
21164,（到时间了——）,hiro,02,02,Adv,18
21165,在看守的押送下，我和艾玛被带到审判庭。,system,02,02,Adv,18
21166,其他少女都已经各就各位，站在各自的证人席上。,system,02,02,Adv,18
21167,那么，所有人都到齐了吧。,warden,02,02,Adv,18
21168,看到艾玛和我都就位以后，典狱长开口发言。,system,02,02,Adv,18
21169,在先行投票中，希罗小姐和艾玛小姐受到的怀疑票数相同……事情到底会怎么发展呢。,warden,02,02,Adv,18
21170,…………,hiro,02,02,Adv,18
21171,…………,ema,02,02,Adv,18
21172,我们的眼里只剩下对彼此的怀疑，再容不下其他任何人。,system,02,02,Adv,18
21173,（终于到揭露你本性的时候了。做好准备吧）,hiro,02,02,Adv,18
21174,（艾玛——我定要将你这魔女送上处刑台！）,hiro,02,02,Adv,18
21175,那么，魔女审判现在开庭！,warden,02,02,Adv,18
21176,……射穿泽渡可可额头的人，是黑部奈叶香。,system,02,02,Adv,19
21177,经过投票，奈叶香当选为【魔女】。,system,02,02,Adv,19
21178,看着奈叶香静静认罪的模样，我们不知该对她说些什么。,system,02,02,Adv,19
21179,（奈叶香做了错误的事）,hiro,02,02,Adv,19
21180,（但，对艾玛心怀杀意的我，真的有资格指责她吗？）,hiro,02,02,Adv,19
21181,奈叶香犯下的命案，让我感觉像被泼了盆冷水。,system,02,02,Adv,19
21182,回过神来，曾经无比膨胀的杀意，如今已经彻底消退。,system,02,02,Adv,19
21183,（更准确地说，是因为奈叶香我才冷静下来的）,hiro,02,02,Adv,19
21184,（我变得不正常了。而奈叶香也是——）,hiro,02,02,Adv,19
21185,每个人都会对他人感到厌烦或憎恶。这是人之常情。,system,02,02,Adv,19
21186,如果那时，恰好手握杀人工具。如果那时，魔女的杀意突然增强。,system,02,02,Adv,19
21187,——自己是否会情不自禁地扣动扳机。,system,02,02,Adv,19
21188,（那样的话，当选【魔女】的就是我了）,hiro,02,02,Adv,19
21189,审判庭内弥漫着一股对奈叶香的状况感到共鸣、同情的氛围。,system,02,02,Adv,19
21190,……真是搞不懂啊。,alisa,02,02,Adv,19
21191,亚里沙低声嘟哝了一句。,system,02,02,Adv,19
21192,我每天都烦你们所有人烦得要死，有时候甚至想杀了你们。,alisa,02,02,Adv,19
21193,但我只是想想而已，绝对不会真的下手。就算自杀，我也会阻止自己杀人。,alisa,02,02,Adv,19
21194,所以我真的搞不懂。到底是什么力量推动你下手的。为什么非得是泽渡被杀啊。,alisa,02,02,Adv,19
21195,给我解释清楚啊。把你的想法全都说出来啊！,alisa,02,02,Adv,19
21196,……刚才我说的就是全部了。,nanoka,02,02,Adv,19
21197,我想阻止泽渡可可的计划。但她不听劝，所以我对她萌生了杀意。,nanoka,02,02,Adv,19
21198,真的就只是这样而已。,nanoka,02,02,Adv,19
21199,嗯——大概明白是怎么回事了，但我们还是不知道可可的计划是什么。,sherry,02,02,Adv,19
21200,她肯定在谋划什么事吧？我很好奇是什么事！,sherry,02,02,Adv,19
21201,……【杀死魔女的药】吗。,hiro,02,02,Adv,19
21202,听到我的话，奈叶香的表情顿时变得僵硬。,system,02,02,Adv,19
21203,为什么你……不，我明白了，二阶堂希罗。,nanoka,02,02,Adv,19
21204,你一直都善于观察别人。是个能冷静看待事物，并妥善处理的人。,nanoka,02,02,Adv,19
21205,如果可可确实在计划着什么，那么很可能是要用到【杀死魔女的药】的计划。,hiro,02,02,Adv,19
21206,我们所有人应该都亲眼看到了她手里有这个东西。,hiro,02,02,Adv,19
21207,嘿嘿嘿～今天我要宣布一件大事哦。,coco,02,02,Adv,19
21208,锵锵～！大家看看这个！,coco,02,02,Adv,19
21209,其实这个啊，是【杀死魔女的药】哦～,coco,02,02,Adv,19
21210,它的名字叫【特雷德基姆】。效果有我亲自担保！,coco,02,02,Adv,19
21211,我本来还在犹豫要不要告诉大家这个信息……因为如果说出来的话，我可能也会陷入危险的境地吧。,coco,02,02,Adv,19
21212,但是、但是！我已经拿到【杀死魔女的药】了！再也不会被这种东西杀死了！,coco,02,02,Adv,19
21213,信不信由你们！总之，如果不使用这种【杀死魔女的药】，就绝对无法杀死魔女！,coco,02,02,Adv,19
21214,我猜，你是怕她用在别人身上才想先去阻止她吧。,hiro,02,02,Adv,19
21215,是啊……宝生玛格的案件已经证明了【杀死魔女的药】有多么危险。,nanoka,02,02,Adv,19
21216,当时我的想法是，如果泽渡可可持有这种药，而且想用在别人身上的话，那我必须得阻止她。,nanoka,02,02,Adv,19
21217,奈叶香开始讲述当时的情况。,system,02,02,Adv,19
21218,把药给我。,nanoka,02,02,Adv,19
21219,【杀死魔女的药】。就在你手里吧。,nanoka,02,02,Adv,19
21220,啊～又提这个？你真的好烦欸。不是说了我没有嘛。,coco,02,02,Adv,19
21221,别想蒙混过关。你偷偷藏着药早已是众所周知的事实了。,nanoka,02,02,Adv,19
21222,我可不能让你拿着那么危险的药物。你打算用在魔女身上对吧？,nanoka,02,02,Adv,19
21223,拜托，如果真出现了魔女，肯定是用药杀了比较好吧。,coco,02,02,Adv,19
21224,要是我搞清楚谁成了魔女，我肯定是能用多少用多少啊。,coco,02,02,Adv,19
21225,这样一来就不会发生凶杀案，我也能成为解决问题的英雄不是嘛？,coco,02,02,Adv,19
21226,……你是认真的吗？你的意思是，只要是魔女，杀掉也无所谓？,nanoka,02,02,Adv,19
21227,我不明白你干嘛那么拼命阻拦我啦，但只要是魔女的话，死就死呗。,coco,02,02,Adv,19
21228,…………,nanoka,02,02,Adv,19
21229,我只要自己安全就行，其他的事怎样都好。因为我一定、一定要生存到最后，然后回家。,coco,02,02,Adv,19
21230,为了活下去，我会用药的。,coco,02,02,Adv,19
21231,啊！对了！不是已经有个显而易见的【魔女】了嘛！,coco,02,02,Adv,19
21232,不对，确切地说，我也不清楚到底是不是同一种东西。,coco,02,02,Adv,19
21233,不过……总归值得试一试吧？,coco,02,02,Adv,19
21234,——！,nanoka,02,02,Adv,19
21235,为什么我一直没注意到呢～你说得对，嗯嗯。现在我知道该给谁下药了。,coco,02,02,Adv,19
21236,要是没有它，说不定我们就能出去了。多谢啦奈叶香。那我先走了。,coco,02,02,Adv,19
21237,等等……！,nanoka,02,02,Adv,19
21238,啧，别烦我！！,coco,02,02,Adv,19
21239,啊……,nanoka,02,02,Adv,19
21240,……现在想来，当时的那些话也许并不是她的真心话。,nanoka,02,02,Adv,19
21241,而我却当真了，不禁一时冲动……结果自己从垃圾滑槽掉下去了。,nanoka,02,02,Adv,19
21242,就这样从昏迷中醒来后，在焚烧炉里，我的手碰到了枪。,nanoka,02,02,Adv,19
21243,碰到枪的瞬间，【幻视】发动了。把枪丢在焚烧炉里的人，是宝生玛格。,nanoka,02,02,Adv,19
21244,她为了杀死冰上梅露露，从保险箱里拿走的东西不只有特雷德基姆和剑，还有手枪。,nanoka,02,02,Adv,19
21245,不过，她可能最后放弃了用枪杀人吧。也许是害怕被其他人拿去杀人，便把手枪丢进了焚烧炉里。,nanoka,02,02,Adv,19
21246,那把手枪就在我手里，打开炉盖后映入眼帘的恰好是泽渡可可的身影……,nanoka,02,02,Adv,19
21247,我一定是鬼迷心窍了。,nanoka,02,02,Adv,19
21248,……你确实犯下了过错。但是，我有一个疑问。,hiro,02,02,Adv,19
21249,可可真的在担心你吗？,hiro,02,02,Adv,19
21250,她用焚烧炉室的墙伪造背景开直播，难道不是为了给自己制造不在场证明，万一你死了就可以用来脱罪——,hiro,02,02,Adv,19
21251,或许……是这样吧。,nanoka,02,02,Adv,19
21252,可是……她像是要哭出来似的，担心地看着我的样子，也是千真万确的事实。,nanoka,02,02,Adv,19
21253,……说真的，我没有什么可狡辩的。,nanoka,02,02,Adv,19
21254,快点开始处刑吧。,nanoka,02,02,Adv,19
21255,是啊。拖得太久也不太好呢。各位，请开始惯例的程序吧～,warden,02,02,Adv,19
21256,不必顾虑也不必纠结。……如果你们对我还留一丝同情，就尽快结束这恶心的时间吧。,nanoka,02,02,Adv,19
21257,在难以释怀的氛围中，我们拿出手机。,system,02,02,Adv,19
21258,搞不懂，我真的搞不懂啊。该死的……,alisa,02,02,Adv,19
21259,我听见了亚里沙的嘟哝声。我的心情和她一样。,system,02,02,Adv,19
21260,（鬼迷心窍——但是，应该有压死骆驼的最后一根稻草）,hiro,02,02,Adv,19
21261,（奈叶香不愿说那是什么。她看起来甚至有些着急）,hiro,02,02,Adv,19
21262,（我们真的该就这样放任奈叶香被处刑吗……？）,hiro,02,02,Adv,19
21263,好了！那么，现在开始处刑魔女～！,warden,02,02,Adv,19
21264,齿轮开始转动，中央的底座被缓缓替换。,system,02,02,Adv,19
21265,那夸张的运转方式甚至给人一种庄严而神圣的感觉。,system,02,02,Adv,19
21266,紧接着——新出现的是固定在底座上的加特林炮。,system,02,02,Adv,19
21267,那光泽沉闷的金属巨物散发着身为杀人工具的凶猛气息。,system,02,02,Adv,19
21268,枪口前方放着一把椅子。,system,02,02,Adv,19
21269,枪……,ema,02,02,Adv,19
21270,简直就像事先量身定制好的一样……为将枪作为凶器的她而准备的处刑。,leia,02,02,Adv,19
21271,是啊……很适合我。,nanoka,02,02,Adv,19
21272,就在奈叶香快走下证人席的时候，我的手机冷不丁地响了起来。,system,02,02,Adv,19
21273,（什么东西……？）,hiro,02,02,Adv,19
21274,见发送人是【黑部奈叶香】，我便看向她那边。,system,02,02,Adv,19
21275,…………,nanoka,02,02,Adv,19
21276,视线交汇。她别有深意地摇了摇头。,system,02,02,Adv,19
21277,（意思是让我待会再看吗？）,hiro,02,02,Adv,19
21278,希罗，你怎么了？,hanna,02,02,Adv,19
21279,没什么。,hiro,02,02,Adv,19
21280,我摇摇头，把手机收进口袋里。,system,02,02,Adv,19
21281,另一边，奈叶香在看守的押送下坐到椅子上，毫不抵抗地被铐起来。,system,02,02,Adv,19
21282,准备好了吗？那么……,warden,02,02,Adv,19
21283,……我并不是不害怕。但这样一来，我也能变得和你一样了。,nanoka,02,02,Adv,19
21284,……姐姐。,nanoka,02,02,Adv,19
21285,她只留下这一句呢喃，便静静闭上眼。,system,02,02,Adv,19
21286,我没有漏掉这句轻语。,system,02,02,Adv,19
21287,这样啊……,hiro,02,02,Adv,19
21288,在意识到真相的瞬间，我感到心底一阵刺痛，好像一把寒冰般的尖刃扎进心里。,system,02,02,Adv,19
21289,（奈叶香想保护的是——）,hiro,02,02,Adv,19
21290,……哦，这是在做什么？,warden,02,02,Adv,19
21291,典狱长发出诧异的声音。,system,02,02,Adv,19
21292,少女们也被那异常的场面震惊得说不出话。,system,02,02,Adv,19
21293,而奈叶香也是。,system,02,02,Adv,19
21294,姐、姐……？,nanoka,02,02,Adv,19
21295,看守站在奈叶香面前。,system,02,02,Adv,19
21296,仿佛化身一座铜墙铁壁，为她阻挡加特林炮的攻击。,system,02,02,Adv,19
21297,为什么……？为什么看守要保护奈叶香……？,hanna,02,02,Adv,19
21298,不知道……可是为什么，感觉心里好难受……,miria,02,02,Adv,19
21299,——任谁都能一眼看出那是【魔女】。,system,02,02,Adv,19
21300,奈叶香想保护的，正是她曾经的家人。,system,02,02,Adv,19
21301,监牢的看守，是少女彻底变为魔女后的【残骸】。,system,02,02,Adv,19
21302,它们原本和我们一样，是曾经被收容在此的囚犯。,system,02,02,Adv,19
21303,它们或许也有朋友。或许也有家人。,system,02,02,Adv,19
21304,这么理所当然的事实，为什么我直到现在才意识到？,system,02,02,Adv,19
21305,心脏剧烈的跳动声回荡在耳朵深处。,system,02,02,Adv,19
21306,这可怎么办呢……？我应该没下这样的命令啊。,warden,02,02,Adv,19
21307,要是没洗脑彻底可就麻烦了啊……唉，就这样吧。一起处理掉好了。,warden,02,02,Adv,19
21308,……,nanoka,02,02,Adv,19
21309,奈叶香的表情瞬间扭曲起来。,system,02,02,Adv,19
21310,为什么！为什么你总是这样！,nanoka,02,02,Adv,19
21311,要是我们的关系暴露了连你也会受处分的！,nanoka,02,02,Adv,19
21312,所以我才一直瞒着没说！！,nanoka,02,02,Adv,19
21313,为什么你偏偏在这种时候，偏偏对我做出这种事！？姐姐你真傻啊！！,nanoka,02,02,Adv,19
21314,我已经不是那个小时候的奈奈了！你总是这样摆出姐姐的架子……,nanoka,02,02,Adv,19
21315,不要再自顾自地保护我了！最后就让我堂堂正正地走吧！,nanoka,02,02,Adv,19
21316,奈叶香的姐姐化身的看守暴露在枪林弹雨中。,system,02,02,Adv,19
21317,哪怕身体被猛烈的枪击射成一块千疮百孔的破布，看守也依旧保护着哭喊的奈叶香。,system,02,02,Adv,19
21318,住手啊啊啊啊……！！,nanoka,02,02,Adv,19
21319,奈叶香悲痛的呼喊被掩埋在轰鸣的枪声中。,system,02,02,Adv,19
21320,别把我当小孩子了！快住手啊……求你了，快走开吧……！,nanoka,02,02,Adv,19
21321,别再保护我了……！！,nanoka,02,02,Adv,19
21322,奈叶香像个小孩子一样哭得泣不成声。,system,02,02,Adv,19
21323,与此同时，她的脸上逐渐现出裂痕。,system,02,02,Adv,19
21324,铐在椅子上的身体如波浪般起伏跳动，逐渐变形。,system,02,02,Adv,19
21325,——因为我是姐姐。,system,02,02,Adv,19
21326,我似乎听到了这样的声音。,system,02,02,Adv,19
21327,明明这次该轮到我保护你了！我要干掉所有伤害你的、让你沦落到这般境地的坏东西！,nanoka,02,02,Adv,19
21328,我明明是抱着这样的决心来的！,nanoka,02,02,Adv,19
21329,为什么你又要为我牺牲——！,nanoka,02,02,Adv,19
21330,那魔女的残骸轻柔地包裹住奈叶香的身体——,system,02,02,Adv,19
21331,就这样轻而易举地触碰到了奈叶香封锁在内心深处，绝不让任何人窥探的【禁忌】。,system,02,02,Adv,19
21332,——奈奈。,system,02,02,Adv,19
21333,姐姐总是对我那么好。,system,02,02,Adv,19
21334,我不太善于和人打交道，总是一个人孤零零的。,system,02,02,Adv,19
21335,于是姐姐给我系上和她一样的发带作为护身符，时刻陪在我的身边。,system,02,02,Adv,19
21336,——我可是姐姐呀？,system,02,02,Adv,19
21337,——有烦恼的时候，尽管和姐姐说就好。,system,02,02,Adv,19
21338,在这个世界上，只有姐姐是站在我这一边的。,system,02,02,Adv,19
21339,我只会在姐姐面前展露真正的自己。,system,02,02,Adv,19
21340,当然，也只会和姐姐分享秘密。,system,02,02,Adv,19
21341,姐姐和我都拥有奇特的魔法。,system,02,02,Adv,19
21342,我的魔法是【幻视】。姐姐的魔法是【变身】。,system,02,02,Adv,19
21343,我觉得自己的魔法很奇怪，有点羡慕能变身成我的姐姐。,system,02,02,Adv,19
21344,她就像我在电视里见过的魔法少女一样闪闪发光，令人惊叹。,system,02,02,Adv,19
21345,——哎嘿！我的魔法很厉害哦！,system,02,02,Adv,19
21346,——我还可以替你参加考试。,system,02,02,Adv,19
21347,——所以呢，就算考得不好也不要哭啦。,system,02,02,Adv,19
21348,有一次我触碰姐姐，看到了可怕的未来。,system,02,02,Adv,19
21349,以前都只能看到过去，这次不一样。或许是因为我总是粘着姐姐吧。,system,02,02,Adv,19
21350,以预备魔女的罪名被当做囚犯抓进牢里的我——,system,02,02,Adv,19
21351,在魔女的杀人冲动驱使下犯下杀人罪行的我——,system,02,02,Adv,19
21352,为查明杀人凶手魔女的审判——,system,02,02,Adv,19
21353,以及，被处刑的我——,system,02,02,Adv,19
21354,我看到一直戴在头上的护身符发带脱落了下来。,system,02,02,Adv,19
21355,幻视到的那些景象实在是过于恐怖，我害怕得把自己关在房间里。,system,02,02,Adv,19
21356,——奈奈，奈奈你怎么了？,system,02,02,Adv,19
21357,——为什么你不出来呀？,system,02,02,Adv,19
21358,我躲在房间里，一心调查魔女的信息。,system,02,02,Adv,19
21359,拥有魔法的我们，也许会被当做魔女处刑。,system,02,02,Adv,19
21360,但是只要检查的时候不被发现，就能躲过一劫。,system,02,02,Adv,19
21361,我把这件事告诉姐姐后，她巧妙地使用【变身】，顺利躲过了自己的检查。,system,02,02,Adv,19
21362,——你的检查也交给我处理吧！,system,02,02,Adv,19
21363,姐姐的语气非常可靠，我便笑着依偎到她身上。,system,02,02,Adv,19
21364,然后，姐姐【变身】为我的模样——,system,02,02,Adv,19
21365,——替我被抓了。,system,02,02,Adv,19
21366,原来我看到的并不是自己的未来。而是姐姐的未来。,system,02,02,Adv,19
21367,一切都是我的错。,system,02,02,Adv,19
21368,我们一同度过的幸福时光再也回不来了。,system,02,02,Adv,19
21369,只凭看守的身体，终究无法完全阻挡这无休止的枪击。,system,02,02,Adv,19
21370,放出的弹幕一并射穿了看守和奈叶香的身体。,system,02,02,Adv,19
21371,两人间升腾起血色的烟雾，化作无数只赤蝶飘舞在空中。,system,02,02,Adv,19
21372,无论被射击多少次，看守和奈叶香都没有死去。,system,02,02,Adv,19
21373,漫长的枪击依旧在继续。,system,02,02,Adv,19
21374,不知不觉中，奈叶香的叫喊声渐渐变成了可怖的呻吟。,system,02,02,Adv,19
21375,在密集的弹雨下，她彻底变成了异形。,system,02,02,Adv,19
21376,可以了。我看她已经成功变成了魔女残骸，那么处刑就到此为止吧。,warden,02,02,Adv,19
21377,典狱长一声令下，枪击终于停止。,system,02,02,Adv,19
21378,机关开始运作，处刑台慢慢下降。,system,02,02,Adv,19
21379,而处刑台上，两具残骸宛如相拥般紧贴在一起——,system,02,02,Adv,19
21380,那么，魔女审判就此闭庭。,warden,02,02,Adv,19
21381,典狱长飞走了。,system,02,02,Adv,19
21382,（奈叶香……）,hiro,02,02,Adv,19
21383,每个人都沉默不语，只有时间不断流逝——,system,02,02,Adv,19
21384,终于，少女们迈开沉重的步伐，离开了审判庭。,system,02,02,Adv,19
21385,其中，有一名少女却走向反方向。她向着处刑台走去。,system,02,02,Adv,19
21386,是亚里沙。我感到很讶异，便静静观察她。,system,02,02,Adv,19
21387,她的手里拿着发带。,system,02,02,Adv,19
21388,……我在湖边找到了这个，就捡起来了。,alisa,02,02,Adv,19
21389,被你怀疑，我实在是气不过……所以就算找到了发带，也没有还给你。,alisa,02,02,Adv,19
21390,我根本不了解她。不了解她的心意……,alisa,02,02,Adv,19
21391,亚里沙紧握着发带，双肩颤抖不已。,system,02,02,Adv,19
21392,既然是这么重要的发带，你倒是说出来啊……好好把自己的事情，都告诉大家啊……,alisa,02,02,Adv,19
21393,早知道就还给你了。,alisa,02,02,Adv,19
21394,对不起，真的对不起……,alisa,02,02,Adv,19
21395,亚里沙跪下来，不停责备着自己。,system,02,02,Adv,19
21396,她的哭声久久地在审判庭里回荡。,system,02,02,Adv,19
21397,,system,02,02,Adv,19
21398,审判结束后。诺亚和安安回到牢房。,system,02,02,Adv,20
21399,啊，对了！,noa,02,02,Adv,20
21400,呀唔！？,anan,02,02,Adv,20
21401,『别突然大喊大叫。多吓人』,anan,02,02,Adv,20
21402,对不起哦。但诺亚想起了一件很重要的事。,noa,02,02,Adv,20
21403,诺亚从口袋里拿出钢笔。,system,02,02,Adv,20
21404,『那是什么？』,anan,02,02,Adv,20
21405,是刚才希罗离开审判庭的时候掉的东西。,noa,02,02,Adv,20
21406,本来想去送给她的，可是诺亚忘记了。得赶紧给她才行。,noa,02,02,Adv,20
21407,『有必要那么着急吗？』,anan,02,02,Adv,20
21408,诺亚露出了些许落寞的微笑。,system,02,02,Adv,20
21409,不行，要赶快还给她。毕竟，谁也不知道什么时候就会死掉。,noa,02,02,Adv,20
21410,！,anan,02,02,Adv,20
21411,诺亚的眼里渗出泪花。,system,02,02,Adv,20
21412,可可也死掉了。,noa,02,02,Adv,20
21413,她夸了诺亚的画好多次呢，还很高兴地过来看诺亚的画……甚至用在自己的直播里……,noa,02,02,Adv,20
21414,可是她却走了，好难过啊。我说，大家最后都会死掉吗……诺亚不要那样……,noa,02,02,Adv,20
21415,……！,anan,02,02,Adv,20
21416,见诺亚抽泣的样子，安安为难地来回踱步。,system,02,02,Adv,20
21417,『冷静点。吾辈相信，不可能所有人都死掉的』,anan,02,02,Adv,20
21418,嗯……可是。,noa,02,02,Adv,20
21419,安安看诺亚还是哭个不停，便拿出一张画。,system,02,02,Adv,20
21420,……这张画，怎么了？,noa,02,02,Adv,20
21421,『是吾辈在焚烧炉里捡到的』,anan,02,02,Adv,20
21422,『只有这张画和其他的不一样，看起来格外耀眼』,anan,02,02,Adv,20
21423,『这张画，是你画的吗？』,anan,02,02,Adv,20
21424,……嗯。,noa,02,02,Adv,20
21425,……为什么。,anan,02,02,Adv,20
21426,『为什么要扔掉？』,anan,02,02,Adv,20
21427,……因为画得很差嘛。,noa,02,02,Adv,20
21428,诺亚难为情地挠了挠脸颊。,system,02,02,Adv,20
21429,一点都、不差……！,anan,02,02,Adv,20
21430,……吾辈，喜欢这幅画。,anan,02,02,Adv,20
21431,真的？,noa,02,02,Adv,20
21432,……谢谢你，安安！,noa,02,02,Adv,20
21433,诺亚紧紧抱住安安。,system,02,02,Adv,20
21434,诺亚这才好不容易止住了哭泣。安安便放心地微微一笑。,system,02,02,Adv,20
21435,……你还是笑起来更好看。,anan,02,02,Adv,20
21436,和吾辈一起，体验更多快乐的事吧。,anan,02,02,Adv,20
21437,吾辈会带给诺亚很多很多笑容的。,anan,02,02,Adv,20
21438,嗯！,noa,02,02,Adv,20
21439,审判结束后。我来到奈叶香和玛格的房间。,system,02,02,Adv,21
21440,（你们两个，都已经不在了）,hiro,02,02,Adv,21
21441,我无力地拿出自己的手机。,system,02,02,Adv,21
21442,打算看看奈叶香被处刑前发给我的消息。,system,02,02,Adv,21
21443,我打开她发来的消息。,system,02,02,Adv,21
21444,里面好像还附带了一份录像。,system,02,02,Adv,21
21445,（奈叶香……你究竟想告诉我什么？）,hiro,02,02,Adv,21
21446,……以上就是我知晓的所有情报。,nanoka,02,02,Adv,21
21447,她给我留下的录像是有关这座监牢的所有情报。,system,02,02,Adv,21
21448,（没想到竟然隐藏着这样的秘密……原来一切的罪魁祸首是【大魔女】……）,hiro,02,02,Adv,21
21449,（但奈叶香为什么要把这些情报留给我……？）,hiro,02,02,Adv,21
21450,你一定很奇怪，为什么我要把情报发送给你吧。,nanoka,02,02,Adv,21
21451,画面中的奈叶香像在回答我的疑问一般诉说起来。,system,02,02,Adv,21
21452,说实话，我自己也不知道为什么。,nanoka,02,02,Adv,21
21453,不过，我觉得你能够揭露这座监牢，不，你能揭露魔女的所有秘密。,nanoka,02,02,Adv,21
21454,所以万一我出了什么事，就托付给你了。,nanoka,02,02,Adv,21
21455,请你一定要查明真相。还有，不要再让像我这样的魔女继续产生了。,nanoka,02,02,Adv,21
21456,因为，我不希望任何人再继续牺牲了。……拜托你了，二阶堂希罗。,nanoka,02,02,Adv,21
21457,录像就此结束。,system,02,02,Adv,21
21458,……真是段任性的遗言。,hiro,02,02,Adv,21
21459,我用颤抖的声音抱怨道，咬紧嘴唇。,system,02,02,Adv,21
21460,如果我选择和奈叶香结盟，而不是刻意和她保持距离——,system,02,02,Adv,21
21461,也许我们会拥有完全不同的未来。,system,02,02,Adv,21
21462,我决定仔细调查下垃圾滑槽。,system,02,02,Bad,01
21463,（事前检查一定要做好。谁也不知道会出什么意外）,hiro,02,02,Bad,01
21464,我小心翼翼地掀开沉重的铁盖，注意不破坏设好的陷阱。,system,02,02,Bad,01
21465,往里面一看，冰冷的风便透过管道吹了上来。,system,02,02,Bad,01
21466,（……里面太黑了，看不清啊）,hiro,02,02,Bad,01
21467,为了看得清楚些，我又把身子往前探了探——就在这时。,system,02,02,Bad,01
21468,哇！？,hiro,02,02,Bad,01
21469,（完了……——！）,hiro,02,02,Bad,01
21470,不知是谁猛地推了我一把，我顿时失去平衡掉进了狭窄的管道。,system,02,02,Bad,01
21471,我在伸手不见五指的黑暗中急速坠落，心跳瞬间飙升。,system,02,02,Bad,01
21472,（可恶，快停下——）,hiro,02,02,Bad,01
21473,狂风的尖啸在我耳边盘旋，我的意识在途中戛然而止——,system,02,02,Bad,01
21474,……我慢慢地从昏迷中醒来，刚一清醒便猛然起身。,system,02,02,Bad,01
21475,环顾周围——只见自己身在惩罚室当中。,system,02,02,Bad,01
21476,怎、怎么回事……？这里是，惩罚室……？,hiro,02,02,Bad,01
21477,（我是掉下去摔死了吗……？不对，那我应该在牢房的床上醒来）,hiro,02,02,Bad,01
21478,从那么长的管道里摔下来，我的身上却没留下任何伤痛。,system,02,02,Bad,01
21479,而且，那条管道明明通向焚烧炉。,system,02,02,Bad,01
21480,（到底发生了什么事……？）,hiro,02,02,Bad,01
21481,我迷茫地左右看了看惩罚室，异样的感觉愈发明显。,system,02,02,Bad,01
21482,墙壁是扭曲的，不对，就连这里的空气、整个世界都是扭曲的。,system,02,02,Bad,01
21483,（可能是我的魔法影响了整个监牢，导致这里出现了奇异的现象吧）,hiro,02,02,Bad,01
21484,（看来只能先调查一下了）,hiro,02,02,Bad,01
21485,正当我走向门口的时候，房门却被谁猛地打开了。,system,02,02,Bad,01
21486,！？,hiro,02,02,Bad,01
21487,门背后的是——异形的怪物。,system,02,02,Bad,01
21488,（是残骸！？）,hiro,02,02,Bad,01
21489,那个怪物一看到我，也惊得绷紧了身子。,system,02,02,Bad,01
21490,我们就这样警惕地互相瞪了几秒钟——突然，它先手挥起武器。,system,02,02,Bad,01
21492,什么！？,hiro,02,02,Bad,01
21493,它不知在叫唤什么，气势汹汹地朝我冲了过来。,system,02,02,Bad,01
21494,斧头裹挟着毫不留情的杀气猛地劈下。,system,02,02,Bad,01
21495,呃！,hiro,02,02,Bad,01
21496,我身子一转，急忙躲开。,system,02,02,Bad,01
21497,我没法与它抗衡。于是我慌忙跑去门口。,system,02,02,Bad,01
21498,我不知道它到底是个什么怪物，但我能感受到它身上浓重的杀气。,system,02,02,Bad,01
21499,在匆忙逃跑的途中，我瞥了一眼身后。那残骸还在紧追不舍。,system,02,02,Bad,01
21501,（它究竟在说什么！？）,hiro,02,02,Bad,01
21502,刚才的一回头让我没注意看前方，脚不知道绊到了什么。,system,02,02,Bad,01
21503,啊……！？,hiro,02,02,Bad,01
21504,脚步一滑，我被绊倒在地。,system,02,02,Bad,01
21505,唔……呃——,hiro,02,02,Bad,01
21506,还没来得及思考，残骸就已追到眼前。,system,02,02,Bad,01
21507,等——,hiro,02,02,Bad,01
21508,粉身碎骨的冲击席卷全身。还未感到疼痛，【死亡】已呼啸而至。,system,02,02,Bad,01
21509,（我、要死……了吗……为什么……？）,hiro,02,02,Bad,01
21510,……欸？,hiro,02,02,Bad,01
21511,刚一醒来，就发现自己身处食堂。,system,02,02,Bad,01
21512,为什么！？,hiro,02,02,Bad,01
21513,这里和刚才的惩罚室一样，到处都是扭曲的模样。,system,02,02,Bad,01
21514,（【死亡回溯】没有发动吗？不，不对——我的伤都痊愈了。那能力应该发动了才对）,hiro,02,02,Bad,01
21515,与此同时，我看到刚才遇到的残骸也在这里。,system,02,02,Bad,01
21517,它举起武器，朝我冲了过来。,system,02,02,Bad,01
21518,住——,hiro,02,02,Bad,01
21519,毫不留情的一击砍飞了我的头颅。,system,02,02,Bad,01
21520,（为什么——会被它杀死）,hiro,02,02,Bad,01
21521,……之后又是无穷无尽的轮回。,system,02,02,Bad,01
21522,住手，我——,hiro,02,02,Bad,01
21523,别过来——！！,hiro,02,02,Bad,01
21524,噫……不要啊啊啊啊！！,hiro,02,02,Bad,01
21525,逃走。被杀。醒来。,system,02,02,Bad,01
21526,躲藏。被杀。醒来。,system,02,02,Bad,01
21527,逃走。被杀。醒来……,system,02,02,Bad,01
21528,一遍又一遍的重蹈覆辙。,system,02,02,Bad,01
21529,啊……啊啊……别过来，别过来……,hiro,02,02,Bad,01
21530,已经数不清是第几次被斩首了。,system,02,02,Bad,01
21531,我蹲在墙角根，身子不住地发抖。,system,02,02,Bad,01
21532,我能感受到残骸就在铁栅栏的背后四处搜寻我的身影。,system,02,02,Bad,01
21534,——忽然间，我恍然大悟。在一遍遍的叫喊与追杀中，我终于听懂了它的话。,system,02,02,Bad,01
21535,（它是说……你是错误的？）,hiro,02,02,Bad,01
21537,逃跑的途中，我一直在思考。,system,02,02,Bad,01
21538,为什么这个怪物如此执着于纠缠我。,system,02,02,Bad,01
21539,（——因为，这只残骸就是我）,hiro,02,02,Bad,01
21540,（大概是在坠落的途中，我的魔法跟异常产生了互动，让我闯入了另一条世界线……）,hiro,02,02,Bad,01
21541,（在这个世界里，我变成了游走在监牢里的残骸——）,hiro,02,02,Bad,01
21542,（对那个【我】而言，我确实是不该存在的错误）,hiro,02,02,Bad,01
21543,不——我才不是错误的。,hiro,02,02,Bad,01
21544,我低声喃喃道。精疲力尽的身体终于重振旗鼓。,system,02,02,Bad,01
21545,一来到过道，残骸就发现了我。,system,02,02,Bad,01
21547,错误的是你！,hiro,02,02,Bad,01
21548,我要驱除一切错误！！,hiro,02,02,Bad,01
21549,我要纠正你，重新掌控正确的世界！！,hiro,02,02,Bad,01
21550,我拿起食堂顺来的小刀，猛地刺向那具残骸。,system,02,02,Bad,01
21551,啊啊啊啊啊！！,hiro,02,02,Bad,01
21552,争斗没有结束。也永远不会结束。,system,02,02,Bad,01
21553,无论我被杀死多少次，无论我打倒残骸多少次——,system,02,02,Bad,01
21554,我们都只会重复【死亡回溯】。,system,02,02,Bad,01
21555,明明我已经对答案心知肚明，却也只能接受这个结果。,system,02,02,Bad,01
21556,我们的争斗永远没有终结的那天。,system,02,02,Bad,01
21557,只是为了争夺彼此的【正确】，坠入深不见底的孤独。,system,02,02,Bad,01
21558,我得想办法把她赶走。,system,02,02,Bad,02
21559,刚才，我听到有人说要来洗澡。要是你在这画画的话，人家就没办法洗澡了。,hiro,02,02,Bad,02
21560,况且，这里本来就是不让画画的。,hiro,02,02,Bad,02
21561,唔～真小气。,noa,02,02,Bad,02
21562,诺亚有些闹别扭似的鼓起脸颊。,system,02,02,Bad,02
21563,如果你实在想画的话，也要等别人洗完澡再来画。,hiro,02,02,Bad,02
21564,明明有专门用来画画的地方，就不要到这里来给人添麻烦了。,hiro,02,02,Bad,02
21565,……唔～好吧。那我去画室里画了。,noa,02,02,Bad,02
21566,诺亚气鼓鼓的很是不高兴，但还是转身回了自己的画室。,system,02,02,Bad,02
21567,（很好，这下就没人碍事了）,hiro,02,02,Bad,02
21568,我仔细确认过周围没人以后，走进淋浴房。,system,02,02,Bad,02
21569,（接下来，只要等艾玛过来……）,hiro,02,02,Bad,02
21570,我边祈祷别再有人闯进来边等了一会，到了约好的时间，艾玛准时来了淋浴房。,system,02,02,Bad,02
21571,啊，希罗……！,ema,02,02,Bad,02
21572,艾玛，你来了。,hiro,02,02,Bad,02
21573,嗯，我们约好了嘛！,ema,02,02,Bad,02
21574,（啊，真叫人作呕）,hiro,02,02,Bad,02
21575,一看到她这张傻乎乎的脸，我就气得快要七窍生烟。,system,02,02,Bad,02
21576,（我得赶紧消灭掉她这样不正确的存在）,hiro,02,02,Bad,02
21577,我努力按捺住熊熊燃烧的怒火，按照计划好的那样，装作换衣服的样子握紧在画室找到的工具。,system,02,02,Bad,02
21578,然后，走到正在换衣服的艾玛身后。,system,02,02,Bad,02
21579,（啊，终于到这时候了）,hiro,02,02,Bad,02
21580,……不知怎的，我回想起了以前的时光。,ema,02,02,Bad,02
21581,（终于——）,hiro,02,02,Bad,02
21582,我们以前……,ema,02,02,Bad,02
21583,……希罗？,ema,02,02,Bad,02
21584,——能杀死你了。,hiro,02,02,Bad,02
21585,呜啊……,ema,02,02,Bad,02
21586,艾玛当即倒下。,system,02,02,Bad,02
21587,（——我杀死她了！）,hiro,02,02,Bad,02
21588,太好了。我终于杀死艾玛了。,system,02,02,Bad,02
21589,有多久没体会到如此痛快的感觉了。,system,02,02,Bad,02
21590,我按捺住冲上心头的喜悦之情，抓着艾玛的肩膀把她抱起来。,system,02,02,Bad,02
21591,丢着不管的话，她的尸体迟早会被找到。,system,02,02,Bad,02
21592,我得把艾玛丢进垃圾滑槽里。,system,02,02,Bad,02
21593,本以为尸体会很沉，没想到我可以轻轻松松抬起来。,system,02,02,Bad,02
21594,心底荡漾着欢欣与喜悦，仿佛不再是原来的那个我。,system,02,02,Bad,02
21595,这是怎么回事——算了。,hiro,02,02,Bad,02
21596,尽管我感到有一丝异样，但现在可顾不上那么多了。,system,02,02,Bad,02
21597,我把艾玛的尸体塞进垃圾滑槽里。,system,02,02,Bad,02
21598,就这样，她的尸体顺着滑槽掉了下去。,system,02,02,Bad,02
21599,我一边用淋浴头冲洗血迹，一边等待。,system,02,02,Bad,02
21600,下方是焚烧炉。下午3点启动。,system,02,02,Bad,02
21601,（快了，时间快到了……）,hiro,02,02,Bad,02
21602,正当我万分焦急地盯着手机上的时钟时，却忽然听见滑槽底下传来了声音。,system,02,02,Bad,02
21603,呜、呜呜……希罗，希罗，救救我……！,ema,02,02,Bad,02
21604,（艾玛的声音……！？她没死吗……！？）,hiro,02,02,Bad,02
21605,怎么会这样。,system,02,02,Bad,02
21606,我又看了眼时钟。焚烧炉的启动时间正一分一秒地逼近。,system,02,02,Bad,02
21607,求求你！求求你了……！救我出去！,ema,02,02,Bad,02
21608,对不起！是我错了……！,ema,02,02,Bad,02
21609,小雪是我害死的！对不起，希罗！,ema,02,02,Bad,02
21610,都是我的错！求你救救我吧……！,ema,02,02,Bad,02
21611,（……你总算醒悟了吗）,hiro,02,02,Bad,02
21612,不正确的存在必须要烧得一干二净。,system,02,02,Bad,02
21613,你说得没错，艾玛。,hiro,02,02,Bad,02
21614,你这个有罪之人就带着悔恨去死吧。……你会死在这里的。,hiro,02,02,Bad,02
21615,什么……！对不起，希罗……！,ema,02,02,Bad,02
21616,烦死了……去死！去死！去死！,hiro,02,02,Bad,02
21617,对不起！对不起！！对不起……！,ema,02,02,Bad,02
21618,……啊，到时间了。不正确的存在终于要从这个世上消失了。,hiro,02,02,Bad,02
21619,啊啊啊啊啊啊啊啊啊啊啊！,ema,02,02,Bad,02
21620,呵呵，哈哈哈哈。,hiro,02,02,Bad,02
21621,垃圾滑槽里传来的濒死惨叫淹没了我的笑声。,system,02,02,Bad,02
21622,————,system,02,02,Bad,02
21623,好了！那么，现在开始执行对魔女的刑罚～,warden,02,02,Bad,02
21624,这是……,hiro,02,02,Bad,02
21625,我能清楚地看见，那些观望处刑现场的少女脸上的表情。,system,02,02,Bad,02
21626,所有人都极度厌恶地看着我。,system,02,02,Bad,02
21627,……为什么你要杀了艾玛亲！,coco,02,02,Bad,02
21628,（……没错）,hiro,02,02,Bad,02
21629,（审判的结果是……我杀害艾玛的罪行败露，得到了最高票数）,hiro,02,02,Bad,02
21630,（在我击中她的那一瞬间……她就死了）,hiro,02,02,Bad,02
21631,（原来我最后听见的那些忏悔和惨叫……只是我的幻觉）,hiro,02,02,Bad,02
21632,（……然而，无论那些东西是真是假）,hiro,02,02,Bad,02
21633,（事实就是……我杀害了艾玛）,hiro,02,02,Bad,02
21634,我感到心里无比的畅快。,system,02,02,Bad,02
21635,（我的确杀死了艾玛，这是无可辩驳的事实。犯罪者本就该受到正义的制裁）,hiro,02,02,Bad,02
21636,（即便我杀死的是不正确的存在）,hiro,02,02,Bad,02
21637,而且，我还有【下次机会】。,system,02,02,Bad,02
21638,所以，下一次。,system,02,02,Bad,02
21639,（我一定会做得更好）,hiro,02,02,Bad,02
21640,（无论重来多少次，我都会杀死艾玛）,hiro,02,02,Bad,02
21641,（第二次魔女审判……）,hiro,02,02,Trial,00
21642,（嫌疑人是我和艾玛两人）,hiro,02,02,Trial,00
21643,（既然我不是凶手，那我就必须得举证艾玛的罪行，送她上处刑台）,hiro,02,02,Trial,00
21644,（然而……我的手上目前还没有证据）,hiro,02,02,Trial,00
21645,（看来得积极参与讨论，以套取情报了）,hiro,02,02,Trial,00
21646,唉。居然又召开这种审判大会，真叫人遗憾啊……,leia,02,02,Trial,00
21647,没想到又发生了凶杀案。,leia,02,02,Trial,00
21648,……但你看上去没你嘴上说得那么难过啊。,alisa,02,02,Trial,00
21649,怎么会不难过。,leia,02,02,Trial,00
21650,我们的伙伴被杀了，我自然很心痛。,leia,02,02,Trial,00
21651,……谁知道呢。,alisa,02,02,Trial,00
21652,嗯嗯！蕾雅的心情我可太懂啦！,sherry,02,02,Trial,00
21653,——新的被害人！新的谜题！新的嫌疑犯！,sherry,02,02,Trial,00
21654,真是激动人心啊！我好爱悬疑！,sherry,02,02,Trial,00
21655,……嗯，看来你根本听不进别人的话。,leia,02,02,Trial,00
21656,言归正传，我先来简单报告一下验尸结果。,leia,02,02,Trial,00
21657,死者是泽渡可可。尸体是在下雨时的中庭被发现的……,leia,02,02,Trial,00
21658,死因是枪杀。额头中弹身亡。,leia,02,02,Trial,00
21659,毫无疑问，当场死亡。发现尸体时，应该离死亡时刻没过多久。,leia,02,02,Trial,00
21660,尸体的第一目击者是艾玛——,leia,02,02,Trial,00
21661,——这点没错吧？,leia,02,02,Trial,00
21662,……嗯。,ema,02,02,Trial,00
21663,魔女图鉴 更新…,"@toast ""|#Toast_001|""",02,02,Trial,00
21664,此外，我们还同时找到了可可的手机。,leia,02,02,Trial,00
21665,这些东西也都是从案发现场找到的——,leia,02,02,Trial,00
21666,——废话就不要多说了。,alisa,02,02,Trial,00
21667,……什么意思？,leia,02,02,Trial,00
21668,直接说结论呗。,alisa,02,02,Trial,00
21669,不管二阶堂跟樱羽吵什么都好……,alisa,02,02,Trial,00
21670,最可疑的人只有一个。,alisa,02,02,Trial,00
21671,……这样啊。,leia,02,02,Trial,00
21672,那亚里沙，你不妨说说看吧。……说出你的高见！,leia,02,02,Trial,00
21673,凶手是黑部吧。,alisa,02,02,Trial,01
21674,泽渡的头顶都被枪给炸穿了。,alisa,02,02,Trial,01
21675,"那，凶手就是<link=""Objection_02_02_01_01"">拿着枪的黑部了</link>。没别的可能。",alisa,02,02,Trial,01
21676,你有什么要反驳的吗。,alisa,02,02,Trial,01
21677,……没有。,nanoka,02,02,Trial,01
21678,"手里有枪的的确<link=""Objection_02_02_01_02"">只有我</link>一个。这点我无法否定。",nanoka,02,02,Trial,01
21679,"<link=""Objection_02_02_01_03"">谜题全都</link>解开了呢！真不愧是亚里沙！",sherry,02,02,Trial,01
21680,（……看样子亚里沙在怀疑奈叶香）,hiro,02,02,Trial,01
21681,（人一旦陷入思维定式，就会被禁锢在现有的思路里……）,hiro,02,02,Trial,01
21682,（试着指出其中的错误信息，反驳她先入为主的观点吧）,hiro,02,02,Trial,01
21683,奈叶香当时不在现场,hiro,02,02,Trial,01
21684,返回,hiro,02,02,Trial,01
21685,还有其他枪,hiro,02,02,Trial,01
21686,还有其他谜题,hiro,02,02,Trial,01
21687,不，凶手不太可能是奈叶香。,hiro,02,02,Trial,01
21688,推定死亡时间和发现尸体的时间离得很近，更应当怀疑尸体边上的人才对。,hiro,02,02,Trial,01
21689,可是，就算不在现场她也能下手吧？,alisa,02,02,Trial,01
21690,肯定有办法从远处射击的。,alisa,02,02,Trial,01
21691,对啊！比如说狙击！,sherry,02,02,Trial,01
21692,这种绝招只有天天扛着把大枪的黑部才能干得了吧。,alisa,02,02,Trial,01
21693,你可别胡说八道敷衍人啊。,alisa,02,02,Trial,01
21694,（得根据更加直接的证据进行推理才能讨论下去……）,hiro,02,02,Trial,01
21695,（……但凶器不一定是奈叶香的枪）,hiro,02,02,Trial,01
21696,（回想一下案发现场的情况吧。应该还有其他能当凶器的东西才对）,hiro,02,02,Trial,01
21697,不，谜题还未完全解开。,hiro,02,02,Trial,01
21698,现阶段还有许多事情未经验证。,hiro,02,02,Trial,01
21699,比如可可的死亡地点……还有她的直播等等，现在就得出结论未免太早吧？,hiro,02,02,Trial,01
21700,那些小事都无所谓！,alisa,02,02,Trial,01
21701,最要紧的是赶紧搞完这破烂审判……！,alisa,02,02,Trial,01
21702,那、那倒也是……,hanna,02,02,Trial,01
21703,想扮侦探的话，待会随你怎么扮。,alisa,02,02,Trial,01
21704,好！那我就照做啦！,sherry,02,02,Trial,01
21705,我在跟二阶堂说！,alisa,02,02,Trial,01
21706,（得根据更加直接的证据进行推理才能讨论下去……）,hiro,02,02,Trial,01
21707,（……但凶器不一定是奈叶香的枪）,hiro,02,02,Trial,01
21708,（回想一下案发现场的情况吧。应该还有其他能当凶器的东西才对）,hiro,02,02,Trial,01
21709,……看来，亚里沙你不知道啊。,hiro,02,02,Trial,01
21710,……啊？不知道什么？,alisa,02,02,Trial,01
21711,那当然就是，【另一把枪】。,hiro,02,02,Trial,01
21712,还有另一把枪……？,alisa,02,02,Trial,01
21713,没错。有把枪留在了现场。,hiro,02,02,Trial,01
21714,难道说……发现人故意瞒着没告诉你们？,hiro,02,02,Trial,01
21715,——我没有。,ema,02,02,Trial,01
21716,我只是在案发现场捡到了一把手枪……仅此而已。,ema,02,02,Trial,01
21717,……居然是手枪？,alisa,02,02,Trial,01
21718,那就是说，除了黑部的枪以外还有别的枪吗……！,alisa,02,02,Trial,01
21719,正是如此。,hiro,02,02,Trial,01
21720,换句话说，虽然死因是枪杀，但凶器不一定是奈叶香的枪。,hiro,02,02,Trial,01
21721,……啧。,alisa,02,02,Trial,01
21722,……行吧。是我搞错了。,alisa,02,02,Trial,01
21723,就是说，这次还是逃不过啊。,alisa,02,02,Trial,01
21724,……又要开始这狗屁讨论了。,alisa,02,02,Trial,01
21725,是啊。,hiro,02,02,Trial,01
21726,不过你们大可以放心。因为我已经知道这次的凶手是谁了。,hiro,02,02,Trial,01
21727,……！,ema,02,02,Trial,01
21728,凶手就是现场拿着手枪的……,hiro,02,02,Trial,01
21729,艾玛。,hiro,02,02,Trial,01
21730,……是吗，希罗。这就是你的观点啊。,ema,02,02,Trial,01
21731,那么……站在我的角度，我只能说你是凶手的可能性也很高。,ema,02,02,Trial,01
21732,那我来解释一下吧。,hiro,02,02,Trial,01
21733,为什么……凶手只能是你！,hiro,02,02,Trial,01
21734,那我……也会反驳你的！,ema,02,02,Trial,01
21735,（手握真相的究竟是谁……）,hiro,02,02,Trial,01
21736,（让我们一决高下吧，艾玛！）,hiro,02,02,Trial,01
21737,我本来和艾玛约好在淋浴房见面。,hiro,02,02,Trial,02
21738,就在那时，可可刚好在淋浴房开始直播。,hiro,02,02,Trial,02
21739,但她的直播伴随着枪声一起结束了……,hiro,02,02,Trial,02
21740,而我刚赶到淋浴房就看到了艾玛。,hiro,02,02,Trial,02
21741,凶手只能是她。,hiro,02,02,Trial,02
21742,请大家听我说，一开始约我去淋浴房的就是希罗。,ema,02,02,Trial,02
21743,【希罗她想嫁祸给我】……,ema,02,02,Trial,02
21744,这样一想就说得通了。,ema,02,02,Trial,02
21745,你在胡说些什么。,hiro,02,02,Trial,02
21746,看到艾玛还在淋浴房，我接着就跑到走廊想去找可可的尸体。,hiro,02,02,Trial,02
21747,经过中庭前门跑进会客厅的时候，我遇到了安安和蕾雅……,hiro,02,02,Trial,02
21748,随后，身后传来了艾玛的声音。,hiro,02,02,Trial,02
21749,于是我折返回原路，前往中庭……,hiro,02,02,Trial,02
21750,一到那，便看到艾玛拿着手枪站在尸体前面。,hiro,02,02,Trial,02
21751,"我只是看到手枪掉在尸体前面，就<link=""Objection_02_02_02_01"">把它捡了起来而已</link>。",ema,02,02,Trial,02
21752,在你经过中庭之后，我就发现了尸体……,ema,02,02,Trial,02
21753,"也就是说，如果你不是凶手的话，那你<link=""Objection_02_02_02_02"">连尸体都没看见就走了</link>。",ema,02,02,Trial,02
21754,……那你是承认了当时你确实在淋浴房，对吗。,hiro,02,02,Trial,02
21755,……我在。因为我和你约好了在那里见面。,ema,02,02,Trial,02
21756,但可可是在淋浴房直播的。,hiro,02,02,Trial,02
21757,如果还有其他人看了直播，就能为此作证。,hiro,02,02,Trial,02
21758,我看了可可的直播，希罗她说得没错！,sherry,02,02,Trial,02
21759,那就是说，凶手的确是艾玛吧！,sherry,02,02,Trial,02
21760,等一等……！,ema,02,02,Trial,02
21761,"说不定那个直播全都是希罗放的<link=""Objection_02_02_02_03"">录像</link>。",ema,02,02,Trial,02
21762,分发给我们的手机上肯定有能播送录像的功能……！,ema,02,02,Trial,02
21763,她就是想用这么生硬的理由强行陷害我是凶手！,ema,02,02,Trial,02
21764,大家……千万别被骗了！,ema,02,02,Trial,02
21765,（艾玛的主张并不成立）,hiro,02,02,Trial,02
21766,（只要确认一下现场的情况就能找到她话里的矛盾点了）,hiro,02,02,Trial,02
21767,艾玛当时开了枪,hiro,02,02,Trial,02
21768,返回,hiro,02,02,Trial,02
21769,我当时在想事情,hiro,02,02,Trial,02
21770,录像与事实情况有出入,hiro,02,02,Trial,02
21771,播送录像的是艾玛,hiro,02,02,Trial,02
21772,别再编造蹩脚的借口了。,hiro,02,02,Trial,02
21773,你就是用手里的枪杀死了可可吧？,hiro,02,02,Trial,02
21774,事情很简单。既然尸体在中庭，那你就是当场杀死了可可。,hiro,02,02,Trial,02
21775,那是不可能的。,ema,02,02,Trial,02
21776,根据你的说法，可可在直播里中弹一事应该是发生在我去中庭之前吧……？,ema,02,02,Trial,02
21777,那么，从时间顺序来看，我不可能在中庭射杀可可才对……！,ema,02,02,Trial,02
21778,你的推理是错的，希罗……！,ema,02,02,Trial,02
21779,嗯——……,noa,02,02,Trial,02
21780,确实艾玛说得更有道理！,noa,02,02,Trial,02
21781,『希罗的主张与直播相矛盾』,anan,02,02,Trial,02
21782,（……如果艾玛在中庭射杀了可可，那就不符合时间顺序了）,hiro,02,02,Trial,02
21783,（但是可可的直播中确实出现了淋浴房）,hiro,02,02,Trial,02
21784,（而且直播刚结束没多久的时候艾玛也的确在淋浴房……）,hiro,02,02,Trial,02
21785,（……想狡辩也没用，艾玛。让我来指出你话里的矛盾点吧）,hiro,02,02,Trial,02
21786,……当时我没发现中庭的异常直接跑过去，是因为我在想事情。,hiro,02,02,Trial,02
21787,想什么事情？,ema,02,02,Trial,02
21788,毕竟我刚刚看了那么可怕的直播……,hiro,02,02,Trial,02
21789,所以我很担心可可，就跑去找她。,hiro,02,02,Trial,02
21790,如果你找可可的话，不是应该也找一找中庭吗？,ema,02,02,Trial,02
21791,但你却忽略了那里，这可不像平时那么敏锐的你啊。,ema,02,02,Trial,02
21792,……你当时究竟在想什么？,ema,02,02,Trial,02
21793,这——,hiro,02,02,Trial,02
21794,（……这涉及到【杀害艾玛的计划】）,hiro,02,02,Trial,02
21795,（我可不能现在提起这件事……）,hiro,02,02,Trial,02
21796,希罗，难道你有什么难言之隐吗。,ema,02,02,Trial,02
21797,……反倒是支支吾吾的你更可疑！,ema,02,02,Trial,02
21798,（可恶……！艾玛这家伙……！）,hiro,02,02,Trial,02
21799,（但是可可的直播中确实出现了淋浴房）,hiro,02,02,Trial,02
21800,（而且直播刚结束没多久的时候艾玛也的确在淋浴房……）,hiro,02,02,Trial,02
21801,（……想狡辩也没用，艾玛。让我来指出你话里的矛盾点吧）,hiro,02,02,Trial,02
21802,不，那场直播一定是艾玛放的。,hiro,02,02,Trial,02
21803,艾玛她……在那段录像里杀死了可可——,hiro,02,02,Trial,02
21804,她看准我们约定的时间播送录像就是想嫁祸给我。,hiro,02,02,Trial,02
21805,原来如此！,sherry,02,02,Trial,02
21806,确实，录像里的可可看上去明显很害怕！,sherry,02,02,Trial,02
21807,看她那个样子，说不定是被逼着录像的呢！,sherry,02,02,Trial,02
21808,难、难道说可可是被迫录下了自己被杀的过程……！？,leia,02,02,Trial,02
21809,艾玛……如果这都是真的，你做的事也太可怕了……！！,leia,02,02,Trial,02
21810,……那是不可能的。,ema,02,02,Trial,02
21811,我花时间伪造这个东西又有什么好处呢。,ema,02,02,Trial,02
21812,直播前后的期间我一直在淋浴房里。,ema,02,02,Trial,02
21813,如果我要嫁祸给希罗，那我早就离开那里了。,ema,02,02,Trial,02
21814,确实，你这么做也没有意义呢～！,hanna,02,02,Trial,02
21815,能理解！对你来说，的确没有这么做的必要。,noa,02,02,Trial,02
21816,（可恶……！艾玛没有理由伪造直播……）,hiro,02,02,Trial,02
21817,（但是可可的直播中确实出现了淋浴房）,hiro,02,02,Trial,02
21818,（而且直播刚结束没多久的时候艾玛也的确在淋浴房……）,hiro,02,02,Trial,02
21819,（……想狡辩也没用，艾玛。让我来指出你话里的矛盾点吧）,hiro,02,02,Trial,02
21820,无聊的反驳。,hiro,02,02,Trial,02
21821,……！,ema,02,02,Trial,02
21822,【可可的直播是用录像伪造的】……？,hiro,02,02,Trial,02
21823,这不可能。,hiro,02,02,Trial,02
21824,可可开始直播的时间就是在尸体被发现的前不久，这点千真万确。,hiro,02,02,Trial,02
21825,……你凭什么这么说。,ema,02,02,Trial,02
21826,蕾雅会为我们证明这点。,hiro,02,02,Trial,02
21827,…………,leia,02,02,Trial,02
21828,……什么！？要我证明吗！？,leia,02,02,Trial,02
21829,（你吃惊什么……！）,hiro,02,02,Trial,02
21830,……唉。,hiro,02,02,Trial,02
21831,根据蕾雅的验尸报告，可可的死亡时间就在我们发现尸体的不久前。,hiro,02,02,Trial,02
21832,如果那场直播是我伪造的……,hiro,02,02,Trial,02
21833,那我不光要拍摄她的死亡场面，还得在短短几分钟内剪辑完用来伪造直播的影片。,hiro,02,02,Trial,02
21834,就算我推迟了直播，播送了影片好了，这种伪装又有什么意义呢。,hiro,02,02,Trial,02
21835,呃……！这……！,ema,02,02,Trial,02
21836,的、的确如此……！你可真厉害啊希罗！,leia,02,02,Trial,02
21837,（你难道不应该第一时间想到这点吗……？）,hiro,02,02,Trial,02
21838,可可被枪击的直播好像还有回放。,noa,02,02,Trial,02
21839,可以随时确认哦！,noa,02,02,Trial,02
21840,（虽然我不想翻来覆去地看别人的死亡过程……）,hiro,02,02,Trial,02
21841,（……这个回放里有诺亚画的画）,hiro,02,02,Trial,02
21842,（是淋浴房里的那幅画）,hiro,02,02,Trial,02
21843,（怎么想都只可能是艾玛杀的）,hiro,02,02,Trial,02
21844,在尸体被发现的不久前，可可的直播中显示她在淋浴房。,hiro,02,02,Trial,02
21845,而当时在淋浴房里的人就是艾玛。,hiro,02,02,Trial,02
21846,所以艾玛不可能没看到可可。,hiro,02,02,Trial,02
21847,……你这是在强词夺理。,ema,02,02,Trial,02
21848,这全都是你为了陷害我而设的圈套——！,ema,02,02,Trial,02
21849,——等、等一下你们两个！冷静一下！好吗！,miria,02,02,Trial,02
21850,……但她们都说彼此是凶手，那让她们俩直接聊不是更快吗？,noa,02,02,Trial,02
21851,那、那倒也没错……,miria,02,02,Trial,02
21852,『你们一个一个说就好』,anan,02,02,Trial,02
21853,……如果你们有话想对彼此说的话。,anan,02,02,Trial,02
21854,就是呀！请你们两位更加礼貌优雅地交谈！,hanna,02,02,Trial,02
21855,是、是啊！光希罗你单方面在说也不太好……,miria,02,02,Trial,02
21856,……大家都说到这份上了，就让樱羽也讲两句吧。,alisa,02,02,Trial,02
21857,……嗯。我会证明给大家看……希罗都做了些什么。,ema,02,02,Trial,02
21858,（……看来我错失了进攻的机会）,hiro,02,02,Trial,02
21859,（也罢）,hiro,02,02,Trial,02
21860,（艾玛的谎言里一定有矛盾之处……）,hiro,02,02,Trial,02
21861,（只要指出这些矛盾……就没问题）,hiro,02,02,Trial,02
21862,在希罗的邀请下，我去了淋浴房。,ema,02,02,Trial,03
21863,"可是到了<link=""Objection_02_02_03_01"">约定时间</link>她也没有来……",ema,02,02,Trial,03
21864,虽然她在怀疑我，但我不可能是凶手。,ema,02,02,Trial,03
21865,"因为她来的时候可可也<link=""Objection_02_02_03_02"">不在</link>淋浴房里啊？",ema,02,02,Trial,03
21866,当然了，里面也没有尸体……,ema,02,02,Trial,03
21867,但她却怀疑我。,ema,02,02,Trial,03
21868,这也太奇怪了吧。,ema,02,02,Trial,03
21869,她为了把罪行嫁祸给我才把我叫到淋浴房……,ema,02,02,Trial,03
21870,然后她做了一系列伪装工作就为了诬陷我是凶手！,ema,02,02,Trial,03
21871,"她事先对<link=""Objection_02_02_03_03"">垃圾滑槽</link>动了手脚，用墙面<link=""Objection_02_02_03_04"">涂鸦</link>伪造证据，好诬陷我是凶手！",ema,02,02,Trial,03
21872,这一切都是希罗的阴谋……！,ema,02,02,Trial,03
21873,（强行提出不合理的意见也只会拉低大家对我的印象）,hiro,02,02,Trial,03
21874,（但话虽如此，有疑问的地方还是得追查清楚）,hiro,02,02,Trial,03
21875,（……反正艾玛说的是谎话。编造的谎言一定会出现矛盾）,hiro,02,02,Trial,03
21876,（只要有机会进攻艾玛，哪怕说谎我也决不会手下留情……！）,hiro,02,02,Trial,03
21877,这段时间里，你在做什么？,hiro,02,02,Trial,03
21878,返回,hiro,02,02,Trial,03
21879,是我没看见她,hiro,02,02,Trial,03
21880,垃圾滑槽并没有坏掉,hiro,02,02,Trial,03
21881,根本没有涂鸦,hiro,02,02,Trial,03
21882,……这段时间里，你在做什么？,hiro,02,02,Trial,03
21883,……没做什么。,ema,02,02,Trial,03
21884,我只是在淋浴房等你而已。,ema,02,02,Trial,03
21885,你是说一直在那里发呆？,hiro,02,02,Trial,03
21886,呃……我在看墙壁上的涂鸦……,ema,02,02,Trial,03
21887,……说起来，就在你来之前，我好像听到了【轻微的破裂声】……,ema,02,02,Trial,03
21888,现在想一想，那可能就是你射杀可可的【枪声】。,ema,02,02,Trial,03
21889,难道不是你自己在淋浴房开枪的声音吗。,hiro,02,02,Trial,03
21890,我才没有……！,ema,02,02,Trial,03
21891,淋浴房里没有血迹，更没有疑似枪击的痕迹……！,ema,02,02,Trial,03
21892,确实……大叔我也调查了一下淋浴房，但好像没有这样的痕迹。,miria,02,02,Trial,03
21893,除此以外就是涂鸦了……,miria,02,02,Trial,03
21894,……而且垃圾滑槽也坏掉了。,ema,02,02,Trial,03
21895,但是它在案件发生前就坏了。当然我什么都没做……！,ema,02,02,Trial,03
21896,魔女图鉴 更新…,"@toast ""|#Toast_001|""",02,02,Trial,03
21897,（……时间顺序上似乎也没什么矛盾）,hiro,02,02,Trial,03
21898,讨论前进…,@toast |#Toast_002|,02,02,Trial,03
21899,那只是我没发现她罢了。,hiro,02,02,Trial,03
21900,其实可可就在淋浴房的某个地方。也有可能是艾玛你藏起来——,hiro,02,02,Trial,03
21901,但你看到可可的直播后就来淋浴房找她了对吧？,noa,02,02,Trial,03
21902,如果她真的在淋浴房里你不可能没看到她吧？,noa,02,02,Trial,03
21903,……如果真的是你没发现。,anan,02,02,Trial,03
21904,吾辈就再也不会相信二阶堂希罗的证词。,anan,02,02,Trial,03
21905,说得也有道理……,noa,02,02,Trial,03
21906,（……结果降低了自己证词的可信度）,hiro,02,02,Trial,03
21907,（眼下首要的是套取有用的信息，让艾玛露出马脚……）,hiro,02,02,Trial,03
21908,（只要我的记忆和艾玛的发言间有一丝偏差，哪怕说谎我也要追究到底……！）,hiro,02,02,Trial,03
21909,……淋浴房里真的有涂鸦吗。,hiro,02,02,Trial,03
21910,该不会只是你看错了吧……,hiro,02,02,Trial,03
21911,有的哦！,sherry,02,02,Trial,03
21912,大叔我也确认过了，里面确实有涂鸦。,miria,02,02,Trial,03
21913,希罗，为什么你要撒这种谎……？,leia,02,02,Trial,03
21914,（……这谎言太低级了）,hiro,02,02,Trial,03
21915,（眼下首要的是套取有用的信息，让艾玛露出马脚……）,hiro,02,02,Trial,03
21916,（只要我的记忆和艾玛的发言间有一丝偏差，哪怕说谎我也要追究到底……！）,hiro,02,02,Trial,03
21917,居然说我对垃圾滑槽动手脚，这简直就是无理取闹。,hiro,02,02,Trial,03
21918,我没有无理取闹。我亲眼看到了。,ema,02,02,Trial,03
21919,……不可能。我今天早上去淋浴房的时候垃圾滑槽还是好的。,hiro,02,02,Trial,03
21920,再说了，真的有人确认过垃圾滑槽坏掉了吗？,hiro,02,02,Trial,03
21921,这、这……！,ema,02,02,Trial,03
21922,（我动手脚的时候很小心，光看表面上是看不出来的）,hiro,02,02,Trial,03
21923,（既然艾玛会注意到，就说明她用过垃圾滑槽）,hiro,02,02,Trial,03
21924,（看来她果然就是凶手——）,hiro,02,02,Trial,03
21925,啊……大叔我也看到了哦。,miria,02,02,Trial,03
21926,垃圾滑槽的盖子……掉下来了对吧。,miria,02,02,Trial,03
21927,……！,hiro,02,02,Trial,03
21928,……可以请你详细说说吗。,hiro,02,02,Trial,03
21929,嗯、嗯。,miria,02,02,Trial,03
21930,正如艾玛所说，垃圾滑槽确实坏掉了。,miria,02,02,Trial,03
21931,坏得很明显，一看就知道，整个盖子都掉了！,miria,02,02,Trial,03
21932,……希罗你来淋浴房的时候看起来很慌张，所以没有到房间里面检查……,ema,02,02,Trial,03
21933,但那时，垃圾滑槽的盖子就已经不在上面了。,ema,02,02,Trial,03
21934,（……是我没注意到……吗……）,hiro,02,02,Trial,03
21935,（可是……好奇怪）,hiro,02,02,Trial,03
21936,（……我应该只是把固定螺丝弄松了一点）,hiro,02,02,Trial,03
21937,（这是为了杀害艾玛后伪造成意外死亡做的准备）,hiro,02,02,Trial,03
21938,（根据米莉亚的证词，那之后滑槽真的坏掉了）,hiro,02,02,Trial,03
21939,（那么……说不定可以由此推测尸体的去向……）,hiro,02,02,Trial,03
21940,原来如此。……我明白了。,hiro,02,02,Trial,03
21941,……【艾玛用垃圾滑槽把尸体藏了起来】。,hiro,02,02,Trial,03
21942,就是说她杀死可可后把尸体扔进了垃圾滑槽里。,hiro,02,02,Trial,03
21943,为了把尸体藏进去，她在打开滑槽的时候把盖子弄坏了……,hiro,02,02,Trial,03
21944,这样一来就合情合理了。,hiro,02,02,Trial,03
21945,……我才没做这种事。你有什么证据吗？,ema,02,02,Trial,03
21946,说到证据……,hiro,02,02,Trial,03
21947,……看来轮到我出场了。,leia,02,02,Trial,03
21948,（蕾雅……难道说）,hiro,02,02,Trial,03
21949,垃圾滑槽的另一头……没错，就是焚烧炉。,leia,02,02,Trial,03
21950,当然……我已经事先调查过了！,leia,02,02,Trial,03
21951,（是我拜托她做的事……！）,hiro,02,02,Trial,03
21952,蕾雅，你该不会……故意瞒着情报不说一直等待时机登台亮相吧……？,hiro,02,02,Trial,03
21953,绝、绝无此事！,leia,02,02,Trial,03
21954,我刚才一直想说，但总是被打断，一直找不到好的时机！,leia,02,02,Trial,03
21955,好、好了！先不说那些！看这里！,leia,02,02,Trial,03
21956,这是地下焚烧炉的照片。,leia,02,02,Trial,03
21957,里面有点昏暗，但墙壁是鲜艳的绿色。,leia,02,02,Trial,03
21958,这个焚烧炉每周一15时启动……,leia,02,02,Trial,03
21959,没错，恰巧就是今天。,leia,02,02,Trial,03
21960,我勉强赶在炉子启动的15时之前跑进去，把里面的东西拿出来了。,leia,02,02,Trial,03
21961,哦——！有什么值得注意的东西吗！？,sherry,02,02,Trial,03
21962,呵呵，不必那么着急。,leia,02,02,Trial,03
21963,首先从周围的情况讲起。,leia,02,02,Trial,03
21964,焚烧炉室的地上……竟然有疑似血迹的痕迹！,leia,02,02,Trial,03
21965,真的吗！？那可是个重大证据耶！,sherry,02,02,Trial,03
21966,顺便一提，平时焚烧炉室的门都是不上锁的。,leia,02,02,Trial,03
21967,案发当天好像也有人进来过。,leia,02,02,Trial,03
21968,而焚烧炉里还剩下这些东西……请大家逐一确认！,leia,02,02,Trial,03
21969,怎样！这一定就是关键证据——,leia,02,02,Trial,03
21970,——吧，大家觉得呢？,leia,02,02,Trial,03
21971,（……算不算得上关键证据不好说）,hiro,02,02,Trial,03
21972,（但应该能用来扭转局势）,hiro,02,02,Trial,03
21973,……是的。多亏了你的情报，我知道艾玛的杀人手法了。,hiro,02,02,Trial,03
21974,………！,ema,02,02,Trial,03
21975,让我来解释一下……她的手法吧。,hiro,02,02,Trial,03
21976,艾玛在淋浴房射杀可可后，把尸体从垃圾滑槽丢了下去。,hiro,02,02,Trial,04
21977,这样就能解释为什么我赶过去的时候没发现尸体。,hiro,02,02,Trial,04
21978,这说不通，希罗。,ema,02,02,Trial,04
21979,因为可可的尸体是在中庭发现的。,ema,02,02,Trial,04
21980,如果尸体被扔进焚烧炉里，那又怎么会在中庭里发现！,ema,02,02,Trial,04
21981,也有可能用绳子捆着尸体暂时藏起来了。,hiro,02,02,Trial,04
21982,等我走了以后，艾玛用绳子把可可的尸体吊了起来……,hiro,02,02,Trial,04
21983,然后把尸体放在中庭，装作刚发现尸体。,hiro,02,02,Trial,04
21984,就是为了把刚刚经过中庭的我诬陷成凶手。,hiro,02,02,Trial,04
21985,那你的意思是我在淋浴房杀了她？,ema,02,02,Trial,04
21986,"但那里没有留下任何能证明这点的<link=""Objection_02_02_04_01"">痕迹</link>，不是吗。",ema,02,02,Trial,04
21987,"还是说，你的意思是我在<link=""Objection_02_02_04_02"">其他地方</link>杀了可可，然后只把尸体<link=""Objection_02_02_04_03"">搬了过来</link>？",ema,02,02,Trial,04
21988,那里可是淋浴房。冲洗干净痕迹并不是什么难事。,hiro,02,02,Trial,04
21989,"但如果真是那样，不是会留下【<link=""Objection_02_02_04_04"">抹掉痕迹的痕迹</link>】吗？",ema,02,02,Trial,04
21990,你反驳得太勉强了！,ema,02,02,Trial,04
21991,（兔子急了也会咬人。……我不能掉以轻心）,hiro,02,02,Trial,04
21992,（不管她再怎么反驳，我全都会一一驳倒）,hiro,02,02,Trial,04
21993,（……但话说回来，我得指出【正确的】思路才能得到周围人的认同……）,hiro,02,02,Trial,04
21994,（我一定要找出艾玛证词里不对劲的地方）,hiro,02,02,Trial,04
21995,你动了手脚以免留下痕迹,hiro,02,02,Trial,04
21996,返回,hiro,02,02,Trial,04
21997,杀人现场确实另有别处,hiro,02,02,Trial,04
21998,不可能移动尸体,hiro,02,02,Trial,04
21999,这样做不会留下痕迹,hiro,02,02,Trial,04
22000,只要你小心谨慎地抹掉痕迹，就不会留下【抹掉痕迹的痕迹】。,hiro,02,02,Trial,04
22001,……真的是这样吗。,ema,02,02,Trial,04
22002,可是我根本就没有时间抹掉痕迹。,ema,02,02,Trial,04
22003,这么紧张的情况下，我还要冲洗干净痕迹的话，岂不是会弄湿地板和我自己吗。,ema,02,02,Trial,04
22004,……中庭在下雨。就算你身上打湿了一点也能说得过去。,hiro,02,02,Trial,04
22005,就算我身上湿了能说得过去，那我不可能连冲过水的淋浴房地板都能弄干吧？,ema,02,02,Trial,04
22006,……没有冲水的痕迹呢。今天应该还没人用过淋浴房吧……？,miria,02,02,Trial,04
22007,这样一来，凶手就【不可能冲洗干净痕迹】——,sherry,02,02,Trial,04
22008,也就是说，淋浴房里非常有可能本来就没留下犯罪的痕迹！,sherry,02,02,Trial,04
22009,希罗的指控真是离了个大谱呢！,sherry,02,02,Trial,04
22010,（可恶……！米莉亚检查过没有痕迹了吗……！）,hiro,02,02,Trial,04
22011,（那这样一来，就连【作案地点是淋浴房的讨论前提】都得质疑了……）,hiro,02,02,Trial,04
22012,（但直播中确实能看见淋浴房墙上的画……这究竟是怎么回事？）,hiro,02,02,Trial,04
22013,（……看来，有时候也得反过来利用对方的发言了）,hiro,02,02,Trial,04
22014,你动了手脚，以免留下杀人的痕迹。,hiro,02,02,Trial,04
22015,比如说，一开始就在现场铺好衣服……避免留下诸如血迹之类的痕迹。,hiro,02,02,Trial,04
22016,我觉得这个说法太牵强了。,ema,02,02,Trial,04
22017,假如可可在淋浴房里被枪击了，她的血迹恐怕会飞溅得到处都是吧？,ema,02,02,Trial,04
22018,要挡住这些血液，必须在整个房间都铺上衣服，不留一丝空隙……,ema,02,02,Trial,04
22019,……但我不可能有时间处理这么多衣服。,ema,02,02,Trial,04
22020,诺亚觉得艾玛说得没错。,noa,02,02,Trial,04
22021,而且现场是淋浴房，就算溅到血，只要冲洗掉就没问题了吧？,noa,02,02,Trial,04
22022,为什么非要在房间里铺满衣服呢，诺亚想不明白。,noa,02,02,Trial,04
22023,……不过，焚烧炉里的衣服上确实有血迹……,leia,02,02,Trial,04
22024,也就是说，希罗的想法并非完全不可能。只是现在还没有证据证明这点。,leia,02,02,Trial,04
22025,（……这个推论无法彻底驳倒她）,hiro,02,02,Trial,04
22026,（……很难举证凶手在房间里动过手脚）,hiro,02,02,Trial,04
22027,（那这样一来，就连【作案地点是淋浴房的讨论前提】都得质疑了……）,hiro,02,02,Trial,04
22028,（但直播中确实能看见淋浴房墙上的画……这究竟是怎么回事？）,hiro,02,02,Trial,04
22029,（……看来，有时候也得反过来利用对方的发言了）,hiro,02,02,Trial,04
22030,……不可能移动尸体。这与直播录像的内容相矛盾。,hiro,02,02,Trial,04
22031,杀人现场就是淋浴房。,hiro,02,02,Trial,04
22032,……真的是这样吗？,sherry,02,02,Trial,04
22033,如果和录像里一样，可可是在淋浴房里被枪击的话，那房间里应该会留下她的血迹和尸体吧？,sherry,02,02,Trial,04
22034,但实际上并没有。,sherry,02,02,Trial,04
22035,那，我们是不是应该考虑某个前提错了？,sherry,02,02,Trial,04
22036,是啊，希罗。,ema,02,02,Trial,04
22037,真正矛盾的是你的推理……！,ema,02,02,Trial,04
22038,（唔……说得也是，杀人现场应该不是淋浴房吧……？）,hiro,02,02,Trial,04
22039,（那这样一来，就连【作案地点是淋浴房的讨论前提】都得质疑了……）,hiro,02,02,Trial,04
22040,（但直播中确实能看见淋浴房墙上的画……这究竟是怎么回事？）,hiro,02,02,Trial,04
22041,（……看来，有时候也得反过来利用对方的发言了）,hiro,02,02,Trial,04
22042,……艾玛说得没错。,hiro,02,02,Trial,04
22043,……欸？,ema,02,02,Trial,04
22044,淋浴房里面的确没留下痕迹。,hiro,02,02,Trial,04
22045,不过……她在其他地方留下了杀人痕迹。而证据就是——,hiro,02,02,Trial,04
22046,……不。,hiro,02,02,Trial,04
22047,杀人现场还是在淋浴房。考虑到隔音性能和垃圾滑槽的构造——,hiro,02,02,Trial,04
22048,希罗，你刚不是说在其他地方吗？,noa,02,02,Trial,04
22049,你这不是自打嘴巴嘛。傻了吗？,alisa,02,02,Trial,04
22050,（……重新再想想吧）,hiro,02,02,Trial,04
22051,（我得放下先入为主的观点，去关注淋浴房以外的地方）,hiro,02,02,Trial,04
22052,（而某个地方明显就留有杀人的痕迹……！）,hiro,02,02,Trial,04
22053,大家看一下直播回放里诺亚画的画。,hiro,02,02,Trial,04
22054,重点在于这个地方的特征只有一个，那就是【诺亚的画】。,hiro,02,02,Trial,04
22055,也就是说，如果诺亚在其他地方也画了同样的画——,hiro,02,02,Trial,04
22056,凶手就能将那里作为杀人现场。,hiro,02,02,Trial,04
22057,……那你说说看，那幅画究竟在哪里？,leia,02,02,Trial,04
22058,……可能在某个地方。,hiro,02,02,Trial,04
22059,到底在哪啊！,alisa,02,02,Trial,04
22060,（……重新再想想吧）,hiro,02,02,Trial,04
22061,（要放下先入为主的观点再想想）,hiro,02,02,Trial,04
22062,（而某个地方明显就留有杀人的痕迹……！）,hiro,02,02,Trial,04
22063,这件证据和杀人痕迹无关吧……？,miria,02,02,Trial,04
22064,（……重新再想想吧）,hiro,02,02,Trial,04
22065,（要放下先入为主的观点再想想）,hiro,02,02,Trial,04
22066,（而某个地方明显就留有杀人的痕迹……！）,hiro,02,02,Trial,04
22067,焚烧炉室里留下的血迹。,hiro,02,02,Trial,04
22068,艾玛把可可叫到地下，然后杀了她。,hiro,02,02,Trial,04
22069,接着艾玛把事先拉到淋浴房的绳子绑在可可的尸体上……,hiro,02,02,Trial,04
22070,之后，她装作若无其事的模样回到淋浴房。,hiro,02,02,Trial,04
22071,等我走了之后，她从淋浴房的垃圾滑槽处将可可的尸体吊了上来……,hiro,02,02,Trial,04
22072,然后将其搬到中庭，装作发现了尸体。,hiro,02,02,Trial,04
22073,一切都是艾玛伪造出来的……这样一想就说得通了。,hiro,02,02,Trial,04
22074,这、这个……,ema,02,02,Trial,04
22075,……等、等等，希罗。,miria,02,02,Trial,04
22076,如果是这样，不就和小可的直播内容相矛盾了吗……？,miria,02,02,Trial,04
22077,还真是！,sherry,02,02,Trial,04
22078,直播回放录像里的这个……不是淋浴房的涂鸦吗？,sherry,02,02,Trial,04
22079,……诺亚画的画。,anan,02,02,Trial,04
22080,『出现在录像的背景上了』,anan,02,02,Trial,04
22081,如果不是在淋浴房杀的人……那这份录像又是怎么回事？,alisa,02,02,Trial,04
22082,（若杀人现场在地下的焚烧炉室，那就和出现在直播回放里的地点相矛盾）,hiro,02,02,Trial,04
22083,（【焚烧炉室的血迹】以及【直播拍到的背景】……要说哪边更可疑……）,hiro,02,02,Trial,04
22084,焚烧炉室的血迹,@choice |#0202Trial04_Choice005|,02,02,Trial,04
22085,直播回放,@choice |#0202Trial04_Choice006|,02,02,Trial,04
22086,焚烧炉室的血迹……是假证据。,hiro,02,02,Trial,04
22087,这、这不可能！我亲眼确认过地下室里真的有血迹……！,leia,02,02,Trial,04
22088,你想说我捏造证据吗！？,leia,02,02,Trial,04
22089,我可没这么说。,hiro,02,02,Trial,04
22090,但我们不知道血迹是什么时候沾上的，所以不能作为此次案件的证据。,hiro,02,02,Trial,04
22091,……照你这么说，到头来回放录像的内容才是可信的咯。,alisa,02,02,Trial,04
22092,那结果她被杀的地点还是淋浴房咯？,alisa,02,02,Trial,04
22093,……没错。,hiro,02,02,Trial,04
22094,你这前言收回得真快啊。,alisa,02,02,Trial,04
22095,（不小心扰乱了讨论方向……我还是重新思考一下吧）,hiro,02,02,Trial,04
22096,特意在焚烧炉室里伪造血迹也没有任何意义……,hiro,02,02,Trial,04
22097,因此，我们至少可以肯定，焚烧炉室里一定出现过尸体。,hiro,02,02,Trial,04
22098,的确，焚烧炉室留下的血迹看起来很新。,leia,02,02,Trial,04
22099,杀人现场很有可能就在焚烧炉室。,leia,02,02,Trial,04
22100,可是可是，如果是这样的话那个录像又是怎么拍摄的呢？,sherry,02,02,Trial,04
22101,可可应该是在淋浴房被射杀的吧？,sherry,02,02,Trial,04
22102,诺亚在淋浴房里画的画会出现在直播里的原因……就是——,hiro,02,02,Trial,04
22103,画自己移动了,@choice |#0202Trial04_Choice007|,02,02,Trial,04
22104,是录像,@choice |#0202Trial04_Choice008|,02,02,Trial,04
22105,单独设置了背景,@choice |#0202Trial04_Choice009|,02,02,Trial,04
22106,画自己移动了。,hiro,02,02,Trial,04
22107,超自然现象吗！？,hanna,02,02,Trial,04
22108,『传说一到深夜画就会自己动起来』,anan,02,02,Trial,04
22109,闹鬼呀！！,hanna,02,02,Trial,04
22110,那幅画是诺亚用魔法画的……,hiro,02,02,Trial,04
22111,既然如此，她应该可以操纵液体将淋浴房里的画转移到其他地方。,hiro,02,02,Trial,04
22112,……唔——,noa,02,02,Trial,04
22113,颜料干了以后就不是液体了，应该不行吧～……？,noa,02,02,Trial,04
22114,看来既然不是超自然现象也没用到魔法呢！,sherry,02,02,Trial,04
22115,请不要吓我们了！希罗！！,hanna,02,02,Trial,04
22116,（是我吓到她们的……？）,hiro,02,02,Trial,04
22117,（……诺亚的画确实出现在了直播中）,hiro,02,02,Trial,04
22118,（但杀人现场并非那幅画所在的淋浴房……）,hiro,02,02,Trial,04
22119,（也就是说，可可是在其他地方拍到了那副画）,hiro,02,02,Trial,04
22120,（……很有可能就是【那个地方】）,hiro,02,02,Trial,04
22121,看来那场直播的确是录像。,hiro,02,02,Trial,04
22122,艾玛先在淋浴房杀害了可可——,hiro,02,02,Trial,04
22123,在抹掉痕迹以后，她将事先录制的杀人影片直播出去了。,hiro,02,02,Trial,04
22124,二阶堂，刚刚不是你自己说的吗，直播不可能是录像。,alisa,02,02,Trial,04
22125,『别动不动改变观点』,anan,02,02,Trial,04
22126,（被骂了……）,hiro,02,02,Trial,04
22127,（……诺亚的画确实出现在了直播中）,hiro,02,02,Trial,04
22128,（但杀人现场并非那幅画所在的淋浴房……）,hiro,02,02,Trial,04
22129,（也就是说，可可是在其他地方拍到了那副画）,hiro,02,02,Trial,04
22130,（……很有可能就是【那个地方】）,hiro,02,02,Trial,04
22131,非常简单……凶手只是把诺亚的画设置成了直播背景而已。,hiro,02,02,Trial,04
22132,证据就是，可可的手机里存有诺亚画在淋浴房的那张画的照片。,hiro,02,02,Trial,04
22133,"我知道了，是【<ruby=""chroma key"">色度键</ruby>】……！",miria,02,02,Trial,04
22134,只要用绿幕抠像就能轻松做出来……！,miria,02,02,Trial,04
22135,而且那个房间的墙壁是绿色的……！,miria,02,02,Trial,04
22136,直播画面本来就只有手机尺寸大，画质并没有多好……,leia,02,02,Trial,04
22137,再加上直播时间很短，就算有点瑕疵也很难注意到。,leia,02,02,Trial,04
22138,……是这样没错吧！希罗。,leia,02,02,Trial,04
22139,是的。也就是说真正的犯罪现场在焚烧炉室……,hiro,02,02,Trial,04
22140,……可可是在地下被枪击的。,hiro,02,02,Trial,04
22141,而凶手是艾玛。,hiro,02,02,Trial,04
22142,但这样一来……情况就变成【除我以外的人也能做到】了，不是吗。,ema,02,02,Trial,04
22143,……什么？,hiro,02,02,Trial,04
22144,虽然你在怀疑我，但我一直在淋浴房里，并不在焚烧炉室啊。,ema,02,02,Trial,04
22145,如果是你杀了她再把她的尸体搬到中庭，不是也说得通吗。,ema,02,02,Trial,04
22146,……既然除了艾玛以外其他人也能做到，就不该把她当做凶手吧……,miria,02,02,Trial,04
22147,不是有个原则叫【疑罪从无】吗……,miria,02,02,Trial,04
22148,大叔我觉得……随随便便怀疑人可不太好。,miria,02,02,Trial,04
22149,（……这所监牢实质上就是法外之地……）,hiro,02,02,Trial,04
22150,（就算遵守外界的法律，也不会有人来保护我们的）,hiro,02,02,Trial,04
22151,（……不过）,hiro,02,02,Trial,04
22152,（道高一尺，魔高一丈啊……）,hiro,02,02,Trial,04
22153,（但话说回来，现在是把艾玛逼入绝境的绝佳时机……）,hiro,02,02,Trial,04
22154,……没必要考虑得太复杂。,anan,02,02,Trial,04
22155,……！,hiro,02,02,Trial,04
22156,……为了维护监牢的秩序。,anan,02,02,Trial,04
22157,<color=#9c8eff><b>【继续】</b></color>讨论吧。去<color=#9c8eff><b>【找出】</b></color>真正的凶手吧。,anan,02,02,Trial,04
22158,眼下只需考虑这个就够了……不是吗！？,anan,02,02,Trial,04
22159,呜……！,hiro,02,02,Trial,04
22160,……事先声明。,anan,02,02,Trial,04
22161,吾辈一直与蕾雅在一起。因此不可能射杀可可。,anan,02,02,Trial,04
22162,确实如此。,leia,02,02,Trial,04
22163,我们一直在会客厅里，不可能参与枪击事件。,leia,02,02,Trial,04
22164,换言之，我们是完全清白的。,anan,02,02,Trial,04
22165,既然如此，相信大家都能理解吾辈接下来的话。,anan,02,02,Trial,04
22166,抛开我们的立场和个人感情……,anan,02,02,Trial,04
22167,<color=#9c8eff><b>【去找出犯下杀人之罪的目标人物吧】</b></color>！,anan,02,02,Trial,04
22168,（……呜呜，声音在脑袋里回荡……这就是操纵心灵的魔法吗）,hiro,02,02,Trial,04
22169,（但是……她的话并没有错）,hiro,02,02,Trial,04
22170,（只要有可能是凶手，一视同仁地予以怀疑才是【正确的】）,hiro,02,02,Trial,04
22171,（艾玛当然是嫌疑人之一，在这个前提之下……）,hiro,02,02,Trial,04
22172,（如果还有其他人可能犯罪……当然要一并【怀疑】）,hiro,02,02,Trial,04
22173,（这……是理所当然的）,hiro,02,02,Trial,04
22174,感觉越来越有干劲了，我想找出真凶了！,sherry,02,02,Trial,04
22175,……难道你之前都没干劲？,alisa,02,02,Trial,04
22176,怎么会啦～！单纯只是我想这么说说看而已！,sherry,02,02,Trial,04
22177,言归正传，我们重新整理一下已知的情况吧！,sherry,02,02,Trial,04
22178,说不定能收获新的见解呢！,sherry,02,02,Trial,04
22179,可是话说回来，这次的案情只涉及到我和希罗两个人。,ema,02,02,Trial,05
22180,……艾玛说得对。,hiro,02,02,Trial,05
22181,尸体是在我经过中庭以后才被发现的。,hiro,02,02,Trial,05
22182,所以我才说艾玛是凶手。……前提是我经过中庭时确实没看漏尸体。,hiro,02,02,Trial,05
22183,咦？那就是说也有可能是希罗你没注意到尸体？,noa,02,02,Trial,05
22184,希罗，你在直播中看到可可死了就过来找她了对吧。,noa,02,02,Trial,05
22185,所以你找人找得很匆忙……,noa,02,02,Trial,05
22186,"就算经过中庭时没注意到尸体也<link=""Objection_02_02_05_01"">并不出奇</link>吧～？",noa,02,02,Trial,05
22187,不过，比起质疑希罗的所见，我觉得还有其他问题更值得讨论。,leia,02,02,Trial,05
22188,什么问题？,noa,02,02,Trial,05
22189,比如说……,leia,02,02,Trial,05
22190,希罗，你刚才说可可的死亡地点很有可能是地下的焚烧炉室，对吧。,leia,02,02,Trial,05
22191,"然而，尸体是在中庭被发现的。这个<link=""Objection_02_02_05_02"">矛盾目前讲不通</link>。",leia,02,02,Trial,05
22192,还真是……！,miria,02,02,Trial,05
22193,如果是谁把尸体从地下搬运到了中庭……,miria,02,02,Trial,05
22194,那就意味着这个人掐准了希罗和艾玛两人行动之间的时间窗口。,miria,02,02,Trial,05
22195,『这根本不可能』,anan,02,02,Trial,05
22196,"<link=""Objection_02_02_05_03"">我和安安</link>当时就在会客厅里……",leia,02,02,Trial,05
22197,要从地下的焚烧炉室前往中庭，必须经过会客厅。,miria,02,02,Trial,05
22198,"不经过会客厅确实<link=""Objection_02_02_05_04"">不可能</link>把尸体搬到中庭。",alisa,02,02,Trial,05
22199,就算绕远路，也有可能遇到其他人呢。,noa,02,02,Trial,05
22200,那也就是说，凶手还是艾玛和希罗二选一咯！,sherry,02,02,Trial,05
22201,『正是如此』,anan,02,02,Trial,05
22202,……有人要反对吗？,anan,02,02,Trial,05
22203,（凶手有可能是第三者吗……）,hiro,02,02,Trial,05
22204,（如果艾玛是凶手的话，就只需证明凶手不可能是第三者）,hiro,02,02,Trial,05
22205,（反过来说，如果她不是凶手……）,hiro,02,02,Trial,05
22206,（就必须指出【有第三者介入的可能性】）,hiro,02,02,Trial,05
22207,（但前提是……艾玛真的不是凶手）,hiro,02,02,Trial,05
22208,我不可能没注意到,hiro,02,02,Trial,05
22209,返回,hiro,02,02,Trial,05
22210,杀人现场是中庭,hiro,02,02,Trial,05
22211,是你们没注意到,hiro,02,02,Trial,05
22212,有其他进入中庭的途径,hiro,02,02,Trial,05
22213,我不可能没注意到。,hiro,02,02,Trial,05
22214,中庭我也仔细看过了。,hiro,02,02,Trial,05
22215,你肯定在说谎！！,hanna,02,02,Trial,05
22216,你、你有什么证据——！,hiro,02,02,Trial,05
22217,就在尸体被发现的前不久……你在楼梯上狠狠撞到了我！,hanna,02,02,Trial,05
22218,连路都不注意看！！你怎么敢肯定自己有仔细观察周围的情况！！,hanna,02,02,Trial,05
22219,（……确实有过这么一回事）,hiro,02,02,Trial,05
22220,（……既然我撞到了她，这个论点就没有说服力了……）,hiro,02,02,Trial,05
22221,（先一一辨清哪些是真事，哪些是错觉吧）,hiro,02,02,Trial,05
22222,（在扫清所有不可能以后，一定能看到真相……）,hiro,02,02,Trial,05
22223,（……假如杀人现场是焚烧炉室，那让【尸体出现在中庭】的方法到底是……？）,hiro,02,02,Trial,05
22224,……那么，可可就是在中庭被杀害的。,hiro,02,02,Trial,05
22225,欸？为什么？,noa,02,02,Trial,05
22226,那地下的血迹你要怎么解释。,nanoka,02,02,Trial,05
22227,『别反复推翻结论』,anan,02,02,Trial,05
22228,（……看来这个说法无法解释矛盾）,hiro,02,02,Trial,05
22229,（先一一辨清哪些是真事，哪些是错觉吧）,hiro,02,02,Trial,05
22230,（在扫清所有不可能以后，一定能看到真相……）,hiro,02,02,Trial,05
22231,（……假如杀人现场是焚烧炉室，那让【尸体出现在中庭】的方法到底是……？）,hiro,02,02,Trial,05
22232,那么，只剩下一种可能性。,hiro,02,02,Trial,05
22233,一定是你们当时沉迷在闲聊之中，没注意到凶手。,hiro,02,02,Trial,05
22234,等、等一等。,leia,02,02,Trial,05
22235,如果凶手扛着尸体穿过会客厅，再怎么说我们肯定会注意到。,leia,02,02,Trial,05
22236,除非有什么别的原因……,miria,02,02,Trial,05
22237,『只要没变成透明人我们肯定会注意到』,anan,02,02,Trial,05
22238,对我们的目击情报有意见的话，就拿出证据来！,leia,02,02,Trial,05
22239,（……那我确实没有证据能证明）,hiro,02,02,Trial,05
22240,（先一一辨清哪些是真事，哪些是错觉吧）,hiro,02,02,Trial,05
22241,（在扫清所有不可能以后，一定能看到真相……）,hiro,02,02,Trial,05
22242,（……假如杀人现场是焚烧炉室，那让【尸体出现在中庭】的方法到底是……？）,hiro,02,02,Trial,05
22243,【进不去中庭】……？不，那可不一定。,hiro,02,02,Trial,05
22244,还有其他进入中庭的途径。,hiro,02,02,Trial,05
22245,你说什么？那到底能从哪进去。,alisa,02,02,Trial,05
22246,中庭被三面墙围住，只能从正面的走廊进入……,leia,02,02,Trial,05
22247,然而，你却说凶手【能进去】。,leia,02,02,Trial,05
22248,服了你们。我都说到这份上了，你们还不明白吗？,hiro,02,02,Trial,05
22249,凶手是从某个地方潜入中庭的。那就是……,hiro,02,02,Trial,05
22250,墙壁,@choice |#0202Trial05_Choice005|,02,02,Trial,05
22251,地下,@choice |#0202Trial05_Choice006|,02,02,Trial,05
22252,空中,@choice |#0202Trial05_Choice007|,02,02,Trial,05
22253,……墙壁。,hiro,02,02,Trial,05
22254,中庭的墙壁上有扇隐藏的门。,hiro,02,02,Trial,05
22255,……你这话有什么依据？,nanoka,02,02,Trial,05
22256,『我们已经彻底调查过现场了，但并没有发现』,anan,02,02,Trial,05
22257,还是说……希罗你找到了存在秘密通道的证据？,noa,02,02,Trial,05
22258,不……我没什么证据。,hiro,02,02,Trial,05
22259,别光靠直觉推理啊。,alisa,02,02,Trial,05
22260,（……看来没有那么便捷的近路）,hiro,02,02,Trial,05
22261,（但中庭并不是个完全的密室……）,hiro,02,02,Trial,05
22262,（要说能从哪里进出中庭——）,hiro,02,02,Trial,05
22263,地里。,hiro,02,02,Trial,05
22264,凶手事先从外面挖掘出一条通往中庭的地下洞穴。,hiro,02,02,Trial,05
22265,……可、可那样的话，凶手得背着尸体进入中庭吧……？,miria,02,02,Trial,05
22266,如果洞穴宽到足够两个人通过，肯定能一眼发现……,miria,02,02,Trial,05
22267,但是我们没发现那么大的洞穴呀？,noa,02,02,Trial,05
22268,……而且尸体上面也没有沾到土。,nanoka,02,02,Trial,05
22269,你这个说法真的有必要讨论吗？,nanoka,02,02,Trial,05
22270,（……看来没有从地里潜入中庭的痕迹）,hiro,02,02,Trial,05
22271,（但中庭并不是个完全的密室……）,hiro,02,02,Trial,05
22272,（要说能从哪里进出中庭——）,hiro,02,02,Trial,05
22273,当然，是从【空中】进入的。,hiro,02,02,Trial,05
22274,庭院里种了植物，而这些植物需要【阳光】。,hiro,02,02,Trial,05
22275,所以，中庭自然是露天的……直接与天空相连。,hiro,02,02,Trial,05
22276,没有屋顶的空间可称不上密室。,hiro,02,02,Trial,05
22277,原来如此……！可可是从空中飞进了中庭……！,leia,02,02,Trial,05
22278,换言之，凶手是通过空中飘浮的方式把可可搬到了中庭对吧！,sherry,02,02,Trial,05
22279,而拥有这个能力的人只有——,sherry,02,02,Trial,05
22280,——能使用飞天魔法的汉娜！你就是凶手吧！,sherry,02,02,Trial,05
22281,什么……！？,hanna,02,02,Trial,05
22282,你说什么——！？,hanna,02,02,Trial,05
22283,汉娜在中庭射杀了可可！,sherry,02,02,Trial,06
22284,如果是从空中潜入，就能找准她们两人间的窗口期，在某种程度上自由进入！,sherry,02,02,Trial,06
22285,而绿幕抠像只要有绿色的布，在哪都能办到……,sherry,02,02,Trial,06
22286,说不定直接就能把中庭的绿植当背景去掉哦？,sherry,02,02,Trial,06
22287,"当时还在下雨呢，<link=""Objection_02_02_06_01"">怎么可能做得了直播</link>呀！？",hanna,02,02,Trial,06
22288,而且焚烧炉室的血迹该怎么解释！？,hanna,02,02,Trial,06
22289,大概跟这次的案件无关吧？可能只是碰巧蹭到了血。,noa,02,02,Trial,06
22290,杀人现场是焚烧炉室，这个说法只是一个假设而已……,sherry,02,02,Trial,06
22291,"重要的是，凶手<link=""Objection_02_02_06_02"">是从空中逃走的</link>。",sherry,02,02,Trial,06
22292,【她找准时机进入中庭，然后从空中飞走了】……,sherry,02,02,Trial,06
22293,这么一来，一切都说得通了！,sherry,02,02,Trial,06
22294,要真是这样，希罗或者艾玛肯定会注意到呀！,hanna,02,02,Trial,06
22295,"就、就是啊！如果小娜飘浮在空中，小艾和小希再怎么说也会<link=""Objection_02_02_06_03"">注意到</link>的吧……！",miria,02,02,Trial,06
22296,"毕竟汉娜她<link=""Objection_02_02_06_04"">飞得也不快</link>。",noa,02,02,Trial,06
22297,……走路还要快一点。,anan,02,02,Trial,06
22298,你骂谁慢吞吞啊！？别多嘴好吗！？,hanna,02,02,Trial,06
22299,（正如雪莉所言，如果有第三者介入，那就只有空中这条路可走）,hiro,02,02,Trial,06
22300,（看来……有必要验证这个可能性了）,hiro,02,02,Trial,06
22301,短时间的直播应该没问题,hiro,02,02,Trial,06
22302,返回,hiro,02,02,Trial,06
22303,凶手藏在了树丛里,hiro,02,02,Trial,06
22304,可以在不被发现的情况下潜入,hiro,02,02,Trial,06
22305,有办法飞得更快,hiro,02,02,Trial,06
22306,应该是可以播的。,hiro,02,02,Trial,06
22307,你有什么根据！？,hanna,02,02,Trial,06
22308,直播的时间很短……再加上画质不好，就算下雨也看不出来。,hiro,02,02,Trial,06
22309,不对，我记得那时风也挺大的……,alisa,02,02,Trial,06
22310,当时风吹得呼呼响哦，呼呼呼。,noa,02,02,Trial,06
22311,不管画质怎样，只要看头发和衣服的晃动就知道人在不在外面了吧。,alisa,02,02,Trial,06
22312,（看来不太可能是在中庭直播的……）,hiro,02,02,Trial,06
22313,（但就目前看来，如果有第三者潜入中庭的话，她只能是从【天空】进出的）,hiro,02,02,Trial,06
22314,（问题在于【她是怎么潜入的】……）,hiro,02,02,Trial,06
22315,（想一想潜入的路径，自然就能明白是怎么潜入的了）,hiro,02,02,Trial,06
22316,（从我经过中庭到艾玛路过的这短暂时间里，只有一种【方法】能潜入这里）,hiro,02,02,Trial,06
22317,不，慢吞吞地飞到空中很有可能会被我或艾玛看到。,hiro,02,02,Trial,06
22318,是吧！！,hanna,02,02,Trial,06
22319,所以凶手是从空中潜入的，杀害可可后她就躲到了树丛里。,hiro,02,02,Trial,06
22320,什么！？,hanna,02,02,Trial,06
22321,等尸体被发现后，凶手悄悄和出来我们汇合。,hiro,02,02,Trial,06
22322,嗯……虽说那里的花草树木长得挺茂盛的，搞不好是能藏起来……,alisa,02,02,Trial,06
22323,但是从那里出来的话会不会太显眼了……？树枝叶子什么的可能还会勾到衣服。,miria,02,02,Trial,06
22324,作为一名眼界开阔的领袖，我敢断言！,leia,02,02,Trial,06
22325,发现尸体时，没有人从树丛里出来！,leia,02,02,Trial,06
22326,那就是说，汉娜还是逃到了空中对吧！,sherry,02,02,Trial,06
22327,我的嫌疑怎么越来越重了！！希罗，请你想办法帮帮我！！,hanna,02,02,Trial,06
22328,（……被汉娜求助了）,hiro,02,02,Trial,06
22329,（但就目前看来，如果有第三者潜入中庭的话，她只能是从【天空】进出的）,hiro,02,02,Trial,06
22330,（问题在于【她是怎么潜入的】……）,hiro,02,02,Trial,06
22331,（想一想潜入的路径，自然就能明白是怎么潜入的了）,hiro,02,02,Trial,06
22332,（从我经过中庭到艾玛路过的这短暂时间里，只有一种【方法】能潜入这里）,hiro,02,02,Trial,06
22333,不，有一种方法可以飞得更快。,hiro,02,02,Trial,06
22334,那就是乘风飞翔。,hiro,02,02,Trial,06
22335,好帅！,noa,02,02,Trial,06
22336,杀人的时候正下着暴雨，狂风大作。而凶手就是顺着那大风，迅速地——,hiro,02,02,Trial,06
22337,咻～的一下飞走了吗？,noa,02,02,Trial,06
22338,……要是风大得能吹走一个人那想必得是超强的大风……,nanoka,02,02,Trial,06
22339,如果张开能乘风的某种翅膀应该就可以……！,hiro,02,02,Trial,06
22340,你倒是说说我身上哪里长了翅膀！？,hanna,02,02,Trial,06
22341,用衣服当翅膀？,noa,02,02,Trial,06
22342,就算用衣服模拟滑翔翼，应该也很难乘风飞起来……,miria,02,02,Trial,06
22343,总之我不可能盯着她们两个之间的窗口期飞进去啦～！,hanna,02,02,Trial,06
22344,这个时机很难把控，感觉很难利用自然条件进去呢～,sherry,02,02,Trial,06
22345,只能说你这个观点实在是牵强了！,hanna,02,02,Trial,06
22346,（……看来，这个方法确实不太可行）,hiro,02,02,Trial,06
22347,（但就目前看来，如果有第三者潜入中庭的话，她只能是从【天空】进出的）,hiro,02,02,Trial,06
22348,（问题在于【她是怎么潜入的】……）,hiro,02,02,Trial,06
22349,（想一想潜入的路径，自然就能明白是怎么潜入的了）,hiro,02,02,Trial,06
22350,（从我经过中庭到艾玛路过的这短暂时间里，只有一种【方法】能潜入这里）,hiro,02,02,Trial,06
22351,……有一种方法，可以悄悄潜入不被人发现。,hiro,02,02,Trial,06
22352,怎么可能有这种方法！？,hanna,02,02,Trial,06
22353,是、是啊小希。有人进出的话肯定会被看到吧……？,miria,02,02,Trial,06
22354,你和小艾经过中庭的时间差有那么久吗？,miria,02,02,Trial,06
22355,我觉得并没有多久……,ema,02,02,Trial,06
22356,希罗，你真的认为有人能进来？,miria,02,02,Trial,06
22357,……嗯。哪怕只有一瞬间没人看到，就能够潜入。,hiro,02,02,Trial,06
22358,凶手借助了某种力量。那就是……,hiro,02,02,Trial,06
22359,魔力,@choice |#0202Trial06_Choice005|,02,02,Trial,06
22360,脚力,@choice |#0202Trial06_Choice006|,02,02,Trial,06
22361,重力,@choice |#0202Trial06_Choice007|,02,02,Trial,06
22362,魔力……！,hiro,02,02,Trial,06
22363,凶手提升魔力迅速飞了起来……！,hiro,02,02,Trial,06
22364,……【提升魔力】是个什么概念？,nanoka,02,02,Trial,06
22365,你在聊什么动画片吗？,alisa,02,02,Trial,06
22366,『分清虚拟和现实吧』,anan,02,02,Trial,06
22367,（……看来我扯得太离谱了）,hiro,02,02,Trial,06
22368,（……越往深处想越觉得凶手不可能从中庭的上空逃脱）,hiro,02,02,Trial,06
22369,可是……凶手应该有办法在不进入中庭的情况下，只把尸体放进去。,hiro,02,02,Trial,06
22370,只要借助【那个力量】——,hiro,02,02,Trial,06
22371,脚力。,hiro,02,02,Trial,06
22372,凶手利用超高的弹跳力潜入中庭，然后又跳了出去。,hiro,02,02,Trial,06
22373,那就是说，凶手是拥有怪力的雪莉？,noa,02,02,Trial,06
22374,要是用那么大的力量跳起来的话肯定会把地面踩出一个大洞啊！,sherry,02,02,Trial,06
22375,但是并没发现这样的洞吧……？,miria,02,02,Trial,06
22376,倒是希罗的推理满是漏洞呢！,sherry,02,02,Trial,06
22377,（结果给自己挖了坑……）,hiro,02,02,Trial,06
22378,（……越往深处想越觉得凶手不可能从中庭的上空逃脱）,hiro,02,02,Trial,06
22379,可是……凶手应该有办法在不进入中庭的情况下，只把尸体放进去。,hiro,02,02,Trial,06
22380,只要借助【那个力量】——,hiro,02,02,Trial,06
22381,重力。,hiro,02,02,Trial,06
22382,很简单，凶手只不过是把尸体抛了下去而已。,hiro,02,02,Trial,06
22383,这样一来就不必费心思从空中逃走，被人看到的风险也很低。,hiro,02,02,Trial,06
22384,确实是这样没错！,sherry,02,02,Trial,06
22385,如果事先就在中庭上方等待时机，只是抛一下尸体的话很难被发现！,sherry,02,02,Trial,06
22386,有中庭的草木当缓冲，即便没有外伤也很正常。,leia,02,02,Trial,06
22387,就像一枚射出的子弹一样——尸体被凶手从上空抛到地面，瞬间现身于中庭。,hiro,02,02,Trial,06
22388,的确，如果情况确实如此，那就能合理解释为什么希罗和艾玛都没有目击到凶手了。,leia,02,02,Trial,06
22389,凶手从空中抛下了可可的尸体……,sherry,02,02,Trial,06
22390,这就是这起案件的全貌了吧！你这个诡计真是太棒了，汉娜！,sherry,02,02,Trial,06
22391,为什么要对着我说啊！？,hanna,02,02,Trial,06
22392,没关系！就算你是杀人魔我们也依旧是好朋友！,sherry,02,02,Trial,06
22393,嘴上说是好朋友，其实根本就不信我！你这个臭女人～！,hanna,02,02,Trial,06
22394,臭女……不对，请你给我听好了，待会我要宰了……送你上西天～！？,hanna,02,02,Trial,06
22395,改口了意思也没区别吧汉娜！？还有，杀人是不对的……！,miria,02,02,Trial,06
22396,那么，我来再次梳理一下……汉娜杀害可可案的全貌吧！,sherry,02,02,Trial,06
22397,请你听人说话好吗！？,hanna,02,02,Trial,06
22398,汉娜在焚烧炉枪杀可可以后把她的尸体搬了出去！,sherry,02,02,Trial,07
22399,"走运的是，<link=""Objection_02_02_07_01"">没人看见她</link>接下来的行动。她扛着尸体从玄关离开，飘到了中庭上空……",sherry,02,02,Trial,07
22400,"然后她等希罗路过中庭时看准了时机，<link=""Objection_02_02_07_02"">扑通一声</link>！",sherry,02,02,Trial,07
22401,就在艾玛即将路过的时候，她把可可的尸体从空中抛了下去！,sherry,02,02,Trial,07
22402,紧接着，这瞬间现身的尸体就被艾玛发现了！,sherry,02,02,Trial,07
22403,之后，汉娜又从玄关回到中庭，装作若无其事的样子和大家汇合。,sherry,02,02,Trial,07
22404,请、请等一下！,hanna,02,02,Trial,07
22405,"你……不觉得很牵强吗！？我<link=""Objection_02_02_07_03"">绝对不可能做得到</link>～！",hanna,02,02,Trial,07
22406,欸～？真的吗～？,sherry,02,02,Trial,07
22407,"如果你一直扛着尸体等在<link=""Objection_02_02_07_05"">中庭上空</link>，那我觉得完全可以<link=""Objection_02_02_07_04"">做得到</link>啊！",sherry,02,02,Trial,07
22408,根本就是冤枉呀！凶手一定就是这家伙——！,hanna,02,02,Trial,07
22409,（雪莉的主张说不定理论上成立。只不过……）,hiro,02,02,Trial,07
22410,……汉娜真的能做得到吗。,ema,02,02,Trial,07
22411,……！,hiro,02,02,Trial,07
22412,（……重新检查一遍现场的情况吧）,hiro,02,02,Trial,07
22413,不可能没人看到,hiro,02,02,Trial,07
22414,返回,hiro,02,02,Trial,07
22415,当时没听见落下的声音,hiro,02,02,Trial,07
22416,向汉娜询问她的不在场证明,hiro,02,02,Trial,07
22417,时间顺序有矛盾,hiro,02,02,Trial,07
22418,在空中会被人看见,hiro,02,02,Trial,07
22419,凶手在那个状态下几乎不可能离开玄关还不被人发现。,hiro,02,02,Trial,07
22420,再加上她抱着尸体，这就更加引人注意了……,hiro,02,02,Trial,07
22421,凶手如此显眼却没有人看到，这不正常。,hiro,02,02,Trial,07
22422,但我觉得并非完全不可能！,sherry,02,02,Trial,07
22423,尤其是希罗你，就在尸体被发现的那段时间我听见你慌慌张张地跑到了一楼……,sherry,02,02,Trial,07
22424,也就是说当时你非常引人注意！,sherry,02,02,Trial,07
22425,『那时确实很吵闹』,anan,02,02,Trial,07
22426,也许凶手就是趁着当时的动静偷偷溜了出去，这也是有可能的！,sherry,02,02,Trial,07
22427,（……凶手有可能在不被人发现的前提下进出宅邸吗……？）,hiro,02,02,Trial,07
22428,（不过，目前更应该确认的是……【汉娜是否有可能犯罪】）,hiro,02,02,Trial,07
22429,（……回想一下在可可直播刚结束时汉娜人在哪里吧）,hiro,02,02,Trial,07
22430,我记得……在尸体被发现之前没听到那样的声音。,hiro,02,02,Trial,07
22431,如果尸体在比屋顶还高的位置被抛下，应该会发出撞击地面的声音。,hiro,02,02,Trial,07
22432,听不到声音也正常！毕竟那时候下着倾盆大雨，还在打雷！,sherry,02,02,Trial,07
22433,凶手一定是想用雨声雷声掩盖掉撞击声，才抛下了尸体吧！,sherry,02,02,Trial,07
22434,如果恰好在轰隆隆的雷声响起的瞬间抛下去，听不见声音也很正常啦。,noa,02,02,Trial,07
22435,（在如此震耳欲聋的雷雨中，听不到撞击声也难怪……）,hiro,02,02,Trial,07
22436,（不过，目前更应该确认的是……【汉娜是否有可能犯罪】）,hiro,02,02,Trial,07
22437,（……回想一下在可可直播刚结束时汉娜人在哪里吧）,hiro,02,02,Trial,07
22438,不对……如果凶手一直等在中庭的上空过不了多久就会被人发现吧？,hiro,02,02,Trial,07
22439,确实有可能……,leia,02,02,Trial,07
22440,要是凶手抱着尸体飘浮在空中实在是太明显了。,leia,02,02,Trial,07
22441,可是外面在下雨吧？,noa,02,02,Trial,07
22442,而且很昏暗……就算有人飞在空中也看不见吧？,noa,02,02,Trial,07
22443,没错！所以凶手才选择在视线不好的雨天下手！,sherry,02,02,Trial,07
22444,对吧！？汉娜！？,sherry,02,02,Trial,07
22445,我、我是清白的呀！？,hanna,02,02,Trial,07
22446,希罗，请你认真一点反驳！！,hanna,02,02,Trial,07
22447,（为什么要骂我……！）,hiro,02,02,Trial,07
22448,（不过，最先应该确认的是……【汉娜是否有可能犯罪】）,hiro,02,02,Trial,07
22449,（……回想一下在可可直播刚结束时汉娜人在哪里吧）,hiro,02,02,Trial,07
22450,你说自己做不到，那你是否有不在场证明呢？,hiro,02,02,Trial,07
22451,呃我想想，当时我在外面看到快要下雨了就回到屋里，然后过了一会……,hanna,02,02,Trial,07
22452,啊——！我想起来了！,hanna,02,02,Trial,07
22453,我在玄关大厅和刚从楼上下来的希罗擦肩而过～！,hanna,02,02,Trial,07
22454,呀啊啊！？,hanna,02,02,Trial,07
22455,呃唔！？,hiro,02,02,Trial,07
22456,下楼的时候我突然撞到了人，虽然没摔下楼，但也被撞得一屁股坐到了地上。,system,02,02,Trial,07
22457,……！,hiro,02,02,Trial,07
22458,到底在搞什么呀！！,hanna,02,02,Trial,07
22459,……是的。那时汉娜确实在大厅……,hiro,02,02,Trial,07
22460,然后我就上了二楼！,hanna,02,02,Trial,07
22461,过了一会，我听见一楼那边吵吵闹闹的……,hanna,02,02,Trial,07
22462,于是我来到中庭，就看到大家都在那里～！,hanna,02,02,Trial,07
22463,说起来，在大叔我和诺亚到之前，汉娜就已经在现场了。,miria,02,02,Trial,07
22464,当然，她身上没有被血迹或者别的什么弄湿。,miria,02,02,Trial,07
22465,（……原来如此）,hiro,02,02,Trial,07
22466,（汉娜的不在场证明……或许比我想像中还要牢固）,hiro,02,02,Trial,07
22467,很可惜，这个时间顺序是有问题的。,hiro,02,02,Trial,07
22468,欸？真的吗……？,sherry,02,02,Trial,07
22469,汉娜在地下焚烧炉室射杀可可后，就扛着尸体直接去了中庭……,sherry,02,02,Trial,07
22470,她在空中等了一会，之后找准时机抛下尸体。,sherry,02,02,Trial,07
22471,然后装作若无其事的样子和大家汇合……,sherry,02,02,Trial,07
22472,这个时间顺序到底哪里有问题？,sherry,02,02,Trial,07
22473,当然，是有的。,hiro,02,02,Trial,07
22474,去中庭的时候，我在去到会客厅前，遇到了汉娜。,hiro,02,02,Trial,07
22475,如果后来汉娜去中庭抛下了可可的尸体，那她就必须从玄关出去再飞到中庭。,hiro,02,02,Trial,07
22476,嗯……但如果是这样的话，她也有可能只在那里停留了一小会吧？,sherry,02,02,Trial,07
22477,我觉得她可能先杀了可可，再拿到你的目击证词，然后去了中庭！,sherry,02,02,Trial,07
22478,可是当时的案发现场正在下倾盆大雨。,hiro,02,02,Trial,07
22479,……对哦！这么一说确实是……！,ema,02,02,Trial,07
22480,我记得尸体被发现后，紧接着赶来的汉娜【身上并没有被血迹或者别的什么弄湿】……！,ema,02,02,Trial,07
22481,……是的。只要汉娜飞到了中庭，哪怕只是短暂停留……,hiro,02,02,Trial,07
22482,多少都会被雨淋湿。就像在中庭发现尸体的我和艾玛一样。,hiro,02,02,Trial,07
22483,……确实如你所说呢！？,hanna,02,02,Trial,07
22484,嗯——，这样啊我明白了～,sherry,02,02,Trial,07
22485,不过呢，要是撑把伞的话也可以勉强挡住雨吧？,sherry,02,02,Trial,07
22486,不……现场这么大风大雨。,alisa,02,02,Trial,07
22487,在没有任何遮挡物的空中肯定会被侧面吹来的雨淋成落汤鸡吧。,alisa,02,02,Trial,07
22488,就是就是！,hanna,02,02,Trial,07
22489,那这么说，结果还是不可能从空中潜入咯？,sherry,02,02,Trial,07
22490,『既然汉娜做不到，那凶手还是希罗和艾玛当中的某一个』,anan,02,02,Trial,07
22491,艾玛本来就是尸体的第一目击者，无法彻底洗清嫌疑。,anan,02,02,Trial,07
22492,而希罗也有可能从一开始就把尸体放置在中庭。,anan,02,02,Trial,07
22493,这……,hiro,02,02,Trial,07
22494,（的确，从理论上来说凶手应该在我们当中……）,hiro,02,02,Trial,07
22495,（那……魔女……真的是艾玛吗……？）,hiro,02,02,Trial,07
22496,我觉得……还有其他可能性……,ema,02,02,Trial,07
22497,凶手既不是我……也不是希罗的可能性！,ema,02,02,Trial,07
22498,（……艾玛……）,hiro,02,02,Trial,07
22499,虽然希罗确实有可能犯罪，她也是嫌疑人之一……,ema,02,02,Trial,07
22500,但我……不觉得她会杀死可可……,ema,02,02,Trial,07
22501,……你为什么这么想？,leia,02,02,Trial,07
22502,『吾辈并不觉得她是这么平静温和的人』,anan,02,02,Trial,07
22503,虽、虽说她……确实是有点不好相处啦……！,ema,02,02,Trial,07
22504,（……我正被人轮流揭短啊）,hiro,02,02,Trial,07
22505,（不过我也没打算否认就是了）,hiro,02,02,Trial,07
22506,但、但我觉得！,ema,02,02,Trial,07
22507,要说她会杀谁的话……,ema,02,02,Trial,07
22508,【那一定是我】！,ema,02,02,Trial,07
22509,……哈？,alisa,02,02,Trial,07
22510,我不知道希罗在想什么……但我感受到了【敌意】。,ema,02,02,Trial,07
22511,尽管只是我自己的感觉……,ema,02,02,Trial,07
22512,不过……要说她会杀谁的话，那个人一定不是可可而是我。,ema,02,02,Trial,07
22513,我感觉她没有杀害可可的【动机】……,ema,02,02,Trial,07
22514,那就是说她有杀害你的动机？,noa,02,02,Trial,07
22515,这、这个嘛……呃……,ema,02,02,Trial,07
22516,……总而言之。我认为大家可以相信希罗说的话……！,ema,02,02,Trial,07
22517,……尤其是【她不是这起案件的凶手】这点。,ema,02,02,Trial,07
22518,（……简直语无伦次）,hiro,02,02,Trial,07
22519,（完全没有依据）,hiro,02,02,Trial,07
22520,（而且……居然维护对自己有杀意的人，根本得不偿失……）,hiro,02,02,Trial,07
22521,（……我最讨厌你这种愚蠢的行事方式了，艾玛）,hiro,02,02,Trial,07
22522,（……真的）,hiro,02,02,Trial,07
22523,……我觉得凶手可能另有其人。,ema,02,02,Trial,07
22524,所以……！……我来说说自己的看法！,ema,02,02,Trial,07
22525,我还是觉得，想要抓准我和希罗之间的窗口期行动，只能选将尸体从空中抛下的办法了。,ema,02,02,Trial,08
22526,虽然理论上只有远野她能做到，可是她的衣服都没湿，不是吗。,alisa,02,02,Trial,08
22527,也就是说她没去过外面。,alisa,02,02,Trial,08
22528,这可就说不通了吧。,alisa,02,02,Trial,08
22529,就算她不在外面，也可以抛下尸体吧。,ema,02,02,Trial,08
22530,"中庭四周<link=""Objection_02_02_08_01"">都有墙壁包围</link>，不是吗。",ema,02,02,Trial,08
22531,反过来说，那应该存在某个地方能把尸体搬进中庭，同时不弄湿自己的衣服。,ema,02,02,Trial,08
22532,……比如说阳台。,ema,02,02,Trial,08
22533,但是呢，艾玛。可可是在地下的焚烧炉室被杀的吧？,sherry,02,02,Trial,08
22534,这样一来，凶手就要把尸体从地下搬到二楼了哦？,sherry,02,02,Trial,08
22535,"竟然能一路搬上楼还<link=""Objection_02_02_08_02"">全程不被人发现</link>，这实在不太可能吧？",leia,02,02,Trial,08
22536,这……可能有什么移动尸体的办法吧……,ema,02,02,Trial,08
22537,你是说有秘密通道吗！,sherry,02,02,Trial,08
22538,可是你有证据能证明吗？,noa,02,02,Trial,08
22539,"一、一定有的……！肯定<link=""Objection_02_02_08_03"">有条路</link>能从地下悄悄移动到二楼……！",ema,02,02,Trial,08
22540,"嗯……可是如果不<link=""Objection_02_02_08_04"">瞬间移动</link>的话，只以物理方式移动应该很难不被发现吧……",miria,02,02,Trial,08
22541,"这样一来就只有一种可能了，【通过某人的<link=""Objection_02_02_08_05"">魔法</link>实现移动】，会不会是这样呢。",leia,02,02,Trial,08
22542,不过，要想肯定这个论点，还需要一些依据才行。,leia,02,02,Trial,08
22543,呜呜……,ema,02,02,Trial,08
22544,（艾玛的假设还不够有力）,hiro,02,02,Trial,08
22545,（但她的假设……真的能轻易忽视吗）,hiro,02,02,Trial,08
22546,（要不要……打开魔女图鉴确认一下呢）,hiro,02,02,Trial,08
22547,与哪些房间邻接？,hiro,02,02,Trial,08
22548,返回,hiro,02,02,Trial,08
22549,碰巧没人看见,hiro,02,02,Trial,08
22550,凶手用了某种手段避免被人发现,hiro,02,02,Trial,08
22551,有秘密通道,hiro,02,02,Trial,08
22552,有瞬间移动的方法,hiro,02,02,Trial,08
22553,使用了魔法,hiro,02,02,Trial,08
22554,只是碰巧没人看见罢了。,hiro,02,02,Trial,08
22555,凶手恰好在没人注意的时候把尸体搬到了二楼。,hiro,02,02,Trial,08
22556,但、但是我撞到你的时候衣服掉到了楼梯上，还花了一些时间收拾——,hanna,02,02,Trial,08
22557,可我并没有看到可疑人物呀？,hanna,02,02,Trial,08
22558,所以说，碰巧没人看到凶手的假设有些牵强了吧？,hanna,02,02,Trial,08
22559,要是这也能用碰巧解释，那谁都说不过你了。,alisa,02,02,Trial,08
22560,（……再整理下思路仔细想想吧）,hiro,02,02,Trial,08
22561,（可可是在焚烧炉室遭杀害的…………之后，她的尸体在中庭被发现）,hiro,02,02,Trial,08
22562,（有没有什么线索……能串起这两点呢）,hiro,02,02,Trial,08
22563,（……在已有的证物里，是否存在与现场格格不入的东西）,hiro,02,02,Trial,08
22564,这并非没有可能。,hiro,02,02,Trial,08
22565,凶手只要在搬运尸体的那一刻让所有人都不要注意到楼梯就好。,hiro,02,02,Trial,08
22566,……为此，凶手开了直播。,hiro,02,02,Trial,08
22567,她通过直播【让大家误以为犯罪现场是淋浴房】把人们的注意力都集中到了那边。,hiro,02,02,Trial,08
22568,结果，我直接被引到了淋浴房——,hiro,02,02,Trial,08
22569,而凶手则在偷偷走楼梯搬运尸体上楼。,hiro,02,02,Trial,08
22570,……但是那场直播是小可自己开的吧？,miria,02,02,Trial,08
22571,虽说她状态有点不自然，可是看起来也不像有人强迫她……,miria,02,02,Trial,08
22572,而且不一定所有人都会看她的直播。,miria,02,02,Trial,08
22573,就算看了她的直播，在二楼的人还是会下楼的，这个思路很奇怪啊～,sherry,02,02,Trial,08
22574,（……再整理下思路仔细想想吧）,hiro,02,02,Trial,08
22575,（可可是在焚烧炉室遭杀害的…………之后，她的尸体在中庭被发现）,hiro,02,02,Trial,08
22576,（有没有什么线索……能串起这两点呢）,hiro,02,02,Trial,08
22577,（……在已有的证物里，是否存在与现场格格不入的东西）,hiro,02,02,Trial,08
22578,这么说来，应该有办法在监牢里瞬间移动。,hiro,02,02,Trial,08
22579,这里是【魔女栖息的洋馆】……有几个具备传送功能的虫洞也不奇怪。,hiro,02,02,Trial,08
22580,真的有这种东西吗～？,noa,02,02,Trial,08
22581,我大致调查过现场，但并没有发现这样的东西。,leia,02,02,Trial,08
22582,她说没有哦！希罗！,noa,02,02,Trial,08
22583,（……看来也不是万事皆有可能啊）,hiro,02,02,Trial,08
22584,（……再整理下思路仔细想想吧）,hiro,02,02,Trial,08
22585,（可可是在焚烧炉室遭杀害的…………之后，她的尸体在中庭被发现）,hiro,02,02,Trial,08
22586,（有没有什么线索……能串起这两点呢）,hiro,02,02,Trial,08
22587,（……在已有的证物里，是否存在与现场格格不入的东西）,hiro,02,02,Trial,08
22588,不，凶手确实使用了魔法。,hiro,02,02,Trial,08
22589,不是跟移动有关的魔法也没关系，其他魔法也能派上用场。,hiro,02,02,Trial,08
22590,比如说……【视线诱导】。,hiro,02,02,Trial,08
22591,呵…………你是说我的魔法？,leia,02,02,Trial,08
22592,是的……只要通过【视线诱导】岔开楼梯附近人们的视线——,hiro,02,02,Trial,08
22593,就可以在不被发现的情况下顺利上二楼了吧。,hiro,02,02,Trial,08
22594,这样一来，莲见就是共犯了……,alisa,02,02,Trial,08
22595,真、真的吗，小蕾……！？,miria,02,02,Trial,08
22596,……不，这不可能。,anan,02,02,Trial,08
22597,『当时，蕾雅在会客厅里』,anan,02,02,Trial,08
22598,我当时也在楼梯附近，但我可不记得被蕾雅施过魔法欸～？,hanna,02,02,Trial,08
22599,呵呵……我也不记得有用过魔法。,leia,02,02,Trial,08
22600,还是说你有中魔法的印象吗……毕竟你也下过楼，希罗！！,leia,02,02,Trial,08
22601,（……大概，没有吧）,hiro,02,02,Trial,08
22602,（……再整理下思路仔细想想吧）,hiro,02,02,Trial,08
22603,（可可是在焚烧炉室遭杀害的…………之后，她的尸体在中庭被发现）,hiro,02,02,Trial,08
22604,（有没有什么线索……能串起这两点呢）,hiro,02,02,Trial,08
22605,（……在已有的证物里，是否存在与现场格格不入的东西）,hiro,02,02,Trial,08
22606,为了统一认识，我想先确认一下……,hiro,02,02,Trial,08
22607,与中庭相连的有这些地点，一楼是大厅、走廊、淋浴房、仓库，没错吧。,hiro,02,02,Trial,08
22608,嗯。,ema,02,02,Trial,08
22609,然后二楼是娱乐室、走廊还有诺亚的画室。,ema,02,02,Trial,08
22610,……这样啊。,hiro,02,02,Trial,08
22611,（位置和构造的情报没有问题。可是……）,hiro,02,02,Trial,08
22612,（这座监牢的构造……）,hiro,02,02,Trial,08
22613,（有没有哪里不自然……？）,hiro,02,02,Trial,08
22614,……我明白了。秘密通道是【存在的】……,hiro,02,02,Trial,08
22615,能证明这点的证据就是——！,hiro,02,02,Trial,08
22616,淋浴房和凶杀现场——焚烧炉室……,hiro,02,02,Trial,08
22617,这两个房间是通过垃圾滑槽连接在一起的。,hiro,02,02,Trial,08
22618,……你的意思是，那里就是秘密通道……？,leia,02,02,Trial,08
22619,可是……如果凶手从焚烧炉室走那个通道的话，也只能到一楼的淋浴房哦？,hanna,02,02,Trial,08
22620,那不就没意义了？不是说凶手是从【二楼】抛下尸体吗？,alisa,02,02,Trial,08
22621,没错……这条通道必须通往【二楼】。,hiro,02,02,Trial,08
22622,（……思路应该是对的）,hiro,02,02,Trial,08
22623,（……回想一下监牢的地图吧。焚烧炉室和淋浴房的上面到底有什么）,hiro,02,02,Trial,08
22624,证据就是这个！,hiro,02,02,Trial,08
22625,掉在焚烧炉室的绳子。,hiro,02,02,Trial,08
22626,凶手一定是用这根绳子爬上了通往二楼的秘密通道。,hiro,02,02,Trial,08
22627,……呃，所以说……那条秘密通道到底在哪里？,miria,02,02,Trial,08
22628,就是垃圾滑槽吧？,noa,02,02,Trial,08
22629,可是，走垃圾滑槽的话只能爬到一楼的淋浴房，不是吗？,sherry,02,02,Trial,08
22630,那不就没意义了？不是说凶手是从【二楼】抛下尸体吗？,alisa,02,02,Trial,08
22631,没错……这条通道必须通往【二楼】。,hiro,02,02,Trial,08
22632,（……思路应该是对的）,hiro,02,02,Trial,08
22633,（……回想一下监牢的地图吧。焚烧炉室和淋浴房的上面到底有什么）,hiro,02,02,Trial,08
22634,证据就是这个！,hiro,02,02,Trial,08
22635,希罗……这东西应该证明不了有秘密通道吧……？,ema,02,02,Trial,08
22636,（重新想想吧……）,hiro,02,02,Trial,08
22637,（……从焚烧炉室爬到楼上应该只有垃圾滑槽这一条路）,hiro,02,02,Trial,08
22638,（而垃圾滑槽与淋浴房相连这点也已经明确）,hiro,02,02,Trial,08
22639,（……然而，焚烧炉里却找到了不可能从淋浴房丢进去的东西……）,hiro,02,02,Trial,08
22640,（这个东西一定就是秘密通道的线索……！）,hiro,02,02,Trial,08
22641,……希罗——！,ema,02,02,Trial,08
22642,（……这说不上是多么确凿的证据）,hiro,02,02,Trial,08
22643,（但这条路……的确通往真相！）,hiro,02,02,Trial,08
22644,……证据就是，这一大堆纸。,hiro,02,02,Trial,08
22645,这些纸是在焚烧炉里找到的吧？,ema,02,02,Trial,08
22646,嗯。,hiro,02,02,Trial,08
22647,淋浴房的垃圾滑槽通往焚烧炉……,hiro,02,02,Trial,08
22648,所以，炉子里找到与案件相关的东西和衣服并不奇怪。,hiro,02,02,Trial,08
22649,但是……这些纸呢？,hiro,02,02,Trial,08
22650,这些纸不可能是从淋浴房丢进去的。,hiro,02,02,Trial,08
22651,……至于从哪里丢进去的，还是直接问丢掉纸的当事人更简单吧。,hiro,02,02,Trial,08
22652,这些纸的主人……应该就是——,hiro,02,02,Trial,08
22653,安安，就是你。,hiro,02,02,Trial,08
22654,这些纸是你平时用的素描本里的。,hiro,02,02,Trial,08
22655,并不是。,anan,02,02,Trial,08
22656,她说不是。,alisa,02,02,Trial,08
22657,（看来我搞错了……）,hiro,02,02,Trial,08
22658,（……对了，纸上画了【画】。说起与【画】有关的人——）,hiro,02,02,Trial,08
22659,是你，汉娜。,hiro,02,02,Trial,08
22660,才不是我。,hanna,02,02,Trial,08
22661,……你不是在设计舞台剧的服装吗？说不定你把想法画了下来——,hiro,02,02,Trial,08
22662,我是在纸上做过笔记，但我可没有随便扔掉！,hanna,02,02,Trial,08
22663,根本冤枉呀！,hanna,02,02,Trial,08
22664,（看来我搞错了……）,hiro,02,02,Trial,08
22665,（……对了，纸上画了【画】。说起与【画】有关的人——）,hiro,02,02,Trial,08
22666,我。,hiro,02,02,Trial,08
22667,…………的话，为什么要把纸丢到这里呢，我正在这么思考着。,hiro,02,02,Trial,08
22668,能站在对方立场上思考问题，真的很了不起！,sherry,02,02,Trial,08
22669,好了你快说结论吧。,alisa,02,02,Trial,08
22670,（……认真想清楚再回答吧）,hiro,02,02,Trial,08
22671,（……对了，纸上画了【画】。说起与【画】有关的人——）,hiro,02,02,Trial,08
22672,这个人应该不会用这么多纸吧……？,hanna,02,02,Trial,08
22673,（看来我搞错了……）,hiro,02,02,Trial,08
22674,（……对了，纸上画了【画】。说起与【画】有关的人——）,hiro,02,02,Trial,08
22675,当然就是你。诺亚。,hiro,02,02,Trial,08
22676,是、是吗？诺亚不太知道欸。,noa,02,02,Trial,08
22677,装傻也没有用。,hiro,02,02,Trial,08
22678,那些纸上应该画了画。,hiro,02,02,Trial,08
22679,问题是，纸是从哪里丢掉的。,hiro,02,02,Trial,08
22680,我再问你一遍。,hiro,02,02,Trial,08
22681,那些纸不是从淋浴房丢掉的吧？诺亚。,hiro,02,02,Trial,08
22682,这、这个……,noa,02,02,Trial,08
22683,回答我。要想查明真相，这个情报不可或缺。,hiro,02,02,Trial,08
22684,诺亚……！求你了。,ema,02,02,Trial,08
22685,……诺亚，是在画室丢掉的。,noa,02,02,Trial,08
22686,因为画室里也有丢垃圾的洞。,noa,02,02,Trial,08
22687,诺亚就是在那里丢掉那些纸的。,noa,02,02,Trial,08
22688,魔女图鉴 更新…,"@toast ""|#Toast_001|""",02,02,Trial,08
22689,那就是说……！,ema,02,02,Trial,08
22690,是的……,hiro,02,02,Trial,08
22691,焚烧炉不仅通向淋浴房，还通向二楼诺亚的画室……,hiro,02,02,Trial,08
22692,它连接着画室里的另一条垃圾滑槽。,hiro,02,02,Trial,08
22693,而诺亚的画室有阳台。,hiro,02,02,Trial,08
22694,如果以诺亚的画室为中转站，将可可的尸体从焚烧炉推到中庭的话……,hiro,02,02,Trial,08
22695,那无论是直播回放录像，还是我和希罗看到的场面，全部都能说通了！,ema,02,02,Trial,08
22696,不过……这个推理可能有一个漏洞。艾玛，希罗。,leia,02,02,Trial,08
22697,漏洞……？,hiro,02,02,Trial,08
22698,没错。,leia,02,02,Trial,08
22699,因为我调查过淋浴房和焚烧炉之间的垃圾滑槽……,leia,02,02,Trial,08
22700,（明明是我拜托她去调查的，却说得好像是她自己主动去调查的一样……）,hiro,02,02,Trial,08
22701,我敢肯定……【用普通的方法是不可能从地下爬到楼上的】！,leia,02,02,Trial,08
22702,从位置上来说，诺亚画室里的垃圾滑槽确实很有可能连着焚烧炉……,leia,02,02,Trial,09
22703,不，实际上应该就是相连的。,leia,02,02,Trial,09
22704,否则，就无法解释为什么诺亚丢掉的纸会出现在焚烧炉里了！,leia,02,02,Trial,09
22705,……不过，到头来【重力】是个大问题。,leia,02,02,Trial,09
22706,【凶手在连着焚烧炉的垃圾滑槽里往上爬】……,leia,02,02,Trial,09
22707,滑槽里根本无处可抓，我们这些柔弱的少女真的能爬得上去吗？,leia,02,02,Trial,09
22708,柔弱……？我怎么记得有人力气很大，跟柔弱两个字根本不沾边呢？,hanna,02,02,Trial,09
22709,对啊对啊！还有人可以无视重力飞起来呢！,sherry,02,02,Trial,09
22710,我可什么都没做哦！？肯定是这个怪力女用四肢支撑身体，从垃圾滑槽里飞速爬了上去！,hanna,02,02,Trial,09
22711,"你是说【<link=""Objection_02_02_09_01"">烟囱攀爬法</link>】对吧！",sherry,02,02,Trial,09
22712,"但是这种方法很花时间，<link=""Objection_02_02_09_02"">不太现实</link>呢～",sherry,02,02,Trial,09
22713,话说回来，焚烧炉里不是有绳子吗？,sherry,02,02,Trial,09
22714,用绳子的话，就算在没有抓点的纵向洞穴里也能轻松攀爬吧？,sherry,02,02,Trial,09
22715,这倒是没错。,leia,02,02,Trial,09
22716,不过……仅限于从上往下索降的情况。,leia,02,02,Trial,09
22717,我并不是说【很难用绳子爬上去】哦？,leia,02,02,Trial,09
22718,"只是说从下往上爬的话，<link=""Objection_02_02_09_03"">得先绑好垂下</link>绳子才有办法爬上去。",leia,02,02,Trial,09
22719,"只是说从下往上爬的话，<link=""Objection_02_02_09_04"">得先绑好垂下</link>绳子才有办法爬上去。",leia,02,02,Trial,09
22720,……不过，如果有人做好事先准备的话，应该还是有可能的吧。,ema,02,02,Trial,09
22721,事先准备啊……,leia,02,02,Trial,09
22722,"可要说凶手<link=""Objection_02_02_09_05"">做好了事先准备</link>的话，我感觉有很多不太对劲的地方……",leia,02,02,Trial,09
22723,"因为她必须看准希罗经过走廊后艾玛来之前的短短<link=""Objection_02_02_09_06"">几秒空当</link>做准备啊。",leia,02,02,Trial,09
22724,这……,ema,02,02,Trial,09
22725,我并不是怀疑你们的话。,leia,02,02,Trial,09
22726,只不过我还是觉得这起犯罪事件是临时突发的。,leia,02,02,Trial,09
22727,而且如果凶手不是有预谋的，那也不可能事先准备好绳子吧？,leia,02,02,Trial,09
22728,在没有绳子的情况下，要从垃圾滑槽往上爬需要相当高的体力和耐力。,leia,02,02,Trial,09
22729,这么一来，可能就需要借用超自然力量了。,leia,02,02,Trial,09
22730,超自然力量……？,noa,02,02,Trial,09
22731,……啊！？,noa,02,02,Trial,09
22732,"难道说……是<link=""Objection_02_02_09_07"">幽灵搞的鬼</link>……！",noa,02,02,Trial,09
22733,你在说什么啊……,alisa,02,02,Trial,09
22734,（如果可可被杀是有预谋的话，凶手很有可能事先准备好了绳子）,hiro,02,02,Trial,09
22735,（但是什么证据能证明是有预谋的呢……）,hiro,02,02,Trial,09
22736,……反过来想。,ema,02,02,Trial,09
22737,假如案件发生前绳子就绑在那里了，会是出于什么原因呢……,ema,02,02,Trial,09
22738,（如果是这样，绳子是事先就绑在上面的，与【犯罪无关】）,hiro,02,02,Trial,09
22739,（这样的巧合……真的有可能存在吗？）,hiro,02,02,Trial,09
22740,烟囱攀爬法是什么？,hiro,02,02,Trial,09
22741,返回,hiro,02,02,Trial,09
22742,雪莉就有可能做到,hiro,02,02,Trial,09
22743,有办法挂住绳子,hiro,02,02,Trial,09
22744,有办法挂住绳子,hiro,02,02,Trial,09
22745,是【幽灵】绑的绳子,hiro,02,02,Trial,09
22746,凶手是有预谋的,hiro,02,02,Trial,09
22747,凶手误导我们只有几秒间隔,hiro,02,02,Trial,09
22748,幽灵是？,hiro,02,02,Trial,09
22749,雪莉你应该能做得到。,hiro,02,02,Trial,09
22750,只要用你的【怪力】魔法，肯定能轻轻松松攀爬烟囱吧。,hiro,02,02,Trial,09
22751,这可不好说吧？,sherry,02,02,Trial,09
22752,就算我真的有无穷无尽的力量，摩擦力也是有限的。,sherry,02,02,Trial,09
22753,而且用力太猛会弄坏滑槽……,sherry,02,02,Trial,09
22754,有点不好意思说，其实我不太擅长控制自己的力度啦！,sherry,02,02,Trial,09
22755,这家伙肯定不会控制力度的！垃圾滑槽会被她弄得破破烂烂的啦～！,hanna,02,02,Trial,09
22756,很抱歉辜负了你的期待，希罗！看来我做不到！,sherry,02,02,Trial,09
22757,（看来要是用怪力攀爬，垃圾滑槽会留下痕迹……）,hiro,02,02,Trial,09
22758,（……仔细想想，蕾雅的疑惑其实非常合理）,hiro,02,02,Trial,09
22759,（不过，也不能一股脑推翻之前的所有推理）,hiro,02,02,Trial,09
22760,（那么，问题也许出在大前提里。我得找大家详细问问话……）,hiro,02,02,Trial,09
22761,从下面挂起绳子的方法还是有的。,hiro,02,02,Trial,09
22762,比如说……【钩爪绳】。,hiro,02,02,Trial,09
22763,是忍者的道具！,leia,02,02,Trial,09
22764,好怀念啊……以前演女忍者的时候——,leia,02,02,Trial,09
22765,怎么突然提到忍者了！？,hanna,02,02,Trial,09
22766,『没发现那种东西』,anan,02,02,Trial,09
22767,现实中是没有忍者的……知道了吗？,miria,02,02,Trial,09
22768,（这里没有忍者啊……）,hiro,02,02,Trial,09
22769,（……仔细想想，蕾雅的疑惑其实非常合理）,hiro,02,02,Trial,09
22770,（不过，也不能一股脑推翻之前的所有推理）,hiro,02,02,Trial,09
22771,（那么，问题也许出在大前提里。我得找大家详细问问话……）,hiro,02,02,Trial,09
22772,难道不是有预谋的犯罪吗。,hiro,02,02,Trial,09
22773,目前应该没有什么推翻这点的因素吧。,hiro,02,02,Trial,09
22774,……我也希望是自己想多了。,leia,02,02,Trial,09
22775,但是有预谋地选在下雨天，有预谋地选在打雷的时候，有预谋地看准你们两人之间的时间窗口抛下尸体……,leia,02,02,Trial,09
22776,再加上可可的直播……我就不禁心想，到底哪些事情是凶手的预谋。,leia,02,02,Trial,09
22777,（听她这么一说，似乎确实不该把整件事都归结为有预谋的犯罪……）,hiro,02,02,Trial,09
22778,（这起凶案究竟是有预谋的还是临时起意……目前还得不出结论。但是——）,hiro,02,02,Trial,09
22779,（……仔细想想，蕾雅的疑惑其实非常合理）,hiro,02,02,Trial,09
22780,（不过，也不能一股脑推翻之前的所有推理）,hiro,02,02,Trial,09
22781,（那么，问题也许出在大前提里。我得找大家详细问问话……）,hiro,02,02,Trial,09
22782,我明白了……是凶手误导我们【那段间隔只有几秒钟】。,hiro,02,02,Trial,09
22783,……具体是？,nanoka,02,02,Trial,09
22784,就是说我们【被洗脑了】。,hiro,02,02,Trial,09
22785,实际上有更长的间隔。说不定有十几秒。,hiro,02,02,Trial,09
22786,但凶手对我们实施【洗脑】，误导我们只有几秒钟……扰乱了我们的搜查。,hiro,02,02,Trial,09
22787,【洗脑】？难道是安安……！？,miria,02,02,Trial,09
22788,……不。,anan,02,02,Trial,09
22789,吾辈的魔法并不是这种类型的洗脑……,anan,02,02,Trial,09
22790,嗯——……,noa,02,02,Trial,09
22791,就算有十几秒，也没有什么差别吧～。,noa,02,02,Trial,09
22792,时间变长会改变什么？,noa,02,02,Trial,09
22793,改变……目击证词之类的吧。,hiro,02,02,Trial,09
22794,这点应该搞清楚才对吧～？,noa,02,02,Trial,09
22795,『不要给吾辈冠上莫名其妙的嫌疑』,anan,02,02,Trial,09
22796,……坚决抗议！,anan,02,02,Trial,09
22797,（看来问题并不是出在时间间隔上）,hiro,02,02,Trial,09
22798,（……仔细想想，蕾雅的疑惑其实非常合理）,hiro,02,02,Trial,09
22799,（不过，也不能一股脑推翻之前的所有推理）,hiro,02,02,Trial,09
22800,（那么，问题也许出在大前提里。我得找大家详细问问话……）,hiro,02,02,Trial,09
22801,……烟囱攀爬法是什么？,hiro,02,02,Trial,09
22802,是在烟囱一样狭窄的地方攀爬时使用的方法！,sherry,02,02,Trial,09
22803,具体是用后背和手脚撑着壁面一点点蹭着爬上去！,sherry,02,02,Trial,09
22804,虽然是我提出来的，但听起来有点辛苦啊……,hanna,02,02,Trial,09
22805,……应该要花费很多时间吧。,nanoka,02,02,Trial,09
22806,【幽灵】啊……,hiro,02,02,Trial,09
22807,诺亚，你能详细说说看吗。,hiro,02,02,Trial,09
22808,嗯、嗯……,noa,02,02,Trial,09
22809,诺亚去那个画室的时候有时会感觉到里面有动静……,noa,02,02,Trial,09
22810,动静……具体是什么动静？,hiro,02,02,Trial,09
22811,像是响动啊、人影啊……,noa,02,02,Trial,09
22812,不过呢，等诺亚进画室以后……,noa,02,02,Trial,09
22813,却没有看到任何人。,noa,02,02,Trial,09
22814,……这样啊。,hiro,02,02,Trial,09
22815,阳台外面也检查过吗？,hiro,02,02,Trial,09
22816,嗯！中庭和天上一个人都没有！,noa,02,02,Trial,09
22817,屋顶也爬上去过，可是没有人～……,noa,02,02,Trial,09
22818,别再做这么危险的事了哦……！？,miria,02,02,Trial,09
22819,（不知消失在哪里的【幽灵】啊……）,hiro,02,02,Trial,09
22820,……啊。还有哦。,noa,02,02,Trial,09
22821,每次遇到幽灵的时候，典狱长都在附近。,noa,02,02,Trial,09
22822,……典狱长？,hiro,02,02,Trial,09
22823,嗯。是的。,noa,02,02,Trial,09
22824,……说不定，是对典狱长有怨恨的鬼怪呢……！,noa,02,02,Trial,09
22825,（……完全不讲科学啊）,hiro,02,02,Trial,09
22826,（不过，能用魔法的我们也没资格这么说吧）,hiro,02,02,Trial,09
22827,讨论前进…,@toast |#Toast_002|,02,02,Trial,09
22828,……不。没必要特意去绑绳子。,hiro,02,02,Trial,09
22829,因为，那里原本就绑着绳子。,hiro,02,02,Trial,09
22830,你说什么……！？到底怎么一回事……！,leia,02,02,Trial,09
22831,诺亚遇到的【幽灵】……就是解决这起案件的关键。,hiro,02,02,Trial,09
22832,【幽灵】啊……你该不会觉得真的存在吧……！？,alisa,02,02,Trial,09
22833,没啊？说到底不过是人类罢了。,hiro,02,02,Trial,09
22834,诺亚目击到的那个人一进画室就不见了。,hiro,02,02,Trial,09
22835,但根据她的证词，那个人也没有从阳台离开的迹象……,hiro,02,02,Trial,09
22836,……那么，这个【幽灵】能走的路只有一条。,hiro,02,02,Trial,09
22837,我知道了……！与焚烧炉相连的垃圾滑槽……！,ema,02,02,Trial,09
22838,没错。,hiro,02,02,Trial,09
22839,【幽灵】平时一直把垃圾滑槽当做前往焚烧炉的通道。,hiro,02,02,Trial,09
22840,这就是她往来二楼和地下的秘密通道。,hiro,02,02,Trial,09
22841,焚烧炉只会在周一下午3点启动……,ema,02,02,Trial,09
22842,只要牢记这一点，就能安全利用这条通道。,ema,02,02,Trial,09
22843,……当然，我不能否定，有可能是会飞的汉娜从阳台处逃跑了，只不过这时会有一个很难解释的地方。,hiro,02,02,Trial,09
22844,……如果是汉娜，应该没有必要选择垃圾滑槽这条路。,ema,02,02,Trial,09
22845,是的。如果是她，只要从阳台飞到中庭就好。,hiro,02,02,Trial,09
22846,对啊！而且这么点距离，走路比用魔法更快吧！？,hanna,02,02,Trial,09
22847,可是……为什么那个人要走这条路呢……？,miria,02,02,Trial,09
22848,答案就在诺亚的目击证词里。,hiro,02,02,Trial,09
22849,根据她的证词，目击到幽灵的时候典狱长总是在周围。,hiro,02,02,Trial,09
22850,嗯！典狱长和幽灵有什么关联吗？,noa,02,02,Trial,09
22851,从你的目击证词看来，当典狱长在附近的时候，幽灵就会从二楼下一楼。,hiro,02,02,Trial,09
22852,也可以理解为她是在【避免碰面】。,hiro,02,02,Trial,09
22853,这样啊……！幽灵不想碰见典狱长……！,ema,02,02,Trial,09
22854,那么，凶手就是在典狱长手下四处逃窜的人。这样的人并不多。她就是……,hiro,02,02,Trial,09
22855,是我……,hiro,02,02,Trial,09
22856,希罗，你做了什么亏心事吗……？,ema,02,02,Trial,09
22857,……没有。,hiro,02,02,Trial,09
22858,……那就不是你吧……？,ema,02,02,Trial,09
22859,……你说得对。,hiro,02,02,Trial,09
22860,（……再好好想想吧）,hiro,02,02,Trial,09
22861,（诺亚遇见的并不是什么【幽灵】。而是如假包换的人类）,hiro,02,02,Trial,09
22862,（总是躲着典狱长，时而像幽灵一般神出鬼没的人，她就是——）,hiro,02,02,Trial,09
22863,紫藤亚里沙，只能是你。,hiro,02,02,Trial,09
22864,哈？,alisa,02,02,Trial,09
22865,要说你会不会因为做了什么事被典狱长盯上而四处逃窜……,hiro,02,02,Trial,09
22866,也不是不可能。,hiro,02,02,Trial,09
22867,你说什么……！,alisa,02,02,Trial,09
22868,亚里沙看上去确实像那种会被抓进惩罚室的人呢！,sherry,02,02,Trial,09
22869,我才不会因为这种事四处逃窜！,alisa,02,02,Trial,09
22870,我会当面干掉对方！,alisa,02,02,Trial,09
22871,……别没由来地乱怀疑人！,alisa,02,02,Trial,09
22872,（……我倒是觉得，理由还是很充分的）,hiro,02,02,Trial,09
22873,（……再好好想想吧）,hiro,02,02,Trial,09
22874,（诺亚遇见的并不是什么【幽灵】。而是如假包换的人类）,hiro,02,02,Trial,09
22875,（总是躲着典狱长，时而像幽灵一般神出鬼没的人，她就是——）,hiro,02,02,Trial,09
22876,是她……泽渡可可。,hiro,02,02,Trial,09
22877,她对这座监牢持反抗态度，甚至将【杀死魔女的药】公之于众……,hiro,02,02,Trial,09
22878,这足以让典狱长追捕她了。,hiro,02,02,Trial,09
22879,……这样啊。,anan,02,02,Trial,09
22880,但可可并不是那种会主动逃跑的人哦～,sherry,02,02,Trial,09
22881,『她是会哭着乞求原谅的那种人』,anan,02,02,Trial,09
22882,（……考虑一下其他人选吧）,hiro,02,02,Trial,09
22883,（……再好好想想吧）,hiro,02,02,Trial,09
22884,（诺亚遇见的并不是什么【幽灵】。而是如假包换的人类）,hiro,02,02,Trial,09
22885,（总是躲着典狱长，时而像幽灵一般神出鬼没的人，她就是——）,hiro,02,02,Trial,09
22886,……希罗，为什么这个人会被典狱长追捕……？,ema,02,02,Trial,09
22887,……凭感觉。,hiro,02,02,Trial,09
22888,凭感觉……应该不行吧……！,ema,02,02,Trial,09
22889,（……再好好想想吧）,hiro,02,02,Trial,09
22890,（诺亚遇见的并不是什么【幽灵】。而是如假包换的人类）,hiro,02,02,Trial,09
22891,（总是躲着典狱长，时而像幽灵一般神出鬼没的人，她就是——）,hiro,02,02,Trial,09
22892,……奈叶香。你曾经被典狱长追捕过。,hiro,02,02,Trial,09
22893,如果是你的话，就算造一条连接诺亚画室和焚烧炉的通道也不奇怪。,hiro,02,02,Trial,09
22894,诺亚目击到的【幽灵】真身……就是你。,hiro,02,02,Trial,09
22895,…………,nanoka,02,02,Trial,09
22896,……是啊。你说得没错。,nanoka,02,02,Trial,09
22897,为了躲避典狱长它们的监视，我平时一直通过垃圾滑槽行动。,nanoka,02,02,Trial,09
22898,除此以外，我也准备了很多用来躲藏的地点。,nanoka,02,02,Trial,09
22899,那也就是说，连接二楼和地下的绳子一开始就是存在的。,hiro,02,02,Trial,09
22900,没错。,nanoka,02,02,Trial,09
22901,这样一来……就彻底颠覆这起案件的前提了。,ema,02,02,Trial,09
22902,起初，根据我和艾玛的证词，没有人能从我们之间的窗口期做手脚……,hiro,02,02,Trial,09
22903,然而……如果有路从地下通往二楼，那么谁都有可能做得到了。,ema,02,02,Trial,09
22904,重要的是究竟是谁做的——,sherry,02,02,Trial,09
22905,——也就是说，必须确认大家的不在场证明，对吧！,sherry,02,02,Trial,09
22906,那么接下来……我要再确认一下大家的不在场证明！,sherry,02,02,Trial,09
22907,案发时间就在尸体被发现的不久前……这点没有变吧？,sherry,02,02,Trial,10
22908,对。,hiro,02,02,Trial,10
22909,从我看完直播到艾玛发现尸体的这段时间……,hiro,02,02,Trial,10
22910,在这5分钟左右的时间里，凶手完成了从杀人到抛尸的所有步骤。,hiro,02,02,Trial,10
22911,她在地下射杀可可后，直接爬到二楼把尸体拉了上去，并抛到中庭……,ema,02,02,Trial,10
22912,如果一切顺利，我觉得并非不可能。,ema,02,02,Trial,10
22913,我记得那时候……大家听见骚乱声就马上到中庭汇合了。,miria,02,02,Trial,10
22914,在汇合之前，大家都在做什么呢！？,hanna,02,02,Trial,10
22915,吾辈和蕾雅在会客厅里。,anan,02,02,Trial,10
22916,……她们确实在会客厅。我也看见了，可以作证。,nanoka,02,02,Trial,10
22917,我和亚里沙一直在自己的房间里！,sherry,02,02,Trial,10
22918,我躺在床上……但是有这家伙在房间里。也睡不着。,alisa,02,02,Trial,10
22919,大、大叔我和诺亚在娱乐室里！,miria,02,02,Trial,10
22920,我们看了个莫名其妙的电影～。,noa,02,02,Trial,10
22921,……哇！？,hanna,02,02,Trial,10
22922,"那就<link=""Objection_02_02_10_01"">只有我一个人</link>没有不在场证明了！？",hanna,02,02,Trial,10
22923,看来凶手已经找到了！,sherry,02,02,Trial,10
22924,不、不是我啦～！,hanna,02,02,Trial,10
22925,对、对了！我在一楼大厅和希罗擦肩而过了！,hanna,02,02,Trial,10
22926,她可以为我作证我当时就在那里～！,hanna,02,02,Trial,10
22927,（我确实记得在前往淋浴房的路上遇到了汉娜）,hiro,02,02,Trial,10
22928,（那么，如果所有人的证词都是真的，岂不是谁都不可能犯罪……？）,hiro,02,02,Trial,10
22929,（还是说目前的推理全都错了，凶手还是艾玛……）,hiro,02,02,Trial,10
22930,（整理一下……大家的证词吧）,hiro,02,02,Trial,10
22931,还有人没有不在场证明,hiro,02,02,Trial,10
22932,除汉娜以外所有人都有不在场证明,hiro,02,02,Trial,10
22933,返回,hiro,02,02,Trial,10
22934,凶手果然就是汉娜。,hiro,02,02,Trial,10
22935,她撞到我以后回到焚烧炉室，扛着尸体爬上秘密通道——,hiro,02,02,Trial,10
22936,然后从二楼的画室把尸体抛到了中庭。,hiro,02,02,Trial,10
22937,这样跑上跑下的……！,hanna,02,02,Trial,10
22938,时间肯定不够用呀～！,hanna,02,02,Trial,10
22939,大家都听到了典狱长的通知，二楼、地下和楼梯附近应该都有人经过。,sherry,02,02,Trial,10
22940,我从地下往楼上走的时候，恰好抓到了正在收拾衣服的汉娜。,sherry,02,02,Trial,10
22941,然后被你强行带走了～！,hanna,02,02,Trial,10
22942,从希罗经过会客厅的时间点来看，当时她撞到你以后，你应该没什么时间去别的地方。,leia,02,02,Trial,10
22943,在听到通知之前，我一直在收拾被希罗撞了一地的衣服！,hanna,02,02,Trial,10
22944,反倒是希罗很奇怪，明明案发前刚刚遇到我，却不否定我的嫌疑！！,hanna,02,02,Trial,10
22945,（……如果汉娜是凶手，她能行动的时间太短了）,hiro,02,02,Trial,10
22946,（要说还有谁可能犯罪的话……）,hiro,02,02,Trial,10
22947,（……这其中有个人在【伪造不在场证明】……！）,hiro,02,02,Trial,10
22948,……不。除汉娜以外，还有一个人没有不在场证明。,hiro,02,02,Trial,10
22949,那个人是谁！？,hanna,02,02,Trial,10
22950,那个缺少他人目击证词的人就是……,hiro,02,02,Trial,10
22951,我。,hiro,02,02,Trial,10
22952,都走到这步了才招认？,alisa,02,02,Trial,10
22953,那我们刚刚的讨论到底算什么啊！？,hanna,02,02,Trial,10
22954,（我的信誉受损了）,hiro,02,02,Trial,10
22955,（……重新提出不在场证明存疑的人选吧）,hiro,02,02,Trial,10
22956,（所谓不在场证明，只有他人作证才能成立）,hiro,02,02,Trial,10
22957,（然而在所有人当中……有个人在案发时没有被任何人目击到）,hiro,02,02,Trial,10
22958,艾玛……是你把她从淋浴房拉上去杀死的！,hiro,02,02,Trial,10
22959,希罗，你这是怎么了……？真的很不对劲……！,ema,02,02,Trial,10
22960,语无伦次。,anan,02,02,Trial,10
22961,莫不是魔女化加深了吧？,anan,02,02,Trial,10
22962,如果真是那样，要趁你还没有失控赶紧抓住你！,sherry,02,02,Trial,10
22963,（可恶……！冷静点！）,hiro,02,02,Trial,10
22964,（……重新提出不在场证明存疑的人选吧）,hiro,02,02,Trial,10
22965,（所谓不在场证明，只有他人作证才能成立）,hiro,02,02,Trial,10
22966,（然而在所有人当中……有个人在案发时没有被任何人目击到）,hiro,02,02,Trial,10
22967,希罗……这个人的不在场证明是成立的吧……？,ema,02,02,Trial,10
22968,（……重新提出不在场证明存疑的人选吧）,hiro,02,02,Trial,10
22969,（所谓不在场证明，只有他人作证才能成立）,hiro,02,02,Trial,10
22970,（然而在所有人当中……有个人在案发时没有被任何人目击到）,hiro,02,02,Trial,10
22971,……是你，奈叶香。,hiro,02,02,Trial,10
22972,…………,nanoka,02,02,Trial,10
22973,你的证词不过是你单方面的目击证词。,hiro,02,02,Trial,10
22974,看到蕾雅和安安在会客厅里的证词并不能证明你不在案发现场……,hiro,02,02,Trial,10
22975,其他人都有别人证明其不在场。,hiro,02,02,Trial,10
22976,所以，要么是我或者艾玛在说谎……,hiro,02,02,Trial,10
22977,……要么是你，奈叶香。是你在说谎。只有这两种可能。,hiro,02,02,Trial,10
22978,…………,nanoka,02,02,Trial,10
22979,更何况……,hiro,02,02,Trial,10
22980,就算有绳子连通着诺亚的画室和焚烧炉，如果凶手事先不知道这件事就不可能迅速行动。,hiro,02,02,Trial,10
22981,因为时间非常紧张。,hiro,02,02,Trial,10
22982,这样一来，事先绑好绳子的人自然更加可疑。,hiro,02,02,Trial,10
22983,……哦。这就是你的观点啊。,nanoka,02,02,Trial,10
22984,那么，我重新作证。,nanoka,02,02,Trial,10
22985,……我当时就在会客厅里。,nanoka,02,02,Trial,10
22986,在泽渡可可的推定死亡时间……也就是那场骚乱的约5分钟前。,nanoka,02,02,Trial,11
22987,"我当时<link=""Objection_02_02_11_01"">在会客厅里</link>。",nanoka,02,02,Trial,11
22988,"现场莲见蕾雅和夏目安安也都<link=""Objection_02_02_11_02"">在</link>。",nanoka,02,02,Trial,11
22989,"可能因为她们<link=""Objection_02_02_11_03"">聊得正入迷</link>……所以才没注意到我。",nanoka,02,02,Trial,11
22990,她们在聊城崎诺亚的画。记得当时说过……【淋浴房里的画有一种神秘感】。,nanoka,02,02,Trial,11
22991,"一字不差。这么说来奈叶香当时好像确实<link=""Objection_02_02_11_04"">在现场</link>。",leia,02,02,Trial,11
22992,之后我去了医务室。,nanoka,02,02,Trial,11
22993,"虽然我也注意到发现泽渡可可的尸体后中庭那边<link=""Objection_02_02_11_05"">动静闹得很大</link>……",nanoka,02,02,Trial,11
22994,"但我是<link=""Objection_02_02_11_06"">过了一会</link>才去汇合的。",nanoka,02,02,Trial,11
22995,"……这段时间里，我正在医务室寻找有没有能派上用场的东西。<link=""Objection_02_02_11_07"">当时可真安静</link>啊。",nanoka,02,02,Trial,11
22996,应该……没有哪里不对劲吧？,nanoka,02,02,Trial,11
22997,（如果艾玛是凶手，确实都能说得通）,hiro,02,02,Trial,11
22998,（不过……）,hiro,02,02,Trial,11
22999,（……无论如何，几乎不可能再找到新证据了）,hiro,02,02,Trial,11
23000,（……假如奈叶香是凶手，我就不得不考虑主动【诱导她说漏嘴】了）,hiro,02,02,Trial,11
23001,我没看见奈叶香你,hiro,02,02,Trial,11
23002,返回,hiro,02,02,Trial,11
23003,米莉亚也在会客厅里,hiro,02,02,Trial,11
23004,详细说说会客厅的状况,hiro,02,02,Trial,11
23005,奈叶香偷看了安安的素描本,hiro,02,02,Trial,11
23006,动静并不大,hiro,02,02,Trial,11
23007,在汇合前你在做什么？,hiro,02,02,Trial,11
23008,不该没听见声音,hiro,02,02,Trial,11
23009,那段时间，我可不记得有见过你。,hiro,02,02,Trial,11
23010,……我看到你了。,nanoka,02,02,Trial,11
23011,二阶堂希罗，你当时……在楼梯上和远野汉娜发生了激烈的碰撞。,nanoka,02,02,Trial,11
23012,远野汉娜的叫喊声甚至传到了会客厅……,nanoka,02,02,Trial,11
23013,这么一说……吾辈确实听见了。,anan,02,02,Trial,11
23014,她说【又是突降暴雨又是交通事故，我也太倒霉了】，没错吧。,nanoka,02,02,Trial,11
23015,……我好像是这么说过吧？,hanna,02,02,Trial,11
23016,在那之后，二阶堂希罗匆忙赶去了淋浴房。,nanoka,02,02,Trial,11
23017,你当时看起来相当着急……注意不到我也难怪。,nanoka,02,02,Trial,11
23018,虽然我不是一直待在会客厅——,nanoka,02,02,Trial,11
23019,但我可以说出在推定死亡时间前后的所见所闻……,nanoka,02,02,Trial,11
23020,请问有什么问题吗？,nanoka,02,02,Trial,11
23021,（……的确，奈叶香的证词很合理）,hiro,02,02,Trial,11
23022,（可是只有她没有不在场证明……也只有她了解秘密通道）,hiro,02,02,Trial,11
23023,（奈叶香提供的情报中……有没有哪里不对劲呢）,hiro,02,02,Trial,11
23024,（亦或是……有没有【她不该知道的情报】）,hiro,02,02,Trial,11
23025,（……继续套出更多的情报吧）,hiro,02,02,Trial,11
23026,会客厅里应当还有另一个人。,hiro,02,02,Trial,11
23027,在那段时间，你不应该没看到米莉亚。,hiro,02,02,Trial,11
23028,……！？,miria,02,02,Trial,11
23029,米莉亚带着淋浴房前的诺亚路过会客厅，去了二楼的娱乐室……,hiro,02,02,Trial,11
23030,你没有看到她吗。,hiro,02,02,Trial,11
23031,…………,nanoka,02,02,Trial,11
23032,……你在说什么？,nanoka,02,02,Trial,11
23033,佐伯米莉亚并没有在那里出现过。,nanoka,02,02,Trial,11
23034,……！,hiro,02,02,Trial,11
23035,……对。,hiro,02,02,Trial,11
23036,是我说错了。,hiro,02,02,Trial,11
23037,……希、希罗，撒谎是不对的哦……！,miria,02,02,Trial,11
23038,大叔我还以为自己记错了呢，吓我一跳……！,miria,02,02,Trial,11
23039,（希望你能对自己的记忆更自信些……）,hiro,02,02,Trial,11
23040,（不过看样子，这种小儿科的诱导对奈叶香是行不通的）,hiro,02,02,Trial,11
23041,（可是只有她没有不在场证明……也只有她了解秘密通道）,hiro,02,02,Trial,11
23042,（奈叶香提供的情报中……有没有哪里不对劲呢）,hiro,02,02,Trial,11
23043,（亦或是……有没有【她不该知道的情报】）,hiro,02,02,Trial,11
23044,（……继续套出更多的情报吧）,hiro,02,02,Trial,11
23045,这不足以证明你当时在会客厅。,hiro,02,02,Trial,11
23046,就算你不在场也有办法得知交谈的内容——,hiro,02,02,Trial,11
23047,——只要偷看安安的素描本就好。,hiro,02,02,Trial,11
23048,…………,nanoka,02,02,Trial,11
23049,原来如此！,sherry,02,02,Trial,11
23050,只要通过素描本上的笔谈记录倒推交谈内容就好，是这样没错吧！？,sherry,02,02,Trial,11
23051,确、确实，这样就能大致了解她们聊了些什么……！,miria,02,02,Trial,11
23052,……呃，可是——,anan,02,02,Trial,11
23053,『光靠推测，恐怕无法一字不差地还原蕾雅说的话』,anan,02,02,Trial,11
23054,……再说，我也没有机会偷看夏目安安的素描本。,nanoka,02,02,Trial,11
23055,在尸体被发现后的搜查时间……夏目安安的目光可曾离开过自己的素描本？,nanoka,02,02,Trial,11
23056,……没有。,anan,02,02,Trial,11
23057,『也没有给任何人看』,anan,02,02,Trial,11
23058,……那么，二阶堂希罗的推理根本就不成立。,nanoka,02,02,Trial,11
23059,还需要我进一步解释吗？,nanoka,02,02,Trial,11
23060,（……已经足够了）,hiro,02,02,Trial,11
23061,（可是只有她没有不在场证明……也只有她了解秘密通道）,hiro,02,02,Trial,11
23062,（奈叶香提供的情报中……有没有哪里不对劲呢）,hiro,02,02,Trial,11
23063,（亦或是……有没有【她不该知道的情报】）,hiro,02,02,Trial,11
23064,（……继续套出更多的情报吧）,hiro,02,02,Trial,11
23065,【注意到了那边的动静】……？这不对劲。,hiro,02,02,Trial,11
23066,发现可可的尸体时，大家都哑口无言。,hiro,02,02,Trial,11
23067,比起震惊，更多的是绝望和惊愕……,hiro,02,02,Trial,11
23068,你当时真的在那里吗。,hiro,02,02,Trial,11
23069,……对。,nanoka,02,02,Trial,11
23070,莫非是我听错了？当时应该动静很大才对。,nanoka,02,02,Trial,11
23071,先是听到中庭传来你和樱羽艾玛的争吵声——,nanoka,02,02,Trial,11
23072,紧接着就是汉娜的惨叫……,nanoka,02,02,Trial,11
23073,因为当时我就在中庭边上的医务室，所有动静都听得一清二楚。,nanoka,02,02,Trial,11
23074,……二阶堂希罗，反倒是不清楚现场情况的你更加可疑，不是吗。,nanoka,02,02,Trial,11
23075,（……反而被被怀疑了）,hiro,02,02,Trial,11
23076,（可是只有她没有不在场证明……也只有她了解秘密通道）,hiro,02,02,Trial,11
23077,（奈叶香提供的情报中……有没有哪里不对劲呢）,hiro,02,02,Trial,11
23078,（亦或是……有没有【她不该知道的情报】）,hiro,02,02,Trial,11
23079,如果你当时真的在会客厅，你可以详细说说会客厅的情况吗？,hiro,02,02,Trial,11
23080,嗯，当然可以。,nanoka,02,02,Trial,11
23081,当时莲见蕾雅和夏目安安似乎正聊得非常起劲。,nanoka,02,02,Trial,11
23082,她们好像在讨论淋浴房涂鸦的艺术性……还有诺亚的画。,nanoka,02,02,Trial,11
23083,欸嘿嘿。,noa,02,02,Trial,11
23084,我记得，莲见蕾雅说【淋浴房里的画有一种神秘感】……,nanoka,02,02,Trial,11
23085,夏目安安也用笔谈回应道，【是的。还想看看她其他的画】。,nanoka,02,02,Trial,11
23086,……没错。,anan,02,02,Trial,11
23087,『素描本上还留着这句话』,anan,02,02,Trial,11
23088,嗯，是的。,leia,02,02,Trial,11
23089,虽然我们没注意到奈叶香，但她的记忆是正确的。,leia,02,02,Trial,11
23090,所以她当时应该确实在现场吧。,leia,02,02,Trial,11
23091,讨论前进…,@toast |#Toast_002|,02,02,Trial,11
23092,发现尸体后过了一段时间你才汇合。,hiro,02,02,Trial,11
23093,那汇合之前你在做什么。,hiro,02,02,Trial,11
23094,我在翻找医务室。,nanoka,02,02,Trial,11
23095,说不定有医疗器具和药物之类的应急必需品。,nanoka,02,02,Trial,11
23096,也就是说……【没发生什么事】对吗？,hiro,02,02,Trial,11
23097,……是的。,nanoka,02,02,Trial,11
23098,没发生什么事，除了雨声以外都很安静。,nanoka,02,02,Trial,11
23099,……这样。你没有听见吗？……就是那个声音。,hiro,02,02,Trial,11
23100,……什么声音？,nanoka,02,02,Trial,11
23101,我和艾玛的争吵。,hiro,02,02,Trial,11
23102,……！,nanoka,02,02,Trial,11
23103,………！,ema,02,02,Trial,11
23104,医务室就在淋浴房的对面，非常近。,hiro,02,02,Trial,11
23105,所以我就想问你。【明明离得这么近，你却听不到我和艾玛的争吵声吗？】,hiro,02,02,Trial,11
23106,…………,nanoka,02,02,Trial,11
23107,……说起来，我确实听见了。,nanoka,02,02,Trial,11
23108,【你们并没有争吵】的寂静之声。,nanoka,02,02,Trial,11
23109,……！,hiro,02,02,Trial,11
23110,你们当时几乎没怎么说话。,nanoka,02,02,Trial,11
23111,最多也就问了下泽渡可可的去向吧。,nanoka,02,02,Trial,11
23112,艾玛！,hiro,02,02,Trial,11
23113,……希罗。,ema,02,02,Trial,11
23114,淋浴房的门在我身后关上了。,system,02,02,Trial,11
23115,冰冷的氛围笼罩着我和艾玛。,system,02,02,Trial,11
23116,……可可在哪？,hiro,02,02,Trial,11
23117,……你在说什么？,ema,02,02,Trial,11
23118,你是说……你听见了我对艾玛说的话？,hiro,02,02,Trial,11
23119,是的。你问了【可可在哪】……对不对。,nanoka,02,02,Trial,11
23120,而樱羽艾玛则反问道【你在说什么？】，没错吧。,nanoka,02,02,Trial,11
23121,这样可以证明我在医务室了吧。,nanoka,02,02,Trial,11
23122,这——,hiro,02,02,Trial,11
23123,奈叶香的证言有问题,@choice |#0202Trial11_Choice008|,02,02,Trial,11
23124,奈叶香的证言没问题,@choice |#0202Trial11_Choice009|,02,02,Trial,11
23125,…………你的证词，并没有问题。,hiro,02,02,Trial,11
23126,……对。,nanoka,02,02,Trial,11
23127,我和艾玛的对话……正如你所说的那样。,hiro,02,02,Trial,11
23128,那就……请你不要再胡乱揣测了。,nanoka,02,02,Trial,11
23129,（可恶……！真的无法推翻奈叶香的不在场证明吗……？）,hiro,02,02,Trial,11
23130,各、各位，请等一下……！,ema,02,02,Trial,11
23131,……艾玛。,hiro,02,02,Trial,11
23132,希罗……再好好想想吧。,ema,02,02,Trial,11
23133,我……在淋浴房等你的时候，感觉有哪里怪怪的……,ema,02,02,Trial,11
23134,怪怪的？,leia,02,02,Trial,11
23135,嗯……我不知道该怎么描述才好——奈叶香刚才的那番话……,ema,02,02,Trial,11
23136,和当时的情况有没有什么矛盾之处呢……？,ema,02,02,Trial,11
23137,（……再好好想想吧）,hiro,02,02,Trial,11
23138,（当时我走进淋浴房……关上门，和艾玛说话……）,hiro,02,02,Trial,11
23139,（那奈叶香的证词里应该有不对劲的地方……！）,hiro,02,02,Trial,11
23140,——你刚才的证词有问题。,hiro,02,02,Trial,11
23141,与这个情报相矛盾！,hiro,02,02,Trial,11
23142,那就是这个直播回放……！,hiro,02,02,Trial,11
23143,看了那么凄惨的直播，我不可能保持冷静。也就是说——,hiro,02,02,Trial,11
23144,到淋浴房的时候，我应该对艾玛怒吼才是！场面不可能安静！,hiro,02,02,Trial,11
23145,……那个，希罗……,ema,02,02,Trial,11
23146,那时候你看上去很冷静啊……？声音也不大……,ema,02,02,Trial,11
23147,『反倒证明你不够客观啊』,anan,02,02,Trial,11
23148,（……我要冷静点）,hiro,02,02,Trial,11
23149,（奈叶香作证在尸体发现不久前，自己在医务室【听见了我和艾玛的对话】）,hiro,02,02,Trial,11
23150,（可是，这不对劲……）,hiro,02,02,Trial,11
23151,（正因为我们在【那个地方】说话，所以才不可能听到……！）,hiro,02,02,Trial,11
23152,（与奈叶香证词相矛盾的证据就是——）,hiro,02,02,Trial,11
23153,……目前有作案嫌疑的只有奈叶香。,hiro,02,02,Trial,11
23154,也就是说，案发时奈叶香不可能在医务室。,hiro,02,02,Trial,11
23155,她可能在焚烧炉室、诺亚的画室……或者垃圾滑槽里！,hiro,02,02,Trial,11
23156,可是如果小奈确实如她所说在医务室的话，好像也没什么问题吧？,miria,02,02,Trial,11
23157,希罗！要是觉得有问题，就得出示证据相应的证据哦！,sherry,02,02,Trial,11
23158,（……我要冷静点）,hiro,02,02,Trial,11
23159,（奈叶香作证在尸体发现不久前，自己在医务室【听见了我和艾玛的对话】）,hiro,02,02,Trial,11
23160,（可是，这不对劲……）,hiro,02,02,Trial,11
23161,（正因为我们在【那个地方】说话，所以才不可能听到……！）,hiro,02,02,Trial,11
23162,（与奈叶香证词相矛盾的证据就是——）,hiro,02,02,Trial,11
23163,希罗希罗，这个证据和奈叶香的证词没有关系吧？,noa,02,02,Trial,11
23164,（……我要冷静点）,hiro,02,02,Trial,11
23165,（奈叶香作证在尸体发现不久前，自己在医务室【听见了我和艾玛的对话】）,hiro,02,02,Trial,11
23166,（可是，这不对劲……）,hiro,02,02,Trial,11
23167,（正因为我们在【那个地方】说话，所以才不可能听到……！）,hiro,02,02,Trial,11
23168,（与奈叶香证词相矛盾的证据就是——）,hiro,02,02,Trial,11
23169,……抱歉，奈叶香。,hiro,02,02,Trial,11
23170,如果你在医务室，就不可能听见淋浴房的声音。,hiro,02,02,Trial,11
23171,因为淋浴房——,hiro,02,02,Trial,11
23172,——是听不见外面声音的！,hiro,02,02,Trial,11
23173,………！,nanoka,02,02,Trial,11
23174,我事先调查过，那个房间的隔音效果非常好……,hiro,02,02,Trial,11
23175,所以我才问你。【你究竟有没有听见我们的声音】。,hiro,02,02,Trial,11
23176,因为如果你听见了……就非常不对劲了。,hiro,02,02,Trial,11
23177,…………,nanoka,02,02,Trial,11
23178,看样子，你听见了不可能听到的声音。,hiro,02,02,Trial,11
23179,如果你是凶手……当时应该在垃圾滑槽里。,ema,02,02,Trial,11
23180,你当时在那里的话，听到我们的对话也很正常！,ema,02,02,Trial,11
23181,这……我……,nanoka,02,02,Trial,11
23182,等、等一下，希罗！,miria,02,02,Trial,11
23183,这样不太对吧！不合逻辑呀！,miria,02,02,Trial,11
23184,小奈怎么会做这种事……我才……不相信……！,miria,02,02,Trial,11
23185,所、所以说……我们再讨论一遍吧！,miria,02,02,Trial,11
23186,小希你说淋浴房是隔音的……,miria,02,02,Trial,12
23187,但其实不是这样的吧……！？,miria,02,02,Trial,12
23188,"艾玛不是在淋浴房里听见了<link=""Objection_02_02_12_01"">枪声</link>吗？",miria,02,02,Trial,12
23189,"这根本<link=""Objection_02_02_12_02"">不隔音</link>嘛……！",miria,02,02,Trial,12
23190,……想一想可可是在哪里中枪的，就该知道答案了。,hiro,02,02,Trial,12
23191,可可是在焚烧炉被杀的……,hiro,02,02,Trial,12
23192,所以声音顺着垃圾滑槽传到了淋浴房里面。,hiro,02,02,Trial,12
23193,怎、怎么会……！,miria,02,02,Trial,12
23194,可、可是……小奈她不是说中了小蕾和安安的对话吗！？,miria,02,02,Trial,12
23195,"这是她<link=""Objection_02_02_12_03"">现场听到的</link>，所以案发当时她应该在会客厅里才对吧！？",miria,02,02,Trial,12
23196,说真的，大叔我也不知道小奈是不是凶手……,miria,02,02,Trial,12
23197,但我还是觉得……没有确凿的证据就怀疑别人是不对的！,miria,02,02,Trial,12
23198,（我确实没有证据……）,hiro,02,02,Trial,12
23199,（但……即便如此，刻意隐瞒那根绳子的奈叶香依然很可疑……！）,hiro,02,02,Trial,12
23200,（【一定要找到杀人凶手】……！这才是唯一正确的出路……！）,hiro,02,02,Trial,12
23201,那是雷声,hiro,02,02,Trial,12
23202,返回,hiro,02,02,Trial,12
23203,轻微的声音传不到外面的,hiro,02,02,Trial,12
23204,她猜中了,hiro,02,02,Trial,12
23205,她偷听了,hiro,02,02,Trial,12
23206,她使用了魔法,hiro,02,02,Trial,12
23207,艾玛听见的声音不一定就是枪声。,hiro,02,02,Trial,12
23208,比枪声还大的声音——当时响彻天际的【雷声】也传到了淋浴房里。,hiro,02,02,Trial,12
23209,不、不管怎么说，都证明淋浴房并不是完全隔音的吧……！？,miria,02,02,Trial,12
23210,怎么能不验证这点就怀疑小奈，人家也太可怜了……！,miria,02,02,Trial,12
23211,没有确凿的证据就怀疑别人是不对的！,miria,02,02,Trial,12
23212,（……为了揭露真正的凶手，米莉亚的意见确实是不可或缺的）,hiro,02,02,Trial,12
23213,（然而，比起淋浴房的隔音情况还有个更加急需解开的谜题——）,hiro,02,02,Trial,12
23214,（那就是奈叶香是如何得知会客厅情况的……）,hiro,02,02,Trial,12
23215,（目前积累的情报一定可以给我答案。……确认一下魔女图鉴吧）,hiro,02,02,Trial,12
23216,谈话声比枪声要小得多，即便传不到外面也很正常。,hiro,02,02,Trial,12
23217,这、这只是你的揣测吧……？,miria,02,02,Trial,12
23218,会客厅里的女孩们好像都没听见地下的枪声……,miria,02,02,Trial,12
23219,那淋浴房的谈话声稍微传出来一点也是有可能的吧……？,miria,02,02,Trial,12
23220,没有证据就擅自断定，真的很不好！,miria,02,02,Trial,12
23221,（……为了揭露真正的凶手，米莉亚的意见确实是不可或缺的）,hiro,02,02,Trial,12
23222,（然而，比起淋浴房的隔音情况还有个更加急需解开的谜题——）,hiro,02,02,Trial,12
23223,（那就是奈叶香是如何得知会客厅情况的……）,hiro,02,02,Trial,12
23224,（目前积累的情报一定可以给我答案……确认一下魔女图鉴吧）,hiro,02,02,Trial,12
23225,就算奈叶香不在会客厅肯定也能猜到蕾雅和安安会聊什么话题。,hiro,02,02,Trial,12
23226,只要事先偷听她们的交谈——,hiro,02,02,Trial,12
23227,再预测一下……她们接下来会在会客厅里聊什么就好了。,hiro,02,02,Trial,12
23228,怎么可能猜得到呀！？,hanna,02,02,Trial,12
23229,就算能猜得到大致的内容，也不太可能一字不差地还原对话内容吧？,sherry,02,02,Trial,12
23230,『你怎么就没预测到这起案件呢』,anan,02,02,Trial,12
23231,（……再怎么说也不可能一字不差地猜到对话内容啊）,hiro,02,02,Trial,12
23232,（奈叶香是如何得知会客厅情况的……）,hiro,02,02,Trial,12
23233,（目前积累的情报一定可以给我答案……确认一下魔女图鉴吧）,hiro,02,02,Trial,12
23234,……奈叶香窃听了会客厅的对话。,hiro,02,02,Trial,12
23235,窃听！？,leia,02,02,Trial,12
23236,那可是犯罪呀！,hanna,02,02,Trial,12
23237,『但是这里应该弄不到窃听器吧』,anan,02,02,Trial,12
23238,除了自己的手机以外，再弄到一部手机就可以。,hiro,02,02,Trial,12
23239,把另一个手机放在会客厅里，然后拨通自己的手机……,hiro,02,02,Trial,12
23240,这样就能窃听了。,hiro,02,02,Trial,12
23241,可是，要怎样才能弄到另一部手机呢……,leia,02,02,Trial,12
23242,可可的手机在现场，而在场的所有人都没有弄丢手机……,leia,02,02,Trial,12
23243,而被处刑的人和死者的手机应该都被典狱长回收了才对！,sherry,02,02,Trial,12
23244,希罗的推理可能有些牵强了～,noa,02,02,Trial,12
23245,（……看来窃听器材不好弄啊）,hiro,02,02,Trial,12
23246,（奈叶香是如何得知会客厅情况的……）,hiro,02,02,Trial,12
23247,（目前积累的情报一定可以给我答案……确认一下魔女图鉴吧）,hiro,02,02,Trial,12
23248,……就算奈叶香当时不在场也有办法得到情报。,hiro,02,02,Trial,12
23249,只有她，可以随心所欲地在事后假装当时在场。,hiro,02,02,Trial,12
23250,她只要使用能窥视过去的【幻视魔法】就可以了！,hiro,02,02,Trial,12
23251,唔……！,nanoka,02,02,Trial,12
23252,可、可是……！没有证据证明是小奈做的不是吗……！,miria,02,02,Trial,12
23253,而且，她的【幻视】魔法不能随时随地发动吧！？,miria,02,02,Trial,12
23254,既然如此，她怎么可能刚刚好就发动了——！,miria,02,02,Trial,12
23255,【魔女化】会让魔法得到强化……,hiro,02,02,Trial,12
23256,如果奈叶香已经魔女化，而她的魔法可以随时随地调取情报的话……,hiro,02,02,Trial,12
23257,只要事后去一趟现场就能读取到曾经发生过的事情。,hiro,02,02,Trial,12
23258,就、就算真是这样……那证据……,miria,02,02,Trial,12
23259,——够了。,nanoka,02,02,Trial,12
23260,……小奈？,miria,02,02,Trial,12
23261,已经……够了。,nanoka,02,02,Trial,12
23262,无所谓了……,nanoka,02,02,Trial,12
23263,我从一开始……就承认了吧。,nanoka,02,02,Trial,12
23264,你们说是我做的……我也【没有】反驳。,nanoka,02,02,Trial,12
23265,那，凶手就是拿着枪的黑部了。没别的可能。,alisa,02,02,Trial,12
23266,你有什么要反驳的吗。,alisa,02,02,Trial,12
23267,……没有。,nanoka,02,02,Trial,12
23268,你这家伙……原来那时候……！,alisa,02,02,Trial,12
23269,……杀死泽渡可可的人，是我。,nanoka,02,02,Trial,12
23270,小……小奈……！,miria,02,02,Trial,12
23271,看来，杀人这件事……还是不太适合我啊。,nanoka,02,02,Trial,12
23272,各位……,nanoka,02,02,Trial,12
23273,很抱歉……给你们添麻烦了……,nanoka,02,02,Trial,12
23274,再怎么狡辩也改变不了事实。,nanoka,02,02,Trial,13
23275,是我，杀了泽渡可可。,nanoka,02,02,Trial,13
23276,一切都是我的所作所为……是我种下的恶果。,nanoka,02,02,Trial,13
23277,若要说是谁有错……别无他人。,nanoka,02,02,Trial,13
23278,只有我。,nanoka,02,02,Trial,13
23279,……为了阻止泽渡可可的计划，我把她喊到淋浴房。,nanoka,02,02,Trial,13
23280,但她完全听不进我说的话。,nanoka,02,02,Trial,13
23281,因为她也有不能让步的理由……所以没谈拢。,nanoka,02,02,Trial,13
23282,最后她实在不耐烦了，便想要离开那里。,nanoka,02,02,Trial,13
23283,于是……我抓住她的肩膀想拦住她。,nanoka,02,02,Trial,13
23284,可她却立马激动起来……,nanoka,02,02,Trial,13
23285,然后一把推开了我。,nanoka,02,02,Trial,13
23286,而我的身后……是垃圾滑槽。,nanoka,02,02,Trial,13
23287,滑槽的盖子好像本来就快坏了……被我猛地一撞，盖子掀开了。,nanoka,02,02,Trial,13
23288,然后，我支撑不住自己的身体头朝下掉了下去……,nanoka,02,02,Trial,13
23289,当时，我失去了意识。,nanoka,02,02,Trial,13
23290,我不知道自己昏迷了多久。,nanoka,02,02,Trial,13
23291,只是等醒来以后，我发现自己在焚烧炉里。,nanoka,02,02,Trial,13
23292,在没有一丝光亮的漆黑当中……,nanoka,02,02,Trial,13
23293,这突如其来的事件……让我陷入一片混乱。,nanoka,02,02,Trial,13
23294,我只记得自己被撞了下去，再不出去肯定会被烧死。,nanoka,02,02,Trial,13
23295,就在这时……我听见了声音。,nanoka,02,02,Trial,13
23296,是泽渡可可的声音。,nanoka,02,02,Trial,13
23297,于是我从里侧轻轻打开焚烧炉的盖子，外面的光便照了进来。,nanoka,02,02,Trial,13
23298,那束光……在炉子遍地的垃圾中照亮了我手边的一样东西。,nanoka,02,02,Trial,13
23299,那个东西呢。……就是手枪。,nanoka,02,02,Trial,13
23300,真是巧得可怕。,nanoka,02,02,Trial,13
23301,为了不引起泽渡可可的警惕，我把平时带在身边的枪收起来了。,nanoka,02,02,Trial,13
23302,但在看到那把枪的瞬间，我觉得这一定是命中注定。,nanoka,02,02,Trial,13
23303,……只要有它，我就能保护自己的生命。,nanoka,02,02,Trial,13
23304,只要有它……我就能阻止泽渡可可的计划。,nanoka,02,02,Trial,13
23305,……于是。,nanoka,02,02,Trial,13
23306,我,nanoka,02,02,Trial,13
23307,捡起了,nanoka,02,02,Trial,13
23308,那把手枪,nanoka,02,02,Trial,13
23309,……然后，泽渡可可死了。,nanoka,02,02,Trial,13
23310,面对她的遗骸，我再次真正认识到自己杀了人。,nanoka,02,02,Trial,13
23311,……我犯下了无法挽回的过错。,nanoka,02,02,Trial,13
23312,我想——我大概就是在那时变成了魔女吧。,nanoka,02,02,Trial,13
23313,我隐隐感到已经没有了退路。,nanoka,02,02,Trial,13
23314,我的幻视魔法开始失控，读取了周围所有物体的过去。,nanoka,02,02,Trial,13
23315,这里的所有人……甚至这座监牢的过去，所有信息都顺着地面、顺着墙壁纷涌至我的脑海。,nanoka,02,02,Trial,13
23316,名为幻视的各种信息……塞满了我整个大脑。,nanoka,02,02,Trial,13
23317,……回过神来时，我已经抓住了焚烧炉里的绳子。,nanoka,02,02,Trial,13
23318,那是我之前准备的，用来摆脱典狱长追捕的路线。,nanoka,02,02,Trial,13
23319,我把周围丢弃的衣服绑在一起。,nanoka,02,02,Trial,13
23320,然后再把衣服捆在一起，做成搬运泽渡可可尸体的临时担架。,nanoka,02,02,Trial,13
23321,——因为根据【幻视】的内容，我预料到如果把尸体放在这里，在焚烧炉启动前就会被人发现。,nanoka,02,02,Trial,13
23322,……我顺着绳子匆忙爬到了二楼诺亚的画室。,nanoka,02,02,Trial,13
23323,接着把泽渡可可拉了上去，跟枪一起从画室丢到中庭。,nanoka,02,02,Trial,13
23324,一切都是为了优先生存……我的身体几乎是不由自主地在动。,nanoka,02,02,Trial,13
23325,我没有余力思考别的事。——不，是不想思考。,nanoka,02,02,Trial,13
23326,因为那样的话，我会抑制不住内心的绝望。,nanoka,02,02,Trial,13
23327,之后，我避开所有人晚一步到达尸体发现现场……,nanoka,02,02,Trial,13
23328,然后默默地观望事情发展。,nanoka,02,02,Trial,13
23329,我所做的就只有这些。,nanoka,02,02,Trial,13
23330,射杀泽渡可可，将尸体搬到二楼，最后抛到中庭。,nanoka,02,02,Trial,13
23331,就这样——我变成了魔女。,nanoka,02,02,Trial,13
23332,……现在想想，我来这里一定是因为渴望被处刑吧。,nanoka,02,02,Trial,13
23333,这里是我的绞刑台……是坦白罪行的忏悔室。,nanoka,02,02,Trial,13
23334,因为……泽渡可可她……,nanoka,02,02,Trial,13
23335,直到中枪前的那一刻……还在担心我的安危……,nanoka,02,02,Trial,13
23336,她很担心我摔下来以后怎么样，便过来看望我……随后被我一枪击中。,nanoka,02,02,Trial,13
23337,【幻视】……告诉了我这些。,nanoka,02,02,Trial,13
23338,她真是个……傻孩子。,nanoka,02,02,Trial,13
23339,所以……我不会乞求原谅。,nanoka,02,02,Trial,13
23340,我是……应受制裁之人。,nanoka,02,02,Trial,13
23341,那一天，我独自来到冷冻室。,system,02,03,Adv,01
23342,这几天我东奔西走，循着奈叶香托付给我的情报，重新对监牢进行了一番调查。,system,02,03,Adv,01
23343,为的就是找出关于这一切的罪魁祸首——【大魔女】的线索。,system,02,03,Adv,01
23344,（棘手的是，无法在这里久留）,hiro,02,03,Adv,01
23345,体感温度大概是零下20度左右吧。嘴里吐出的都是白气，凛冽的寒气仿佛刀子一般割着脸。,system,02,03,Adv,01
23346,忍受着这深入骨髓的寒冷，我打着冷颤把冷冻室大致调查了一遍。,system,02,03,Adv,01
23347,这里最令人无法移开视线的，是那些被冰封的魔女。,system,02,03,Adv,01
23348,而且，不知出于何种意图，连那些遭到杀害的少女也同样被冰封在这里。,system,02,03,Adv,01
23349,也就是说……这无数冰块，正昭示着发生过无数场悲剧。有多少悲剧，就有多少恐惧和悲哀。,system,02,03,Adv,01
23350,（玛格和奈叶香，还有可可也在这里面……）,hiro,02,03,Adv,01
23351,（……不，现在不能沉溺于感伤）,hiro,02,03,Adv,01
23352,我离开陈列着一排排冰块的区域，站在巨大保险箱面前。,system,02,03,Adv,01
23353,我输入密码解锁，打开了保险箱的门。,system,02,03,Adv,01
23354,这里面原本应该存放着一些【杀死魔女的药】才对。就是可可带在身上，而且玛格也使用过的那种药。,system,02,03,Adv,01
23355,可那药品已经一个不留，全都消失得无影无踪。,system,02,03,Adv,01
23356,包括可可曾经拥有的那些，都被典狱长收走了。,system,02,03,Adv,01
23357,关于药品的去向，典狱长已经在工作报告中提到过了。,system,02,03,Adv,01
23358,『既然【特雷德基姆】已经被各位发现，那么，对于这种有可能促进杀人行为的危险品……』,system,02,03,Adv,01
23359,『我会全数收走，并适当处分的』,system,02,03,Adv,01
23360,因此，保险箱里剩下的只有被用于杀害梅露露的那把剑。,system,02,03,Adv,01
23361,（说起来，这把剑……好像本来就放在这个保险箱里。它是不是有什么特殊含义呢）,hiro,02,03,Adv,01
23362,（到刚才为止，我都只把它当成是一件【作案凶器】……）,hiro,02,03,Adv,01
23363,（但回头仔细一想，就开始觉得这应该是很重要的东西）,hiro,02,03,Adv,01
23364,我把剑拿起来，仔细端详了一会。,system,02,03,Adv,01
23365,剑身外饰的精美程度，使人不禁联想到，它很可能不仅仅只是一把普通的武器。,system,02,03,Adv,01
23366,（也有可能是某种和大魔女相关的物件，但只看外表也看不出什么来）,hiro,02,03,Adv,01
23367,（说不定继续深入调查下去就能发现什么蛛丝马迹来。不管怎样，现在要紧的是找出线索）,hiro,02,03,Adv,01
23368,我把剑放回保险箱，并关上了门。,system,02,03,Adv,01
23369,（……感觉五脏六腑都要冰透了。差不多该去调查其他地方了）,hiro,02,03,Adv,01
23370,走到隔壁的操作室后，我拿出自己的手机。,system,02,03,Adv,01
23371,奈叶香发给我的录像已经看过很多次了。但我还是再次播放起来。,system,02,03,Adv,01
23372,——自从来到这座监牢以后，我独自进行了各种各样的调查。,nanoka,02,03,Adv,01
23373,可是，只靠我一人，最终还是没能找出任何关于幕后黑手的情报。,nanoka,02,03,Adv,01
23374,我之所以能知道真相——,nanoka,02,03,Adv,01
23375,是因为我杀死了泽渡可可。,nanoka,02,03,Adv,01
23376,（无法抑制的杀人冲动……奈叶香的魔女化就是在那时一下子加深了的吧）,hiro,02,03,Adv,01
23377,（而魔女化程度越深，魔法能力也会随之爆发性增强）,hiro,02,03,Adv,01
23378,我的【幻视】能让我看到一些跟监牢的秘密相关的情景。,nanoka,02,03,Adv,01
23379,在背后引导魔女审判和杀人的幕后黑手，梅露露。原来她所做的一切都是为了这个目的——找出【大魔女】的所在。,system,02,03,Adv,01
23380,我我我、我的名字是、冰、冰、冰……冰上、梅露露……,meruru,02,03,Adv,01
23381,（跟梅露露相处的时间实在太短。如果能再相处久一点，我是不是就能想像出她的心情？）,hiro,02,03,Adv,01
23382,（不——根本没必要去理解魔女在想什么）,hiro,02,03,Adv,01
23383,我摇了摇头，注意力转回录像之上。,system,02,03,Adv,01
23384,魔女因子浓度高的少女，有可能会在15岁以后一口气魔女化。,nanoka,02,03,Adv,01
23385,在魔女因子的检查中检测出高数值的女孩会被集中起来，这座监牢就是用来收容她们的地方。,nanoka,02,03,Adv,01
23386,本来按规定，国家机关会在我们完全变成魔女前把我们全部诛杀。,nanoka,02,03,Adv,01
23387,可讽刺的是，正因为冰上梅露露想利用我们找到大魔女，我们才得以在夹缝中生存下来。,nanoka,02,03,Adv,01
23388,奈叶香说出这些话以后，突然捂着脸发出痛苦的呻吟。,system,02,03,Adv,01
23389,拍下这份录像时，奈叶香应该正饱受魔女化程度加深的折磨吧。,system,02,03,Adv,01
23390,就算是这样，冰上梅露露的所作所为也不可原谅……,nanoka,02,03,Adv,01
23391,……我本想，亲手杀了她……,nanoka,02,03,Adv,01
23392,…………,hiro,02,03,Adv,01
23393,虽然不知道是什么原因让她这么想，冰上梅露露好像认为，大魔女就潜伏在我们这些拥有【魔女因子】的少女之中。,nanoka,02,03,Adv,01
23394,就为了促进我们的魔女化进程，她诱导我们互相厮杀，举行魔女审判——,nanoka,02,03,Adv,01
23395,——执行了无数凄惨的处决。,system,02,03,Adv,01
23396,她相信，这样下去，终有一天会找到大魔女。,system,02,03,Adv,01
23397,……我绝对不会原谅她。,nanoka,02,03,Adv,01
23398,从奈叶香的低语中渗出的决心，让我也感到一阵痛楚。,system,02,03,Adv,01
23399,过了一会，应该是想重振精神吧，奈叶香轻轻地吐了一口气。,system,02,03,Adv,01
23400,呼……对不起。,nanoka,02,03,Adv,01
23401,冰上梅露露已经死了。我现在想要说的并不是冰上梅露露的事。,nanoka,02,03,Adv,01
23402,我们应该找到的是——大魔女。,nanoka,02,03,Adv,01
23403,虽然不清楚她在哪里，甚至不知道她到底是否至今仍然存在于世……,nanoka,02,03,Adv,01
23404,但人类之所以会变成魔女，都是因为大魔女在全世界散布【魔女因子】。,nanoka,02,03,Adv,01
23405,——向全世界散播的诅咒。,system,02,03,Adv,01
23406,这诅咒有如病毒一般蔓延扩散，带来无数的悲剧与死亡。,system,02,03,Adv,01
23407,这一切的罪魁祸首，就是不知道身在何处的大魔女。,nanoka,02,03,Adv,01
23408,但反过来说，也许只要找到大魔女，就能解除我们身上的诅咒。消灭诅咒的源头，或者是……,nanoka,02,03,Adv,01
23409,抱歉，我给不出一个准确的说法——,nanoka,02,03,Adv,01
23410,看到这里，我关闭了录像，攥紧了手机。,system,02,03,Adv,01
23411,（……一定要消灭这罪恶的源头）,hiro,02,03,Adv,01
23412,被囚禁的一众少女已经是受害者了，绝不能让无辜的人再这样继续牺牲。,system,02,03,Adv,01
23413,（我要亲手找出大魔女，裁决她）,hiro,02,03,Adv,01
23414,这才是我应当贯彻的道路。,system,02,03,Adv,01
23415,那天晚餐过后，受到艾玛、雪莉还有汉娜的召集，我们聚在会客室。,system,02,03,Adv,02
23416,蕾雅、诺亚、亚里沙、米莉亚、安安，还有我，一同站在她们的面前。,system,02,03,Adv,02
23417,……抱歉，突然把你们喊出来。我跟雪莉还有汉娜商量过了。,ema,02,03,Adv,02
23418,我们是不是，应该再好好想想怎样逃出这里比较好。,ema,02,03,Adv,02
23419,没错，就这样一直呆下去，我们的魔女化程度也只会一天比一天严重。,hanna,02,03,Adv,02
23420,也许会发生凶杀案，只要有人被杀，就会有人在审判中被处决。,hanna,02,03,Adv,02
23421,我已经受够了，我不要再过这种日子……！,hanna,02,03,Adv,02
23422,所以啊！我们联合起来，一起想出一个超厉害的越狱计划吧！,sherry,02,03,Adv,02
23423,与兴奋地说出这番话的三人相反，包括我在内，每个人都是一副提不起兴致的样子。,system,02,03,Adv,02
23424,嗯……要怎样才能离开这里？,noa,02,03,Adv,02
23425,『你们这是想再次连累我们吗？』,anan,02,03,Adv,02
23426,呃……,ema,02,03,Adv,02
23427,随着安安举起的素描本，一众少女的视线自然而然地往入口附近看去。,system,02,03,Adv,02
23428,…………,jailer,02,03,Adv,02
23429,看守正站在门口。,system,02,03,Adv,02
23430,本以为上次处刑时，看守已经和奈叶香一起被冰封起来了。可到了第二天，看守依然四处巡查，仿佛什么事情都没发生过。,system,02,03,Adv,02
23431,（看守仍旧是被洗脑的状态）,hiro,02,03,Adv,02
23432,（我甚至都开始觉得，那场处刑是典狱长以自己的低级趣味想出来的，某种表演的一环）,hiro,02,03,Adv,02
23433,（要是看守那时的行为是自发做出的就好了）,hiro,02,03,Adv,02
23434,心如刀割的深切苦痛。心里被大石头堵住的憋闷感。一想起奈叶香受处刑时的情景，这些感受总会向我袭来。,system,02,03,Adv,02
23435,我强行把这些情绪塞进心底，向前踏出一步。,system,02,03,Adv,02
23436,安安说得没错。只要有看守在，我们就要冒着巨大风险越狱。,hiro,02,03,Adv,02
23437,每个人各自去寻找越狱方法或者逃走的暗道等，都没问题。但在没有确切方法的情况下，就不应该所有人一起冲。,hiro,02,03,Adv,02
23438,对。我也同意。我认为现在还是乖乖服从他们为好。起码在表面上要摆出服从的态度。,leia,02,03,Adv,02
23439,谁不想尽快离开这种地方啊。只是一直以来，我也已经尝试过各种方法，最后全都失败了。,alisa,02,03,Adv,02
23440,要是想到什么好方法，就给我快说。,alisa,02,03,Adv,02
23441,你说得、有道理……对不起。,ema,02,03,Adv,02
23442,艾玛不需要道歉呀！我们就用我们自己的方式，去寻找逃出现状的方法吧。,hanna,02,03,Adv,02
23443,我说，大家不要想不开啊……！,miria,02,03,Adv,02
23444,可可被杀，奈叶香被处决……少女们的心比之前动摇得更加剧烈。,system,02,03,Adv,02
23445,我很犹豫，不知道该不该把奈叶香提供的情报都告诉其他人。,system,02,03,Adv,02
23446,比如大魔女的存在这件事。以及——只要解除名为“魔女化”的诅咒，也许就能得救这件事。,system,02,03,Adv,02
23447,（可这一切都还停留在【不确定】的阶段，仅仅只是给大家带来有名无实的希望，这是错误的）,hiro,02,03,Adv,02
23448,而且还有可能会掀起另一场风波。,system,02,03,Adv,02
23449,（关于大魔女的事，果然还是应该由我一人独自调查）,hiro,02,03,Adv,02
23450,我可以说一句吗。我是这样想的。,leia,02,03,Adv,02
23451,就在我刚在心中得出结论时，一直沉思不语的蕾雅抬起头说道。,system,02,03,Adv,02
23452,身为管理者的梅露露都死了，为什么我们还得举行审判不可？,leia,02,03,Adv,02
23453,监牢里发生的第一起凶杀案。死者不是别人，正是梅露露。,system,02,03,Adv,02
23454,尽管如此，典狱长还是把我们召集起来，举行了审判。,system,02,03,Adv,02
23455,『不是为了报仇吗？』,anan,02,03,Adv,02
23456,原来是这样。既然梅露露是管理者，也就是说她是典狱长的上司对吧。,sherry,02,03,Adv,02
23457,这样啊，那说不定典狱长确实很想揪出凶手。,noa,02,03,Adv,02
23458,那只鸟看起来没那么仗义就是了。,alisa,02,03,Adv,02
23459,我也这么觉得。,hanna,02,03,Adv,02
23460,对于报仇这个推测，亚里沙和汉娜都持怀疑的态度。,system,02,03,Adv,02
23461,……我们先假设第一次审判是这个原因。那第二次审判呢？,leia,02,03,Adv,02
23462,我们应该没有必要举行审判才对吧？只要没了审判的心理压力，这里的生活应该能变得轻松很多，不是吗？,leia,02,03,Adv,02
23463,你说得也有道理。真希望不要再举行审判……不理解为什么非得一直坚持举行这么残忍的事情。,miria,02,03,Adv,02
23464,梅露露死了以后，典狱长依然若无其事地照常推进审判。监牢的生活也没有任何变化。,system,02,03,Adv,02
23465,说不定典狱长它自己也有什么想法呢。,sherry,02,03,Adv,02
23466,……啧，别在这里说这些有的没的，直接去问那只鸟不是更快？,alisa,02,03,Adv,02
23467,我立刻举起了手。,system,02,03,Adv,02
23468,关于这件事，我想说几句。,hiro,02,03,Adv,02
23469,我也对此感到很疑惑，早就质问过典狱长了。,hiro,02,03,Adv,02
23470,有一次，我偶然遇到典狱长在我眼前飞过，就把它给抓住了。,system,02,03,Adv,02
23471,为了让它跑不掉，我用尽全身力气把它紧抓着提了起来。,system,02,03,Adv,02
23472,……真是太粗鲁了。突然抓住我干嘛呢？我可是禁止触摸的鸟。,warden,02,03,Adv,02
23473,我已经逐渐习惯典狱长这种故意惹人不快的言行。我冷眼看着它，淡淡地说道。,system,02,03,Adv,02
23474,我有事想再问问你。,hiro,02,03,Adv,02
23475,你说过，这座监牢的管理者是梅露露对吧。,hiro,02,03,Adv,02
23476,不管是杀人还是审判，全都是她在背后一手操纵的。……是这么一回事对吧？,hiro,02,03,Adv,02
23477,…………,warden,02,03,Adv,02
23478,典狱长沉默了。我不理会它的反应，继续问下去。,system,02,03,Adv,02
23479,既然梅露露死了，继续审判我们应该已经没有意义了才对。,hiro,02,03,Adv,02
23480,还是说……你有继续下去的理由？有不得不继承梅露露遗志的理由？,hiro,02,03,Adv,02
23481,……我不知道你在说什么。我只是听命代为管理这里而已。,warden,02,03,Adv,02
23482,只要有人死了，就举行魔女审判。一旦查出犯下杀人罪行的魔女，就将其处死……,warden,02,03,Adv,02
23483,就算梅露露大人死了，这座监牢的运作系统也不会变更的。,warden,02,03,Adv,02
23484,不管梅露露活着还是死了，都一样。,system,02,03,Adv,02
23485,魔女会杀人。魔女会受到杀人冲动的驱使，夺去他人的性命。,system,02,03,Adv,02
23486,我们这群少女依然是充满危险的存在，这个前提没有改变。……它说的就是这个意思吧。,system,02,03,Adv,02
23487,说实话，变更这个那个，都是很麻烦的……不过，没有立刻把你们全都扑杀，你们就该谢天谢地了吧？,warden,02,03,Adv,02
23488,结果还是一切照旧……,hanna,02,03,Adv,02
23489,汉娜这句低语，让气氛变得凝重。,system,02,03,Adv,02
23490,大家听我说，我们不能放弃希望！,leia,02,03,Adv,02
23491,就像要撕裂这沉重的氛围一般，蕾雅大声说道。,system,02,03,Adv,02
23492,我们确实依然是囚徒之身……被杀死或是被处刑，这些危险都时刻伴随着我们。,leia,02,03,Adv,02
23493,可这一切也许都要看我们自己怎么行动。让我们坚强起来，做一些力所能及的事吧！,leia,02,03,Adv,02
23494,为了鼓舞在场的人，蕾雅用铿锵有力的声音说道。,system,02,03,Adv,02
23495,（力所能及的事，吗。我要想办法把大魔女……）,hiro,02,03,Adv,02
23496,我们首先要做的，就是——,leia,02,03,Adv,02
23497,通力合作，打造一场精彩的舞台剧！,leia,02,03,Adv,02
23498,——蕾雅满脸笑容，坚定地说道。,system,02,03,Adv,02
23499,哈？,hiro,02,03,Adv,02
23500,嗯？怎么啦？,leia,02,03,Adv,02
23501,我不由自主地发出反问。蕾雅却用充满期待的眼光疑惑地看着我。,system,02,03,Adv,02
23502,不是吧，你还打算做下去？,hanna,02,03,Adv,02
23503,那是当然。汉娜不也已经为我们做了好几件漂亮的戏服了嘛。我可不打算浪费哦。,leia,02,03,Adv,02
23504,面对笑眯眯的蕾雅，汉娜红着脸移开了视线。,system,02,03,Adv,02
23505,哼、哼……！这么明显的奉承，人家才不会高兴呢！,hanna,02,03,Adv,02
23506,可你刚才稍微嘴角上翘了一下对吧？,sherry,02,03,Adv,02
23507,才没有！,hanna,02,03,Adv,02
23508,在不知不觉间，凝重的气氛变得稍微轻快了些。,system,02,03,Adv,02
23509,剧本……我跟米莉亚已经写出来了一部分。,anan,02,03,Adv,02
23510,安安递给蕾雅一沓纸片。,system,02,03,Adv,02
23511,噢噢，安安，米莉亚，谢谢你们！,leia,02,03,Adv,02
23512,大叔我只是随便看了一下内容而已啦～。,miria,02,03,Adv,02
23513,一众少女一改刚才阴郁的心情，开始热烈地讨论起舞台剧的事情。,system,02,03,Adv,02
23514,其中也有拒绝参与这个话题的人。,system,02,03,Adv,02
23515,哼……随你们便。,alisa,02,03,Adv,02
23516,亚里沙转身走出了房间。,system,02,03,Adv,02
23517,至于我——我没有离开。我的心里充满了犹豫。,system,02,03,Adv,02
23518,（我必须优先调查大魔女的事情）,hiro,02,03,Adv,02
23519,（但蕾雅说的没错，构建稳固的信赖关系也很重要……）,hiro,02,03,Adv,02
23520,之前蕾雅之所以会提议制作舞台剧，就是为了加深各位少女之间的感情。,system,02,03,Adv,02
23521,互相了解，培养对彼此的好感。这样说不定就能遏制凶杀案发生。,system,02,03,Adv,02
23522,（蕾雅的提案是正确的。为了哪怕是减少一点点凶案发生的可能性，也要考虑她的提案）,hiro,02,03,Adv,02
23523,她们全都是受害者。,system,02,03,Adv,02
23524,而且她们仍然有着变成魔女的危险。谁都不知道会在什么时候、因为什么契机，导致凶杀案发生。,system,02,03,Adv,02
23525,——既然如此，每个人都应该得到正确的救赎。,system,02,03,Adv,02
23526,即使其中包括我厌恶的人。,system,02,03,Adv,02
23527,我悄悄看向艾玛。,system,02,03,Adv,02
23528,…………,ema,02,03,Adv,02
23529,艾玛提议越狱，被其他人否决，现在依然显得有点泄气。,system,02,03,Adv,02
23530,（我对艾玛的负面感情并没有消失）,hiro,02,03,Adv,02
23531,（可就算我再怎么厌恶她，她同样也是受害者之一）,hiro,02,03,Adv,02
23532,我甚至曾经计划杀死艾玛，但现在这股冲动已经按捺下来。,system,02,03,Adv,02
23533,而且……在上一次审判里跟艾玛发生过冲突后，我的情感也发生了些许动摇。,system,02,03,Adv,02
23534,——我心中的艾玛，到底是真正的她吗？,system,02,03,Adv,02
23535,（竟然会觉得迷茫，这一点都不像平常的我）,hiro,02,03,Adv,02
23536,我说，蕾雅。诺亚也很期待舞台剧。,noa,02,03,Adv,02
23537,当然，能画出很多很多画，诺亚也很开心哦？不过，大家演戏的样子，也想赶快看到呢。,noa,02,03,Adv,02
23538,听到诺亚的声音，我下定了决心。,system,02,03,Adv,02
23539,曾经，我决心跟其他人保持距离。可是——,system,02,03,Adv,02
23540,（我也试着主动接近别人吧）,hiro,02,03,Adv,02
23541,……蕾雅，我能插一句吗。,hiro,02,03,Adv,02
23542,诺亚跟蕾雅在开心地说着话。我走到她们身边说道。,system,02,03,Adv,02
23543,关于舞台剧的制作，能不能也让我搭把手。,hiro,02,03,Adv,02
23544,蕾雅的脸上闪过一阵错愕的神色。,system,02,03,Adv,02
23545,真……,leia,02,03,Adv,02
23546,真的吗，希罗！？,leia,02,03,Adv,02
23547,蕾雅兴奋地双手抓住我的肩膀。,system,02,03,Adv,02
23548,用不着这么惊讶吧？还有，脸凑太近了。,hiro,02,03,Adv,02
23549,不不，这可太令人惊讶了……应该说，这提议太让我高兴了！,leia,02,03,Adv,02
23550,啊啊，简直好极了！,leia,02,03,Adv,02
23551,无视我摆出的冷漠态度，蕾雅夸张地表达着自己的喜悦。那喜形于色的样子，仿佛马上就要高歌一曲。,system,02,03,Adv,02
23552,……所以，我该做些什么呢。,hiro,02,03,Adv,02
23553,我想想啊……,leia,02,03,Adv,02
23554,蕾雅托着下巴，直勾勾地盯着我看。,system,02,03,Adv,02
23555,她把我从头顶到脚尖都仔仔细细观察了一通。,system,02,03,Adv,02
23556,？,hiro,02,03,Adv,02
23557,以希罗的外貌，只当个后台工作人员实在浪费。,leia,02,03,Adv,02
23558,请你务必跟我一同站上舞台！,leia,02,03,Adv,02
23559,……请容我拒绝。,hiro,02,03,Adv,02
23560,你站在舞台上的身姿……我想，这绝对会是一个动人的画面。,leia,02,03,Adv,02
23561,看来蕾雅没有听到我刚才说的话。,system,02,03,Adv,02
23562,到底哪个角色适合希罗呢……,leia,02,03,Adv,02
23563,要不把小仙子这个角色增加到两个，怎么样！？,sherry,02,03,Adv,02
23564,不错哦！不过，下血本安排一个原创的反派角色也挺……,leia,02,03,Adv,02
23565,这样不行，那样不好。蕾雅她们几个快乐地交谈着。,system,02,03,Adv,02
23566,（……但我从没说过要上台表演）,hiro,02,03,Adv,02
23567,我实在拿她们没有办法，只能叹气。但我也因此找回了些许笑容。,system,02,03,Adv,02
23568,第二天午餐过后。看到蕾雅正要走出餐厅，我喊住了她。,system,02,03,Adv,03
23569,接下来是放风时间，你们是要推进舞台剧制作进度吧？希望也能让我做点什么。,hiro,02,03,Adv,03
23570,刚才用餐的时候，众人也是围绕着蕾雅一直热烈地讨论舞台剧的事。,system,02,03,Adv,03
23571,如今，制作舞台剧这件事已经变成把我们联系起来的纽带了。,system,02,03,Adv,03
23572,谢谢你能这么快就来帮忙。我想想啊……希罗有什么专长呢？,leia,02,03,Adv,03
23573,某种意义上来说，这问题真不好回答。基本上无论什么工作我都有自信能做好。,hiro,02,03,Adv,03
23574,这样啊，跟艾玛说的一样呢。不管是学业还是运动，各方各面都完美无缺。到手的荣誉数不胜数。,leia,02,03,Adv,03
23575,……艾玛说的？,hiro,02,03,Adv,03
23576,是啊。为了让我明白你是多么厉害的人，她跟我说了很多哦。,leia,02,03,Adv,03
23577,……原来是这样。知道自己不在场时被他人说三道四，不是什么很开心的事。,hiro,02,03,Adv,03
23578,抱歉。是我主动去问艾玛的。希望你不要责怪她。,leia,02,03,Adv,03
23579,蕾雅垂着眼，一副深感抱歉的模样。,system,02,03,Adv,03
23580,……我并不打算责怪谁。所以说到底，我该干什么？,hiro,02,03,Adv,03
23581,啊啊……要不希罗就先看看其他人在干什么吧。,leia,02,03,Adv,03
23582,都看过以后，就选一件感觉自己能做到，或者自己想做的事情去做，你觉得怎么样？,leia,02,03,Adv,03
23583,没有异议。,hiro,02,03,Adv,03
23584,我接受了蕾雅的提议，观摩了一番各人的工作。,system,02,03,Adv,03
23585,走进中庭的时候，我看到亚里沙正躺在吊床上歇息。,system,02,03,Adv,05
23586,你不打算参加舞台剧制作吗？,hiro,02,03,Adv,05
23587,我走到亚里沙身边对她说道。亚里沙嫌弃地坐起身来。,system,02,03,Adv,05
23588,谁要干那种事。,alisa,02,03,Adv,05
23589,为什么？你应该多提升自己和他人的协作能力。,hiro,02,03,Adv,05
23590,亚里沙厌烦地瞪了瞪我。,system,02,03,Adv,05
23591,切……烦不烦啊。而且说回来，你一开始不是也反对吗。,alisa,02,03,Adv,05
23592,是啊。但是，我现在认为这是有必要的。,hiro,02,03,Adv,05
23593,加深大家的感情，有助于抑制凶杀案发生。我不希望再有人牺牲了。,hiro,02,03,Adv,05
23594,……你这些话都是真心的？依我看，你是最有可能动手杀人的那个就是了。,alisa,02,03,Adv,05
23595,仿佛在揣摩我的真实想法一般，亚里沙直勾勾地盯着我看。,system,02,03,Adv,05
23596,你这家伙的话果然信不过。怎么可能跟你这种人好好相处。,alisa,02,03,Adv,05
23597,这点我深有同感。我也不觉得能跟你好好相处。,hiro,02,03,Adv,05
23598,可是基本的协作能力还是要有的吧？,hiro,02,03,Adv,05
23599,我向亚里沙露出一个微笑。但她却恶狠狠地瞪了瞪我，那双眼睛仿佛要喷出熊熊大火似的。,system,02,03,Adv,05
23600,周围的空气一下子剑拔弩张起来。,system,02,03,Adv,05
23601,希罗，还有亚里沙，你们在聊什么呀？,leia,02,03,Adv,05
23602,又来了一个烦人的家伙……,alisa,02,03,Adv,05
23603,蕾雅出现后，亚里沙紧绷的弦突然放松，声音中有些逃避的意思。,system,02,03,Adv,05
23604,我是不是打扰你们聊天了？,leia,02,03,Adv,05
23605,没有，我们就只是闲聊。,hiro,02,03,Adv,05
23606,那就好。话说回来……希罗，你决定好要干什么没有？,leia,02,03,Adv,05
23607,还没有。我还正在看呢。,hiro,02,03,Adv,05
23608,是吗。不用焦急，仔细想好再决定就行。,leia,02,03,Adv,05
23609,你到这里来是要干什么？,hiro,02,03,Adv,05
23610,我想一边研读剧本，一边简单练习一下台词。,leia,02,03,Adv,05
23611,给我到其他地方练习去啊……,alisa,02,03,Adv,05
23612,不好意思，那可能有点难。因为正式表演我也打算在这里办。,leia,02,03,Adv,05
23613,只是练习而已，你到其他地方不也照样能练。,alisa,02,03,Adv,05
23614,我想尽量在一个跟表演场地相近的环境下排练嘛。,leia,02,03,Adv,05
23615,一提到舞台剧，蕾雅会变得很严肃，同时也让人感觉乐在其中。,system,02,03,Adv,05
23616,看来，她身上散发出来的光芒，以及积极向上的态度，正是一种能牵引其他人一同前进的力量。,system,02,03,Adv,05
23617,啊对了，正好你在这里。其实我有事想拜托亚里沙帮忙。,leia,02,03,Adv,05
23618,啊？突然说的什么啊。,alisa,02,03,Adv,05
23619,我想在剧中增加角色。希望亚里沙也能……,leia,02,03,Adv,05
23620,我绝对不会答应。,alisa,02,03,Adv,05
23621,不等蕾雅说完，亚里沙就打断她的话，表现出拒绝的态度。,system,02,03,Adv,05
23622,别这么说嘛！这个角色只能交给你来演！是司掌火焰的小仙子……！,leia,02,03,Adv,05
23623,……为什么是我来演小仙子啊！应该还有其他角色吧！？不对，我根本不打算演什么舞台剧！,alisa,02,03,Adv,05
23624,等等，亚里沙！,leia,02,03,Adv,05
23625,走掉了……,leia,02,03,Adv,05
23626,看着亚里沙飞奔而去的背影，蕾雅沮丧地小声说道。,system,02,03,Adv,05
23627,对了，希罗。,leia,02,03,Adv,05
23628,蕾雅转头看向我，这时她已经换上了一副和善的笑容。,system,02,03,Adv,05
23629,变脸变得真快啊。怎么有一种不祥的预感……,hiro,02,03,Adv,05
23630,我啊，还是想让你也来演小仙子。,leia,02,03,Adv,05
23631,怎么又是小仙子。,hiro,02,03,Adv,05
23632,可是你想想，小仙子们围绕着我这个主演，是给周围增色的角色！我认为这是舞台剧中非常重要的一点！,leia,02,03,Adv,05
23633,请容我拒绝。我再找找看有什么能帮忙的。,hiro,02,03,Adv,05
23634,不管是亚里沙还是希罗都不好摆平呢。但我是不会放弃的……呵呵呵。,leia,02,03,Adv,05
23635,背后传来蕾雅无所畏忌的笑声。,system,02,03,Adv,05
23636,我到画室看了看，发现诺亚跟安安坐在桌边。,system,02,03,Adv,06
23637,她们两个都正埋头干活。诺亚嘴里边哼着歌边画画，而安安——,system,02,03,Adv,06
23638,姆唔唔……,anan,02,03,Adv,06
23639,则是神情严峻地盯着一大沓纸。,system,02,03,Adv,06
23640,安安，还行不？想到什么能让主角大展身手的情节了吗？,noa,02,03,Adv,06
23641,『此刻吾辈正在等待天启降临』,anan,02,03,Adv,06
23642,那就是说，还没想到？,noa,02,03,Adv,06
23643,唔……,anan,02,03,Adv,06
23644,诺亚不经意的一句话，让安安发出烦恼的声音。,system,02,03,Adv,06
23645,这一刻，她们两个看起来就像是正在学校上课的同学，场面令人欣慰，但……,system,02,03,Adv,06
23646,『这种的怎样？』,anan,02,03,Adv,06
23647,安安把一张写满文字的纸张塞给诺亚。,system,02,03,Adv,06
23648,我看看……,noa,02,03,Adv,06
23649,欸……主角怎么在这个地方就死掉，没见过这种的啊。,noa,02,03,Adv,06
23650,粗略看了一遍内容，诺亚语气略带不满地说道。,system,02,03,Adv,06
23651,『你不觉得，就是这样才够新颖吗？重要的是，不要被固有框架限制住想像力』,anan,02,03,Adv,06
23652,『诺亚同为艺术家，肯定能够理解吾辈！』,anan,02,03,Adv,06
23653,话是这么说……可我觉得有些地方是不能改的。,noa,02,03,Adv,06
23654,可恶，果然不行吗……！,anan,02,03,Adv,06
23655,安安把纸片揉成一团，随手丢弃在地上。,system,02,03,Adv,06
23656,啊啊，诺亚也画歪了～扔了。,noa,02,03,Adv,06
23657,…………,hiro,02,03,Adv,06
23658,令人欣慰。嗯，欣慰是欣慰……可在我看来，不停地往地上扔纸团，这种行为是不正确的。,system,02,03,Adv,06
23659,（我得提醒一下，让她们尽快打扫……）,hiro,02,03,Adv,06
23660,……不小心连笔也给一起扔了。笔在哪？诺亚，你有没有看到？,anan,02,03,Adv,06
23661,嗯～？在哪里呢？,noa,02,03,Adv,06
23662,诺亚四处张望的时候发现了我。,system,02,03,Adv,06
23663,啊，是希罗。希罗，你有没有看到安安的笔？,noa,02,03,Adv,06
23664,我才刚来，肯定没看见啊。你们要把身边收拾得更加整洁才行。,hiro,02,03,Adv,06
23665,啊，真的，到处都乱糟糟的……,noa,02,03,Adv,06
23666,算了。正好我也在找有什么能帮忙的地方。我来帮你们收拾，你们就继续做好自己的工作吧。,hiro,02,03,Adv,06
23667,嘿嘿，希罗，谢谢你。对了，就是呢，诺亚我……,noa,02,03,Adv,06
23668,诺亚刚想对我说些什么，却突然尴尬地把话吞了回去。,system,02,03,Adv,06
23669,还是算了！,noa,02,03,Adv,06
23670,（怎么回事？她想跟我说什么……？）,hiro,02,03,Adv,06
23671,吾辈的笔在哪里……天启快要降临了啊……,anan,02,03,Adv,06
23672,在我跟诺亚说话期间，安安一直垂头丧气，眼角挂着泪花，深深叹气。,system,02,03,Adv,06
23673,你的笔就由我来找。暂时先用这个吧。,hiro,02,03,Adv,06
23674,麻……麻烦你了……,anan,02,03,Adv,06
23675,我递给安安一支钢笔，脑海里突然闪现出一段似曾相识的回忆。,system,02,03,Adv,06
23676,笔盒找不到了……到底藏哪里去了。,ema,02,03,Adv,06
23677,真过分。老是故意找茬……,ema,02,03,Adv,06
23678,也不知道是谁干的。真叫人生气。,hiro,02,03,Adv,06
23679,……找不到也没办法。我的钢笔给你。明天起，你就用这支笔吧。,hiro,02,03,Adv,06
23680,虽然是我用旧的东西，但班上同学应该都知道这是我常用的笔。,hiro,02,03,Adv,06
23681,这样，他们应该就不会轻易下手了。,hiro,02,03,Adv,06
23682,哇啊，真好！我以前就一直觉得，希罗的钢笔超级气派的！,ema,02,03,Adv,06
23683,真是太好了，——。,ema,02,03,Adv,06
23684,你打起精神来嘛。对了，暑假时要不要晚上在这里碰面？,ema,02,03,Adv,06
23685,这个屋顶，可是看烟花的头等席哦！可漂亮了！,ema,02,03,Adv,06
23686,可是，烟花是晚上八点才开始吧？你们家也有门禁对吧。我们要守规矩才行。,hiro,02,03,Adv,06
23687,就算监护人允许了，我们也不应该在外面玩得太晚。,hiro,02,03,Adv,06
23688,真是的，希罗你总是这么一本正经……你呢？你觉得怎样？,ema,02,03,Adv,06
23689,（那时候我们约好了，要一起在屋顶看烟花）,hiro,02,03,Adv,06
23690,（……可是最终，这个约定没能实现）,hiro,02,03,Adv,06
23691,记忆的潮水向我汹涌袭来，把那天的晚霞冲刷得格外清晰。每次我想要深呼吸时，喉咙都会一阵哽咽。,system,02,03,Adv,06
23692,我紧紧握住拳头，强行把意识拉回现实中来。,system,02,03,Adv,06
23693,等我找到你的笔，记得把这支钢笔还我。,hiro,02,03,Adv,06
23694,跟安安说完，我就开始收拾起散落在地面上的纸张。,system,02,03,Adv,06
23695,地上有几张软趴趴的纸，看着像泡过水似的。我不由得在意起来。,system,02,03,Adv,06
23696,这软趴趴的纸是怎么回事？,hiro,02,03,Adv,06
23697,啊啊你说那些？那是我用稀释得很淡的颜料画出来的画哦。,noa,02,03,Adv,06
23698,……原来是这样。,hiro,02,03,Adv,06
23699,确实像她说的那样，纸面上能看到一片片淡淡的颜料残渍。,system,02,03,Adv,06
23700,但是，说实话无法判别到底画的是什么。,system,02,03,Adv,06
23701,（是花纹吗？也有一点像吧。可能这就是所谓艺术吧）,hiro,02,03,Adv,06
23702,艺术真的很深奥……,hiro,02,03,Adv,06
23703,我把好几个纸团扔进垃圾桶以后，找到了安安的笔。,system,02,03,Adv,06
23704,看，找到你的笔了。这样你就可以集中精神了吧。,hiro,02,03,Adv,06
23705,……是啊。,anan,02,03,Adv,06
23706,不知道为什么，安安一脸不爽，一手把笔给抢走了。,system,02,03,Adv,06
23707,她刚摆出一副要奋笔疾书的样子，就突然抱着头趴在桌上。,system,02,03,Adv,06
23708,唔……唔唔。瓶颈期到了。,anan,02,03,Adv,06
23709,可我看你也没写几个字啊？,hiro,02,03,Adv,06
23710,安安啪地一下抬起头来看向我，仿佛有话要对我说似的。,system,02,03,Adv,06
23711,……艾玛演温蒂，不好。,anan,02,03,Adv,06
23712,艾玛吗？欸，为什么这么说？,noa,02,03,Adv,06
23713,因为……,anan,02,03,Adv,06
23714,诺亚的问题让安安顿时语塞。,system,02,03,Adv,06
23715,她随即转头看向装饰在画室里的舞台服。,system,02,03,Adv,06
23716,……吾辈也想在天上飞。,anan,02,03,Adv,06
23717,听到她低声嘟哝，我立刻就明白过来。,system,02,03,Adv,06
23718,原来是这个意思。你想演温蒂吗。,hiro,02,03,Adv,06
23719,是这样啊！那我们跟大家商量一下嘛！,noa,02,03,Adv,06
23720,说不定现在还能换角色！,noa,02,03,Adv,06
23721,『我上不了舞台演戏。吾辈写剧本就好』,anan,02,03,Adv,06
23722,可能是后悔把那种话说出口吧，安安用力摇了摇头，再次陷入烦恼。,system,02,03,Adv,06
23723,可是……完全写不下去……,anan,02,03,Adv,06
23724,嗯……不在状态的时候索性找其他事情干，转换一下心情也挺好的吧？,noa,02,03,Adv,06
23725,……例如呢？干什么好？,anan,02,03,Adv,06
23726,嗯……干你喜欢的事就好哦。安安喜欢干什么呢？,noa,02,03,Adv,06
23727,……吾辈喜欢写小说。,anan,02,03,Adv,06
23728,这个好！我想看安安写的小说～,noa,02,03,Adv,06
23729,……！,anan,02,03,Adv,06
23730,希罗也想看对不对？,noa,02,03,Adv,06
23731,诺亚向我问道。我……,system,02,03,Adv,06
23732,回答道：有兴趣,@choice |#0203Adv06_Choice001| button:ChoiceButtons/Adv/Bad,02,03,Adv,06
23733,支支吾吾含糊其辞,@choice |#0203Adv06_Choice002|,02,03,Adv,06
23734,我也不是不想看，只是现在我得先打扫。,hiro,02,03,Adv,06
23735,随口一句话搪塞过去后我就走开了。,system,02,03,Adv,06
23736,诺亚跟安安在一旁热烈地讨论着小说或绘画的话题，而我只是默默地继续打扫画室。,system,02,03,Adv,06
23737,就在我把到处乱放的全新画布全部整理到一个地方的时候。,system,02,03,Adv,06
23738,（嗯……？）,hiro,02,03,Adv,06
23739,在拿起其中一块画布时，我突然发现背面有些奇怪。,system,02,03,Adv,06
23740,背面的木框上有一条小小的裂缝。我用手指往里抠了一下，摸到了一个东西。从粗糙的触感来看，那应该是纸片。,system,02,03,Adv,06
23741,（什么东西……？）,hiro,02,03,Adv,06
23742,我小心翼翼地把里面的东西扯出来，发现那是一张叠起来的纸片。,system,02,03,Adv,06
23743,纸片已经泛黄，边缘也磨得起毛，看起来放了很久。,system,02,03,Adv,06
23744,（上面写的是……关于大魔女的……！）,hiro,02,03,Adv,06
23745,希罗，怎么啦？,noa,02,03,Adv,06
23746,……不，没什么。,hiro,02,03,Adv,06
23747,我连忙把纸条塞进口袋里，随便应付了几句就继续打扫起来。,system,02,03,Adv,06
23748,艾玛，很好哦～哦，侧面角度也棒极了～,miria,02,03,Adv,07
23749,我、我说，米莉亚……别拍了，你帮我看看我演得怎样吧……,ema,02,03,Adv,07
23750,为难的表情也好可爱啊～,miria,02,03,Adv,07
23751,当我进入娱乐室的时候，正好看到米莉亚拿着手机围着艾玛转。,system,02,03,Adv,07
23752,快门声咔嚓咔嚓地不停在房间内回响。,system,02,03,Adv,07
23753,你们这……是在干什么？,hiro,02,03,Adv,07
23754,我无法判断是否可以走进房间内，只好站在门口问道。,system,02,03,Adv,07
23755,啊，希罗……我们这是……,ema,02,03,Adv,07
23756,艾玛对我的态度有着些许的不知所措。,system,02,03,Adv,07
23757,可能是因为之前的冲突让她心有余悸。,system,02,03,Adv,07
23758,在地下的房间里，我跟艾玛依然完全没有交流。这种疏远的关系一直维持至今。,system,02,03,Adv,07
23759,剧本不是已经出来了嘛？虽然就只有开头的一点点。,miria,02,03,Adv,07
23760,艾玛吞吞吐吐地说不出话来，米莉亚便代她开口，向我说明事情的缘由。,system,02,03,Adv,07
23761,所以艾玛就来找大叔我来帮忙看看她演得怎样。,miria,02,03,Adv,07
23762,……可我看你们也不像是那么回事啊。,hiro,02,03,Adv,07
23763,听到我的疑问，米莉亚难为情地笑了笑。,system,02,03,Adv,07
23764,这个嘛……怎么说呢……,miria,02,03,Adv,07
23765,米莉亚含糊其辞的模样让我不解。,system,02,03,Adv,07
23766,就在这时候，米莉亚突然露出一副恍然大悟的模样，迅速把手机镜头对准我。,system,02,03,Adv,07
23767,然后——,system,02,03,Adv,07
23768,不知道出于什么想法，她给我拍了一张照。,system,02,03,Adv,07
23769,仔细检查过手机上的画面后，米莉亚满意地点了点头。,system,02,03,Adv,07
23770,接着，她把手机递到我面前。,system,02,03,Adv,07
23771,看，拍得很可爱哦。,miria,02,03,Adv,07
23772,手机画面上显示的，是我歪着头，一脸不明所以的照片。,system,02,03,Adv,07
23773,……你这是想干什么？,hiro,02,03,Adv,07
23774,这种行为着实让人不快。我皱着眉头，用镇静的语气问道。,system,02,03,Adv,07
23775,突、突然给你拍照，对不起！最近大叔我有点沉迷摄影嘛。,miria,02,03,Adv,07
23776,米莉亚慌忙向我解释道。但她在下一瞬间，却显得有些忧伤。,system,02,03,Adv,07
23777,我们以后会怎样，不是谁都说不准嘛？所以啊……,miria,02,03,Adv,07
23778,大叔我就想着……要把现在的每一个瞬间都记录下来！,miria,02,03,Adv,07
23779,可是这样突然拍别人确实很没礼貌吧。大叔我就是看着可爱，一下子没忍住……,miria,02,03,Adv,07
23780,……没错。未经允许擅自拍下照片，被拍的人心里肯定会觉得不舒服。,hiro,02,03,Adv,07
23781,这种行为还有可能侵害他人肖像权。,hiro,02,03,Adv,07
23782,假如你未经本人同意私自将照片公开，也有可能被判定为诽谤或者侵犯个人隐私。,hiro,02,03,Adv,07
23783,我沉声静气地向米莉亚讲述刑法的相关条文。,system,02,03,Adv,07
23784,若被认定造成诽谤，将可能判处三年以下的有期徒刑，并处五十万日元以下的罚款。,system,02,03,Adv,07
23785,说到这里，米莉亚已经吓得脸色发白，看着都让我觉得可怜。,system,02,03,Adv,07
23786,原来是这样……呜呜……以后我会注意……,miria,02,03,Adv,07
23787,可是，可是啊，大叔我绝对不会把照片乱上传或者公开哦。,miria,02,03,Adv,07
23788,这一点我可以对天发誓，不过，大叔我已经知道错了。,miria,02,03,Adv,07
23789,米莉亚低头丧气的，看起来已经在反省。,system,02,03,Adv,07
23790,说不定没必要担心那么多。也许外面世界的法律对我们来说已经没有意义了。因为，我们早就是笼中鸟、阶下囚。,system,02,03,Adv,07
23791,（话题虽然跑偏了，但我基本上明白了事情的前因后果）,hiro,02,03,Adv,07
23792,在品评艾玛演技如何的过程中，米莉亚受到刚才所说的那股冲动驱使，开始给艾玛拍照。,system,02,03,Adv,07
23793,尽心尽力的艾玛那么的楚楚可怜……,miria,02,03,Adv,07
23794,台词说得磕磕巴巴，紧张得动作都不利索。,system,02,03,Adv,07
23795,反正就是这一切全都戳中了米莉亚的喜好。就像受到某种使命感所驱使一般，她大力主张这一点。,system,02,03,Adv,07
23796,那么可爱的样子一定得拍下来才行！,miria,02,03,Adv,07
23797,唔唔……你别这样，太难为情了。,ema,02,03,Adv,07
23798,艾玛红着脸挤出这句话来。突然，她神色黯淡，垂下头来。,system,02,03,Adv,07
23799,可是……选我真的好吗。,ema,02,03,Adv,07
23800,欸，你说的哪回事？,miria,02,03,Adv,07
23801,我是个外行，演技完全不行，就连背台词，都完全没有自信能做好……,ema,02,03,Adv,07
23802,我这么没用，却让我出演重要角色，还给我做了这么漂亮的舞台服……,ema,02,03,Adv,07
23803,然后呢？难不成你还想说要辞演？,hiro,02,03,Adv,07
23804,我不由地插嘴道。话语不受我的控制冲口而出。,system,02,03,Adv,07
23805,除了蕾雅以外，所有人都是外行。就算是这样，大家都斗志昂扬地在努力。一句“没有自信”，你就想擅自一个人放弃？,hiro,02,03,Adv,07
23806,我、我没有这个意思！,ema,02,03,Adv,07
23807,艾玛慌了神似的极力否定。,system,02,03,Adv,07
23808,我肯定也是想努力的……我只是，觉得心里没底……,ema,02,03,Adv,07
23809,艾玛垂着眼，声音小得仿佛随时会消散在空气中。,system,02,03,Adv,07
23810,欸……那个……,miria,02,03,Adv,07
23811,站在我和艾玛之间的米莉亚看起来有点尴尬，眼神游移不定。,system,02,03,Adv,07
23812,察觉到这一点后，我深深地呼出一口气。,system,02,03,Adv,07
23813,虽然理智上知道应该怎么做，但心里却仍有某种感情无法释怀。,system,02,03,Adv,07
23814,为了避免出现更多的牺牲，就算只是表面上也好，我跟艾玛的关系也必须找到一个折中的点才行。,system,02,03,Adv,07
23815,（我果然还是尽量避免跟艾玛对话为好）,hiro,02,03,Adv,07
23816,我无言，转身离开了娱乐室。,system,02,03,Adv,07
23817,一走出监牢我就看到了汉娜跟雪莉。,system,02,03,Adv,08
23818,她们两个正拿着湿透的衣服站在树下。,system,02,03,Adv,08
23819,树与树之间挂了一根绳子，看来她们是想晾晒衣服。,system,02,03,Adv,08
23820,等等，雪莉！晾的时候请先把衣服的皱褶给拉平！,hanna,02,03,Adv,08
23821,好～是这样吗？,sherry,02,03,Adv,08
23822,听到汉娜的提醒后，雪莉便拉扯衣服……,system,02,03,Adv,08
23823,啊。,sherry,02,03,Adv,08
23824,手上的衣服就被活生生地撕开了一个大口子。,system,02,03,Adv,08
23825,不小心撕破了……欸嘿☆,sherry,02,03,Adv,08
23826,你还“欸嘿”！你真是个傻大力！,hanna,02,03,Adv,08
23827,对不起～！我也没用力啊，真没想到……,sherry,02,03,Adv,08
23828,汉娜无奈地叹了一口气，然后一把抢过雪莉手中的衣服。,system,02,03,Adv,08
23829,缝补一下应该还能穿。或者用来做舞台服的材料也行……,hanna,02,03,Adv,08
23830,……真是的，我来把皱褶整平，雪莉负责晾吧。,hanna,02,03,Adv,08
23831,好嘞～！,sherry,02,03,Adv,08
23832,你们两个辛苦了。,hiro,02,03,Adv,08
23833,听到我的问候，她们两个转过头来。,system,02,03,Adv,08
23834,啊，希罗！嗯哼！我们在晾衣服哦！,sherry,02,03,Adv,08
23835,看起来是这样呢。,hiro,02,03,Adv,08
23836,以前，汉娜曾对囚犯服表示过不满。,system,02,03,Adv,08
23837,她觉得穿了一天就拿去烧毁太浪费，洗干净了还能穿。,system,02,03,Adv,08
23838,虽然对是否违反规定有些许忧心，但汉娜好像直接跟典狱长谈判并成功获得了允许。这份行动力着实让人敬佩。,system,02,03,Adv,08
23839,自此以后，每天都能看到汉娜不辞劳苦地在洗衣服。,system,02,03,Adv,08
23840,汉娜利索地把衣服摊开拉平，俨然一副持家有道的主妇模样。,system,02,03,Adv,08
23841,嗯，这次要晾的就这么多了。接下来我就把这篮子里的都洗了。,hanna,02,03,Adv,08
23842,汉娜从身边的一个篮子里拿出衣服，放进盛满水的洗衣盆里。,system,02,03,Adv,08
23843,然后拿起一个不知道从哪里找到的洗衣板开始搓洗衣服。,system,02,03,Adv,08
23844,看我用力搓搓搓搓搓搓！,hanna,02,03,Adv,08
23845,该怎么说呢……大小姐人设跑哪去了？,sherry,02,03,Adv,08
23846,雪莉一边把汉娜交给自己的衣服晾起来，一边疑惑地说道。,system,02,03,Adv,08
23847,你话真多呢！快闭嘴给我乖乖晾衣服去好吗！,hanna,02,03,Adv,08
23848,受到汉娜斥责，雪莉赶紧继续晾衣服去了。,system,02,03,Adv,08
23849,希罗要是有空的话也给我来帮忙！,hanna,02,03,Adv,08
23850,话锋突然一转，指向了在一旁默默看着她们的我。,system,02,03,Adv,08
23851,欸？,hiro,02,03,Adv,08
23852,未等我回答，汉娜就把还没清洗的衣服扔向我。我来不及反应，一把就接住了。,system,02,03,Adv,08
23853,为什么连我也要洗衣服？,hiro,02,03,Adv,08
23854,自己穿的衣服，就应该自己洗自己晾！这不是理所当然的吗！,hanna,02,03,Adv,08
23855,汉娜扔给我的，确实就是我穿过的衣服。,system,02,03,Adv,08
23856,……这么一说，我确实也无话可说。,hiro,02,03,Adv,08
23857,汉娜的理由非常正确。最起码，我是这样认为的。,system,02,03,Adv,08
23858,我拿起另一块洗衣板，在另一个洗衣盆里开始搓洗衣服。,system,02,03,Adv,08
23859,（我就陪她们一阵子吧……）,hiro,02,03,Adv,08
23860,我帮着汉娜跟雪莉把衣服都洗好了。,system,02,03,Adv,08
23861,,system,02,03,Adv,08
23862,——过了几天。,system,02,03,Adv,09
23863,自那之后，我们一同尽心尽力投入到舞台剧的制作当中。,system,02,03,Adv,09
23864,然后——,system,02,03,Adv,09
23865,各位，可以听我说几句吗。,leia,02,03,Adv,09
23866,晚餐时刻。蕾雅突然站起来向所有人说道。,system,02,03,Adv,09
23867,首先请允许我在此向各位道谢。衷心感谢大家。,leia,02,03,Adv,09
23868,蕾雅把手放在胸口，恭敬地鞠了一躬。,system,02,03,Adv,09
23869,多亏大家的努力，舞台剧的制作进展非常顺利。,leia,02,03,Adv,09
23870,从剧本、服装，到背景制作、演技训练……,system,02,03,Adv,09
23871,在这几天里，我们一路同心协力，只为打造一场舞台剧。,system,02,03,Adv,09
23872,就连一开始那么抗拒的亚里沙，也在不知不觉中参与进来。,system,02,03,Adv,09
23873,我也在调查大魔女的空余时间内尽所能地提供协助。,system,02,03,Adv,09
23874,我自然而然地看向安安。她应该也是一直看着我，我们的视线重合了。,system,02,03,Adv,09
23875,…………,anan,02,03,Adv,09
23876,（哎呀呀）,hiro,02,03,Adv,09
23877,可能是感到窘迫吧，安安马上低下了头。我轻轻叹了一口气。,system,02,03,Adv,09
23878,明天，我们的舞台剧终于要正式开演。,leia,02,03,Adv,09
23879,蕾雅郑重其事地说道。,system,02,03,Adv,09
23880,唔、唔唔，马上就要正式上场了呢。我能好好演完吗……,ema,02,03,Adv,09
23881,我们花了这么多时间精力去练习，没问题的！如果发生什么万一，我也会来圆场！,sherry,02,03,Adv,09
23882,你这听起来也不怎么能让人放心啊……不过嘛，我觉得艾玛肯定能演好。,hanna,02,03,Adv,09
23883,咦？难不成这是在暗指我演不好？,sherry,02,03,Adv,09
23884,面对紧张的艾玛，雪莉和汉娜努力安抚。,system,02,03,Adv,09
23885,已经尽最大努力反复练习过了，所以你可以自信一点……,system,02,03,Adv,09
23886,看来她们的鼓励让艾玛放下了一些心理负担。,system,02,03,Adv,09
23887,雪莉，汉娜……谢谢你们！,ema,02,03,Adv,09
23888,安安，剧本已经没有什么需要修改的地方了对吧？,miria,02,03,Adv,09
23889,嗯，不用担心。剧本真的写得很精彩哦！,leia,02,03,Adv,09
23890,嗯，我光是读剧本就已经觉得很感人了。安安真的很厉害呢。我也会加油的。,ema,02,03,Adv,09
23891,这时安安突然站了起来。她惊恐得脸色发青。,system,02,03,Adv,09
23892,……不对。我要坦白。,anan,02,03,Adv,09
23893,欸……,ema,02,03,Adv,09
23894,写出剧本的人，不是吾辈。,anan,02,03,Adv,09
23895,安安挤出的这句话里掺杂着苦涩。,system,02,03,Adv,09
23896,吾辈，根本没写多少。所以说，那是让希罗帮忙，甚至可以说，几乎都是希罗写出来的，作品……,anan,02,03,Adv,09
23897,（用不着特意说出来吧……但我能理解她无法释怀的心情）,hiro,02,03,Adv,09
23898,这是什么时候的事……？诺亚怎么完全不知道。,noa,02,03,Adv,09
23899,吾辈写不出来，希罗察觉到这一点后，就到图书室陪吾辈一起写……,anan,02,03,Adv,09
23900,可剧情不都是你想出来的吗？那你就是参与了啊。,alisa,02,03,Adv,09
23901,就是啊！剧本是你跟希罗两个人携手创作出来的！,sherry,02,03,Adv,09
23902,…………,anan,02,03,Adv,09
23903,安安却没能接受这些安慰的话语，早已泪眼汪汪。,system,02,03,Adv,09
23904,我走到安安身旁，轻轻把手放在她的头上。,system,02,03,Adv,09
23905,确实大部分都是我在写。可是你也没有逃避，一直努力到最后。,hiro,02,03,Adv,09
23906,为了写出自己认为有趣的作品，你一直都在用心对待这份工作。,hiro,02,03,Adv,09
23907,这些我都看在眼里，我很清楚这一点。,hiro,02,03,Adv,09
23908,……嗯、嗯，诺亚也是！诺亚也很清楚，安安很拼命很努力！,noa,02,03,Adv,09
23909,没错，大叔我也看到了哦。安安真的很认真。,miria,02,03,Adv,09
23910,你胸怀如此强大的意志，今后会有长足进步的。,hiro,02,03,Adv,09
23911,你将来不是要当文豪吗？努力创作下一部作品就好。我很期待哦。,hiro,02,03,Adv,09
23912,安安终于打起精神抬起了头。,system,02,03,Adv,09
23913,没、没错……！吾辈终有一天会当上文豪。等、等着瞧吧……！,anan,02,03,Adv,09
23914,下次吾辈一定会写出一部让所有人感动得说不出话的巨作……！,anan,02,03,Adv,09
23915,好。期待你的杰作。,hiro,02,03,Adv,09
23916,安安充满朝气的宣言让在场一众少女之间的紧张气氛缓和了不少。,system,02,03,Adv,09
23917,还有诺亚还有诺亚！大家听诺亚说！背景虽然还剩一点没画完……能够画画，诺亚真的好开心～,noa,02,03,Adv,09
23918,做布景的时候啊，亚里沙帮了诺亚很多很多哦。,noa,02,03,Adv,09
23919,啧，谁叫你老在中庭晃悠，我是没办法才做。,alisa,02,03,Adv,09
23920,（——蕾雅的计划很顺利）,hiro,02,03,Adv,09
23921,我打从心底地感受到。,system,02,03,Adv,09
23922,通过制作这场舞台剧，确实加深了彼此之间的交流。我甚至觉得，我们之间正在开始产生一种无法割舍的纽带。,system,02,03,Adv,09
23923,（即使不论那些，上演舞台剧这件事本身就让我非常期待……）,hiro,02,03,Adv,09
23924,就让典狱长和看守一起来欣赏我们倾心打造的精彩表演吧。,leia,02,03,Adv,09
23925,只要看到我们之间关系有多么融洽，联系有多么紧密，说不定它们就会改变心意。,leia,02,03,Adv,09
23926,蕾雅眼中散发着光彩，满怀热情地谈着心中理想。,system,02,03,Adv,09
23927,——这群少女同心协力打造出一场舞台剧，并且这期间无人被杀，所以她们已经不会再变成魔女了。让它们得出这样的结论，并释放所有人。,system,02,03,Adv,09
23928,如果事情能这样发展，那该有多好。,system,02,03,Adv,09
23929,说得对……嗯，加油吧！,ema,02,03,Adv,09
23930,蕾雅说的这些，说到底只是理想化的愿望。尽管如此，她们也想要心怀希望吧。,system,02,03,Adv,09
23931,大家都认同这个理想，为了正式上演，正在不断巩固彼此之间的团结。,system,02,03,Adv,09
23932,与此同时，我的心中也怀着一份冷静。,system,02,03,Adv,09
23933,只是让它们看一场舞台剧，不可能让我们的状况发生任何改变。,system,02,03,Adv,09
23934,（就算是这样，这一切也有意义）,hiro,02,03,Adv,09
23935,巩固彼此的关系确实有效。最近这几天，完全没有会发生凶杀案的氛围。,system,02,03,Adv,09
23936,据我所知，这几天大家没有发生任何争执，日子过得非常平和。,system,02,03,Adv,09
23937,虽然我跟艾玛之间的关系依然别扭。,system,02,03,Adv,09
23938,不再让任何人继续牺牲，并制裁一切不幸的元凶——大魔女。,system,02,03,Adv,09
23939,这些一定都会顺利实现。,system,02,03,Adv,09
23940,虽然我并不会胸怀这种天真的理想，但这几天的经历，让我也逐渐变得积极乐观起来。,system,02,03,Adv,09
23941,晚餐后，放风时间到了。,system,02,03,Adv,10
23942,冲完澡后，我在二楼的过道漫无目的地散步。,system,02,03,Adv,10
23943,（要不去图书室看看……说不定能发现什么跟大魔女有关系的线索）,hiro,02,03,Adv,10
23944,就在我前往图书室的路上，画室中传来了声响。,system,02,03,Adv,10
23945,（画室里有人？）,hiro,02,03,Adv,10
23946,我转身向画室走去，在门前站定。,system,02,03,Adv,10
23947,就在我握住门把，正打算开门的时候——,system,02,03,Adv,10
23948,你、你先冷静下来，安安！,ema,02,03,Adv,10
23949,少、少废话……！,anan,02,03,Adv,10
23950,门后传来剑拔弩张的声音，让我不由得倒吸一口凉气。,system,02,03,Adv,10
23951,快、快住手……！,ema,02,03,Adv,10
23952,艾玛的语气很迫切。那不是普通争执时会发出的声音。,system,02,03,Adv,10
23953,……！,hiro,02,03,Adv,10
23954,察觉到房间内险恶的气氛，我急忙破门而入。,system,02,03,Adv,10
23955,房间里一片狼藉。艾玛跟安安正纠缠在一起。,system,02,03,Adv,10
23956,住、住手，安安！你为什么要这样做……！？,ema,02,03,Adv,10
23957,……闭嘴！,anan,02,03,Adv,10
23958,唔，唔唔……,ema,02,03,Adv,10
23959,安安带着一脸阴沉且充满杀气的神色揪住艾玛。,system,02,03,Adv,10
23960,而艾玛则是一脸拼死抵抗的模样，勉强抵抗住安安的袭击。,system,02,03,Adv,10
23961,安安手中闪过一道黯淡亮光。她反手握着一把小刀。,system,02,03,Adv,10
23962,锐利的刀锋正向着艾玛刺去。,system,02,03,Adv,10
23963,看到这一幕的瞬间，我下意识冲了过去。,system,02,03,Adv,10
23964,你们在做什么！？,hiro,02,03,Adv,10
23965,看到我的突然出现，安安一声啧舌，放开了艾玛。,system,02,03,Adv,10
23966,别来，妨碍吾辈……！,anan,02,03,Adv,10
23967,安安一边用刀尖指着我，一边慢慢往后退。,system,02,03,Adv,10
23968,就这么退到阳台那边去了。,system,02,03,Adv,10
23969,到底发生了什么事！？先把刀给我！,hiro,02,03,Adv,10
23970,不要……,anan,02,03,Adv,10
23971,我抓住安安的手腕，想要强行抢走小刀。,system,02,03,Adv,10
23972,我们互相扭扯着，逐渐向阳台的栏杆靠近。,system,02,03,Adv,10
23973,——放手！！,anan,02,03,Adv,10
23974,安安不耐烦似的狠狠喊道。就在那一刹那。,system,02,03,Adv,10
23975,我突然身体不受控制，一下子放开了抓住她的手。,system,02,03,Adv,10
23976,呜……！？,hiro,02,03,Adv,10
23977,应该是安安的魔法吧。我的身体不自然地被弹开，顺势跌坐在地上。,system,02,03,Adv,10
23978,安安似乎也被一股神奇的力量推开，失去平衡，手上的小刀当场跌落。,system,02,03,Adv,10
23979,啊……！,ema,02,03,Adv,10
23980,那一刹那，安安因恐惧而扭曲的表情在我眼前闪过。,system,02,03,Adv,10
23981,时间仿佛缓慢播放的定格画面一般。,system,02,03,Adv,10
23982,安安的身体越过栏杆，飘浮在半空中。,system,02,03,Adv,10
23983,随后犹如受到重力的牵引一般，慢慢地垂直落下。,system,02,03,Adv,10
23984,四周的杂音和风声全都戛然而止，在这个死寂的空间里，唯有安安逐渐远去的身影烙印在我眼底。,system,02,03,Adv,10
23985,最后——,system,02,03,Adv,10
23986,一声让人脊背发凉的沉闷声音响起。,system,02,03,Adv,10
23987,（是我，把她推下去了……？）,hiro,02,03,Adv,10
23988,虽说不是故意的，但确实是我的抢夺使她掉了下去。,system,02,03,Adv,10
23989,认识到这个事实的时候，我倒吸了一口凉气，两眼发黑。,system,02,03,Adv,10
23990,安安，你没事……！？,ema,02,03,Adv,10
23991,艾玛也来到阳台上，我们探头越过栏杆往下看去。,system,02,03,Adv,10
23992,在夜色的掩盖下，我们无法看清安安身在何处。,system,02,03,Adv,10
23993,可我们依然睁大眼睛，在黑暗中拼命地寻找——,system,02,03,Adv,10
23994,！,hiro,02,03,Adv,10
23995,找到了。可悲的是，我们找到了。,system,02,03,Adv,10
23996,找到了夜色中微微浮现的【那东西】。,system,02,03,Adv,10
23997,阳台下方，中庭内安装着栅栏。被栅栏从后背贯穿的是……,system,02,03,Adv,10
23998,夏目安安——,system,02,03,Adv,10
23999,也许是因为跌落造成的冲击，好几根栅栏都弯折了。,system,02,03,Adv,10
24000,从她那副仰面朝天的身躯穿刺而出的，是一根长枪般尖锐的栅栏尖端。,system,02,03,Adv,10
24001,就算距离这么远也能一眼看出，那就是贯穿安安的致命伤。,system,02,03,Adv,10
24002,从安安胸口喷涌而出的血液，把地面染成一片鲜红。,system,02,03,Adv,10
24003,仿佛被图钉固定住的蝴蝶标本一般。,system,02,03,Adv,10
24004,怎么会这样……安安！？,ema,02,03,Adv,10
24005,艾玛大概也看到了尸体。她悲痛地喊着。,system,02,03,Adv,10
24006,是我……是我杀了她。,hiro,02,03,Adv,10
24007,视野里的一切在颠簸。脑子里一片空白，完全无法思考。,system,02,03,Adv,10
24008,恍惚间似乎听到有人在呼唤我。但我无法理解那到底是谁，到底说了些什么。,system,02,03,Adv,10
24009,当回过神来时，我发现自己身在画室内。,system,02,03,Adv,10
24010,看来是艾玛把我从阳台拉进来了。,system,02,03,Adv,10
24011,（艾玛呢？艾玛到底在干什么……？）,hiro,02,03,Adv,10
24012,艾玛在阳台。我呆滞地抬头望向夜空。,system,02,03,Adv,10
24013,零星的水滴从天而降，仿佛天空也在叹息。,system,02,03,Adv,10
24014,一滴，两滴。水滴画出的线条渐渐变得密集起来，耳边是水滴接连不断敲打地面的声音。,system,02,03,Adv,10
24015,就像要抓住这个机会似的，在雨声的掩护下，艾玛开始用力踢打阳台的栏杆。,system,02,03,Adv,10
24016,无法理解艾玛在干什么。现在的我无法正常思考，连站都站不起来。,system,02,03,Adv,10
24017,倾泻而下的雨声回荡着，不断搅乱我的心绪。,system,02,03,Adv,10
24018,也许是因为早已老旧失修，在艾玛不断踢打之下，栏杆终于彻底损坏了。,system,02,03,Adv,10
24019,艾玛捡起地上的刀子，回到画室内。,system,02,03,Adv,10
24020,她开始收拾房间，像是要把争执的痕迹全部去除一样。,system,02,03,Adv,10
24021,她的脸颊满是水痕。,system,02,03,Adv,10
24022,那是屋檐也无法遮挡的雨水，还是她流下的泪水呢。也许两者都有。,system,02,03,Adv,10
24023,哈啊，哈啊……,ema,02,03,Adv,10
24024,就在她拼命忙活的时候——,system,02,03,Adv,10
24025,……啊！,ema,02,03,Adv,10
24026,艾玛不小心踢到了一个油漆桶。红色的油漆撒了一地。,system,02,03,Adv,10
24027,哈啊，哈啊……呜。,ema,02,03,Adv,10
24028,她连忙拿起一块抹布擦拭。,system,02,03,Adv,10
24029,（艾玛这么拼命，到底是为了什么——）,hiro,02,03,Adv,10
24030,目睹安安的死亡后，即使满面泪痕，但艾玛仍在拼命地干活。,system,02,03,Adv,10
24031,（为了谁——）,hiro,02,03,Adv,10
24032,活下去，希罗……！,ema,02,03,Adv,10
24033,求求你，要活下去……！！,ema,02,03,Adv,10
24034,平常那么让我厌烦的艾玛的说话声，这时候却直穿我的心底。,system,02,03,Adv,10
24035,只有艾玛的说话声，只有回响的雨声，才能让我勉强保持清醒，知道自己身在何处。,system,02,03,Adv,10
24036,可我依然怀着一种旁观者般的漠然，无法接受面前发生的事。,system,02,03,Adv,10
24037,把画室都收拾好以后，艾玛带着我，沿着一楼的过道走向中庭。,system,02,03,Adv,11
24038,就在我们两个走在过道上的时候。,system,02,03,Adv,11
24039,呜哇啊啊啊啊啊啊！,leia,02,03,Adv,11
24040,传来蕾雅的悲鸣。听起来应该是从中庭传来的。,system,02,03,Adv,11
24041,这，不可能……为什么，会这样……啊啊啊啊啊啊！呜啊啊啊啊啊啊！,leia,02,03,Adv,11
24042,过了一会，蕾雅跌跌撞撞地冲进过道，向这边跑来。,system,02,03,Adv,11
24043,看到我跟艾玛后，她向我们投来了求助的目光。,system,02,03,Adv,11
24044,希罗……艾玛……！！,leia,02,03,Adv,11
24045,蕾雅……,hiro,02,03,Adv,11
24046,我跟艾玛都没有说话。我们心里都清楚蕾雅看到了什么。,system,02,03,Adv,11
24047,我好像听到下雨了，开始担心布景会不会出问题……,leia,02,03,Adv,11
24048,于是到中庭看了看……跟我想的一样，布景上的颜料都被雨水打湿，糊成一团……,leia,02,03,Adv,11
24049,艰难地挤出这几句话后，蕾雅摇了摇头。,system,02,03,Adv,11
24050,不对，我想说的不是这种事……！,leia,02,03,Adv,11
24051,一反平常从容不迫的举止，她显得非常慌乱。,system,02,03,Adv,11
24052,安安她……死了。,leia,02,03,Adv,11
24053,蕾雅的语气异常沉重，仿佛不愿意承认刚才自己见到的现实。,system,02,03,Adv,11
24054,……我知道。,hiro,02,03,Adv,11
24055,……欸？希罗，这是怎么……,leia,02,03,Adv,11
24056,就在这时候，手机响起了通知音。,system,02,03,Adv,11
24057,不用看就知道。那一定是典狱长召集所有少女的信息。,system,02,03,Adv,11
24058,,system,02,03,Adv,11
24059,所有人都来到了会客厅。在场没有一个人开口说话。,system,02,03,Adv,12
24060,艾玛像在忍受着什么似的咬紧嘴唇。,system,02,03,Adv,12
24061,蕾雅则是一副沮丧的模样，抱着头苦恼不已。,system,02,03,Adv,12
24062,得知安安的死以后，其他人也因为这意外的打击而低垂着头。,system,02,03,Adv,12
24063,至于我……我到现在依然没有任何真实感——口里干渴，两脚发软，站都快要站不稳。,system,02,03,Adv,12
24064,就在此时，典狱长出现了。,system,02,03,Adv,12
24065,哎呀呀……发生凶杀案件了呢。,warden,02,03,Adv,12
24066,最近这阵子明明那么和平……果然你们还是无法抵抗那种冲动啊。,warden,02,03,Adv,12
24067,那么接下来……这次也请各位在审判开始前进行投票吧。,warden,02,03,Adv,12
24068,是我杀的……,hiro,02,03,Adv,12
24069,是无意识的喃喃自语。回过神来，我已经说出了这句话。,system,02,03,Adv,12
24070,我的自首让会客厅内的气氛骤然一变。,system,02,03,Adv,12
24071,希罗！？,ema,02,03,Adv,12
24072,你这话是什么意思！？,hanna,02,03,Adv,12
24073,这还能是什么意思，不就是像她说的那样……希罗就是杀死安安的凶手。,sherry,02,03,Adv,12
24074,希罗……把安安给……,noa,02,03,Adv,12
24075,怎么会这样……可是，为什么……,miria,02,03,Adv,12
24076,都白费力气了呗。就算再怎么继续玩好朋友过家家，我们都已经……,alisa,02,03,Adv,12
24077,希罗，你……！,leia,02,03,Adv,12
24078,我无法直视任何人的眼睛。我只是低着头，静静等待投票结果的公布。,system,02,03,Adv,12
24079,投票结果不用说，自然是我——,system,02,03,Adv,12
24080,于是，我被拘禁在惩罚室里了。,system,02,03,Adv,12
24081,眼前的景象朦朦胧胧，看不真切。一切仿佛都在远方。,system,02,03,Adv,12
24082,（那时，艾玛是在……伪造现场吗）,hiro,02,03,Adv,12
24083,我突然想到了这一点。可是就连这个念头也飘然远去，感觉全身的力气正在从身体深处被抽走。,system,02,03,Adv,12
24084,（就算是这样，我也做不到保持沉默）,hiro,02,03,Adv,12
24085,就像昨晚，安安再也无法忍受，向我们自白一样。,system,02,03,Adv,12
24086,从结果上来说，是我推了安安一把，害她掉了下去。这是毫无疑问的。,system,02,03,Adv,12
24087,然后，安安死了。,system,02,03,Adv,12
24088,……！,hiro,02,03,Adv,12
24089,每次呼吸都会加重我的苦痛。我已经看不到任何希望，受到拘束的身体完全提不起挣扎的力气。,system,02,03,Adv,12
24090,没有任何人来看我。,system,02,03,Adv,12
24091,就这样——审判之时已到。,system,02,03,Adv,12
24092,跟往常一样，由看守把我带到审判庭。,system,02,03,Adv,13
24093,幸存的少女们早已聚集在此。,system,02,03,Adv,13
24094,艾玛、雪莉、汉娜。蕾雅、诺亚、米莉亚、亚里沙。,system,02,03,Adv,13
24095,站上证人席的每个人都向我投来难以言喻的目光。,system,02,03,Adv,13
24096,那么，审判可以开始了吧？最好这次能干脆利落地结束。,warden,02,03,Adv,13
24097,…………,hiro,02,03,Adv,13
24098,那么，魔女审判现在开庭！,warden,02,03,Adv,13
24099,制定可怕的计划杀害夏目安安的人，就是城崎诺亚——,system,02,03,Adv,14
24100,在魔女表决中，所有人都把票投给了诺亚。,system,02,03,Adv,14
24101,在场的每一名少女按下按钮时都充满了痛苦，肝肠寸断。,system,02,03,Adv,14
24102,我也一样。,system,02,03,Adv,14
24103,我还有疑问。,ema,02,03,Adv,14
24104,在这个令人难以忍受的氛围之下，艾玛突然开口说道。,system,02,03,Adv,14
24105,诺亚跟安安……她们为什么会想到要做这种像恶作剧似的事情呢……？,ema,02,03,Adv,14
24106,诺亚，你问过安安为什么，对吗……？,ema,02,03,Adv,14
24107,嗯……,noa,02,03,Adv,14
24108,诺亚看起来很落寞。她低着头，向我们说出了当时跟安安的对话。,system,02,03,Adv,14
24109,当只有两个人待在地下的房间时，安安经常都会想办法逗诺亚开心。,system,02,03,Adv,14
24110,就是在那个时候，安安说出了装死这个恶作剧计划。,system,02,03,Adv,14
24111,——怎么样？很好玩对吧！,anan,02,03,Adv,14
24112,嗯嗯嗯！这肯定能吓到大家！,noa,02,03,Adv,14
24113,安安真厉害！诺亚可想不出来这种恶作剧。,noa,02,03,Adv,14
24114,哼哼。,anan,02,03,Adv,14
24115,大家每天都在为不知何时会发生的凶杀案担惊受怕。,anan,02,03,Adv,14
24116,就让吾辈来打破这种氛围。吾辈要弄一场虚假的凶杀案，让大家一笑了之。,anan,02,03,Adv,14
24117,得意洋洋一番以后，安安带着些许羞涩的神情别过头。,system,02,03,Adv,14
24118,……吾辈不是说过了吗，一定会让你笑起来的。,anan,02,03,Adv,14
24119,安安不过是想让诺亚开心而已，诺亚却利用了安安的这份感情……,noa,02,03,Adv,14
24120,诺亚知道自己做了坏事。诺亚杀死了安安，真的很对不起。,noa,02,03,Adv,14
24121,尽管诺亚本人坦然接受并承认了自己的罪行，但我仍然无法相信。,system,02,03,Adv,14
24122,但更多的是，不愿意相信。,system,02,03,Adv,14
24123,有这种想法的人肯定不止我一个。在场各位或许都有同感。,system,02,03,Adv,14
24124,……诺亚，为什么，你为什么要杀了安安？,leia,02,03,Adv,14
24125,蕾雅平心定气地问道。可是诺亚听到这个问题，却像在闹别扭似的撇着嘴不说话。,system,02,03,Adv,14
24126,…………,noa,02,03,Adv,14
24127,喂，你不说我们怎么知道你怎么想！,alisa,02,03,Adv,14
24128,如果这背后有什么内情，希望你能好好说出来！,hanna,02,03,Adv,14
24129,没错！不说清楚我接受不了这事实！,sherry,02,03,Adv,14
24130,因为……,noa,02,03,Adv,14
24131,脸上依然挂着不服神情的诺亚垂下了眼。,system,02,03,Adv,14
24132,因为安安她……看到了诺亚的画……,noa,02,03,Adv,14
24133,在场的少女都陷入了困惑。,system,02,03,Adv,14
24134,诺亚的画……大家平时都在看呀？,miria,02,03,Adv,14
24135,不管是监牢随处可见的涂鸦，还是素描本上的插画，甚至舞台背景。,system,02,03,Adv,14
24136,诺亚平时就总是自豪地向大家炫耀自己的画作。,system,02,03,Adv,14
24137,但这时候她却把“安安看到她的画”作为杀人理由——简直无法理解。,system,02,03,Adv,14
24138,……那些啊，其实都不是诺亚画的。,noa,02,03,Adv,14
24139,突如其来的是一句轻声的自白。,system,02,03,Adv,14
24140,安安清清楚楚地坦白了，所以诺亚也得说出来才行呢。,noa,02,03,Adv,14
24141,对不起，诺亚骗了大家。可是呢，那都是因为，诺亚画的画其实都很难看。,noa,02,03,Adv,14
24142,她泫然欲泣地笑着说。,system,02,03,Adv,14
24143,诺亚实在说不出口……,noa,02,03,Adv,14
24144,带着一定要在这里说出来的决心。,system,02,03,Adv,14
24145,诺亚不是有意去害人，也不是在闹别扭。,system,02,03,Adv,14
24146,诺亚……好害怕。,noa,02,03,Adv,14
24147,诺亚就这样，把她的【禁忌】曝光在我们面前。,system,02,03,Adv,14
24148,她那漆黑的感情，逐渐把我们的心也染上阴暗的颜色。,system,02,03,Adv,14
24149,城崎诺亚从很久以前开始就非常喜欢画画。,system,02,03,Adv,14
24150,她总是在狭小的房间里，拿传单的背面当画纸，终日画画度过一整天。,system,02,03,Adv,14
24151,有一次，她苦苦哀求妈妈，给她买了一些画具。,system,02,03,Adv,14
24152,她非常珍惜这些画具，用它们画出了各种各样的画作。,system,02,03,Adv,14
24153,——画画真开心！最喜欢画画了！,system,02,03,Adv,14
24154,房间里放满了自己的画作，诺亚幸福得笑容满面。,system,02,03,Adv,14
24155,可是，她的身上突然发生了巨变。诺亚觉醒了魔法。,system,02,03,Adv,14
24156,某天外出的时候，诺亚看到几个人在建筑物的墙面上画画。,system,02,03,Adv,14
24157,她请求人家让自己动手试试，那几个人答应了。那时的诺亚充满了信心。,system,02,03,Adv,14
24158,诺亚自信的来源，就是魔法。魔法会让诺亚的画变好看。,system,02,03,Adv,14
24159,自那以后，没过多久。,system,02,03,Adv,14
24160,诺亚用魔法画出来的画作成为了热门话题，就连媒体也报道了她的画。,system,02,03,Adv,14
24161,诺亚的画作转眼间就闻名于世。,system,02,03,Adv,14
24162,诺亚很骄傲。诺亚很开心。所有人都会夸奖她的画。,system,02,03,Adv,14
24163,——可是，不管诺亚的画作名气有多大，她都从未公开宣布自己就是作者。,system,02,03,Adv,14
24164,因为在她心底的某个角落里一直有一份担忧。,system,02,03,Adv,14
24165,每次回到家，她都不得不面对摆在眼前的现实。,system,02,03,Adv,14
24166,摆放在房间里的，以前自己亲手画的画。没有使用魔法的，自己的画。,system,02,03,Adv,14
24167,每当诺亚想要画出新的画作时，诺亚的魔法就会把她之前的画作一张一张涂黑。,system,02,03,Adv,14
24168,丑死了。丑死了。,system,02,03,Adv,14
24169,丑死了。丑死了。丑死了。丑死了。,system,02,03,Adv,14
24170,魔法把现实推到诺亚面前。诺亚亲手画的画无人需要。,system,02,03,Adv,14
24171,就这样，诺亚亲手画的画全都被涂成一片黑色了。,system,02,03,Adv,14
24172,——啊哈哈，没错。——诺亚不需要这种看了就羞愧的画。诺亚最讨厌这些画了。,system,02,03,Adv,14
24173,诺亚与魔法产生共鸣，发出空洞的笑声。在笑容的掩盖下，她的心也感到阵阵刺痛。,system,02,03,Adv,14
24174,已经不需要这些亲手一笔笔画出来的画了。,system,02,03,Adv,14
24175,——没有人会喜欢这么丑的画。,system,02,03,Adv,14
24176,绝对不会有人喜欢。因为连诺亚本人都变得不喜欢了。,system,02,03,Adv,14
24177,诺亚画的画全都被魔法涂改了。,noa,02,03,Adv,14
24178,可是，偶尔魔法会失效，诺亚画的画会保留下来……,noa,02,03,Adv,14
24179,安安看到的，就是那样的画。,noa,02,03,Adv,14
24180,被其他人看到诺亚的画，诺亚好痛苦、好害怕……所以诺亚才会想到，要杀了安安。,noa,02,03,Adv,14
24181,诺亚……,ema,02,03,Adv,14
24182,诺亚站在原地，我们只能怀着心痛默默注视着她。,system,02,03,Adv,14
24183,我该说什么。我该跟她说什么。我该怎样看待她。,system,02,03,Adv,14
24184,（我不知道，我真的不知道……）,hiro,02,03,Adv,14
24185,典狱长大概等得不耐烦了，开始催促我们按下处刑按钮。,system,02,03,Adv,14
24186,我们不得不在还未找到正确答案的情况下把诺亚送上处刑台。,system,02,03,Adv,14
24187,谢谢各位。现在开始处刑魔女～！,warden,02,03,Adv,14
24188,在典狱长宣告处刑开始的同时，中央的机关开始运作。,system,02,03,Adv,14
24189,底座移位交换，出现在我们面前的是……,system,02,03,Adv,14
24190,像是一个水族箱一般的——水槽。,system,02,03,Adv,14
24191,大小看起来能轻松容纳一名少女。里面大概装了八成满的水。,system,02,03,Adv,14
24192,——诺亚即将被处死。这个事实就像一块巨石，重重地压在我的心头。,system,02,03,Adv,14
24193,如果能做到，我真想马上制止。感情正在激烈地波动。,system,02,03,Adv,14
24194,不能原谅典狱长和看守。不，就连其他少女，甚至我自己，我都无法原谅。,system,02,03,Adv,14
24195,对诺亚处以死刑，是错误的——,system,02,03,Adv,14
24196,事到如今也不用我多说了吧？请各位留在原地，切勿乱动。,warden,02,03,Adv,14
24197,仿佛看透我此时的心境一般，典狱长这般说道。,system,02,03,Adv,14
24198,一旦谁做出妨碍或介入处刑的行为，就会被看守当场处死。,warden,02,03,Adv,14
24199,若轻举妄动，说不定会让更多人牺牲。,system,02,03,Adv,14
24200,我咬紧牙关。不能再这样下去了。,system,02,03,Adv,14
24201,希——,noa,02,03,Adv,14
24202,被看守带上处刑台的诺亚，往我这边瞥了一眼。,system,02,03,Adv,14
24203,她的嘴巴张了张，仿佛有话要说，但结果还是没能说出任何话。,system,02,03,Adv,14
24204,就在前阵子，我见到过诺亚做出同样的举动。,system,02,03,Adv,14
24205,（诺亚到底想对我说什么……）,hiro,02,03,Adv,14
24206,悬垂的锁链扣住了诺亚。,system,02,03,Adv,14
24207,在受到拘束的状态下，诺亚的身体逐渐没入水槽之中。,system,02,03,Adv,14
24208,和诺亚共度的无数回忆犹如走马灯一般在脑海中浮现。,system,02,03,Adv,14
24209,就在这时候——我终于明白过来。,system,02,03,Adv,14
24210,把它清理掉！立刻！,hiro,02,03,Adv,14
24211,欸～为什么啊？诺亚只是在画画而已啊？,noa,02,03,Adv,14
24212,不论这对你来说是爱好还是艺术，熏人的气味已经飘到过道里了，这对其他人来说就是一种骚扰行为。,hiro,02,03,Adv,14
24213,不能在这里画吗？,noa,02,03,Adv,14
24214,不行。,hiro,02,03,Adv,14
24215,小气鬼～,noa,02,03,Adv,14
24216,随你怎么说。只要我在，就不许你恣意妄为。,hiro,02,03,Adv,14
24217,……诺亚画画了。希罗会生诺亚的气吗……？,noa,02,03,Adv,14
24218,……并不是在生你的气。只是因为问题还没解决而已。,hiro,02,03,Adv,14
24219,……最讨厌希罗了。,noa,02,03,Adv,14
24220,讨厌就讨厌吧。这都怪诺亚做出不正确的行为！,hiro,02,03,Adv,14
24221,——诺亚！！,hiro,02,03,Adv,14
24222,我无法忍耐，飞奔出去，大喊起来。,system,02,03,Adv,14
24223,厚厚的玻璃像一道天堑把我们隔开，我只能隔着玻璃和诺亚对视。,system,02,03,Adv,14
24224,我……我……,hiro,02,03,Adv,14
24225,曾经诺亚连饭也不吃，一直闷在地下牢房。带着她走出牢房，到外面去的，是我。,system,02,03,Adv,14
24226,牵着她的手，一直守护着她的，是我。,system,02,03,Adv,14
24227,诺亚总是欲言又止，那一定是因为——诺亚在等待我走近她的身边。,system,02,03,Adv,14
24228,她一直在等我。,system,02,03,Adv,14
24229,我不会不管你！！,hiro,02,03,Adv,14
24230,我直视着诺亚，声嘶力竭地大喊起来。,system,02,03,Adv,14
24231,朋友做了坏事，我会斥责她；朋友做了错误的事，就算她反感，我也会帮助她改正！,hiro,02,03,Adv,14
24232,觉得我烦人也好，觉得我讨厌也好，但我就是这样的人！,hiro,02,03,Adv,14
24233,如果你愿意的话，我们就言归于好——！,hiro,02,03,Adv,14
24234,希罗……,noa,02,03,Adv,14
24235,就算你不愿意……我也绝对不会不管你……！！,hiro,02,03,Adv,14
24236,不会放弃你！！,hiro,02,03,Adv,14
24237,诺亚的脸颊滑过一丝泪痕。,system,02,03,Adv,14
24238,她流着泪，无声地，一次又一次地点头。,system,02,03,Adv,14
24239,谢谢你，希罗。,noa,02,03,Adv,14
24240,其实诺亚，一直想，能好好地，跟希罗和好……,noa,02,03,Adv,14
24241,一直想，跟希罗说一声，对不起……,noa,02,03,Adv,14
24242,还有安安，诺亚好害怕，害怕得受不了……,noa,02,03,Adv,14
24243,明明不希望再有人死去……却想着一定要杀死她不可……！,noa,02,03,Adv,14
24244,心里明明抗拒……却无法抑制这些感情……！,noa,02,03,Adv,14
24245,对不起，对不起！！真的，对不起……！！,noa,02,03,Adv,14
24246,诺亚心里一直有我。她一直在等我。,system,02,03,Adv,14
24247,痛苦袭来的同时，也深刻感受到我们之间的联结。,system,02,03,Adv,14
24248,我终于能感受到，我们的心是如此地靠近。,system,02,03,Adv,14
24249,水位越来越满，诺亚逐渐下沉。,system,02,03,Adv,14
24250,隔着玻璃，摇曳的水光让她的轮廓变得模糊。,system,02,03,Adv,14
24251,每一分每一秒都漫长得宛如永恒。,system,02,03,Adv,14
24252,……可是啊，其实诺亚也有高兴过。,noa,02,03,Adv,14
24253,安安对诺亚说，她喜欢诺亚亲手画的画……,noa,02,03,Adv,14
24254,所以，其实诺亚也很想给希罗看一看。,noa,02,03,Adv,14
24255,看看诺亚画的画，夸夸真正属于诺亚的画作。,noa,02,03,Adv,14
24256,诺亚……！,hiro,02,03,Adv,14
24257,我不禁挥起拳头试图打碎玻璃。,system,02,03,Adv,14
24258,希罗，不行……！,ema,02,03,Adv,14
24259,身后，艾玛抓住我的手腕，阻止了我。,system,02,03,Adv,14
24260,……！,hiro,02,03,Adv,14
24261,我知道。已经无法阻止处刑了。,system,02,03,Adv,14
24262,我咬紧嘴唇，目不转睛地看着诺亚。,system,02,03,Adv,14
24263,（我再也不会从你身上移开视线。我会看着你，直到最后一刻）,hiro,02,03,Adv,14
24264,喂，这不对劲……,alisa,02,03,Adv,14
24265,水中突然翻涌出大量的泡沫，逐渐掩盖诺亚全身。,system,02,03,Adv,14
24266,不。看起来像是诺亚的身体正在化成泡沫，逐渐溶解。,system,02,03,Adv,14
24267,难不成……这不是普通的水？,leia,02,03,Adv,14
24268,诺亚微笑着，看着我的眼睛。那是她留给我最后的画面。,system,02,03,Adv,14
24269,诺亚的嘴唇缓缓地动作。,system,02,03,Adv,14
24270,——希罗。,system,02,03,Adv,14
24271,——诺亚最喜欢你了。,system,02,03,Adv,14
24272,——说讨厌你，都是假的。,system,02,03,Adv,14
24273,都这个时候了……！,hiro,02,03,Adv,14
24274,就算你不说……我也知道……！,hiro,02,03,Adv,14
24275,终于，泡沫消散——,system,02,03,Adv,14
24276,水槽里早已不见诺亚的身影。,system,02,03,Adv,14
24277,她就像融化在水里一般，没有留下一点痕迹。,system,02,03,Adv,14
24278,……这可麻烦了。就当处刑已经执行完毕好了。,warden,02,03,Adv,14
24279,似乎连典狱长也没有想到，诺亚竟然会完全消失。,system,02,03,Adv,14
24280,……算了，就当是那么一回事吧。魔女审判，就此闭庭！,warden,02,03,Adv,14
24281,机关随即动作起来，缓缓地把水槽移动至地下。,system,02,03,Adv,14
24282,（诺亚……你在那里面吗？）,hiro,02,03,Adv,14
24283,我只能呆呆望着不断摇晃的水面。,system,02,03,Adv,14
24284,审判过后，我独自来到地下焚烧炉室。,system,02,03,Adv,15
24285,打开门，室内一片阴暗，烧焦的残渣不规律地层叠堆砌着。,system,02,03,Adv,15
24286,房间里还放了几袋焚烧前的垃圾，还有一些没有全部烧完的物件。,system,02,03,Adv,15
24287,纸质类的物品特别不好烧，如果叠在一起的话还很容易烧不着保留下来。,system,02,03,Adv,15
24288,我毫不犹豫地把手伸进那堆灰烬的小山丘里翻找。,system,02,03,Adv,15
24289,（肯定，肯定还留着）,hiro,02,03,Adv,15
24290,我没有任何证据。即使如此，我也不会停止寻找。,system,02,03,Adv,15
24291,我奋不顾身，忘我地一次又一次把翻出来的焦黑纸片和金属片抓住，再往外扔。,system,02,03,Adv,15
24292,终于——我找到了。,system,02,03,Adv,15
24293,我用满是煤黑的双手，小心翼翼地打开纸片，生怕把它弄得更脏。,system,02,03,Adv,15
24294,那里面是——真正由诺亚画出来的画。,system,02,03,Adv,15
24295,能找到这幅画，说不定是奇迹。,system,02,03,Adv,15
24296,原来是这样……确实不怎么好看。,hiro,02,03,Adv,15
24297,我低头看着诺亚的画作，忍不住轻笑。,system,02,03,Adv,15
24298,啪嗒，啪嗒。纸片上落下泪滴。,system,02,03,Adv,15
24299,一滴，又一滴。泪水不住地往下掉。,system,02,03,Adv,15
24300,就好像下了一场雨一样。,system,02,03,Adv,15
24301,是啊，我确实有兴趣。,hiro,02,03,Bad,01
24302,诺亚就说嘛！大家都会想看的！,noa,02,03,Bad,01
24303,只要安安愿意给我看，我就想看。,hiro,02,03,Bad,01
24304,吾辈……,anan,02,03,Bad,01
24305,安安一脸苦闷地低下头，含含糊糊地继续说道。,system,02,03,Bad,01
24306,……要是你们想看，吾辈也不是不能给你们看……,anan,02,03,Bad,01
24307,太好啦！真期待能快点看到安安的小说呢。,noa,02,03,Bad,01
24308,别抱那么大的期待。,anan,02,03,Bad,01
24309,欸～诺亚做不到～诺亚已经期待得不得了了嘛。,noa,02,03,Bad,01
24310,唔唔……,anan,02,03,Bad,01
24311,安安把小说写出来以后，诺亚会给小说画很多很多插画！,noa,02,03,Bad,01
24312,希罗也请期待一下哦。,noa,02,03,Bad,01
24313,嗯，无论是小说还是插画，我都很期待能早日看到。,hiro,02,03,Bad,01
24314,在那以后，她们两个一直热烈讨论者小说跟插画的话题。,system,02,03,Bad,01
24315,又过了几天。,system,02,03,Bad,01
24316,（说起来，安安的小说写得怎样了呢）,hiro,02,03,Bad,01
24317,自那天起，安安也整天泡在诺亚的画室里，同时进行剧本和小说的创作。,system,02,03,Bad,01
24318,前阵子听诺亚说，安安好像快写完了。,system,02,03,Bad,01
24319,（去看一下她的情况吧）,hiro,02,03,Bad,01
24320,等舞台剧的准备工作告一段落，我便动身走向画室。,system,02,03,Bad,01
24321,写作进展还行吗？,hiro,02,03,Bad,01
24322,啊，希罗……！,noa,02,03,Bad,01
24323,……哦。,anan,02,03,Bad,01
24324,诺亚正在画室里，看起来心情特别好。还有安安，两眼正闪着激动的光。,system,02,03,Bad,01
24325,你听诺亚说！安安的小说超级有趣哦！,noa,02,03,Bad,01
24326,所以啊，诺亚现在正在给小说画一张又一张插画！,noa,02,03,Bad,01
24327,看来她们的工作重心已经从舞台剧制作转移到小说创作上。,system,02,03,Bad,01
24328,工作台上散落着一张张写满文字的纸张跟画了图案的画纸。,system,02,03,Bad,01
24329,诺亚真厉害。这就是吾辈想像中里的景象。,anan,02,03,Bad,01
24330,安安看起来十分感动。她正目不转睛地盯着诺亚的画作。,system,02,03,Bad,01
24331,呵呵，好高兴～但这还不算成品哦。,noa,02,03,Bad,01
24332,什么意思？,hiro,02,03,Bad,01
24333,诺亚现在就来收尾～,noa,02,03,Bad,01
24334,喜笑颜开的诺亚拿起画笔划了几下后，画里描绘的生物就逐一化为实体，从纸面上跃出。,system,02,03,Bad,01
24335,看起来和真正存在的生物无异。,system,02,03,Bad,01
24336,这是……,hiro,02,03,Bad,01
24337,不管看几次都觉得好厉害。,anan,02,03,Bad,01
24338,对吧对吧～？,noa,02,03,Bad,01
24339,长角的兔子，气质神圣的白蛇。除此以外，还有拥有锐利脚爪的飞鸟，长得像龙的奇幻生物。,system,02,03,Bad,01
24340,化为实体的那群生物就像跟诺亚和安安撒娇一般往她们身上靠。,system,02,03,Bad,01
24341,其实啊，除了这些小家伙以外还有其他动物哦。,noa,02,03,Bad,01
24342,是吗？,hiro,02,03,Bad,01
24343,嗯！诺亚从好几天前开始就跟安安一起想了好多，也画出来好多。,noa,02,03,Bad,01
24344,对不对～安安？,noa,02,03,Bad,01
24345,是啊，今天让它们守房间里去了。,anan,02,03,Bad,01
24346,啊，可诺亚刚才回房间的时候不小心放走了几只……,noa,02,03,Bad,01
24347,应该也有几只动物正在房子里玩耍吧。,noa,02,03,Bad,01
24348,那等会还是去抓回来比较好。,hiro,02,03,Bad,01
24349,（不过，看起来也没有什么特别危险的动物，应该用不着太担心……）,hiro,02,03,Bad,01
24350,看见少女和可爱生物嬉戏的温馨画面，我的心也不由得放松了下来。,system,02,03,Bad,01
24351,只是有一件事让我感到有些顾虑。,system,02,03,Bad,01
24352,（诺亚的魔法竟然这都能做到吗）,hiro,02,03,Bad,01
24353,眼前的生物是那么的活灵活现，让人想像不到那原本只是画中的形象。,system,02,03,Bad,01
24354,（说不定触感意外地……）,hiro,02,03,Bad,01
24355,我这样想着，向身旁一只像是兔子的生物伸出了手。,system,02,03,Bad,01
24356,嗄啊啊啊啊啊啊！,rabbit,02,03,Bad,01
24357,——！,hiro,02,03,Bad,01
24358,一改刚才的温和模样，那生物朝我露出威吓的獠牙。,system,02,03,Bad,01
24359,喂！你怎么能这样凶希罗。,noa,02,03,Bad,01
24360,就算受到诺亚跟安安的训斥，兔子依然不减对我的敌意。,system,02,03,Bad,01
24361,不仅这样，就连其他生物也向我出显露出敌意，仿佛要保护诺亚她们一般聚集到她们身边去。,system,02,03,Bad,01
24362,看来它们只会亲近创造者的安安跟诺亚呢。,hiro,02,03,Bad,01
24363,怎么会……,noa,02,03,Bad,01
24364,诺亚露出一副沮丧的模样。此时，闻声而至的众人也陆续走进了画室。,system,02,03,Bad,01
24365,我刚才好像听到什么动物的叫声……,leia,02,03,Bad,01
24366,欸……！这些动物是怎么回事？,ema,02,03,Bad,01
24367,重点是，这都是些什么动物？兔子？可它头上长了角……,hanna,02,03,Bad,01
24368,是诺亚画的。,anan,02,03,Bad,01
24369,诺亚？,leia,02,03,Bad,01
24370,嗯，就是诺亚哦！这都是打算用来给安安的小说做插画的，诺亚画了好多呢。,noa,02,03,Bad,01
24371,真的画了好多，超级多！,noa,02,03,Bad,01
24372,用魔法竟然能让画里的生物实体化到这种程度……,leia,02,03,Bad,01
24373,你也太厉害了！诺亚！,leia,02,03,Bad,01
24374,欸嘿嘿。,noa,02,03,Bad,01
24375,这样的话，这次舞台剧我们就能做到更多不同形式的表演。,leia,02,03,Bad,01
24376,对了，机会难得，要不让这些动物也上台表演——,leia,02,03,Bad,01
24377,说完，蕾雅往兔子走近一步。就在这时候。,system,02,03,Bad,01
24378,兔子朝蕾雅吐出一团火焰。蕾雅瞬间被火焰吞没。,system,02,03,Bad,01
24379,噫、咳哈……,leia,02,03,Bad,01
24380,事情发生得实在过于突然，在场所有人都只是呆呆地站着没有动。,system,02,03,Bad,01
24381,——！,hanna,02,03,Bad,01
24382,蕾雅……！？,ema,02,03,Bad,01
24383,烧得焦黑的蕾雅倒在地上。——那似乎昭示着意外的开端。,system,02,03,Bad,01
24384,围绕在诺亚跟安安身边的那群动物突然一跃而起，向我们发起了攻击。,system,02,03,Bad,01
24385,住……！住手！别过来……不要！！,hanna,02,03,Bad,01
24386,等、等等……！,noa,02,03,Bad,01
24387,噫……,anan,02,03,Bad,01
24388,汉娜被逼退至墙边。龙把她的头颅给一下碾碎了。,system,02,03,Bad,01
24389,不要……给我一边去！诺亚，安安！救我……快救我！,ema,02,03,Bad,01
24390,……啊，唔啊……,anan,02,03,Bad,01
24391,艾玛！,noa,02,03,Bad,01
24392,啊……呃……,ema,02,03,Bad,01
24393,被白蛇缠住的艾玛痛苦地挣扎一番以后，也倒下了。,system,02,03,Bad,01
24394,唔，唔……,anan,02,03,Bad,01
24395,安安……？,noa,02,03,Bad,01
24396,大概是无法接受眼前突如其来的惨剧，安安当场呕吐了起来。,system,02,03,Bad,01
24397,绞杀了艾玛的白蛇也来到了我的面前。,system,02,03,Bad,01
24398,希罗，快逃！,noa,02,03,Bad,01
24399,（我是想逃，可是……！）,hiro,02,03,Bad,01
24400,杀死了汉娜的龙就盘踞在门口，围在诺亚跟安安身边的其他野兽也一直对这边虎视眈眈。,system,02,03,Bad,01
24401,（该怎么办……）,hiro,02,03,Bad,01
24402,我有死亡回溯的魔法，只要死了事情总能应付过去，但诺亚应该是在几天前就开始画这些生物的画了。,system,02,03,Bad,01
24403,（要是这样的话，就算通过死亡回溯到过去，它们也早就存在于监牢之内……）,hiro,02,03,Bad,01
24404,为时已晚。,system,02,03,Bad,01
24405,我想不到任何办法，跟艾玛一样被白蛇缠住了脖子。,system,02,03,Bad,01
24406,唔，呃……,hiro,02,03,Bad,01
24407,好痛苦，好痛苦好痛苦好痛苦——,system,02,03,Bad,01
24408,不要！希罗……希罗！,noa,02,03,Bad,01
24409,诺亚想要冲过来，却受到围绕在她身边的野兽阻挡。,system,02,03,Bad,01
24410,一群神圣的野兽守卫着她们两人。那个画面美丽得有如神话中的一幕。,system,02,03,Bad,01
24411,明明是那么凄惨的时刻，我的心情却宛如心灵得到洗涤一般圣洁。,system,02,03,Bad,01
24412,（啊啊，你们真的成就了一部杰作啊——）,hiro,02,03,Bad,01
24413,眼前无法回避的事态让我感到深深的绝望，但我依然带着满足的笑容咽下了最后一口气。,system,02,03,Bad,01
24414,…………,hiro,02,03,Trial,00
24415,…………,leia,02,03,Trial,00
24416,…………,miria,02,03,Trial,00
24417,（……这是，裁决我的审判）,hiro,02,03,Trial,00
24418,（一场空有审判的名目，实则宣告犯人罪行并处刑的集会）,hiro,02,03,Trial,00
24419,（……奈叶香直面审判时的心情是不是也是这样的呢）,hiro,02,03,Trial,00
24420,那大家就打起精神开始审判吧！,sherry,02,03,Trial,00
24421,……你这家伙还是跟平常一个样啊。,alisa,02,03,Trial,00
24422,……毕竟垂头丧气也没有意义嘛。,sherry,02,03,Trial,00
24423,……啧。,alisa,02,03,Trial,00
24424,可是……凶手不是已经招供了吗？,alisa,02,03,Trial,00
24425,我们还有必要讨论吗？,alisa,02,03,Trial,00
24426,…………,hiro,02,03,Trial,00
24427,……讨论，是必要的。,ema,02,03,Trial,00
24428,……,hiro,02,03,Trial,00
24429,我们要查证……,ema,02,03,Trial,00
24430,……查证凶手到底是谁！,ema,02,03,Trial,00
24431,（艾玛……她为什么……要维护我……）,hiro,02,03,Trial,00
24432,……是啊。,sherry,02,03,Trial,00
24433,我赞成进行讨论！,sherry,02,03,Trial,00
24434,好不容易发生的案件，要是不讨论就可惜了！,sherry,02,03,Trial,00
24435,你这是什么心态啊……,alisa,02,03,Trial,00
24436,……不过，也对。,leia,02,03,Trial,00
24437,我也赞成这个想法。,leia,02,03,Trial,00
24438,至今为止的案件里，每次在讨论过后得出的事实都完全颠覆我们一开始的认知……,leia,02,03,Trial,00
24439,我们没有必要急于下定论。,leia,02,03,Trial,00
24440,啧……爱怎样就怎样，我随便。,alisa,02,03,Trial,00
24441,那就先从确认尸体状况开始吧！,sherry,02,03,Trial,00
24442,嗯。关于这一点，由我来说明会更加直接吧。,leia,02,03,Trial,00
24443,那就麻烦你了！,sherry,02,03,Trial,00
24444,嗯，交给我吧。,leia,02,03,Trial,00
24445,（艾玛的一句话……改变了审判庭内的气氛）,hiro,02,03,Trial,00
24446,（变得温温吞吞，让人反感）,hiro,02,03,Trial,00
24447,（可是……）,hiro,02,03,Trial,00
24448,（既然话已经说到这个份上，我也没法再继续当旁观者了）,hiro,02,03,Trial,00
24449,（我会……承担自己该负的责任）,hiro,02,03,Trial,00
24450,首先……被害人是安安。,leia,02,03,Trial,00
24451,她的尸体是在中庭被发现的。,leia,02,03,Trial,00
24452,……铁栅栏从她背后插入贯穿心脏，当场死亡。这毫无疑问就是死因了。,leia,02,03,Trial,00
24453,另外从尸体的状况看来，死亡时间大概是在发现尸体前的30分钟到1小时之间。,leia,02,03,Trial,00
24454,发现尸体的地点是在中庭对吧？,sherry,02,03,Trial,00
24455,没错。发现尸体的人是我。当时尸体的周围留下了大量的血迹。,leia,02,03,Trial,00
24456,魔女图鉴 更新…,"@toast ""|#Toast_001|""",02,03,Trial,00
24457,从现场状况可以推断安安是从上方坠落到中庭的铁栅栏上。,leia,02,03,Trial,00
24458,大概是承受不住人体坠落的冲击，有几根栅栏在根部处折断了。,leia,02,03,Trial,00
24459,还有就是，附近好像还能看到吊床的残骸……,leia,02,03,Trial,00
24460,……啧。那是我做的吊床。,alisa,02,03,Trial,00
24461,只不过是随便制作的，淋淋雨吹吹风估计就会烂掉。,alisa,02,03,Trial,00
24462,原来是这样。现场确实也有着下过雨的痕迹。,leia,02,03,Trial,00
24463,而且，当时尸体周围的地面是一片泥泞。,leia,02,03,Trial,00
24464,大概是昨晚那场雨导致的吧。可是地面上没有留下任何足迹。,leia,02,03,Trial,00
24465,还有就是……中庭中央有一座干涸了的喷泉。,leia,02,03,Trial,00
24466,有关中庭的情报，大致上就是这些。,leia,02,03,Trial,00
24467,综合以上状况来看，安安是从位于二楼的诺亚的画室阳台跌落至中庭，这样来想会比较合理吧。,leia,02,03,Trial,00
24468,原来如此原来如此！那么事情真相是显而易见的呢！,sherry,02,03,Trial,00
24469,……说得没错。作为尸体的第一发现人，且调查过现场的我先来发表一下自己的想法。,leia,02,03,Trial,00
24470,……这单纯只是我看到现场以后得出的见解。,leia,02,03,Trial,00
24471,安安是【死于意外】。我认为这个推断顺理成章。,leia,02,03,Trial,00
24472,安安是从二楼的阳台坠落致死……,leia,02,03,Trial,01
24473,她非常倒霉地落到楼下的铁栅栏上，被铁栅刺死。,leia,02,03,Trial,01
24474,你是说……这是偶然导致的意外死亡？,sherry,02,03,Trial,01
24475,对。从现场的状况来看，安安应该是滑了一跤。,leia,02,03,Trial,01
24476,……可是啊。那根铁栅……是从尸体的背后插入的对吧。,alisa,02,03,Trial,01
24477,要说人是意外从阳台坠落，这我可以理解，可是……,alisa,02,03,Trial,01
24478,"我打个比方，如果她是靠在阳台的护栏上时掉下去的，那正常来说身体应该是<link=""Objection_02_03_01_01"">正面朝下</link>才对吧？",alisa,02,03,Trial,01
24479,这个嘛……说不定她是在坠落的过程中失去平衡……,leia,02,03,Trial,01
24480,她是从二楼掉到一楼对吧？,alisa,02,03,Trial,01
24481,高度顶多只有几米而已。,alisa,02,03,Trial,01
24482,在这么短的时间内扭转身体用后背着地，这合理吗？,alisa,02,03,Trial,01
24483,不能说完全不可能，但说不定其中有什么原因。,leia,02,03,Trial,01
24484,例如，阳台本来就坏掉了。,leia,02,03,Trial,01
24485,"唔～……可是诺亚觉得，昨天画室的阳台应该<link=""Objection_02_03_01_02"">没有坏</link>才对～……",noa,02,03,Trial,01
24486,这、这不对吧……！,ema,02,03,Trial,01
24487,我记得阳台的护栏……好像是坏了的……！,ema,02,03,Trial,01
24488,"唔～……可是这跟<link=""Objection_02_03_01_03"">诺亚看到的</link>不一样……",noa,02,03,Trial,01
24489,（……艾玛。你难道是在包庇我……？）,hiro,02,03,Trial,01
24490,（……如果是这样的话，也做得太明显了）,hiro,02,03,Trial,01
24491,（…………）,hiro,02,03,Trial,01
24492,（……我不能连累她）,hiro,02,03,Trial,01
24493,她是想爬上屋顶，却不慎失足坠落,hiro,02,03,Trial,01
24494,返回,hiro,02,03,Trial,01
24495,是诺亚记错了,hiro,02,03,Trial,01
24496,看到的时间不一样,hiro,02,03,Trial,01
24497,如果安安是想要爬上屋顶的话，那就有这个可能。,hiro,02,03,Trial,01
24498,啊？爬上屋顶……怎么回事？,alisa,02,03,Trial,01
24499,请大家想像一下。,hiro,02,03,Trial,01
24500,当有人想从阳台爬上屋顶的时候，那个人会背向哪个方向呢。,hiro,02,03,Trial,01
24501,啊，还真是……！这种情况下会背对中庭欸。,miria,02,03,Trial,01
24502,爬上屋顶的时候，安安踩着阳台的护栏往上爬。,hiro,02,03,Trial,01
24503,就在站上护栏时，她踩着的那一块刚好坏了，承受不住她的重量而崩塌……,hiro,02,03,Trial,01
24504,如果是这样的话，安安会向后倒，后背朝下掉下去。这样就很顺理成章了。,hiro,02,03,Trial,01
24505,……可是啊。话说回来，夏目她爬上屋顶想干嘛？,alisa,02,03,Trial,01
24506,对啊！,sherry,02,03,Trial,01
24507,屋顶上到底有什么？,sherry,02,03,Trial,01
24508,这个嘛……我也不清楚。,hiro,02,03,Trial,01
24509,那她就没有理由特意爬上屋顶啊。,alisa,02,03,Trial,01
24510,希罗说的理由太没说服力了！,sherry,02,03,Trial,01
24511,（看来这个动机还不足以让人信服）,hiro,02,03,Trial,01
24512,（就算我想提出一些根据，可目前手上什么情报都没有）,hiro,02,03,Trial,01
24513,（这样的话，我现在是不是应该不惜说谎也要诱导大家把讨论的中心往其他方向转移呢）,hiro,02,03,Trial,01
24514,诺亚，你确定阳台真的没坏吗？,hiro,02,03,Trial,01
24515,欸～？诺亚没有骗人哦？,noa,02,03,Trial,01
24516,没有，我的意思并不是你说谎骗人。,hiro,02,03,Trial,01
24517,只是……我在想你会不会【记错了】。,hiro,02,03,Trial,01
24518,记错了？,noa,02,03,Trial,01
24519,说不定诺亚看到的“阳台没有哪里坏”，其实是很久以前看到的阳台状态，会不会是这样？,hiro,02,03,Trial,01
24520,只不过是诺亚当初看到时，阳台护栏还没有坏掉而已。,hiro,02,03,Trial,01
24521,可是正常有人会犯这种迷糊吗？,sherry,02,03,Trial,01
24522,通常不会有人特意关注阳台的护栏坏没坏吧。,hiro,02,03,Trial,01
24523,没有，诺亚昨天看了！,noa,02,03,Trial,01
24524,……！,hiro,02,03,Trial,01
24525,诺亚最近一直在阳台里画画。,noa,02,03,Trial,01
24526,在外面画画可舒服了～。,noa,02,03,Trial,01
24527,然后呢，诺亚昨天也一直在阳台里画画……,noa,02,03,Trial,01
24528,嗯……诺亚还是觉得护栏没有坏。,noa,02,03,Trial,01
24529,而且诺亚经常都会到二楼那个房间去呢～,sherry,02,03,Trial,01
24530,没错，诺亚平时就在画室里画画，她的证词更加可信！,hanna,02,03,Trial,01
24531,既然小诺都这么说了，我也觉得应该是小希你记错了……,miria,02,03,Trial,01
24532,（诺亚真的没有记错吗……！）,hiro,02,03,Trial,01
24533,（就算我想提出一些根据，可目前手上什么情报都没有）,hiro,02,03,Trial,01
24534,（这样的话，我现在是不是应该不惜说谎也要诱导大家把讨论的中心往其他方向转移呢）,hiro,02,03,Trial,01
24535,诺亚最后一次见到阳台是什么时候？,hiro,02,03,Trial,01
24536,诺亚想想……,noa,02,03,Trial,01
24537,好像是昨天！,noa,02,03,Trial,01
24538,诺亚今天没进过画室，也没去过中庭哦。,noa,02,03,Trial,01
24539,那就怪不得诺亚没看到了。,hiro,02,03,Trial,01
24540,……是吗？,noa,02,03,Trial,01
24541,没错。因为，就在今天早上……,hiro,02,03,Trial,01
24542,我把阳台的护栏给弄坏了。,hiro,02,03,Trial,01
24543,……欸！？,ema,02,03,Trial,01
24544,（你惊讶什么……！）,hiro,02,03,Trial,01
24545,……正确来说，我不是故意把护栏弄坏的。,hiro,02,03,Trial,01
24546,那个阳台已经很破旧了。,hiro,02,03,Trial,01
24547,放着不管有可能会出意外，我早就想着修理一下了，哪怕只修护栏也好。,hiro,02,03,Trial,01
24548,……不过我修得比较敷衍。如果把身子靠上去，弄坏了也不出奇。,hiro,02,03,Trial,01
24549,看来就是这个原因引发了这次不幸的事故。,hiro,02,03,Trial,01
24550,如果真的是这样，我对此十分愧疚。,hiro,02,03,Trial,01
24551,那，那就是因为希罗……？,leia,02,03,Trial,01
24552,有这个可能性。,hiro,02,03,Trial,01
24553,但如果只是意外，安安的死不就跟【魔女】没有关系吗？,hiro,02,03,Trial,01
24554,这场审判是为了找出受到杀人冲动控制的【魔女】。,hiro,02,03,Trial,01
24555,这次的死亡只是事故，不含任何杀意……安安只是运气不好而已。,hiro,02,03,Trial,01
24556,既然这不是蓄意谋害的案件，那就没有任何问题，不是吗？,hiro,02,03,Trial,01
24557,（……艾玛，你不适合辩论）,hiro,02,03,Trial,01
24558,（既然要说谎……那就要说得堂堂正正才骗得了人）,hiro,02,03,Trial,01
24559,（……只要坚守到最后不被戳破，谎言就能成为真实）,hiro,02,03,Trial,01
24560,（这也是为了抑制那份癫狂继续在这座人心丧尽的大屋里蔓延……）,hiro,02,03,Trial,01
24561,（我会……把谎言贯彻到底……！）,hiro,02,03,Trial,01
24562,修理阳台啊……,noa,02,03,Trial,01
24563,……嗯！如果阳台是今天早上才坏掉的话，诺亚不知道也正常。,noa,02,03,Trial,01
24564,既然大家相信我，那就没问题了。,hiro,02,03,Trial,01
24565,……确实，大叔我也希望这次死人只是单纯的意外。,miria,02,03,Trial,01
24566,可是大叔我，【看到了】一些奇妙的事情……,miria,02,03,Trial,01
24567,（什么……！？）,hiro,02,03,Trial,01
24568,应该刚好就在发现尸体前的半个小时……,miria,02,03,Trial,01
24569,当时大叔我正在娱乐室里看电影。,miria,02,03,Trial,01
24570,看着看着，突然听到外面有声音……,miria,02,03,Trial,01
24571,大叔我往外看了一眼，发现星空非常漂亮。,miria,02,03,Trial,01
24572,于是忍不住拿起手机拍了一张照……,miria,02,03,Trial,01
24573,这就是那时拍的照片。,miria,02,03,Trial,01
24574,魔女图鉴 更新…,"@toast ""|#Toast_001|""",02,03,Trial,01
24575,照片上……能看到两个人影！,miria,02,03,Trial,01
24576,这两个人，其中一个是案发当时在阳台里的安安，而另一个人……,miria,02,03,Trial,01
24577,会不会就是把安安推下去的凶手呢！,miria,02,03,Trial,01
24578,（……决定性的证据吗……！）,hiro,02,03,Trial,01
24579,（这下再也没借口能开脱了吗……？）,hiro,02,03,Trial,01
24580,（不过……）,hiro,02,03,Trial,01
24581,…………,ema,02,03,Trial,01
24582,（……我不能坐以待毙）,hiro,02,03,Trial,01
24583,这是非常重要的证据耶！,sherry,02,03,Trial,01
24584,就让我以这张照片为基础来修正蕾雅的推理思路！,sherry,02,03,Trial,01
24585,接下来请大家听听看……我想出来的新推理！,sherry,02,03,Trial,01
24586,"米莉亚<link=""Objection_02_03_02_01"">拍下的照片</link>上能看到两个<link=""Objection_02_03_02_02"">人影</link>。",sherry,02,03,Trial,02
24587,那就是说案发时除了被害人安安以外，还有另外一个人出现在现场……,sherry,02,03,Trial,02
24588,那这个人绝对就是凶手！,sherry,02,03,Trial,02
24589,凶手把安安引到阳台后再把她给推了下去！,sherry,02,03,Trial,02
24590,"所以这<link=""Objection_02_03_02_03"">明确就是凶杀案</link>！",sherry,02,03,Trial,02
24591,……你想说的是这个意思对不对！米莉亚！,sherry,02,03,Trial,02
24592,没、没有……大叔我也不至于这么肯定……！,miria,02,03,Trial,02
24593,（雪莉的推理除了细节不太对，基本上都是正确的……）,hiro,02,03,Trial,02
24594,（但是……这并不代表她说的全都是事实）,hiro,02,03,Trial,02
24595,（其中必定会有能颠覆推理的关键要点）,hiro,02,03,Trial,02
24596,（想好讨论的着眼点，试着往那个方向引导吧）,hiro,02,03,Trial,02
24597,照片是伪造的,hiro,02,03,Trial,02
24598,返回,hiro,02,03,Trial,02
24599,是其他物体的影子,hiro,02,03,Trial,02
24600,是事故,hiro,02,03,Trial,02
24601,先等一等。在开始讨论前我有事想先确认清楚。,hiro,02,03,Trial,02
24602,要确认什么呢？,sherry,02,03,Trial,02
24603,我想知道，这张照片作为证据，是否真实可信。,hiro,02,03,Trial,02
24604,说不定，照片有可能是伪造的，内容被人加工或者编辑过……！,hiro,02,03,Trial,02
24605,欸！？大叔我不会做这种事啦……！？,miria,02,03,Trial,02
24606,口说无凭……,hiro,02,03,Trial,02
24607,……话说回来啊。你要是想挑刺那总得说说有什么证据才对吧？,alisa,02,03,Trial,02
24608,说、说得对！,miria,02,03,Trial,02
24609,照片拍得这么清楚，你却怀疑它当不了证据，那身为质疑一方，就应该负起举证责任才对吧……！？,miria,02,03,Trial,02
24610,……太复杂的事情我不懂啊。,alisa,02,03,Trial,02
24611,可是我觉得佐伯说的话更加有道理就是了。,alisa,02,03,Trial,02
24612,希罗你才应该向我们出示证据呢！,sherry,02,03,Trial,02
24613,（唔……！这确实是恶魔的证明）,hiro,02,03,Trial,02
24614,（只要存在照片这种确凿的物证，就难以歪曲照片所展示出来的事实）,hiro,02,03,Trial,02
24615,（……那如果存在单靠照片无法断定的事实，是否就能用来推翻雪莉的推理了呢……？）,hiro,02,03,Trial,02
24616,直接认定照片上的是人影，会不会太草率了。,hiro,02,03,Trial,02
24617,……那你的意思是？,sherry,02,03,Trial,02
24618,有没有可能照片拍下的并不是人影，而是其他东西的影子，只是刚好看起来像人影而已。,hiro,02,03,Trial,02
24619,其他东西的影子……那你说说看，是什么东西的影子。,alisa,02,03,Trial,02
24620,影子看起来是人形的，会不会是画室里放了一个人偶之类的东西？,sherry,02,03,Trial,02
24621,既然是画室，里面就算放了雕像也不出奇呢！,hanna,02,03,Trial,02
24622,……诺亚不知道有这种东西哦？,noa,02,03,Trial,02
24623,我也不懂阳台放雕像有什么意义……,miria,02,03,Trial,02
24624,……那附近看来没有什么能错看成影子的物体呢。,leia,02,03,Trial,02
24625,既然如此，那照片上的果然是人影没错！,sherry,02,03,Trial,02
24626,（……看来没有充分的依据能够证明那不是人影）,hiro,02,03,Trial,02
24627,（只要存在照片这种确凿的物证，就难以歪曲照片所展示出来的事实）,hiro,02,03,Trial,02
24628,（……那如果存在单靠照片无法断定的事实，是否就能用来推翻雪莉的推理了呢……？）,hiro,02,03,Trial,02
24629,……不，这可说不准。,hiro,02,03,Trial,02
24630,你的意思是？,sherry,02,03,Trial,02
24631,从米莉亚的照片上能看出来的，就只有拍照当时案发现场附近有两个人在场。,hiro,02,03,Trial,02
24632,但这并不能证明被目击到的这两个人就是凶手跟被害人。,hiro,02,03,Trial,02
24633,……可实际上夏目就是死了啊。,alisa,02,03,Trial,02
24634,这一点你要怎样解释。,alisa,02,03,Trial,02
24635,假设安安是被人推下去的好了，但这个人真的是为了杀死她，才把她推下去的吗？,hiro,02,03,Trial,02
24636,你说什么……？,alisa,02,03,Trial,02
24637,安安被人推下去的地方又不是什么大楼的屋顶或者悬崖。,hiro,02,03,Trial,02
24638,高度也就一层楼高，根本没法保证摔死人。,hiro,02,03,Trial,02
24639,而且，她的死因并不是【坠落致死】。,hiro,02,03,Trial,02
24640,……说得对。安安身上并没有骨折。,leia,02,03,Trial,02
24641,不管怎样，死因都是铁栅从背后刺穿身体致死。,leia,02,03,Trial,02
24642,没错，铁栅只是【凑巧刺穿了她的身体】而已。,hiro,02,03,Trial,02
24643,或许安安的确从阳台掉了下来。,hiro,02,03,Trial,02
24644,但她有可能只是意外失足，不一定是当时在场的人做了什么事……,hiro,02,03,Trial,02
24645,安安只是碰巧掉落到铁栅栏上被刺穿胸口而已。,hiro,02,03,Trial,02
24646,也就是说，这是一场不幸的事故。我们不能断定这是凶杀案件。,hiro,02,03,Trial,02
24647,（……想不到我也能这样睁着眼睛说瞎话。这全都不过是狡辩而已）,hiro,02,03,Trial,02
24648,（不过……）,hiro,02,03,Trial,02
24649,…………,ema,02,03,Trial,02
24650,（既然艾玛她……让我【活下去】，那……）,hiro,02,03,Trial,02
24651,（我就试着稍微挣扎几下吧）,hiro,02,03,Trial,02
24652,嗯……这个想法确实也有道理。,sherry,02,03,Trial,02
24653,但我无法认可！,sherry,02,03,Trial,02
24654,关于这一点……我们来重头梳理一下吧！,sherry,02,03,Trial,02
24655,请看一下米莉亚拍下的照片。,sherry,02,03,Trial,03
24656,我们可以确定的是，昨晚曾经有两个人出现在诺亚画室里的阳台上。,sherry,02,03,Trial,03
24657,然而没有人站出来承认……,sherry,02,03,Trial,03
24658,这难道不是因为心里有鬼才不敢承认照片上的人是自己吗？,sherry,02,03,Trial,03
24659,"也就是说米莉亚<link=""Objection_02_03_03_01"">碰巧拍下</link>的这张照片……",sherry,02,03,Trial,03
24660,上面拍到的正是凶手本人！,sherry,02,03,Trial,03
24661,安安就是被照片上的凶手推下阳台的！,sherry,02,03,Trial,03
24662,……可、可就像刚才小希说的那样，凶手真的是怀着杀意把安安推下去的吗……？,miria,02,03,Trial,03
24663,……被中庭的铁栅刺中只是凑巧，这个可能性很大。,leia,02,03,Trial,03
24664,这样来想的话，只是从二楼把人推下去的话说不上是【蓄意谋杀】呢。,leia,02,03,Trial,03
24665,就算是【并非蓄意实施的谋杀】也没关系吧？,sherry,02,03,Trial,03
24666,这场审判目的是找出魔女……也就是说，找出受到魔女化所激发的杀人冲动控制的人。,sherry,02,03,Trial,03
24667,"如果凶手是在杀人冲动的驱使下，一时激愤把安安给<link=""Objection_02_03_03_02"">推下楼</link>，那我们就有理由相信很有可能凶手已经变成<link=""Objection_02_03_03_03"">魔女</link>了哦。",sherry,02,03,Trial,03
24668,换句话说……是【一不小心就把人给杀了】！这样的话所有事情都说得通！,sherry,02,03,Trial,03
24669,这……确实没错……,leia,02,03,Trial,03
24670,（在现在这个状况下，雪莉说的都合理正确）,hiro,02,03,Trial,03
24671,（这个话题或许不适宜继续深究下去）,hiro,02,03,Trial,03
24672,（……看来偶尔也需要模糊一下讨论的焦点了）,hiro,02,03,Trial,03
24673,说是碰巧拍下就不对劲了,hiro,02,03,Trial,03
24674,返回,hiro,02,03,Trial,03
24675,没打算推人下去,hiro,02,03,Trial,03
24676,也有可能不是魔女,hiro,02,03,Trial,03
24677,从结果来看，凶手是把安安给推下楼了，但会不会凶手其实没想到安安真的会掉下去呢？,hiro,02,03,Trial,03
24678,凶手只是闹着玩推了下安安的后背，谁知道安安没站稳掉了下去……,hiro,02,03,Trial,03
24679,如果是这样的话，就不能说凶手是故意杀人的。,hiro,02,03,Trial,03
24680,真是这样吗～？,sherry,02,03,Trial,03
24681,你的意思是，凶手从安安背后把她往阳台外面推，对吧？,sherry,02,03,Trial,03
24682,没有一丁点的杀意却这样做，这说法是不是有点牵强？,sherry,02,03,Trial,03
24683,就算没有积极主动的杀害意图，但只要存在消极被动的存心不良，那就是一桩案件，我觉得还是不能这么彻底否定！,sherry,02,03,Trial,03
24684,确实……橘说得不无道理啊。,alisa,02,03,Trial,03
24685,（……看来说服力还不够充足）,hiro,02,03,Trial,03
24686,（在某种意义上，她说的都是事实，可是……）,hiro,02,03,Trial,03
24687,（讨论的风向逐渐被雪莉一个人给掌控了）,hiro,02,03,Trial,03
24688,（只是一旦认同雪莉的推理，讨论的矛头很容易就会指向我）,hiro,02,03,Trial,03
24689,（既然是这样的话，或许我应该引导其他人去质疑推论的前提……）,hiro,02,03,Trial,03
24690,不对，雪莉。事情不一定是你说的那样。,hiro,02,03,Trial,03
24691,凶手未必已经变成魔女，我们没有必要特意指证一个不一定是魔女的人出来吧。,hiro,02,03,Trial,03
24692,……可反过来说，凶手也有可能已经变成魔女对不对。,alisa,02,03,Trial,03
24693,这就想结束话题是不是太心急了。,alisa,02,03,Trial,03
24694,欸欸，诺亚想问问你，为什么希罗你会这样想？,noa,02,03,Trial,03
24695,希罗是不想审判了？,noa,02,03,Trial,03
24696,哈！,sherry,02,03,Trial,03
24697,难不成希罗的目的是混淆讨论的方向，让审判中断……！？,sherry,02,03,Trial,03
24698,你这也太可疑了，希罗！！,sherry,02,03,Trial,03
24699,（受到怀疑了……）,hiro,02,03,Trial,03
24700,（只是一旦认同雪莉的推理，讨论的矛头很容易就会指向我）,hiro,02,03,Trial,03
24701,（既然是这样的话，或许我应该引导其他人去质疑推论的前提……）,hiro,02,03,Trial,03
24702,……关于你的发言，请容我说几句。,hiro,02,03,Trial,03
24703,好的，你要说什么！？,sherry,02,03,Trial,03
24704,雪莉。你刚才说，米莉亚是【碰巧】拍下这张照片对吧。,hiro,02,03,Trial,03
24705,没错！,sherry,02,03,Trial,03
24706,米莉亚听到响声后往窗外看了看，然后想要把星空给拍下来……,sherry,02,03,Trial,03
24707,我觉得这些证词一点问题都没有！,sherry,02,03,Trial,03
24708,真的是这样吗？,hiro,02,03,Trial,03
24709,你看看照片的拍摄角度。,hiro,02,03,Trial,03
24710,米莉亚说自己想拍的是天空，但实际拍下来的却是建筑物。,hiro,02,03,Trial,03
24711,……啊！还真是耶！,sherry,02,03,Trial,03
24712,而且昨晚应该是下了雨才对。,hiro,02,03,Trial,03
24713,天空晴朗得能看到星星这一点就很奇怪。,hiro,02,03,Trial,03
24714,说得没错！,sherry,02,03,Trial,03
24715,这个情况你要怎么解释！米莉亚！,sherry,02,03,Trial,03
24716,不、不对，不是这样的啦！大叔我记得是拍了照片以后才下的雨！,miria,02,03,Trial,03
24717,那天夜里天空看不到一片云，星星看得很清楚……所以大叔我才会想着拍照……！,miria,02,03,Trial,03
24718,大叔我只是一时弄错，没等镜头朝向天空就按下了快门，所以拍摄角度显得奇怪而已……,miria,02,03,Trial,03
24719,在那以后大叔我真的还拍了天空哦！？,miria,02,03,Trial,03
24720,……真的只拍了星空而已就是了。,miria,02,03,Trial,03
24721,不管怎么说，这张照片很可疑。,hiro,02,03,Trial,03
24722,我在想，有没有可能米莉亚把拍摄时间给记错了呢？,hiro,02,03,Trial,03
24723,欸欸！？怎么可能……！,miria,02,03,Trial,03
24724,……可、可是！我也觉得这事情很奇怪欸～！,hanna,02,03,Trial,03
24725,欸欸！？连汉娜也这么说！？,miria,02,03,Trial,03
24726,白天洗好的衣服当时还在外面晾着！,hanna,02,03,Trial,03
24727,……大晚上的怎么还晾着衣服？,leia,02,03,Trial,03
24728,我忘了把衣服收进来！,hanna,02,03,Trial,03
24729,可是听到雨声后想起来衣服还晾在外面！,hanna,02,03,Trial,03
24730,于是慌忙跑出去想给收起来……,hanna,02,03,Trial,03
24731,却发现衣服完全没湿！看，就是这件衣服～！,hanna,02,03,Trial,03
24732,魔女图鉴 更新…,"@toast ""|#Toast_001|""",02,03,Trial,03
24733,……什么洗衣服晾衣服的，你们到底在说什么废话。,alisa,02,03,Trial,03
24734,当时我也在外面走动，那会确实没有下雨……,alisa,02,03,Trial,03
24735,可是啊。这些事现在纠结有什么意义呢。反正肯定是哪里记错了。,alisa,02,03,Trial,03
24736,别管下雨没下雨，现在要讨论的应该是谁是凶手才对吧。,alisa,02,03,Trial,03
24737,这、这个嘛……是这样没错……,miria,02,03,Trial,03
24738,（……看来我已经成功混淆了讨论的焦点）,hiro,02,03,Trial,03
24739,（每个人的证词都有前后矛盾的地方，这一点虽然让人在意……）,hiro,02,03,Trial,03
24740,（在露出马脚之前，我是否该暂且收起锋芒呢）,hiro,02,03,Trial,03
24741,总而言之……我想说的是，以可靠性存疑的证物为依据展开讨论是一件危险的事。,hiro,02,03,Trial,03
24742,大家觉得我说得有错吗？,hiro,02,03,Trial,03
24743,没有，你说得对！,sherry,02,03,Trial,03
24744,可是这样一来——,sherry,02,03,Trial,03
24745,——只要有确凿的【证据】就行了，对吧？,sherry,02,03,Trial,03
24746,……！,hiro,02,03,Trial,03
24747,你是说……现场有留下能证明这是一场谋杀的证据？,hiro,02,03,Trial,03
24748,……哼哼哼！其实我已经找到了能够证明【这是一起凶杀案件】的证据！,sherry,02,03,Trial,03
24749,（什么……！）,hiro,02,03,Trial,03
24750,那接下来……让我来为大家说明！,sherry,02,03,Trial,03
24751,说到底，意外坠落的下方凑巧放有铁栅栏，有没有感觉这巧合得过分了？,sherry,02,03,Trial,04
24752,于是我就调查了一下……竟然让我找到了！找到铁栅栏被人移动过的痕迹！,sherry,02,03,Trial,04
24753,铁栅栏被人移动过的痕迹……,hiro,02,03,Trial,04
24754,没错！,sherry,02,03,Trial,04
24755,大家看看尸体的现场照片就能看出来，能看到铁栅弯掉了对不对！,sherry,02,03,Trial,04
24756,"看样子，铁栅栏原本是<link=""Objection_02_03_04_01"">排列得整整齐齐</link>的。",sherry,02,03,Trial,04
24757,"可是……那道铁栅栏上竟留下了近期被人挪过位置的<link=""Objection_02_03_04_02"">痕迹</link>！",sherry,02,03,Trial,04
24758,这毫无疑问，就是凶手做过的手脚！,sherry,02,03,Trial,04
24759,把安安从阳台推下来之前，凶手故意把铁栅先掰弯。,sherry,02,03,Trial,04
24760,"然后把人<link=""Objection_02_03_04_03"">对准铁栅</link>用力一推！",sherry,02,03,Trial,04
24761,铁栅再往坠落的安安后背一插！……人就这样死掉了！,sherry,02,03,Trial,04
24762,"所以说，这是他杀……！安安的死亡<link=""Objection_02_03_04_04"">不是事故</link>，是人为的凶杀案件！",sherry,02,03,Trial,04
24763,（铁栅被人挪过位置……？这是偶然吗？）,hiro,02,03,Trial,04
24764,（不管怎么说，因为这个证据，从客观来看是事故的可能性就降低了……）,hiro,02,03,Trial,04
24765,（可是让大家真觉得安安是他杀的话，麻烦就大了）,hiro,02,03,Trial,04
24766,（这样的话……我就只能否定雪莉的推理了……！）,hiro,02,03,Trial,04
24767,原本就是歪歪扭扭的,hiro,02,03,Trial,04
24768,返回,hiro,02,03,Trial,04
24769,不是移动铁栅的痕迹,hiro,02,03,Trial,04
24770,对准铁栅推人下去很困难,hiro,02,03,Trial,04
24771,有证据表明是事故,hiro,02,03,Trial,04
24772,你刚才说铁栅原本是排列得整整齐齐的，情况真是这样吗？,hiro,02,03,Trial,04
24773,会不会只是雪莉你记错了，铁栅有可能原本就已经七扭八歪的了。,hiro,02,03,Trial,04
24774,不，雪莉说得没错，铁栅确实一直都是排列得整整齐齐……,leia,02,03,Trial,04
24775,……对，之前没这么歪歪扭扭的。,alisa,02,03,Trial,04
24776,……是吗。说起来亚里沙最近经常会待在中庭呢。,leia,02,03,Trial,04
24777,算是吧……,alisa,02,03,Trial,04
24778,挂吊床的时候我也仔细确认过铁栅栏的位置。,alisa,02,03,Trial,04
24779,亚里沙最近一直都看着，她说的应该是真话。,noa,02,03,Trial,04
24780,综上所述，【铁栅排列得整整齐齐】就对了！绝对是这样没错！,sherry,02,03,Trial,04
24781,（……看来这个反驳有点过于牵强了）,hiro,02,03,Trial,04
24782,（雪莉的推理乍一看顺理成章——）,hiro,02,03,Trial,04
24783,（可这真的有可能实现吗）,hiro,02,03,Trial,04
24784,（现场环境、位置关系、时间……她的话里有什么跟案发周围环境不吻合的地方呢）,hiro,02,03,Trial,04
24785,【挪过位置】啊……真的是这样吗？,hiro,02,03,Trial,04
24786,说不定……铁栅只是自己【挪了位置】而已。,hiro,02,03,Trial,04
24787,自己挪位置！？铁栅自己怎样挪位置啊！？,hanna,02,03,Trial,04
24788,你不会说什么铁栅每晚都会自己跑出来到处走来走去这种话吧……！,hanna,02,03,Trial,04
24789,当然，我不会说那种异想天开的话。,hiro,02,03,Trial,04
24790,但谁都无法断言这是不可能的事，对吧。,hiro,02,03,Trial,04
24791,例如，发生了【地震】。,hiro,02,03,Trial,04
24792,如果说由于地面的摇晃导致整个地表都移动了，铁栅栏的移位就能说得通了。,hiro,02,03,Trial,04
24793,可是啊，什么时候发生过这么大的地震？,alisa,02,03,Trial,04
24794,就算不是最近发生也没关系，说不定是在我们来到这里前发生过地震。,hiro,02,03,Trial,04
24795,不！我认为没这个可能！因为前天铁栅还是排得整整齐齐的！,sherry,02,03,Trial,04
24796,……这两天应该没发生过地震吧。,alisa,02,03,Trial,04
24797,确实，我记得是没有……,miria,02,03,Trial,04
24798,……这样的话，铁栅由于地震自己挪了位置的说法就不可信了呢。,leia,02,03,Trial,04
24799,（看来没有发生过地壳变动……）,hiro,02,03,Trial,04
24800,（雪莉的推理乍一看顺理成章——）,hiro,02,03,Trial,04
24801,（可这真的有可能实现吗）,hiro,02,03,Trial,04
24802,（现场环境、位置关系、时间……她的话里有什么跟案发周围环境不吻合的地方呢）,hiro,02,03,Trial,04
24803,不对，雪莉。有证据可以证明这是一场意外。,hiro,02,03,Trial,04
24804,欸！是这样吗！？,sherry,02,03,Trial,04
24805,没错。就是这个证据。,hiro,02,03,Trial,04
24806,……呃，希罗，这个应该证明不了什么吧。,leia,02,03,Trial,04
24807,（看来靠这个证明不了……）,hiro,02,03,Trial,04
24808,（雪莉的推理乍一看顺理成章——）,hiro,02,03,Trial,04
24809,（可这真的有可能实现吗）,hiro,02,03,Trial,04
24810,（现场环境、位置关系、时间……她的话里有什么跟案发周围环境不吻合的地方呢）,hiro,02,03,Trial,04
24811,对准铁栅把人推下去……吗。,hiro,02,03,Trial,04
24812,可惜的是，这个推理……无法成立。,hiro,02,03,Trial,04
24813,欸欸！？为什么！？,sherry,02,03,Trial,04
24814,只要根据现场情况想想就能一清二楚。,hiro,02,03,Trial,04
24815,雪莉的推理如果是正确的话，那就是说，凶手是从画室的阳台之上，把安安往中庭的铁栅栏上推下去的。,hiro,02,03,Trial,04
24816,可现场情况却会导致这个事情无法实现。这个情况就是……,hiro,02,03,Trial,04
24817,现场昏暗,hiro,02,03,Trial,04
24818,现场脏乱,hiro,02,03,Trial,04
24819,现场很高,hiro,02,03,Trial,04
24820,中庭里的草木长得很茂盛。,hiro,02,03,Trial,04
24821,而铁栅栏就隐没在树木杂草之中，从楼上把人推下，不可能保证人一定能掉到铁栅栏上。,hiro,02,03,Trial,04
24822,可中庭又说不上是热带丛林，里面的杂草没有茂密到能把铁栅栏完全藏起来吧？,miria,02,03,Trial,04
24823,就算没有物体遮挡，铁栅栏本身就沾了泥巴之类弄得很脏，从高处往下看很难辨认位置所在。,hiro,02,03,Trial,04
24824,可我觉得案发现场的铁栅栏没有脏到那个地步哦？,sherry,02,03,Trial,04
24825,……是啊。,leia,02,03,Trial,04
24826,虽然说不上干净，但看起来也没有脏到看不清楚位置的地步。,leia,02,03,Trial,04
24827,那果然还是能从二楼清楚看到铁栅栏的位置呢～！,hanna,02,03,Trial,04
24828,（……看来铁栅栏没有那么脏）,hiro,02,03,Trial,04
24829,（按照雪莉的说法，凶手是故意对准阳台下方的铁栅栏将安安推下去，让铁栅把人给刺死……）,hiro,02,03,Trial,04
24830,（确实是简单易懂的推理）,hiro,02,03,Trial,04
24831,（——可是以案发当时的现场环境来看，这个说法并不成立……）,hiro,02,03,Trial,04
24832,（从阳台上往下面的中庭看时，无法让人掉到特定的地方上去，理由就是——）,hiro,02,03,Trial,04
24833,安安掉落的阳台在二楼。,hiro,02,03,Trial,04
24834,从那个高度往下看，中庭里的铁栅栏会显得很小看不清。,hiro,02,03,Trial,04
24835,凶手没办法对准铁栅栏推人下去。,hiro,02,03,Trial,04
24836,……是吗？,alisa,02,03,Trial,04
24837,不就一层楼的高度吗？大概位置应该还是能确定的吧。,alisa,02,03,Trial,04
24838,没错！,sherry,02,03,Trial,04
24839,而且排列得整整齐齐的铁栅栏中有几根被掰弯，这不是更显眼更容易看到嘛！,sherry,02,03,Trial,04
24840,这种杀人手法果然是有可能实现的！,sherry,02,03,Trial,04
24841,（看来距离并不是问题……）,hiro,02,03,Trial,04
24842,（按照雪莉的说法，凶手是故意对准阳台下方的铁栅栏将安安推下去，让铁栅把人给刺死……）,hiro,02,03,Trial,04
24843,（确实是简单易懂的推理）,hiro,02,03,Trial,04
24844,（——可是以案发当时的现场环境来看，这个说法并不成立……）,hiro,02,03,Trial,04
24845,（从阳台上往下面的中庭看时，无法让人掉到特定的地方上去，理由就是——）,hiro,02,03,Trial,04
24846,从推定死亡时间来看，案发时间是晚上，中庭处于没有任何照明的状态。,hiro,02,03,Trial,04
24847,如果有人拿来照明灯在中庭办茶话会那就另当别论……,hiro,02,03,Trial,04
24848,但在没有半点照明的中庭内，是不可能做到对准铁栅栏把人推落的。,hiro,02,03,Trial,04
24849,说、说得没错，案发时现场应该是一片漆黑没错……？,miria,02,03,Trial,04
24850,你这么一说我就想起来了，大叔我在拍天空的时候也是完全没注意看中庭那边……,miria,02,03,Trial,04
24851,因为那里黑乎乎一团，什么都看不见。,miria,02,03,Trial,04
24852,……听到了吗，雪莉。,hiro,02,03,Trial,04
24853,也就是说，你的推理里有漏洞。,hiro,02,03,Trial,04
24854,还是说……你还有反对意见吗？,hiro,02,03,Trial,04
24855,……是的！我要反驳！,sherry,02,03,Trial,04
24856,………,hiro,02,03,Trial,04
24857,因为我敢肯定，铁栅栏……被人动过手脚。,sherry,02,03,Trial,04
24858,而实际上也的确有几根铁栅断了。,sherry,02,03,Trial,04
24859,结合栅栏被移动过这件事一起想，自然会认为是有人蓄意做的。,sherry,02,03,Trial,04
24860,魔女图鉴 更新…,"@toast ""|#Toast_001|""",02,03,Trial,04
24861,……不过，我也能理解希罗的意思。,sherry,02,03,Trial,04
24862,在没有任何标记的情况下，想要对准铁栅栏推人下去是很困难的。,sherry,02,03,Trial,04
24863,可是……也只限【没有任何标记】时才成立。,sherry,02,03,Trial,04
24864,你是说……现场有东西用作了标记？,hiro,02,03,Trial,04
24865,没错。我已经在现场找到这个标记了哦。,sherry,02,03,Trial,04
24866,那就是……【安安的手机】！,sherry,02,03,Trial,04
24867,我说得没错吧？蕾雅。,sherry,02,03,Trial,04
24868,啊，嗯。那本来就是安安的随身物品，所以我才没有特意提起……,leia,02,03,Trial,04
24869,现场发现了一部手机。……是在安安的尸体下找到的。,leia,02,03,Trial,04
24870,（在尸体下……？如果是这样的话，就没法咬定这跟案件无关了）,hiro,02,03,Trial,04
24871,我已经确认过手机里面的记录，没有发现什么不对劲的内容。,leia,02,03,Trial,04
24872,……话说回来，安安的手机里一直保存着可可的遗体照片。,leia,02,03,Trial,04
24873,更巧的是，安安坠落的位置就在之前发现可可尸体的地点附近……,leia,02,03,Trial,04
24874,说不定两者之间有什么关系。,leia,02,03,Trial,04
24875,……暂且不讨论这事。,sherry,02,03,Trial,04
24876,只要使用手机在中庭做点手脚，就有可能让安安掉落到特定的地方上！,sherry,02,03,Trial,04
24877,这种像烹饪节目里“加点秘密调料就能变好吃”一样的事情有可能发生吗！？,hanna,02,03,Trial,04
24878,没错！请各位不要换台哦～！,sherry,02,03,Trial,04
24879,不用我说大家也知道，手机的屏幕会发光。而且我们手上这款手机还有手电筒功能。,sherry,02,03,Trial,05
24880,凶手事先在预定地点放置一部手机，并让手机一直发光。,sherry,02,03,Trial,05
24881,而案发当时中庭一片漆黑……,sherry,02,03,Trial,05
24882,"那么就算手机的光很微弱，作为<link=""Objection_02_03_05_01"">标记</link>也应该很显眼才对！",sherry,02,03,Trial,05
24883,"只要朝着发光位置一推，铁栅就会把人一下刺穿，凶手就能<link=""Objection_02_03_05_02"">达到杀人目的</link>了呢！",sherry,02,03,Trial,05
24884,"的确，<link=""Objection_02_03_05_03"">手机的光那么暗</link>，大叔我没发现也很正常……",miria,02,03,Trial,05
24885,怎么样，我这次推理得不错吧！,sherry,02,03,Trial,05
24886,只要使用这个诡计，就能轻易做到利用铁栅栏杀死安安！,sherry,02,03,Trial,05
24887,（雪莉坚信安安是他杀）,hiro,02,03,Trial,05
24888,（可不知道算是幸运还是不幸，她刚才的推理里有着无法自圆其说的矛盾）,hiro,02,03,Trial,05
24889,（我要……好好利用这个破绽）,hiro,02,03,Trial,05
24890,有其他光源,hiro,02,03,Trial,05
24891,返回,hiro,02,03,Trial,05
24892,不是他杀而是自杀,hiro,02,03,Trial,05
24893,手机的光很显眼,hiro,02,03,Trial,05
24894,……有没有可能现场还出现了一些其他的光源呢？,hiro,02,03,Trial,05
24895,其他光源吗？,sherry,02,03,Trial,05
24896,如果现场存在多个光源，手机那点微弱的亮光就会被周围的光芒遮盖，失去了标记的意义。,hiro,02,03,Trial,05
24897,举例说说看，其他的光源是～？,noa,02,03,Trial,05
24898,……比如走廊的灯光之类，可能性太多了。,hiro,02,03,Trial,05
24899,可是大叔我记得，当时看向中庭的时候没看到什么特别显眼的亮光哦。,miria,02,03,Trial,05
24900,……话说回来，说案发时中庭一片漆黑的人不就是你吗。,alisa,02,03,Trial,05
24901,说出口的话别给我忘了。,alisa,02,03,Trial,05
24902,（无可辩驳啊……）,hiro,02,03,Trial,05
24903,（雪莉是以【现场发现了一部手机】为由作出了推理）,hiro,02,03,Trial,05
24904,（……可是我比谁都要清楚，这个推理本身就有错）,hiro,02,03,Trial,05
24905,（既然如此，看我将计就计，利用雪莉的推理来编造一个能让所有人信服的故事）,hiro,02,03,Trial,05
24906,（……就算内容全都是凭空捏造，我也要办到）,hiro,02,03,Trial,05
24907,以防大家忘记，我重复一遍，中庭内光线黯淡，一片漆黑。,hiro,02,03,Trial,05
24908,就算只是【手机那点光】，在一片黑暗中也会显得显眼，不是吗？,hiro,02,03,Trial,05
24909,可是液晶屏幕的亮度是可以调整的！,sherry,02,03,Trial,05
24910,凶手肯定是把屏幕亮度给调暗了！,sherry,02,03,Trial,05
24911,毕竟只要凶手自己能看到那点亮光就足够了！,sherry,02,03,Trial,05
24912,那知道手机在哪里也不奇怪了呢～。,noa,02,03,Trial,05
24913,没错！奇怪的是希罗的推理！,sherry,02,03,Trial,05
24914,（确实，只要调节一下亮度也不是完全不可能……）,hiro,02,03,Trial,05
24915,（雪莉是以【现场发现了一部手机】为由作出了推理）,hiro,02,03,Trial,05
24916,（……可是我比谁都要清楚，这个推理本身就有错）,hiro,02,03,Trial,05
24917,（既然如此，看我将计就计，利用雪莉的推理来编造一个能让所有人信服的故事）,hiro,02,03,Trial,05
24918,（……就算内容全都是凭空捏造，我也要办到）,hiro,02,03,Trial,05
24919,……原来是这样。你说的的确有可能是事实。,hiro,02,03,Trial,05
24920,这样来推理的话一切都很合理……完全没有反驳的余地。,hiro,02,03,Trial,05
24921,就是吧！,sherry,02,03,Trial,05
24922,没错。……只是这个推理有一个必要的前提条件。,hiro,02,03,Trial,05
24923,前提条件……吗？,sherry,02,03,Trial,05
24924,【人对准放在中庭的手机掉了下去】，关于这一点我没有异议。,hiro,02,03,Trial,05
24925,可是……除非是【安安自己跳下去】，不然就说不通了。,hiro,02,03,Trial,05
24926,要说为什么，因为用来做标记的手机是属于安安的。,hiro,02,03,Trial,05
24927,……啊！,sherry,02,03,Trial,05
24928,【在现场找到的手机是凶手事先安放的】。【安安从阳台坠落】。,hiro,02,03,Trial,05
24929,以最简单的方式同时满足这两个条件……答案就只有一个。,hiro,02,03,Trial,05
24930,【被害人安安就是策划这一切的凶手】……就是这么一回事。,hiro,02,03,Trial,05
24931,如果凶手不是安安，那真正的凶手就得想尽办法拿到安安的手机才行。,hiro,02,03,Trial,05
24932,难不成在作案前特意去偷安安的手机？这样做只会让安安警戒起来。,hiro,02,03,Trial,05
24933,……可是啊。这个推理也太怪异了……！,alisa,02,03,Trial,05
24934,如果说夏目是自己跳下去的话，那她就是【自杀】。,alisa,02,03,Trial,05
24935,夏目既没有自杀的动机，也没有想要自杀的倾向，我觉得她没理由会突然间做出这种事情来……！,alisa,02,03,Trial,05
24936,当然，我也不是一口咬定安安是自杀。,hiro,02,03,Trial,05
24937,我想说的是，如果认同雪莉的推理是正确的话，结论就会变成安安是自杀。,hiro,02,03,Trial,05
24938,呃……！？,alisa,02,03,Trial,05
24939,不然的话……现场找到的手机说不定纯粹只是因为坠落的冲击而掉落在地上。,hiro,02,03,Trial,05
24940,不管事实怎样，雪莉的推理都站不住脚……,hiro,02,03,Trial,05
24941,我没说错吧？,hiro,02,03,Trial,05
24942,原来是这样……在现场找到的手机确实是属于安安的呢。,sherry,02,03,Trial,05
24943,可是只要把希罗指出的矛盾点稍加修正，我的推理就能说得过去了。,sherry,02,03,Trial,05
24944,让我来重新分析一下这起凶杀案件！,sherry,02,03,Trial,05
24945,（看来雪莉是不管怎样也要把安安的死亡办成凶杀案了）,hiro,02,03,Trial,05
24946,（只不过……以错误的理论为依据反复进行假设只会催生新的矛盾……）,hiro,02,03,Trial,05
24947,（我会把雪莉编造的错误故事……全部推翻！）,hiro,02,03,Trial,05
24948,确实如希罗你所说，我忽略了手机是属于安安的这个事实。,sherry,02,03,Trial,06
24949,那真相就只有一个了。,sherry,02,03,Trial,06
24950,凶手就是像希罗刚才说的那样，在犯案前偷走了安安的手机！,sherry,02,03,Trial,06
24951,这么一来就没问题了，凶手是可以把手机放到中庭里的！,sherry,02,03,Trial,06
24952,……刚才我也说了，偷手机只会令安安警戒起来，提高实施杀人计划的难度而已。,hiro,02,03,Trial,06
24953,"但<link=""Objection_02_03_06_01"">只要她没发现</link>就没问题！",sherry,02,03,Trial,06
24954,凶手事先把手机放置在中庭内，再把安安引诱到二楼的阳台去。,sherry,02,03,Trial,06
24955,"说不定凶手就是跟安安说【那里掉了一部手机！】来<link=""Objection_02_03_06_02"">诱导</link>她走到阳台上！",sherry,02,03,Trial,06
24956,等安安扶着阳台护栏探身往中庭张望的时候，凶手趁机袭击她！,sherry,02,03,Trial,06
24957,可怜的安安就这样掉了下去，被铁栅刺穿身体而亡！,sherry,02,03,Trial,06
24958,……可、可是！如果凶手真的做了这一连串的手脚，现场肯定会留下痕迹才对……！？,ema,02,03,Trial,06
24959,例如……脚印之类的！,ema,02,03,Trial,06
24960,你大可放心，艾玛！,sherry,02,03,Trial,06
24961,"包括脚印在内，跟案件有关的<link=""Objection_02_03_06_03"">一切痕迹</link>都被一场雨冲刷得干干净净了……除了铁栅栏的移位以外！",sherry,02,03,Trial,06
24962,可是……为什么只有移动过铁栅栏的痕迹还留着！这也太不对劲了！,ema,02,03,Trial,06
24963,凶手会移动铁栅栏，说不定是因为其他别的原因……！,ema,02,03,Trial,06
24964,可是我觉得雪莉说得都很有道理欸。,noa,02,03,Trial,06
24965,艾玛你为什么会突然这么说呢？,noa,02,03,Trial,06
24966,难不成……艾玛你其实知道些什么～！？,hanna,02,03,Trial,06
24967,怎、怎么可能呢……！,ema,02,03,Trial,06
24968,（……艾玛的撒谎技巧太烂了！！）,hiro,02,03,Trial,06
24969,（继续讨论下去估计不只是我，就连艾玛也会受到怀疑……）,hiro,02,03,Trial,06
24970,（可是……总感觉哪里不对劲）,hiro,02,03,Trial,06
24971,（雪莉的话里……混入了某个奇怪的【矛盾】）,hiro,02,03,Trial,06
24972,（再次确认一下至今为止得到的情报吧）,hiro,02,03,Trial,06
24973,偷手机不可能不被发现,hiro,02,03,Trial,06
24974,返回,hiro,02,03,Trial,06
24975,安安会中计很不合理,hiro,02,03,Trial,06
24976,还有其他的残留痕迹,hiro,02,03,Trial,06
24977,我觉得【偷东西不被人发现】是很难的。,hiro,02,03,Trial,06
24978,手机这种东西，基本上都是寸步不离身的。而安安也不例外……,hiro,02,03,Trial,06
24979,在所有者不知不觉的情况下把东西偷走，这种伎俩只有受过特殊训练的人才有可能做得到。,hiro,02,03,Trial,06
24980,……不对！就算没有特殊技能也有可能办得到！,sherry,02,03,Trial,06
24981,要、要怎样才能办得到？,miria,02,03,Trial,06
24982,简单！只要趁安安把手机放下忘记拿的时候偷走就行！,sherry,02,03,Trial,06
24983,比如说趁安安在洗澡或者睡觉……偷手机的机会多着呢！,sherry,02,03,Trial,06
24984,希罗的反驳观点不正确！,sherry,02,03,Trial,06
24985,（这个说法不足以推翻她的推理吗……）,hiro,02,03,Trial,06
24986,（但雪莉的发言里有一个明显的认知错误……）,hiro,02,03,Trial,06
24987,（重新回顾一下现场遗留的物品吧）,hiro,02,03,Trial,06
24988,丢失的手机就掉在中庭里，一般来说，谁都会觉得这种情况很不自然吧？,hiro,02,03,Trial,06
24989,是吗？,sherry,02,03,Trial,06
24990,手机也不一定是案发前不久丢的。,sherry,02,03,Trial,06
24991,有可能是安安在出事前曾经进入过中庭，过了一段时间以后才发现自己的手机丢了……,sherry,02,03,Trial,06
24992,这样她就不会觉得有疑问了！,sherry,02,03,Trial,06
24993,如果真的是这种情况，确实安安会探头往中庭看也不出奇……！,miria,02,03,Trial,06
24994,我认为这样来解释合情合理哦，希罗！,sherry,02,03,Trial,06
24995,（看来如果中间有时间差的话，的确没什么大问题……）,hiro,02,03,Trial,06
24996,（但雪莉的发言里有一个明显的认知错误……）,hiro,02,03,Trial,06
24997,（重新回顾一下现场遗留的物品吧）,hiro,02,03,Trial,06
24998,…………,hiro,02,03,Trial,06
24999,……呃？希罗，怎么样啦？,sherry,02,03,Trial,06
25000,（这个矛盾……是怎么回事？）,hiro,02,03,Trial,06
25001,（现场状况明显存在矛盾）,hiro,02,03,Trial,06
25002,（不管是雪莉的推理，还是证据——）,hiro,02,03,Trial,06
25003,（——然后还有，我看到的光景……！）,hiro,02,03,Trial,06
25004,（……现阶段还不清楚为什么会产生这种矛盾。都怪情报收集得不够充分）,hiro,02,03,Trial,06
25005,（这样的话……我必须尽可能收集更多的情报……！）,hiro,02,03,Trial,06
25006,（……为了找出真相！）,hiro,02,03,Trial,06
25007,……如果大家没什么异议的话，我就继续往下说咯……,sherry,02,03,Trial,06
25008,……抱歉。我花了点时间整理了一下思路。,hiro,02,03,Trial,06
25009,可是雪莉，你的推理有错误，这一点依然不变。,hiro,02,03,Trial,06
25010,是吗！？哪里有错啊！？,sherry,02,03,Trial,06
25011,呵。看我来把你的推理彻底推翻，好让你输得心服口服。,hiro,02,03,Trial,06
25012,我随时奉陪！,sherry,02,03,Trial,06
25013,然后呢？希罗你觉得哪里有问题？,sherry,02,03,Trial,06
25014,你刚才说【案件相关的痕迹全都被雨水冲刷干净】。,hiro,02,03,Trial,06
25015,但真的是这样吗？,hiro,02,03,Trial,06
25016,现场可以找到一个没有被雨水抹去的决定性痕迹。,hiro,02,03,Trial,06
25017,是这么一回事啊！那就请你明示，你说的是什么痕迹呢！,sherry,02,03,Trial,06
25018,遗留在现场的痕迹……那就是……,hiro,02,03,Trial,06
25019,被安安的尸体压住的手机。,hiro,02,03,Trial,06
25020,确实，雨水冲不走手机……,miria,02,03,Trial,06
25021,但这是决定性的痕迹吗……？,miria,02,03,Trial,06
25022,只要手机里的数据还在，就能从中找到什么蛛丝马迹……,hiro,02,03,Trial,06
25023,……不，之前就说过了，手机里并没有找到什么有用的情报。,leia,02,03,Trial,06
25024,那不就是找没找到手机都一样嘛！,sherry,02,03,Trial,06
25025,（……看来这跟安安的死没有关系）,hiro,02,03,Trial,06
25026,（重新梳理一下案件的关键要点，仔细想一想吧）,hiro,02,03,Trial,06
25027,（昨晚下了一场雨……）,hiro,02,03,Trial,06
25028,（正常情况下，有些痕迹应该会消失才对）,hiro,02,03,Trial,06
25029,……从哪里能看出来这是决定性的痕迹啊。,alisa,02,03,Trial,06
25030,我有点看不懂呢！,sherry,02,03,Trial,06
25031,希罗从这个证物里面掌握到什么样的事实？能具体说明一下吗？,sherry,02,03,Trial,06
25032,诺亚也搞不懂哦～？,noa,02,03,Trial,06
25033,（看来没能让她们理解……）,hiro,02,03,Trial,06
25034,（昨晚下了一场雨……）,hiro,02,03,Trial,06
25035,（正常情况下，有些痕迹应该会消失才对）,hiro,02,03,Trial,06
25036,安安的尸检结果……！,sherry,02,03,Trial,06
25037,……不不不，希罗。雨下得再大也无法跟洪水相提并论啊对吧？,sherry,02,03,Trial,06
25038,就下个雨怎么可能把尸体都给冲没了！,sherry,02,03,Trial,06
25039,说得没错。尸体不会被雨水冲走。,hiro,02,03,Trial,06
25040,可是……现场有一样本应该会被雨水冲没，但却遗留下来了的东西。,hiro,02,03,Trial,06
25041,那就是……,sherry,02,03,Trial,06
25042,……啊啊！难道说……！,sherry,02,03,Trial,06
25043,没错……就是尸体周围的血迹。,hiro,02,03,Trial,06
25044,按照你的推理，现场由于一场大雨，脚印等各种痕迹都被冲刷得一干二净……是这样对吧。,hiro,02,03,Trial,06
25045,反倒是这大量的血液依然残留在现场，这多少有点不自然了，你们觉得呢？,hiro,02,03,Trial,06
25046,这么一说确实很不对劲！,sherry,02,03,Trial,06
25047,可是如果雨下得不大，这个情况也不能咬定说完全不可能吧？,sherry,02,03,Trial,06
25048,或许只是碰巧雨水不容易打到安安尸体所在的位置。,sherry,02,03,Trial,06
25049,阳台不也就在旁边嘛！,sherry,02,03,Trial,06
25050,……不，绝对没有这个可能。,hiro,02,03,Trial,06
25051,只要是在这座监牢里，就没有这个可能。,hiro,02,03,Trial,06
25052,在这座监牢里……？,sherry,02,03,Trial,06
25053,……！,ema,02,03,Trial,06
25054,看来你也留意到了，艾玛。,hiro,02,03,Trial,06
25055,安安的尸体，还有现场留下的血迹状况表现得不合理的原因……,hiro,02,03,Trial,06
25056,只要拿这个证据跟安安的尸体比对一下就能看出来！,hiro,02,03,Trial,06
25057,希罗，这个证据应该说明不了什么吧……！,ema,02,03,Trial,06
25058,说得没错，完全搞不懂！,sherry,02,03,Trial,06
25059,（拿错比较物了……）,hiro,02,03,Trial,06
25060,【这座监牢里特有的现象】……,ema,02,03,Trial,06
25061,有没有什么东西能向大家展示这一点呢？,ema,02,03,Trial,06
25062,（重新梳理一下至今为止调查所得的信息吧）,hiro,02,03,Trial,06
25063,那、那是小可的……！？,miria,02,03,Trial,06
25064,对。这是安安手机里的照片……,hiro,02,03,Trial,06
25065,大家看看照片上的血迹。,hiro,02,03,Trial,06
25066,可可在地下遭到杀害以后被凶手搬运到中庭里。,hiro,02,03,Trial,06
25067,在移动尸体过程中，凶手应该是用丢弃的衣物把血迹给擦掉了……,hiro,02,03,Trial,06
25068,可就算没有血迹，可可的尸体依然像照片上的那样，能看到几只血蝴蝶飞来飞去。,hiro,02,03,Trial,06
25069,……可偏偏，安安尸体周边的几乎所有血迹都没有变成血蝴蝶。,hiro,02,03,Trial,06
25070,这是……不可能发生的现象。,hiro,02,03,Trial,06
25071,说、说什么不可能……！,alisa,02,03,Trial,06
25072,实际上夏目不是死了吗！,alisa,02,03,Trial,06
25073,（……对，问题就在这里）,hiro,02,03,Trial,06
25074,（安安的尸体不可能是那种状态）,hiro,02,03,Trial,06
25075,（那究竟发生了什么事情……？）,hiro,02,03,Trial,06
25076,……希罗。,ema,02,03,Trial,06
25077,这座监牢里施加了【血液会变成蝴蝶的魔法】……,ema,02,03,Trial,06
25078,这样的话……【血液没有变蝴蝶】会是一种什么样的状况呢？,ema,02,03,Trial,06
25079,（……魔法虽然能够改变物理法则，但并不是没有规律可循）,hiro,02,03,Trial,06
25080,（肯定因为某种原因才会发生【血液没有变蝴蝶】的现象！那就是……）,hiro,02,03,Trial,06
25081,……之所以会觉得安安的尸体状态不自然，是因为我们误解了。,hiro,02,03,Trial,06
25082,我们误解的是——,hiro,02,03,Trial,06
25083,安安现在还活着,@choice |#0203Trial06_Choice004|,02,03,Trial,06
25084,魔法的效果失效了,@choice |#0203Trial06_Choice005|,02,03,Trial,06
25085,血迹是假的,@choice |#0203Trial06_Choice006|,02,03,Trial,06
25086,【安安已经死了】的这一个认知。,hiro,02,03,Trial,06
25087,也就是说，安安依然还活着……,hiro,02,03,Trial,06
25088,现在的她肯定就躲藏在这座监牢的某个地方。,hiro,02,03,Trial,06
25089,你这是在说恐怖故事啊！,hanna,02,03,Trial,06
25090,不对，安安已经死了哦。,leia,02,03,Trial,06
25091,我检查过尸体的呼吸、脉搏还有瞳孔。绝对不会弄错。,leia,02,03,Trial,06
25092,……调查得这么仔细啊。,alisa,02,03,Trial,06
25093,当然。我也曾一度想着……【说不定安安还活着】。,leia,02,03,Trial,06
25094,不管希望有多渺茫也想要赌一把……,leia,02,03,Trial,06
25095,希罗，你也是这样想的对吧？,leia,02,03,Trial,06
25096,可是，安安已经死了。……她已经不会再回来。,leia,02,03,Trial,06
25097,让我们一同克服这份悲伤吧！希罗！,leia,02,03,Trial,06
25098,（……被她共情了）,hiro,02,03,Trial,06
25099,（附着在安安尸体上的【血液】没有变蝴蝶的原因……）,hiro,02,03,Trial,06
25100,（也许我该从前提条件开始质疑了）,hiro,02,03,Trial,06
25101,其实诺亚的魔法早就失效了。,hiro,02,03,Trial,06
25102,不然的话，就没法说明为什么血液没有变成蝴蝶。,hiro,02,03,Trial,06
25103,欸？是吗！？,noa,02,03,Trial,06
25104,怎么本人都不知道啊……,alisa,02,03,Trial,06
25105,不对，希罗。我觉得魔法并没有失效。,leia,02,03,Trial,06
25106,我当时赶到现场的时候，能看到几只蝴蝶在飞。,leia,02,03,Trial,06
25107,血液化蝶的现象并不是完全没有发生。,leia,02,03,Trial,06
25108,（……看来是我想错了）,hiro,02,03,Trial,06
25109,（附着在安安尸体上的【血液】没有变蝴蝶的原因……）,hiro,02,03,Trial,06
25110,（也许我该从前提条件开始质疑了）,hiro,02,03,Trial,06
25111,【血迹是假的】……,hiro,02,03,Trial,06
25112,只有这个可能。,hiro,02,03,Trial,06
25113,假血迹——！？,miria,02,03,Trial,06
25114,即使有验尸知识，蕾雅在这方面也只是外行，而且我们也没有任何仪器可以鉴定尸体周围的红色液体是不是血液……,hiro,02,03,Trial,06
25115,更甚者，现场是雨后的室外。就算闻不到血液的铁锈腥味也不会觉得奇怪。,hiro,02,03,Trial,06
25116,你、你这么一说……确实……没有证据可以证明那是血液。,leia,02,03,Trial,06
25117,既然是这样，我们可以说，现场遗留的血液完全有可能纯粹是用假血浆伪造的。,hiro,02,03,Trial,06
25118,可是，先等一等，希罗！假设事情跟你说的一样，血迹都是用事前准备的血浆伪造出来的……,leia,02,03,Trial,06
25119,到底是谁，为了什么目的做这种事！？,leia,02,03,Trial,06
25120,安安是被铁栅从后背刺穿身体而死……,leia,02,03,Trial,06
25121,从尸体状况来看，当时肯定有大量出血。,leia,02,03,Trial,06
25122,现场明明已经存在真实的血迹，凶手却特意另外用血浆做伪装……这真的合理吗？,leia,02,03,Trial,06
25123,（……没错，这才是最关键的问题）,hiro,02,03,Trial,06
25124,（到底是【谁】，为了达到【什么目的】而伪造血迹……？）,hiro,02,03,Trial,06
25125,（我能够找到……这个问题的答案吗？）,hiro,02,03,Trial,06
25126,…………,ema,02,03,Trial,06
25127,……希罗。,ema,02,03,Trial,06
25128,…………,hiro,02,03,Trial,06
25129,……对不起。,ema,02,03,Trial,06
25130,（……艾玛？）,hiro,02,03,Trial,06
25131,有一件事，我想跟大家说一下。,ema,02,03,Trial,06
25132,我一直没说出口，其实……,ema,02,03,Trial,06
25133,米莉亚拍下的人影里，除了安安以外，另一个人……,ema,02,03,Trial,06
25134,是我。,ema,02,03,Trial,06
25135,……哈？,alisa,02,03,Trial,06
25136,那、那……！,hanna,02,03,Trial,06
25137,杀死安安的凶手就是艾玛～～～！？,hanna,02,03,Trial,06
25138,（艾玛你……！）,hiro,02,03,Trial,06
25139,（你在干什么！）,hiro,02,03,Trial,06
25140,"米莉亚拍下照片的时候，我就在<link=""Objection_02_03_07_01"">画室的阳台</link>上。",ema,02,03,Trial,07
25141,但是安安她掉下去了……,ema,02,03,Trial,07
25142,所以我那时从阳台上往下看了看。,ema,02,03,Trial,07
25143,但中庭太暗了，我看得不是很清晰……,ema,02,03,Trial,07
25144,"但我可以<link=""Objection_02_03_07_02"">肯定</link>的是，安安身上【全是血】。",ema,02,03,Trial,07
25145,就跟蕾雅发现尸体时是同样的状态。,ema,02,03,Trial,07
25146,这就是我想说的……目击证词。,ema,02,03,Trial,07
25147,那就是说到底，尸体被发现时的状态并没有任何不合理的地方对吧！,sherry,02,03,Trial,07
25148,可是这么一来，凶手就只可能是艾玛了吧？,noa,02,03,Trial,07
25149,"艾玛把安安推下阳台后，安安被中庭的铁栅栏刺穿身体<link=""Objection_02_03_07_03"">死掉了</link>！！",hanna,02,03,Trial,07
25150,……真的，是这样吗？,ema,02,03,Trial,07
25151,（艾玛……！你这是想代替我受刑吗……！？）,hiro,02,03,Trial,07
25152,（若你想用这种方法赎罪，那可是大错特错……！）,hiro,02,03,Trial,07
25153,（艾玛……我绝对，不会让你这样做……！）,hiro,02,03,Trial,07
25154,（别激动……冷静下来）,hiro,02,03,Trial,07
25155,（……艾玛她说的是事实）,hiro,02,03,Trial,07
25156,（确实，刚坠楼时安安的尸体状态跟被发现时看起来并没什么两样）,hiro,02,03,Trial,07
25157,（可是这种情况到底意味着什么……？）,hiro,02,03,Trial,07
25158,（艾玛押上性命下了决心……她的生死，取决于我的所为……！）,hiro,02,03,Trial,07
25159,你当时不在阳台,hiro,02,03,Trial,07
25160,返回,hiro,02,03,Trial,07
25161,你看错了,hiro,02,03,Trial,07
25162,安安并没有死,hiro,02,03,Trial,07
25163,艾玛，你先等一等。,hiro,02,03,Trial,07
25164,【就在阳台里】……？那天你不是一整天都跟我在一起吗？,hiro,02,03,Trial,07
25165,案发当时，你真的在阳台吗？,hiro,02,03,Trial,07
25166,……嗯。我当时真的就在阳台里。,ema,02,03,Trial,07
25167,是希罗记错了才对吧？,ema,02,03,Trial,07
25168,……！,hiro,02,03,Trial,07
25169,对吗……希罗。,ema,02,03,Trial,07
25170,（她不打算跟我统一口径了吗）,hiro,02,03,Trial,07
25171,……是我记错了。,hiro,02,03,Trial,07
25172,打断了讨论真不好意思。……没什么问题了，你继续说吧。,hiro,02,03,Trial,07
25173,（看来艾玛的决心很坚定……）,hiro,02,03,Trial,07
25174,（艾玛的证词……将至此为止的推理全都颠覆了）,hiro,02,03,Trial,07
25175,（难道……艾玛发现了什么？）,hiro,02,03,Trial,07
25176,（她察觉到隐藏在这起案件下的【事实】了吗……！）,hiro,02,03,Trial,07
25177,（那就去质疑前提吧……！真相就埋藏在那里……！）,hiro,02,03,Trial,07
25178,那时候你看到的真的是血吗？,hiro,02,03,Trial,07
25179,欸？希罗，你的意思是？,ema,02,03,Trial,07
25180,当时周围黑乎乎的，你看得不是很清楚对吧？,hiro,02,03,Trial,07
25181,那些你以为是血迹的痕迹，说不定其实是安安衣服上的花纹或者污迹什么的。,hiro,02,03,Trial,07
25182,我认为没有这种可能哦。,ema,02,03,Trial,07
25183,至少那些痕迹不会是衣服花纹或者轻微的污迹……,ema,02,03,Trial,07
25184,坠楼以后，安安当场就变得满身是血！,ema,02,03,Trial,07
25185,这就是说，艾玛看到的果然就是血液没错！,sherry,02,03,Trial,07
25186,（……艾玛看起来充满了自信）,hiro,02,03,Trial,07
25187,（艾玛的证词……将至此为止的推理全都颠覆了）,hiro,02,03,Trial,07
25188,（那就去质疑前提吧……！真相就埋藏在那里！）,hiro,02,03,Trial,07
25189,……不对，安安并没有死去。,hiro,02,03,Trial,07
25190,什、什么意思！？,hanna,02,03,Trial,07
25191,就是字面意思。,hiro,02,03,Trial,07
25192,坠楼着地以后……安安并没有当场死亡！,hiro,02,03,Trial,07
25193,欸！？是这样吗！？,sherry,02,03,Trial,07
25194,对。实际上现场就留下了用来伪装成血液的红色液体，这就是证据。,hiro,02,03,Trial,07
25195,不管出于什么理由，准备假血的目的……就只有伪装【死亡】这个可能。,hiro,02,03,Trial,07
25196,换言之，艾玛看到的是伪造的血迹，目的是为了打造安安已经死亡的假象。,hiro,02,03,Trial,07
25197,……可事实上安安就是死了啊，希罗。,leia,02,03,Trial,07
25198,尸体是我验的，绝对不会有错。,leia,02,03,Trial,07
25199,我并没有说安安【现在】还活着。,hiro,02,03,Trial,07
25200,我主张的，只是从阳台坠落到中庭时……安安在那个时间点【还没有死亡】而已。,hiro,02,03,Trial,07
25201,这样想的话就能解开所有矛盾。,hiro,02,03,Trial,07
25202,坠楼后……没有当场死亡……？,leia,02,03,Trial,07
25203,……不，希罗。这不可能。,leia,02,03,Trial,07
25204,铁栅穿刺身体是致命伤。如果希罗的推理是正确的，就会跟尸体的状况产生矛盾。,leia,02,03,Trial,07
25205,……不。两者并没有矛盾。,hiro,02,03,Trial,07
25206,从阳台坠楼后，安安——,hiro,02,03,Trial,07
25207,变成了魔女,@choice |#0203Trial07_Choice004|,02,03,Trial,07
25208,并没有受伤,@choice |#0203Trial07_Choice005|,02,03,Trial,07
25209,并没有出血,@choice |#0203Trial07_Choice006|,02,03,Trial,07
25210,就变成了魔女……所以她并没有死去。,hiro,02,03,Trial,07
25211,……可是啊，小希。,miria,02,03,Trial,07
25212,就算安安真的变成了魔女，她也只是不会死而已，但应该会受伤吧……？,miria,02,03,Trial,07
25213,说得没错！,hanna,02,03,Trial,07
25214,而且我已经确认过了，安安的确是死了。,leia,02,03,Trial,07
25215,【魔女不会死】……正如这句话的字面意思，变成魔女的安安就算受到致命伤应该还活着才对。,leia,02,03,Trial,07
25216,是这样没错！是希罗你想错了！,sherry,02,03,Trial,07
25217,（看来没有任何证据可以证明安安已经变成魔女了……）,hiro,02,03,Trial,07
25218,（坠楼后安安没有当场死亡。肯定是这样没错）,hiro,02,03,Trial,07
25219,（问题是为什么她没有死……！）,hiro,02,03,Trial,07
25220,（安安坠楼时……到底发生了什么事？）,hiro,02,03,Trial,07
25221,当时的安安并没有流血。,hiro,02,03,Trial,07
25222,没有流血……这有可能吗！？,hanna,02,03,Trial,07
25223,有可能是运气好。铁栅插入的位置刚好避开了重要的血管。,hiro,02,03,Trial,07
25224,……不。铁栅的的确确贯穿了安安的心脏。,leia,02,03,Trial,07
25225,这都是我亲眼所见。我看得清清楚楚，绝对不会弄错。,leia,02,03,Trial,07
25226,既然刺中的是心脏，那就免不了流血吧。,alisa,02,03,Trial,07
25227,小希的推理好像说不过去……,miria,02,03,Trial,07
25228,（那个刺伤是致命伤。看来主张安安当时没有流血过于牵强了……）,hiro,02,03,Trial,07
25229,（坠楼后安安没有当场死亡。肯定是这样没错）,hiro,02,03,Trial,07
25230,（问题是为什么她没有死……！）,hiro,02,03,Trial,07
25231,（安安坠楼时……到底发生了什么事？）,hiro,02,03,Trial,07
25232,——并没有受伤。,hiro,02,03,Trial,07
25233,也就是说，在艾玛看到“安安满身是血”的那个时间点，安安并没有受伤，身上的只是伪造的血迹……,hiro,02,03,Trial,07
25234,当时铁栅并没有刺穿她的胸口！,hiro,02,03,Trial,07
25235,的确……从阳台往下看的时候中庭黑乎乎的，我并没有看得很清楚。,ema,02,03,Trial,07
25236,虽然能看出安安满身是血……但我并没有看到伤口在哪里。,ema,02,03,Trial,07
25237,说不定希罗没说错，那时候安安其实并没有死，这也是有可能的……！,ema,02,03,Trial,07
25238,……请等一下。,leia,02,03,Trial,07
25239,如果是这样的话，那尸体的伪装工作……到底是谁做的？,leia,02,03,Trial,07
25240,（安安坠楼后，艾玛马上就从阳台往中庭看，当时安安的尸体全都是血……,hiro,02,03,Trial,07
25241,（要是这样的话，基本可以锁定能够使用血浆的人是谁）,hiro,02,03,Trial,07
25242,在安安的身体上涂抹血浆的人，那就是……！,hiro,02,03,Trial,07
25243,这个人应该做不到吧……？,ema,02,03,Trial,07
25244,我觉得这太扯了！,hanna,02,03,Trial,07
25245,（……搞错了吗）,hiro,02,03,Trial,07
25246,……希罗。在那种情况下能够【在安安的身体上涂抹血浆的人】……,ema,02,03,Trial,07
25247,我觉得人选十分有限。,ema,02,03,Trial,07
25248,因为从安安坠楼，到我往楼下看的间隔时间非常短。,ema,02,03,Trial,07
25249,……如果有其他人在，我应该会看到。,ema,02,03,Trial,07
25250,（能在短时间内完成伪装工作的人……）,hiro,02,03,Trial,07
25251,（就只有她……！）,hiro,02,03,Trial,07
25252,（……不，我要冷静。涂抹血浆的人不是艾玛）,hiro,02,03,Trial,07
25253,（当时一直跟艾玛在一起的我比谁都清楚这一点）,hiro,02,03,Trial,07
25254,（……在安安身上涂抹血浆的人）,hiro,02,03,Trial,07
25255,（从现场情况来看，就只能是她……！）,hiro,02,03,Trial,07
25256,……当然，就是安安本人。,hiro,02,03,Trial,07
25257,根据艾玛的证词，安安坠楼以后很快全身沾满了血。,hiro,02,03,Trial,07
25258,既然是这样的话，能够即时将事先准备的血浆泼到安安身上的，就只有安安本人。,hiro,02,03,Trial,07
25259,安安把血浆……往自己身上……！？,leia,02,03,Trial,07
25260,（艾玛一直在隐瞒安安是掉落到铁栅栏上被刺死的情况）,hiro,02,03,Trial,07
25261,（那是因为她以为，是我把安安推下阳台杀死了安安）,hiro,02,03,Trial,07
25262,（可是……如果安安坠楼以后并没有当场死去，情况就完全不一样了）,hiro,02,03,Trial,07
25263,（这起案件……背后还隐藏着【不为人知的真相】，甚至连我们两个当事人都不知情……！）,hiro,02,03,Trial,07
25264,（我要把所有事实……全部揭开！）,hiro,02,03,Trial,07
25265,安安坠楼以后就把血浆泼到自己身上。,hiro,02,03,Trial,08
25266,我看到安安全身是血的样子就误以为她死了……！,ema,02,03,Trial,08
25267,可一开始说的不是铁栅刺穿身体吗！？,hanna,02,03,Trial,08
25268,发现尸体的时候，安安确实被铁栅贯穿了身体。,hiro,02,03,Trial,08
25269,可那只是发现尸体时的状态，并不是说坠楼后就刺死了。,hiro,02,03,Trial,08
25270,而且插进安安胸口的铁栅是【在中间位置断掉】的没错吧。,ema,02,03,Trial,08
25271,我只是匆忙地从阳台往中庭看了安安一眼就缩了回来……,ema,02,03,Trial,08
25272,距离也隔得远，周围还很黑。,ema,02,03,Trial,08
25273,全身是血的样子造成的印象太强烈，我没能仔细确认铁栅是不是真的插进了安安的胸口。,ema,02,03,Trial,08
25274,可如果事情是这样，就会产生新的疑问。,sherry,02,03,Trial,08
25275,安安她为什么要这样做？,sherry,02,03,Trial,08
25276,难不成安安她……想要【自杀】？,leia,02,03,Trial,08
25277,"不然的话……她不<link=""Objection_02_03_08_01"">可能</link>做了这种准备，明知道后果还往下跳。",leia,02,03,Trial,08
25278,"自杀……？<link=""Objection_02_03_08_02"">没明确的理由</link>谁会去自杀啊？",alisa,02,03,Trial,08
25279,换做是我，不管发生什么事我都会想尽办法活下去……！然后把那些将我们关在这里的人全都暴打一顿……！,alisa,02,03,Trial,08
25280,那……会不会只是一场【事故】……,miria,02,03,Trial,08
25281,安安她其实真的只是意外坠楼而已……,miria,02,03,Trial,08
25282,还有她身上的血浆，也有可能只是刚好有什么红色液体被打翻了溅到她身上而已吧？,miria,02,03,Trial,08
25283,你是想说……安安意外坠楼，刚好她带着某种红色液体，然后偶然把自己弄成一副满身是血的样子？,noa,02,03,Trial,08
25284,哪有这么凑巧的事啊～！！,hanna,02,03,Trial,08
25285,那安安果然是死于【他杀】！,sherry,02,03,Trial,08
25286,尸体上肯定是沾染了某种【红色的东西】。某种能够指证凶手的红色东西！,sherry,02,03,Trial,08
25287,可能凶手想要掩盖这个证物的存在，才会把颜料洒得到处都是吧？,sherry,02,03,Trial,08
25288,"可是现场有发现什么凶手会去掩盖的<link=""Objection_02_03_08_03"">【红色的东西】</link>吗……？",leia,02,03,Trial,08
25289,（如果我跟艾玛的推理是正确的话，那就是说把血浆泼到安安身上的就是她本人）,hiro,02,03,Trial,08
25290,（既然是这样……其中到底发生了什么事，能解释清楚的假设非常有限……！）,hiro,02,03,Trial,08
25291,（我要用正确的理据……来驳倒错误的推理！）,hiro,02,03,Trial,08
25292,安安是自己跳下去的,hiro,02,03,Trial,08
25293,返回,hiro,02,03,Trial,08
25294,安安有自杀的理由,hiro,02,03,Trial,08
25295,出示证据,hiro,02,03,Trial,08
25296,不对。安安她有自杀的理由。,hiro,02,03,Trial,08
25297,我们被人囚禁在如此险恶的环境之中。会做出这种冲动的行为也是情有可原。,hiro,02,03,Trial,08
25298,可是我没有感觉安安很积极地想逃跑欸？,miria,02,03,Trial,08
25299,而且她看起来也没有表现过精神崩溃的样子……,miria,02,03,Trial,08
25300,我反而觉得她对生活，包括舞台剧剧本的事都变得积极起来了。,leia,02,03,Trial,08
25301,……搞不好，她甚至还喜欢上了在这里的生活。,alisa,02,03,Trial,08
25302,……果然还是很难认定安安会自杀吧？,miria,02,03,Trial,08
25303,没错，我也这么认为。,leia,02,03,Trial,08
25304,希罗的推理或许有点过于牵强了……,leia,02,03,Trial,08
25305,（在安安身上找不到任何自杀的理由吗……）,hiro,02,03,Trial,08
25306,（如果没有动机，就只能提出新的根据才能说服其他人。可是——）,hiro,02,03,Trial,08
25307,（安安是自己把血浆泼在身上的……）,hiro,02,03,Trial,08
25308,（既然是这样，要锁定她的目的应该不难）,hiro,02,03,Trial,08
25309,凶手留下的【红色东西】……,hiro,02,03,Trial,08
25310,那就是，这个！,hiro,02,03,Trial,08
25311,呃……你是说，那东西一直沾在安安的衣服上……？,miria,02,03,Trial,08
25312,这什么意思啊。,alisa,02,03,Trial,08
25313,所以到头来，根本就没有什么凶手留下的痕迹……,leia,02,03,Trial,08
25314,（看来没有可以出示的证据……）,hiro,02,03,Trial,08
25315,（可我手上已经没有可以出示的证据了……）,hiro,02,03,Trial,08
25316,（试着考虑一下，在安安身上究竟出了什么事情吧）,hiro,02,03,Trial,08
25317,（安安是自己把血浆泼在身上的……）,hiro,02,03,Trial,08
25318,（既然是这样，要锁定她的目的应该不难）,hiro,02,03,Trial,08
25319,……你错了。安安她是自己跳下去的。,hiro,02,03,Trial,08
25320,怎么可能……,leia,02,03,Trial,08
25321,你说安安是自杀的，那就给我们说明理由……,leia,02,03,Trial,08
25322,安安是自己从阳台跳下去的理由……那就是——,hiro,02,03,Trial,08
25323,已经魔女化了,@choice |#0203Trial08_Choice004|,02,03,Trial,08
25324,用了魔法,@choice |#0203Trial08_Choice005|,02,03,Trial,08
25325,做好了不受伤的准备,@choice |#0203Trial08_Choice006|,02,03,Trial,08
25326,安安早就已经变成魔女。,hiro,02,03,Trial,08
25327,她能肯定自己不会死，所以才会从阳台跳下去。,hiro,02,03,Trial,08
25328,这样就能够说明为什么她会跳下阳台。,hiro,02,03,Trial,08
25329,……希罗，可是我在安安的尸体上没有发现任何奇怪的地方哦。,leia,02,03,Trial,08
25330,实际上，安安现在依然是死去的状态。,leia,02,03,Trial,08
25331,所以她已经变成魔女的可能性应该很低。,leia,02,03,Trial,08
25332,【杀死魔女的药】……记得还有这个东西来着。,miria,02,03,Trial,08
25333,那个药也已经被典狱长给全没收了，应该哪里都找不着了吧……？,miria,02,03,Trial,08
25334,（……安安已经变成魔女的可能性几乎为零吗）,hiro,02,03,Trial,08
25335,（安安是主动从阳台跳下去的，她肯定有自己的打算才会这样做）,hiro,02,03,Trial,08
25336,（她这个打算究竟是……？）,hiro,02,03,Trial,08
25337,有人在安安身上施了魔法。,hiro,02,03,Trial,08
25338,在魔法的作用下安安不得已从阳台跳了下去。,hiro,02,03,Trial,08
25339,能具体说说是什么样的魔法吗？,leia,02,03,Trial,08
25340,既然是违背本人意愿，那应该是暗示或者洗脑之类的魔法吧。,hiro,02,03,Trial,08
25341,……可那不就是安安的魔法吗？,hanna,02,03,Trial,08
25342,她应该不会特意在自己身上施魔法吧……,miria,02,03,Trial,08
25343,我也不信她会犯迷糊搞错施法对象。,leia,02,03,Trial,08
25344,二阶堂，你没在开玩笑对吧？,alisa,02,03,Trial,08
25345,（安安的洗脑魔法……没理由给自己施法吗）,hiro,02,03,Trial,08
25346,（安安是主动从阳台跳下去的，她肯定有自己的打算才会这样做）,hiro,02,03,Trial,08
25347,（她这个打算究竟是……？）,hiro,02,03,Trial,08
25348,她知道不会受伤，所以才会跳下去。这样想的话就能解释得通。,hiro,02,03,Trial,08
25349,不会……受伤？,leia,02,03,Trial,08
25350,可是可是，从二楼的高度跳下去耶？没人敢说绝对不会受伤吧？,sherry,02,03,Trial,08
25351,不一定。在当时的环境下，有一个方法可以实现从二楼跳下去而不受伤，而且成功概率非常高。,hiro,02,03,Trial,08
25352,我有证据可以证明这一点。那就是……,hiro,02,03,Trial,08
25353,这玩意跟从二楼跳下去不受伤的方法有什么关系。,alisa,02,03,Trial,08
25354,果然没什么好方法呢！,sherry,02,03,Trial,08
25355,（……这个无法证明安安是用什么方法从二楼跳下去能平安着地）,hiro,02,03,Trial,08
25356,（在至今为止收集到的证据里，或许有证据能够说明【为什么从二楼跳下去却安然无恙】）,hiro,02,03,Trial,08
25357,（譬如……有没有什么东西能充当吸收冲击力的【垫子】？）,hiro,02,03,Trial,08
25358,被安安压在下面的手机……怎样？,hiro,02,03,Trial,08
25359,手机？这怎么保护夏目摔不死啊。,alisa,02,03,Trial,08
25360,多少应该能起到一定的缓冲作用。,hiro,02,03,Trial,08
25361,不，缓冲不了吧……,alisa,02,03,Trial,08
25362,我们不是刚讨论过，手机是用来做落地标记吗。,leia,02,03,Trial,08
25363,既然是这样，那就跟这个话题没有关系。,leia,02,03,Trial,08
25364,（实在扯得太离谱了吗……）,hiro,02,03,Trial,08
25365,（在至今为止收集到的证据里，或许有证据能够说明【为什么从二楼跳下去却安然无恙】）,hiro,02,03,Trial,08
25366,（譬如……有没有什么东西能充当吸收冲击力的【垫子】？）,hiro,02,03,Trial,08
25367,说起跟安安的坠落着地有关系的东西，还是绕不开铁栅栏……,hiro,02,03,Trial,08
25368,对了！她是通过压弯铁栅来缓冲坠落的冲击力！,hiro,02,03,Trial,08
25369,搞什么鬼，铁栅插她身上了好吗！,alisa,02,03,Trial,08
25370,我们在讨论的不是安全着地的方法吗！？,hanna,02,03,Trial,08
25371,果然！安安是坠落的时候被铁栅刺中的！,sherry,02,03,Trial,08
25372,（糟糕……我发言太随意，把讨论方向带偏了）,hiro,02,03,Trial,08
25373,（在至今为止收集到的证据里，或许有证据能够说明【为什么从二楼跳下去却安然无恙】）,hiro,02,03,Trial,08
25374,（譬如……有没有什么东西能充当吸收冲击力的【垫子】？）,hiro,02,03,Trial,08
25375,那就是在中庭发现的【吊床的残骸】。,hiro,02,03,Trial,08
25376,我的吊床……！？,alisa,02,03,Trial,08
25377,我猜安安就是利用吊床事先布置了一个用来缓冲落下冲击力的【网兜】。,hiro,02,03,Trial,08
25378,没错……就跟马戏团里会用到的【安全网】一样。,hiro,02,03,Trial,08
25379,那、那安安为什么会做这种事……！,miria,02,03,Trial,08
25380,理由就只有一个。,hiro,02,03,Trial,08
25381,安安打算做的是——,hiro,02,03,Trial,08
25382,自杀,@choice |#0203Trial08_Choice007|,02,03,Trial,08
25383,逃跑,@choice |#0203Trial08_Choice008|,02,03,Trial,08
25384,自导自演,@choice |#0203Trial08_Choice009|,02,03,Trial,08
25385,跳楼自杀。,hiro,02,03,Trial,08
25386,咦，刚说的不是利用吊床来缓冲落下的冲击力吗？,miria,02,03,Trial,08
25387,想自杀的话她做这种事没有意义吧……？,miria,02,03,Trial,08
25388,先不说有没有意义，这话可把我们到现在为止的发言全都推翻了。,leia,02,03,Trial,08
25389,……你在开什么玩笑？,alisa,02,03,Trial,08
25390,（……惹其他人生气了）,hiro,02,03,Trial,08
25391,（安安是做好事前准备才从阳台跳下去的……）,hiro,02,03,Trial,08
25392,（不管她最终有着什么样的目的，目前能够明确的理由就只有一个）,hiro,02,03,Trial,08
25393,逃离这座监牢。,hiro,02,03,Trial,08
25394,安安假装在中庭死去，再伺机寻找逃跑的机会。,hiro,02,03,Trial,08
25395,可、可是……她装成尸体就逃不了了啊……？,miria,02,03,Trial,08
25396,如果只要装死就逃得出去，那我还想你仔细说说，装死后要怎样做才能跑得了。,alisa,02,03,Trial,08
25397,又不是人死了他们就会把尸体还给家人，我觉得这说不过去吧……,hanna,02,03,Trial,08
25398,（……不可能通过装死逃出这座监牢吗）,hiro,02,03,Trial,08
25399,（安安是做好事前准备才从阳台跳下去的……）,hiro,02,03,Trial,08
25400,（不管她最终有着什么样的目的，目前能够明确的理由就只有一个）,hiro,02,03,Trial,08
25401,自导自演……也就是说，【伪装自杀】。,hiro,02,03,Trial,08
25402,安安事先做好一切准备，为的就是让我们误以为她是【被人推下楼致死】。,hiro,02,03,Trial,08
25403,她在事前预想的落地位置挂好吊床，再放上手机用作标记方位的道具。,hiro,02,03,Trial,08
25404,然后备好血浆，在坠落的同时把血浆泼到自己身上……,hiro,02,03,Trial,08
25405,最后，拿起折断的铁栅放在胸前。,hiro,02,03,Trial,08
25406,……于是，一具完美的【尸体】就炮制成功了。,hiro,02,03,Trial,08
25407,怎、怎么可能……！,leia,02,03,Trial,08
25408,……等下。,alisa,02,03,Trial,08
25409,你这说法有几个漏洞吧。,alisa,02,03,Trial,08
25410,……没错，我不否认这个推理存在漏洞。,hiro,02,03,Trial,08
25411,这起案件仍然有很多未解的疑点。,hiro,02,03,Trial,08
25412,所以……我们来讨论吧——,hiro,02,03,Trial,08
25413,——朝着真相的所在继续论证！,hiro,02,03,Trial,08
25414,……好啊。,alisa,02,03,Trial,08
25415,那……我就来问个一清二楚！,alisa,02,03,Trial,08
25416,夏目自导自演了一场自杀戏码……？,alisa,02,03,Trial,09
25417,要是真的话，那你说她为什么要做这种转弯抹角的事！,alisa,02,03,Trial,09
25418,对……这确实很让人疑惑。,miria,02,03,Trial,09
25419,安安她到底为什么要做这种事呢。,miria,02,03,Trial,09
25420,假如事实就像小希说的那样，安安就得在事前做好充足的准备……,miria,02,03,Trial,09
25421,她真的策划了假自杀吗……,miria,02,03,Trial,09
25422,可如果事情跟希罗说的一样，那就能跟我看到的情景对得上。,ema,02,03,Trial,09
25423,而且现场也留下了伪造的血迹……,ema,02,03,Trial,09
25424,通过遗留的假血迹也能明显看出安安是自己做的伪装工作。,ema,02,03,Trial,09
25425,嗯……可是真的是这样吗？,noa,02,03,Trial,09
25426,"如果希罗的推理是对的，那当时安安她就是独自在又黑又没人的中庭内<link=""Objection_02_03_09_01"">装成一具尸体</link>，对吧？",noa,02,03,Trial,09
25427,她是想把这座房子弄成鬼屋啊！,hanna,02,03,Trial,09
25428,说得对……如果安安是伪装自杀，就有必要找人来见证她这场演出。,sherry,02,03,Trial,09
25429,"这次是米莉亚凑巧拍到了照片，但这说到底也不过是<link=""Objection_02_03_09_02"">偶然</link>……",sherry,02,03,Trial,09
25430,而且照片也没有拍到尸体。,sherry,02,03,Trial,09
25431,"表演的意义在于被观众看到。可当时现场并<link=""Objection_02_03_09_03"">没有</link>目击到这一切的人……",leia,02,03,Trial,09
25432,那就更说不过去了。,alisa,02,03,Trial,09
25433,"那么费劲去精心布置<link=""Objection_02_03_09_04"">假象</link>，可到头来她本人却没得到半点的好处……！",alisa,02,03,Trial,09
25434,（安安的目的……吗）,hiro,02,03,Trial,09
25435,（死人不会说话。或许现在很难做到弄清楚所有的动机和疑问）,hiro,02,03,Trial,09
25436,（可如果只是一部分的话，就有可能推理出来）,hiro,02,03,Trial,09
25437,（我要仔细想想……安安为什么会作出这种行动！）,hiro,02,03,Trial,09
25438,她昏过去了,hiro,02,03,Trial,09
25439,返回,hiro,02,03,Trial,09
25440,这不是偶然,hiro,02,03,Trial,09
25441,有观众在看,hiro,02,03,Trial,09
25442,她没有参与布置,hiro,02,03,Trial,09
25443,……不对。安安没有【装成一具尸体】，当时的她因为坠落的冲击【晕】过去了。,hiro,02,03,Trial,09
25444,这样就没有不自然的地方了吧？,hiro,02,03,Trial,09
25445,……可这样的话就无法说明血迹是怎么来的哦。,ema,02,03,Trial,09
25446,安安如果在落地时晕过去了，她就不可能用血浆伪造血迹。,ema,02,03,Trial,09
25447,安安刚掉下时我就看到了，她身上是有血迹的……,ema,02,03,Trial,09
25448,希罗，我认为她没有晕过去！,ema,02,03,Trial,09
25449,（……艾玛否定了我的推理）,hiro,02,03,Trial,09
25450,（既然安安的伪造自杀有不自然的地方，那我只要说明正常流程会出现怎样的情况就行）,hiro,02,03,Trial,09
25451,（试着站在安安的角度去思考吧）,hiro,02,03,Trial,09
25452,雪莉，先等一等。,hiro,02,03,Trial,09
25453,照片的事真的一句【偶然】就能盖棺定论吗？,hiro,02,03,Trial,09
25454,你的意思是？,sherry,02,03,Trial,09
25455,米莉亚说，她是【听到外面有响声】，【看了看窗外就想把星空给拍下来】。,hiro,02,03,Trial,09
25456,可这两者之间的关联性很小。难道你不觉得米莉亚的想法很跳跃吗？,hiro,02,03,Trial,09
25457,事实上是安安拜托米莉亚帮自己的伪装自杀拍证据照片，米莉亚一直瞒着我们这件事，这也是有可能的。,hiro,02,03,Trial,09
25458,她、她没有拜托我做这种事！,miria,02,03,Trial,09
25459,确实大叔我也感觉自己有点心血来潮了……,miria,02,03,Trial,09
25460,可如果真的有受到安安的拜托拍照片，大叔我会找个更好拍的地方，绝对不会选娱乐室！,miria,02,03,Trial,09
25461,没错，米莉亚并没有拍到坠落地点现场的尸体等等关键性画面。,sherry,02,03,Trial,09
25462,假设拍照片是为了诬陷其他人，可实际上却没有把当时身在阳台的人清楚地拍下来，这话说起来确实奇怪。,sherry,02,03,Trial,09
25463,而且米莉亚还可以当场重新拍！,sherry,02,03,Trial,09
25464,我认为这个理由不足以用来怀疑米莉亚的照片的真实性。,sherry,02,03,Trial,09
25465,就是！你太过分了，小希！,miria,02,03,Trial,09
25466,（遭到米莉亚的抗议了……）,hiro,02,03,Trial,09
25467,（既然安安的伪造自杀有不自然的地方，那我只要说明正常流程会出现怎样的情况就行）,hiro,02,03,Trial,09
25468,（试着站在安安的角度去思考吧）,hiro,02,03,Trial,09
25469,【安安做了精心布置】……？,hiro,02,03,Trial,09
25470,她真的做事前准备吗？,hiro,02,03,Trial,09
25471,啊？刚不是说不提前做准备是没可能临场假装自杀吗？,alisa,02,03,Trial,09
25472,如果只是刚好在安安落地的地方，放有血浆或者折断的铁栅呢？,hiro,02,03,Trial,09
25473,安安发现这些物品后当场灵机一动，即兴演了这么一场戏。,hiro,02,03,Trial,09
25474,哪、哪有这么凑巧的事啊……,miria,02,03,Trial,09
25475,刚好中庭里有血浆跟铁栅？不可能有这么凑巧吧。,sherry,02,03,Trial,09
25476,而且在匆忙之下想出来装死，这脑回路也实在莫名其妙。,sherry,02,03,Trial,09
25477,……那就是说夏目果然是事前做的准备。,alisa,02,03,Trial,09
25478,别抓着奇奇怪怪的地方不放好吗！,alisa,02,03,Trial,09
25479,（看来偏离论点了……）,hiro,02,03,Trial,09
25480,（既然安安的伪造自杀有不自然的地方，那我只要说明正常流程会出现怎样的情况就行）,hiro,02,03,Trial,09
25481,（试着站在安安的角度去思考吧）,hiro,02,03,Trial,09
25482,不对。当时是有观众的。各位忘记了吗？,hiro,02,03,Trial,09
25483,当时有人在现场全程目击了案发经过……就是这个人。,hiro,02,03,Trial,09
25484,（……不，没有证据可以证明这个人当时就在现场）,hiro,02,03,Trial,09
25485,（先冷静一下，重新好好想一想吧）,hiro,02,03,Trial,09
25486,（目击了安安这场伪装自杀的观众）,hiro,02,03,Trial,09
25487,（……就只有她了）,hiro,02,03,Trial,09
25488,（我……啊）,hiro,02,03,Trial,09
25489,（虽然事实如此，可现在这种氛围下把这事情挑明不是明智之举）,hiro,02,03,Trial,09
25490,（为了引导大家往正确的方向进行讨论，现在还是不要反驳艾玛的推理为好）,hiro,02,03,Trial,09
25491,（既然是这样，我这次该向大家指出的人……）,hiro,02,03,Trial,09
25492,（……就只有她了）,hiro,02,03,Trial,09
25493,米莉亚……就是你。,hiro,02,03,Trial,09
25494,欸欸！？大、大叔我吗！？,miria,02,03,Trial,09
25495,就在安安坠楼的前一刻，米莉亚就在娱乐室往窗外拍照。,hiro,02,03,Trial,09
25496,当时安安应该也看到米莉亚的动静了。,hiro,02,03,Trial,09
25497,这、这个……！大叔我也说不准……,miria,02,03,Trial,09
25498,……唔～……,sherry,02,03,Trial,09
25499,假设安安当时早就看到米莉亚在娱乐室里，但她也只是偶然发现米莉亚而已吧？,sherry,02,03,Trial,09
25500,米莉亚是刚好想看看星空才会往外看，很难想像安安能预想到这一点，还把米莉亚的行动纳入到自己的计划里面去。,sherry,02,03,Trial,09
25501,……嗯。安安故意让米莉亚看到她跳楼的一幕，这想法应该挺牵强的吧……,ema,02,03,Trial,09
25502,（安安的戏是演给米莉亚看，这种想法不自然吗……）,hiro,02,03,Trial,09
25503,……希罗，你再好好想一想。,ema,02,03,Trial,09
25504,当时一直看着中庭情况的是另外一个人才对……！,ema,02,03,Trial,09
25505,（……没错，还有另外一个人。由始至终都在安安眼前的人……那就是……）,hiro,02,03,Trial,09
25506,那就是，【艾玛】……换句话说，就是米莉亚拍下的照片里的人。,hiro,02,03,Trial,09
25507,（……事实上，米莉亚拍下的应该是我吧）,hiro,02,03,Trial,09
25508,（把安安推下去的人也是我……）,hiro,02,03,Trial,09
25509,（可是艾玛她说【当时我在场】）,hiro,02,03,Trial,09
25510,（如果是这样……为了避免遭到怀疑，就只能把我跟艾玛的立场调换，把谎言贯彻到底）,hiro,02,03,Trial,09
25511,（虽然情况没有多大差别……）,hiro,02,03,Trial,09
25512,（但既然拿了他人的性命做赌注，我就绝对不能输！）,hiro,02,03,Trial,09
25513,……安安这场伪装自杀，就是故意做给艾玛看的。,hiro,02,03,Trial,09
25514,现在我还没弄明白她的详细动机。,hiro,02,03,Trial,09
25515,可是，当时现场有艾玛这个观众在。而这位观众，看了这场戏码后就如安安所想的心慌意乱……,hiro,02,03,Trial,09
25516,如果安安的动机只是恶作剧的话，那应该可以说相当成功。,hiro,02,03,Trial,09
25517,……说得对。当时吓得我都不知道怎么办才好。,ema,02,03,Trial,09
25518,因为我以为……是我杀了她。,ema,02,03,Trial,09
25519,（……正因为艾玛当时客观地看到了事情的始终，所以才能从容不迫地说出一个又一个谎言）,hiro,02,03,Trial,09
25520,（而我，也正因为站在包庇艾玛的立场上……所以才能抹去身为当事人的慌乱，退后一步冷静地进行思考）,hiro,02,03,Trial,09
25521,（因调换立场得来的心理上的优势……我要好好利用……！）,hiro,02,03,Trial,09
25522,可是可是，先不管行动理由……最大的问题我们还没有解决吧？,sherry,02,03,Trial,09
25523,那就是……【杀害安安的凶手是谁】。,sherry,02,03,Trial,09
25524,…………！,ema,02,03,Trial,09
25525,安安并没有自杀的打算……,sherry,02,03,Trial,09
25526,如果这是事实，确实就能解释清楚现场做的那些手脚了。,sherry,02,03,Trial,09
25527,可实际上……安安却死了。,sherry,02,03,Trial,09
25528,那就表示，这起案件里果然隐藏着一个尚未现身的【杀人魔】。,sherry,02,03,Trial,09
25529,没说错吧？,sherry,02,03,Trial,09
25530,……说得没错。,hiro,02,03,Trial,09
25531,在安安完成了这场自导自演的伪装自杀后，真正的凶手利用她的计划，在中庭内把她杀死了。,hiro,02,03,Trial,09
25532,艾玛有看到凶手吗？,sherry,02,03,Trial,09
25533,……不，我没有看到凶手。,ema,02,03,Trial,09
25534,从阳台往下看的时候，安安全身都是血……所以我以为她已经死透了。,ema,02,03,Trial,09
25535,后来我就回画室里去了……我并不清楚在那以后中庭发生了什么事。,ema,02,03,Trial,09
25536,你就见死不救吗……！就算真的被铁栅刺中了，说不定当时人还活着啊……！,alisa,02,03,Trial,09
25537,……对不起，当时我真的整个人都懵了。,ema,02,03,Trial,09
25538,那就是说，从艾玛退回画室到我发现尸体的那段时间内，凶手下手杀死了安安。,leia,02,03,Trial,09
25539,……那到底是谁杀的人。,alisa,02,03,Trial,09
25540,案发时间在夜深人静的时刻，每个人都在各忙各的事……,leia,02,03,Trial,09
25541,就我目前确认的情况来看，所有人都没有不在场证明。,leia,02,03,Trial,09
25542,那就是说，每个人都有行凶的可能。,leia,02,03,Trial,09
25543,……我也不例外。,leia,02,03,Trial,09
25544,原来如此原来如此……,sherry,02,03,Trial,09
25545,这样的话……从至今为止各位的发言来看……我觉得亚里沙挺可疑的。,sherry,02,03,Trial,09
25546,……啊啊？怎么突然怀疑人？你有什么证据吗？,alisa,02,03,Trial,09
25547,你问证据吗？那我就来为大家说明！,sherry,02,03,Trial,09
25548,刚才亚里沙说过，案发当时【自己虽然在室外但并没有淋到雨】对吧？,sherry,02,03,Trial,10
25549,没错。所以我一个人都没碰见到。,alisa,02,03,Trial,10
25550,这有什么奇怪的？,alisa,02,03,Trial,10
25551,很奇怪！,sherry,02,03,Trial,10
25552,因为事实上，当晚就是下过雨！,sherry,02,03,Trial,10
25553,……啊！？,alisa,02,03,Trial,10
25554,我经过中庭的时候有看到在下雨哦。下得可大了！,sherry,02,03,Trial,10
25555,你说什么……？,alisa,02,03,Trial,10
25556,呃……我印象中记得当时确实下了雨。虽然只下了一阵子……,ema,02,03,Trial,10
25557,诺亚也看到了哦～？,noa,02,03,Trial,10
25558,唔……！可除我以外不是还有人作证当时没下雨吗！,alisa,02,03,Trial,10
25559,"没、没错！那时候晾在外面的衣服都<link=""Objection_02_03_10_01"">晾干了</link>……！",hanna,02,03,Trial,10
25560,"但这不过是收衣服的<link=""Objection_02_03_10_02"">时间点问题</link>吧？",sherry,02,03,Trial,10
25561,那样的话就跟下雨没有矛盾！,sherry,02,03,Trial,10
25562,而且实际上，大家都确认过中庭的地面是一片泥泞……,sherry,02,03,Trial,10
25563,"【人在室外却没有淋雨】，亚里沙的这番证词跟我看到的情景，还有证据都有<link=""Objection_02_03_10_03"">矛盾</link>！",sherry,02,03,Trial,10
25564,所以真相就是亚里沙在说谎！,sherry,02,03,Trial,10
25565,你说什么……！？我撒这种谎有个屁用啊！,alisa,02,03,Trial,10
25566,你想隐瞒当时自己在什么地方，肯定是这样！,sherry,02,03,Trial,10
25567,为了掩盖杀害安安的事实……亚里沙伪造了自己的行踪，于是跟证词证据产生了矛盾！,sherry,02,03,Trial,10
25568,（雪莉跟艾玛，还有诺亚都【看到了】下雨，但亚里沙却【没有看到】……）,hiro,02,03,Trial,10
25569,（蕾雅说中庭地面一片泥泞，还有汉娜说晾在室外的衣服是干的，她们的这些证词……）,hiro,02,03,Trial,10
25570,（话说回来……米莉亚一直说她当时【看到了星星】。那就是说晚上是【天晴的】）,hiro,02,03,Trial,10
25571,（……为什么会有这么多参差不齐的证词）,hiro,02,03,Trial,10
25572,（那都是因为，这里面有着不得不解开的【谜团】……！）,hiro,02,03,Trial,10
25573,是亚里沙烘干的,hiro,02,03,Trial,10
25574,返回,hiro,02,03,Trial,10
25575,是地点的问题,hiro,02,03,Trial,10
25576,她没注意到下雨,hiro,02,03,Trial,10
25577,……不对。那应该是在雨后有人特意弄干的吧。,hiro,02,03,Trial,10
25578,亚里沙，使用你的点火魔法就能办到。,hiro,02,03,Trial,10
25579,啊啊……！？,alisa,02,03,Trial,10
25580,请先等一下，希罗！,hanna,02,03,Trial,10
25581,当时我听到雨声就马上跑到外面去了哦？,hanna,02,03,Trial,10
25582,想要在这么短的时间内把衣服烘干，我认为是不可能的！,hanna,02,03,Trial,10
25583,……希罗，你没有洗过衣服吗！？,hanna,02,03,Trial,10
25584,就算使用烘干机，也没办法这么快就干透～！,hanna,02,03,Trial,10
25585,……而且，我要是真用了魔法，那衣服都烧成灰了吧。,alisa,02,03,Trial,10
25586,求你千万住手～！！,hanna,02,03,Trial,10
25587,（综合每个人对于下雨的证词来看，从开始下雨到汉娜去收衣服为止，这中间大概只有几分钟，最多就十来分钟的样子……）,hiro,02,03,Trial,10
25588,（如果真的下了雨，就算能自由操纵火焰，看来也没办法在这么短的时间内把衣服烘干）,hiro,02,03,Trial,10
25589,（……而且话说回来，我也想不到亚里沙会这样做的理由）,hiro,02,03,Trial,10
25590,（【下了雨】跟【没下雨】……）,hiro,02,03,Trial,10
25591,（意见分歧之所以会如此之大，肯定是因为这其中有着什么谬误）,hiro,02,03,Trial,10
25592,（我要考虑的并不是【哪一个说法才是正确的】，而是【发生了什么事能让这两种情况都成立】才对）,hiro,02,03,Trial,10
25593,……不。这可不一定。,hiro,02,03,Trial,10
25594,就算在室外，也有可能不会淋到雨。,hiro,02,03,Trial,10
25595,你说的意思是？,sherry,02,03,Trial,10
25596,打个比方，在枝叶茂盛的树下走路，或者待在屋檐底下，这样就算身在室外也不会淋到雨。,hiro,02,03,Trial,10
25597,雨只下了很短一段时间，在这样的条件下亚里沙就有可能没有察觉到下了雨。,hiro,02,03,Trial,10
25598,亚里沙，是这么一回事吗？,sherry,02,03,Trial,10
25599,……没有，我一直在没遮没挡的地方走路。,alisa,02,03,Trial,10
25600,要是真下了雨肯定会淋湿。,alisa,02,03,Trial,10
25601,二阶堂说错了……这点我能担保。,alisa,02,03,Trial,10
25602,（……看来亚里沙很有自信）,hiro,02,03,Trial,10
25603,（【下了雨】跟【没下雨】……）,hiro,02,03,Trial,10
25604,（意见分歧之所以会如此之大，肯定是因为这其中有着什么谬误）,hiro,02,03,Trial,10
25605,（我要考虑的并不是【哪一个说法才是正确的】，而是【发生了什么事能让这两种情况都成立】才对）,hiro,02,03,Trial,10
25606,问题并不在于时间点。,hiro,02,03,Trial,10
25607,……而是【地点】才对。,hiro,02,03,Trial,10
25608,你这话的意思是？,sherry,02,03,Trial,10
25609,……地面一片泥泞的地方是中庭。,hiro,02,03,Trial,10
25610,而另一方面，汉娜晾晒衣服的玄关却没有下雨。,hiro,02,03,Trial,10
25611,艾玛跟雪莉的证词里说【看到】下雨的地方，全都是在中庭。,hiro,02,03,Trial,10
25612,亚里沙散步的【室外】是这座监牢外的周边。,hiro,02,03,Trial,10
25613,那就是说，当时下雨的地方……【只有中庭】。,hiro,02,03,Trial,10
25614,雨就只在这么小的范围内下，这有可能吗！？,hanna,02,03,Trial,10
25615,或许是有可能啦，不过那场雨不太像是自然降下的呢～,sherry,02,03,Trial,10
25616,（……说不定有可能实现）,hiro,02,03,Trial,10
25617,（只要使用那个方法……！）,hiro,02,03,Trial,10
25618,……其实没必要考虑是自然降雨，我们有更加简单易懂的解释。,hiro,02,03,Trial,10
25619,……希罗。当时发生了什么事情，看来你已经全都了然于心了。,leia,02,03,Trial,10
25620,请你解释一下，好让我们也能明白！,leia,02,03,Trial,10
25621,不留痕迹地把降雨范围局限于指定地点的方法……这个方法就是——！,hiro,02,03,Trial,10
25622,消防栓,@choice |#0203Trial10_Choice004|,02,03,Trial,10
25623,魔法,@choice |#0203Trial10_Choice005|,02,03,Trial,10
25624,求雨,@choice |#0203Trial10_Choice006|,02,03,Trial,10
25625,利用配备的消防栓放水。,hiro,02,03,Trial,10
25626,中庭有消防栓吗？,sherry,02,03,Trial,10
25627,我没看到过就是了。,alisa,02,03,Trial,10
25628,你说哪里有这种东西啊。,alisa,02,03,Trial,10
25629,……说不定就安放在了某处。,hiro,02,03,Trial,10
25630,别哄骗我们了……！,alisa,02,03,Trial,10
25631,（看来依据不够充分……）,hiro,02,03,Trial,10
25632,（只有中庭下雨，一般来说这种现象很不合理的……）,hiro,02,03,Trial,10
25633,（不过在这座监牢内，就有唯一一个方法可以实现……这方法就是……）,hiro,02,03,Trial,10
25634,凶手使用了魔术……,hiro,02,03,Trial,10
25635,举行了【求雨仪式】！,hiro,02,03,Trial,10
25636,我觉得……实在有点太不科学了吧。,leia,02,03,Trial,10
25637,你真以为这种解释能说服我们吗？,alisa,02,03,Trial,10
25638,当我们三岁小孩吗，二阶堂！,alisa,02,03,Trial,10
25639,（看来这个说法没什么道理）,hiro,02,03,Trial,10
25640,（只有中庭下雨，一般来说这种现象很不合理的……）,hiro,02,03,Trial,10
25641,（不过在这座监牢内，就有唯一一个方法可以实现……这方法就是……）,hiro,02,03,Trial,10
25642,（……如果我的推理是正确的，那凶手就只可能是她）,hiro,02,03,Trial,10
25643,（这意味着，我接下来要指控他人了）,hiro,02,03,Trial,10
25644,（……就算要做到这个份上，我也要继续前进）,hiro,02,03,Trial,10
25645,（……为了能够活下来！）,hiro,02,03,Trial,10
25646,——魔法。,hiro,02,03,Trial,10
25647,！你是说……！,ema,02,03,Trial,10
25648,……杀害安安的凶手为了把脚印等痕迹冲刷干净，于是操纵大量的水，让案发现场下了一场【雨】。,hiro,02,03,Trial,10
25649,能做到这一点的……就只有一个人。她就是——,hiro,02,03,Trial,10
25650,你详细说说看，这人要怎样人工降雨呢？,sherry,02,03,Trial,10
25651,她肯定做不到。,alisa,02,03,Trial,10
25652,（……她们说得没错）,hiro,02,03,Trial,10
25653,慢慢来，希罗。,ema,02,03,Trial,10
25654,既然提到【操纵水】……,ema,02,03,Trial,10
25655,能做到这种事的就只有她，对吧？,ema,02,03,Trial,10
25656,雪莉，就是你。,hiro,02,03,Trial,10
25657,欸？为什么是我？,sherry,02,03,Trial,10
25658,你用怪力魔法捶打地面，挖出了地下的水源。,hiro,02,03,Trial,10
25659,像喷泉一般喷涌而出的地下水升上空中又落下，看起来就跟下雨一样……就是这么回事。,hiro,02,03,Trial,10
25660,原来是这样！好有趣的推理啊！,sherry,02,03,Trial,10
25661,但这样做动静应该很大吧？,sherry,02,03,Trial,10
25662,不仅声音大，说不定地面还会摇晃！,sherry,02,03,Trial,10
25663,而且我要真的这样做了，地面上肯定会留下敲打的痕迹……,sherry,02,03,Trial,10
25664,我们有发现这种痕迹吗？,sherry,02,03,Trial,10
25665,……中庭内没有这种痕迹呢。,leia,02,03,Trial,10
25666,我就说嘛！因为我根本没做过！,sherry,02,03,Trial,10
25667,（……不可能是雪莉吗）,hiro,02,03,Trial,10
25668,（【操纵大量的水】下了一场雨的人）,hiro,02,03,Trial,10
25669,（能联想到的就只有那个人了……）,hiro,02,03,Trial,10
25670,亚里沙，就是你。,hiro,02,03,Trial,10
25671,……哈啊！？为什么是我啊。,alisa,02,03,Trial,10
25672,我的魔法是【点火】。你说，我怎么用魔法来让雨下起来。,alisa,02,03,Trial,10
25673,你利用火的热量让水蒸发，人为地造出了雨云。,hiro,02,03,Trial,10
25674,我记得监牢附近有一个湖泊。,hiro,02,03,Trial,10
25675,案发时你会到外面散步也是为了达到下雨的目的对不对？,hiro,02,03,Trial,10
25676,你是故意找茬对吧！,alisa,02,03,Trial,10
25677,而且你也太看得起我了，单靠我一个人可做不来让湖水蒸发这么大阵仗的事……,alisa,02,03,Trial,10
25678,假定有办法能让湖水蒸发，但也很难让雨只在中庭下是吧？,sherry,02,03,Trial,10
25679,如果有办法把用湖水蒸发而成的雨云移动到中庭那就另当别论，可是……,sherry,02,03,Trial,10
25680,这种做法不现实呢。,leia,02,03,Trial,10
25681,你饶了我吧……！二阶堂……！,alisa,02,03,Trial,10
25682,（通过造雨云实施人工降雨的做法行不通吗……）,hiro,02,03,Trial,10
25683,（【操纵大量的水】下了一场雨的人）,hiro,02,03,Trial,10
25684,（能联想到的就只有那个人了……）,hiro,02,03,Trial,10
25685,……诺亚。就是你。,hiro,02,03,Trial,10
25686,……欸？,noa,02,03,Trial,10
25687,既然安安坠楼后并没有当场死亡，那肯定有人在安安假装成尸体以后来到案发现场把她杀死。,hiro,02,03,Trial,10
25688,凶手犯案以后中庭内下了一场局部大雨，把自己到过现场的痕迹冲洗得一干二净……,hiro,02,03,Trial,10
25689,如果这种对凶手来说再好不过的事情是没有任何计划自然发生的……那何止是凑巧，简直可以说是奇迹。,hiro,02,03,Trial,10
25690,不然的话，就是那场雨并不是偶然，而是【必然】。,hiro,02,03,Trial,10
25691,那场雨，是凶手的所为——,hiro,02,03,Trial,10
25692,——使用名为【操控液体】的魔法实现的！,hiro,02,03,Trial,10
25693,…………,noa,02,03,Trial,10
25694,（……我并没有确凿的证据可以支撑这个推理）,hiro,02,03,Trial,10
25695,（指控诺亚是凶手，理由也只有【她能有意识地让某个地方下雨】这一点）,hiro,02,03,Trial,10
25696,（可奇妙的是……把这个想法跟证据罗列出来以后，原本零零散散的拼图竟然拼凑成一幅完整的画面……）,hiro,02,03,Trial,10
25697,（诺亚……凶手真的，是你吗……！？）,hiro,02,03,Trial,10
25698,……诺亚没有做这种事哦？,noa,02,03,Trial,10
25699,而且……诺亚也做不到。,noa,02,03,Trial,10
25700,大家能听听……诺亚的解释吗？,noa,02,03,Trial,10
25701,诺亚没有做这种事哦？,noa,02,03,Trial,11
25702,诺亚的魔法能做到的，就只有画画而已。,noa,02,03,Trial,11
25703,"用魔法来做<link=""Objection_02_03_11_01"">画画以外的事</link>……诺亚怎么可能做得到。",noa,02,03,Trial,11
25704,说、说得没错，我从没见过诺亚用魔法做画画以外的事……！,hanna,02,03,Trial,11
25705,而且当时诺亚一直都在图书室。,noa,02,03,Trial,11
25706,诺亚没有去过中庭哦？,noa,02,03,Trial,11
25707,……可是诺亚，你刚才说过，你【看到】下雨了对吧。,ema,02,03,Trial,11
25708,我也看到下雨了，但我是看到中庭下了雨。,ema,02,03,Trial,11
25709,在牢房外的亚里沙说没有下雨。,ema,02,03,Trial,11
25710,既然你那时在图书室，那你是在哪里看到下雨的。,ema,02,03,Trial,11
25711,"这么说的话，诺亚当时不是【看到】下雨，而是<link=""Objection_02_03_11_02"">【听到】</link>下雨的声音来着？",noa,02,03,Trial,11
25712,"诺亚<link=""Objection_02_03_11_03"">当时在看书</link>，应该是因为图书室很安静所以听到雨声了。",noa,02,03,Trial,11
25713,（诺亚的话里没有什么特别明显的矛盾）,hiro,02,03,Trial,11
25714,（可是……关于【下雨】的描述却残留着跟其他人所看到的光景同样的不自然）,hiro,02,03,Trial,11
25715,（这样的话，诺亚肯定是在撒谎）,hiro,02,03,Trial,11
25716,（既然没有证据可以否定她的谎言……那我就要提出那个【可能性】！）,hiro,02,03,Trial,11
25717,就是在画画,hiro,02,03,Trial,11
25718,所谓用不了是在说谎,hiro,02,03,Trial,11
25719,返回,hiro,02,03,Trial,11
25720,听不到雨声,hiro,02,03,Trial,11
25721,没在看书,hiro,02,03,Trial,11
25722,【魔法只能用来画画】……,hiro,02,03,Trial,11
25723,真的是这样吗？,hiro,02,03,Trial,11
25724,嗯？什么意思～？,noa,02,03,Trial,11
25725,我是说，其实你无论何时何地都能自由地使用魔法，但你一直隐瞒了这一点。,hiro,02,03,Trial,11
25726,欸……诺亚没有说谎哦？,noa,02,03,Trial,11
25727,除了画画以外，没有人看到过诺亚用魔法干其他事吧～？,noa,02,03,Trial,11
25728,确、确实……好像没见过。,miria,02,03,Trial,11
25729,空口无凭。,hiro,02,03,Trial,11
25730,就算希罗不相信诺亚，但做不到的事情诺亚就是做不到嘛！,noa,02,03,Trial,11
25731,说得没错……这么下去只会陷入恶魔的证明，希罗。,leia,02,03,Trial,11
25732,（看来没有证据的话，就无法完全推翻她的说法）,hiro,02,03,Trial,11
25733,（我记得以前好像出过诺亚为了照顾安安，打算用魔法的事情……）,hiro,02,03,Trial,11
25734,（继续一味否定诺亚也没用，大家的意见只会继续分歧下去）,hiro,02,03,Trial,11
25735,（我得先后退一步，重新考虑如何进攻才行……）,hiro,02,03,Trial,11
25736,不，诺亚，你这说法很奇怪。,hiro,02,03,Trial,11
25737,欸？哪里奇怪啊？,noa,02,03,Trial,11
25738,当时在下雨的中庭和图书室虽然都在二楼，但两者位置是相距最远的。,hiro,02,03,Trial,11
25739,如果下雨时你是在图书室，正常应该是听不到雨声才对吧？,hiro,02,03,Trial,11
25740,啊～是这回事啊～……,noa,02,03,Trial,11
25741,……对了对了！诺亚忘了说，那时诺亚可是一直敞开图书室的门没有关上。,noa,02,03,Trial,11
25742,虽然没有听得很清楚，但诺亚也能听出来外面正下着雨哦？,noa,02,03,Trial,11
25743,没错，如果当时你是在专心看书，周围也没有其他杂音的话，这种说法的可信度就很高呢！,sherry,02,03,Trial,11
25744,嗯。诺亚那时候很专心地在看书，所以就听到了雨声。,noa,02,03,Trial,11
25745,这没什么奇怪的吧！,noa,02,03,Trial,11
25746,（这招被她躲开了……）,hiro,02,03,Trial,11
25747,（继续一味否定诺亚也没用，大家的意见只会继续分歧下去）,hiro,02,03,Trial,11
25748,（我得先后退一步，重新考虑如何进攻才行……）,hiro,02,03,Trial,11
25749,如果是在专心看书，那你应该听不到雨声才对吧？,hiro,02,03,Trial,11
25750,诺亚当时是真的在看书吗？,hiro,02,03,Trial,11
25751,……是这样吗？,sherry,02,03,Trial,11
25752,精神集中的时候确实会发生听不到周围声音的情况，但这跟塞了耳塞不是一回事吧。,sherry,02,03,Trial,11
25753,我认为看书的时候也是能听到声音的！,sherry,02,03,Trial,11
25754,不管再怎么专注，总会有疲累的时候吧。,leia,02,03,Trial,11
25755,就是这样！诺亚真的有在看书！,noa,02,03,Trial,11
25756,图书室里有那种绘本一样的书，对设计有很大帮助哦！,noa,02,03,Trial,11
25757,希罗也要看一看吗？,noa,02,03,Trial,11
25758,（这招被她躲开了……）,hiro,02,03,Trial,11
25759,（继续一味否定诺亚也没用，大家的意见只会继续分歧下去）,hiro,02,03,Trial,11
25760,（我得先后退一步，重新考虑如何进攻才行……）,hiro,02,03,Trial,11
25761,……不对，诺亚。,hiro,02,03,Trial,11
25762,你并不是【无法用魔法来降雨】。,hiro,02,03,Trial,11
25763,……你的意思是？,noa,02,03,Trial,11
25764,就算你的魔法只能用来画画，你也能让中庭下起雨来。,hiro,02,03,Trial,11
25765,你只要在中庭内画画就好……这样就能让中庭发生跟下雨相同的现象。,hiro,02,03,Trial,11
25766,你当时使用的画具……那就是——,hiro,02,03,Trial,11
25767,血液,@choice |#0203Trial11_Choice005|,02,03,Trial,11
25768,泥土,@choice |#0203Trial11_Choice006|,02,03,Trial,11
25769,喷泉,@choice |#0203Trial11_Choice007|,02,03,Trial,11
25770,血液。,hiro,02,03,Trial,11
25771,诺亚控制血液清除了脚印。,hiro,02,03,Trial,11
25772,等一下，希罗。我们发现了血迹的地方就只有安安的尸体周围，对吧？,sherry,02,03,Trial,11
25773,……的确，现场没有看到其他像是血迹的痕迹。,leia,02,03,Trial,11
25774,这样的话，就算能够控制血液或者血浆，但用它们来清除脚印，好像说法有点牵强？,sherry,02,03,Trial,11
25775,毕竟地面变红的话，想没人发现都难吧。,alisa,02,03,Trial,11
25776,（有颜色的液体会马上被人看出来吗……）,hiro,02,03,Trial,11
25777,（诺亚使用了什么东西来代替颜料呢）,hiro,02,03,Trial,11
25778,（只要跟现场的状态比对一下，说不定就能找到答案）,hiro,02,03,Trial,11
25779,泥土。,hiro,02,03,Trial,11
25780,诺亚用泥巴混水，用泥水下了一场雨……,hiro,02,03,Trial,11
25781,既然雨水里有泥巴，那肯定就能够掩埋脚印。,hiro,02,03,Trial,11
25782,她就是通过这种方法来清除现场的痕迹！,hiro,02,03,Trial,11
25783,嗯……可是下过泥巴雨的话，那附近不是会变得脏兮兮的嘛？更不用说安安的尸体。,sherry,02,03,Trial,11
25784,可安安的尸体上却没有发现泥污。,leia,02,03,Trial,11
25785,……而且话说回来，用来混泥巴的水是从哪里搞来的啊。,alisa,02,03,Trial,11
25786,我们在讨论的，不是那晚下的雨是什么玩意吗。,alisa,02,03,Trial,11
25787,要下那么大的雨，应该需要很大量的水才行吧……,miria,02,03,Trial,11
25788,但如果弄不清楚水是从哪里来的，人工降雨的说法就只是幻想。,alisa,02,03,Trial,11
25789,（看来【水的来源】的确是个问题）,hiro,02,03,Trial,11
25790,（如果能发现合适的道具或者设备就好了……有没有这样的东西呢）,hiro,02,03,Trial,11
25791,……大家知道“滴画法”这种技巧吗？,hiro,02,03,Trial,11
25792,………！？,noa,02,03,Trial,11
25793,这是一种让颜料从高处滴落到画纸上的绘画技法。,hiro,02,03,Trial,11
25794,而且，中庭内有一座喷泉。里面的水虽然脏，但量足够多。,hiro,02,03,Trial,11
25795,你利用现场原本就有的大量液体绘制了一幅【画】。,hiro,02,03,Trial,11
25796,……而中庭就是那张画布。,hiro,02,03,Trial,11
25797,有如把上面的脚印涂抹掉一般，用喷泉内的水做颜料画成的画……案发现场的中庭就是你的杰作。,hiro,02,03,Trial,11
25798,我没说错吧，诺亚？,hiro,02,03,Trial,11
25799,…………,noa,02,03,Trial,11
25800,……谁知道呢？,noa,02,03,Trial,11
25801,………！,hiro,02,03,Trial,11
25802,如果是诺亚的话，说不定就能用希罗说的办法让雨下起来……,noa,02,03,Trial,11
25803,可就算诺亚能做到，也不代表诺亚真的这样做了，不是吗？,noa,02,03,Trial,11
25804,如果那场雨只是巧合，不就谁都有可能杀死安安吗？,noa,02,03,Trial,11
25805,（我的确无法全盘否定诺亚说的话——）,hiro,02,03,Trial,11
25806,……而且话说回来，希罗所说的【杀死安安的真凶】真的存在吗？,noa,02,03,Trial,11
25807,也有可能是希罗把安安推下阳台后，为了掩盖自己的罪行而说的谎话，不是吗？,noa,02,03,Trial,11
25808,唔……这……,hiro,02,03,Trial,11
25809,……等一下，诺亚。,ema,02,03,Trial,11
25810,当时我确实跟安安发生了争执，然后安安从阳台掉了下去。,ema,02,03,Trial,11
25811,可刚才诺亚是这么说的吧？,ema,02,03,Trial,11
25812,……说【希罗把安安推下了阳台】。,ema,02,03,Trial,11
25813,为什么你会认为是希罗把安安推下去的呢？,ema,02,03,Trial,11
25814,当时在阳台的人，明明是我才对。,ema,02,03,Trial,11
25815,…………,noa,02,03,Trial,11
25816,……为什么呢。诺亚不知道。,noa,02,03,Trial,11
25817,（……艾玛从来没有说过我【当时在阳台】）,hiro,02,03,Trial,11
25818,（真实情况是我跟安安发生争执时安安坠楼了，而知道这一事实的……就只有看到事情始末的人）,hiro,02,03,Trial,11
25819,（……诺亚从一开始就看着我们）,hiro,02,03,Trial,11
25820,（就在安安坠落的那一瞬间，从中庭……！）,hiro,02,03,Trial,11
25821,……诺亚。看来你知道得很多。,hiro,02,03,Trial,11
25822,谁知道呢？诺亚倒是觉得，希罗知道得更多哦？,noa,02,03,Trial,11
25823,……我会让你坦白的。坦白你到底撒了什么谎。,hiro,02,03,Trial,11
25824,如果你还要狡辩……那就由我来揭穿你的谎言。,hiro,02,03,Trial,11
25825,（我们来一决胜负吧……）,hiro,02,03,Trial,11
25826,（看能把其他人欺骗到底的……是你的【谎言】还是我的【诡辩】！）,hiro,02,03,Trial,11
25827,安安故意从阳台坠落的时候，就着手把自己伪装成已经死去的模样。,hiro,02,03,Trial,12
25828,她会这样做有可能是出于恶作剧的想法。……可是有人利用了她这个准备周详的计划。,hiro,02,03,Trial,12
25829,这个人先把铁栅栏的铁栅弄断备好，等安安掉下来时把她刺死……,hiro,02,03,Trial,12
25830,然后让中庭下一场雨，把自己犯案的痕迹冲洗干净。,hiro,02,03,Trial,12
25831,能做到这件事的，就只有能够使用操控液体这一魔法的人……,hiro,02,03,Trial,12
25832,城崎诺亚……凶手就是你。,hiro,02,03,Trial,12
25833,那只是希罗你单方面的臆测而已吧？,noa,02,03,Trial,12
25834,因为希罗刚才不也说了嘛。【犯案的痕迹已经冲洗干净】。,noa,02,03,Trial,12
25835,"既然现场没有留下任何证据，那就什么都<link=""Objection_02_03_12_01"">证明不了</link>，没错吧。",noa,02,03,Trial,12
25836,说不定这一切全都是希罗幻想出来的，其实安安坠下中庭时就已经死了。,noa,02,03,Trial,12
25837,可、可希罗已经证明了血迹是伪造的啊……！,ema,02,03,Trial,12
25838,"诺亚觉得这证明不了什么吧……而且就算是假血，应该<link=""Objection_02_03_12_02"">谁都能</link>弄到吧。",noa,02,03,Trial,12
25839,"说不定那场雨只是<link=""Objection_02_03_12_03"">碰巧</link>下的，再说，要往中庭里洒水，办法不是要多少有多少吗？",noa,02,03,Trial,12
25840,然后呢，除了诺亚以外，其他人不也没有不在场证明嘛？,noa,02,03,Trial,12
25841,……即便如此，也推翻不了只有诺亚能清除脚印的事实。,hiro,02,03,Trial,12
25842,真的吗？确定吗？,noa,02,03,Trial,12
25843,"比如说，<link=""Objection_02_03_12_04"">蕾雅</link>是第一个踏进中庭的人，那她就没有必要在犯案后清除脚印了。",noa,02,03,Trial,12
25844,既然是第一发现人，留了脚印也很正常啊。,noa,02,03,Trial,12
25845,……说得对。所以现场确实留下了我的脚印。,leia,02,03,Trial,12
25846,……你看吧？,noa,02,03,Trial,12
25847,希罗的推理都很反常，构图简直一团糟……,noa,02,03,Trial,12
25848,在诺亚看来，不管是透视还是焦点……全都不对劲哦？,noa,02,03,Trial,12
25849,（继续穷追不舍下去也只会被她轻飘飘搪塞过去）,hiro,02,03,Trial,12
25850,（可这起案件很明显就是诺亚利用安安的计划来诬陷我跟艾玛）,hiro,02,03,Trial,12
25851,（虽然不知道她是出于什么理由……可不管怎样，我也不能放过她！）,hiro,02,03,Trial,12
25852,（无论用什么手段我也要揭穿她……揭穿【真凶】的谎言！）,hiro,02,03,Trial,12
25853,有办法证明,hiro,02,03,Trial,12
25854,返回,hiro,02,03,Trial,12
25855,只有诺亚能准备血浆,hiro,02,03,Trial,12
25856,下雨的可能性很低,hiro,02,03,Trial,12
25857,证明蕾雅不可能杀人,hiro,02,03,Trial,12
25858,不，可以证明。,hiro,02,03,Trial,12
25859,……哦～，要怎样证明呢？,noa,02,03,Trial,12
25860,就算用水冲刷多少次，总会有无法抹去的痕迹残留。,hiro,02,03,Trial,12
25861,例如头发……或者衣服纤维之类的。,hiro,02,03,Trial,12
25862,…………,noa,02,03,Trial,12
25863,然后呢，你说的这些【证据】在哪里啊？,noa,02,03,Trial,12
25864,……唔！这……！,hiro,02,03,Trial,12
25865,……案发后在场的各位应该都进入过中庭。,sherry,02,03,Trial,12
25866,如果单论痕迹的话，在现场找到诺亚或者谁的痕迹应该不是什么特别值得起疑的事情吧。,sherry,02,03,Trial,12
25867,……怎样，希罗？,noa,02,03,Trial,12
25868,果然还是……无法证明哦。,noa,02,03,Trial,12
25869,（只要没有证据，就无法让她屈服吗）,hiro,02,03,Trial,12
25870,（不管是说谎还是用其他什么办法，我也要把诺亚逼到无路可退才行……）,hiro,02,03,Trial,12
25871,（但不够彻底的谎言只会被她戳破）,hiro,02,03,Trial,12
25872,（有没有什么可以利用的东西呢）,hiro,02,03,Trial,12
25873,（……再次仔细审视一下手上的信息吧）,hiro,02,03,Trial,12
25874,现场碰巧下了雨，这个可能性无限接近于零。,hiro,02,03,Trial,12
25875,要说理由的话，当时天上一片云都没有……,hiro,02,03,Trial,12
25876,米莉亚，对吗？,hiro,02,03,Trial,12
25877,……啊、啊啊，嗯！这一点绝对没错！,miria,02,03,Trial,12
25878,那时天上没有一片云，星星都看得很清楚，很漂亮哦。,miria,02,03,Trial,12
25879,……就是这么一回事。,hiro,02,03,Trial,12
25880,既然是这样，那就自然会认为那场雨是有人故意为之。,hiro,02,03,Trial,12
25881,唔……,noa,02,03,Trial,12
25882,可是没有人能断言【绝对不是自然降雨】吧？,noa,02,03,Trial,12
25883,不管是什么样的天气也会有突然下雨的时候，这不是很正常嘛？,noa,02,03,Trial,12
25884,这种雨还有个说法叫【晴天雨】。,noa,02,03,Trial,12
25885,我也赞同诺亚说的！,hanna,02,03,Trial,12
25886,曾经有好几次我相信了天气预报说不会下雨，结果洗好晾到外面的衣服全都给糟蹋了……,hanna,02,03,Trial,12
25887,碰巧下雨这种情况是有可能发生的！,hanna,02,03,Trial,12
25888,（自然现象当不了依据吗）,hiro,02,03,Trial,12
25889,（不管是说谎还是用其他什么办法，我也要把诺亚逼到无路可退才行……）,hiro,02,03,Trial,12
25890,（但不够彻底的谎言只会被她戳破）,hiro,02,03,Trial,12
25891,（有没有什么可以利用的东西呢）,hiro,02,03,Trial,12
25892,（再次仔细审视一下手上的信息吧）,hiro,02,03,Trial,12
25893,……不，蕾雅没有接近过中庭。最起码在安安的推定死亡时间之内是这样。,hiro,02,03,Trial,12
25894,这一点我可以保证。,hiro,02,03,Trial,12
25895,……唔。,noa,02,03,Trial,12
25896,可是保证也是骗人的吧？,noa,02,03,Trial,12
25897,希罗只是在包庇蕾雅而已……,noa,02,03,Trial,12
25898,没说错吧？,noa,02,03,Trial,12
25899,……！,hiro,02,03,Trial,12
25900,说到底，调查推定死亡时间的人就是蕾雅哦？,noa,02,03,Trial,12
25901,那蕾雅就有可能谎报安安的死亡时间了。,noa,02,03,Trial,12
25902,蕾雅跟希罗那时候真的见面了吗？,noa,02,03,Trial,12
25903,蕾雅也来说明一下嘛？,noa,02,03,Trial,12
25904,……不。,leia,02,03,Trial,12
25905,希罗有没有看到我，这我不清楚，但我没有看到她。,leia,02,03,Trial,12
25906,所以我无法就这一点给出任何证词。,leia,02,03,Trial,12
25907,……反过来说，也无法确定我有不在场证明。,leia,02,03,Trial,12
25908,唔……,noa,02,03,Trial,12
25909,蕾雅真是一名优秀的演员啊。,noa,02,03,Trial,12
25910,不过说到底，希罗说的话还是不太可信吧？,noa,02,03,Trial,12
25911,也没有任何证据……感觉根本没意义呢？,noa,02,03,Trial,12
25912,（唔……！靠这个谎言发起的攻击无法对诺亚造成伤害吗）,hiro,02,03,Trial,12
25913,（不管是说谎还是用其他什么办法，我也要把诺亚逼到无路可退才行……）,hiro,02,03,Trial,12
25914,（但不够彻底的谎言只会被她戳破）,hiro,02,03,Trial,12
25915,（有没有什么可以利用的东西呢）,hiro,02,03,Trial,12
25916,（再次仔细审视一下手上的信息吧）,hiro,02,03,Trial,12
25917,……不。能提前准备好那些血浆的人，就只有诺亚你。,hiro,02,03,Trial,12
25918,只有诺亚……？,noa,02,03,Trial,12
25919,没错。,hiro,02,03,Trial,12
25920,有人调查过二楼诺亚的画室吗？,hiro,02,03,Trial,12
25921,诺亚的画室里本来就放了油漆……,hiro,02,03,Trial,12
25922,——在发生案件之前，我发现那堆油漆里唯独红色的少了很多。,hiro,02,03,Trial,12
25923,………！,ema,02,03,Trial,12
25924,这就表明有人在作案时使用了这些消失了的油漆。,hiro,02,03,Trial,12
25925,（……那是案件发生以后，艾玛弄洒了的油漆）,hiro,02,03,Trial,12
25926,（不过艾玛早就把油漆清理干净了。所以这是只有我跟她才知道的信息）,hiro,02,03,Trial,12
25927,放置在画室里的油漆……一直都是诺亚在管理。,hiro,02,03,Trial,12
25928,确、确实是这样……！,miria,02,03,Trial,12
25929,堆放在画室里的油漆唯独红色的少了，这一点大叔我也确认过哦……！,miria,02,03,Trial,12
25930,可我并没有在画室里看到需要大量使用红色油漆的画作……,hiro,02,03,Trial,12
25931,你到底用它做了什么？诺亚。,hiro,02,03,Trial,12
25932,……你是用这种方式来战斗的啊。,noa,02,03,Trial,12
25933,抱歉……我并没有打算对你手下留情。,hiro,02,03,Trial,12
25934,这也是为了安安。只要能找出真凶，我不会有一丝犹豫。,hiro,02,03,Trial,12
25935,……嗯，诺亚知道了！,noa,02,03,Trial,12
25936,那……诺亚也会努力哦？,noa,02,03,Trial,12
25937,……！,hiro,02,03,Trial,12
25938,首先呢，画室里的油漆是水性油漆。,noa,02,03,Trial,12
25939,所以案发现场的不是画室里的油漆哦？水性油漆如果在干透前湿水，就无法定型，正常会直接被水冲走。,noa,02,03,Trial,12
25940,这种事只要调查一下马上就能知道……可就算是这样，希罗也要说诺亚是凶手吗？,noa,02,03,Trial,12
25941,……唔……！,hiro,02,03,Trial,12
25942,……不过其实诺亚知道哦，知道希罗会这样做的理由。,noa,02,03,Trial,12
25943,谁叫希罗就是把安安推下阳台的凶手嘛……,noa,02,03,Trial,12
25944,……你说什么？,hiro,02,03,Trial,12
25945,诺亚看到了希罗把安安推下楼的一幕。,noa,02,03,Trial,12
25946,……！,hiro,02,03,Trial,12
25947,杀死安安的人，是希罗。,noa,02,03,Trial,12
25948,艾玛只是在包庇希罗而已。,noa,02,03,Trial,12
25949,诺亚要指控希罗……希罗就是杀人凶手。,noa,02,03,Trial,12
25950,（可恶的诺亚……竟然跟我正面交锋）,hiro,02,03,Trial,12
25951,……好啊。,hiro,02,03,Trial,12
25952,……我会堂堂正正地把你的指控回敬给你。,hiro,02,03,Trial,12
25953,"诺亚呢，在离开图书室的时候<link=""Objection_02_03_13_01"">看见</link>艾玛跟希罗了。",noa,02,03,Trial,13
25954,"诺亚<link=""Objection_02_03_13_02"">正好看见</link>希罗把安安推下阳台的那一幕。",noa,02,03,Trial,13
25955,可是诺亚太害怕，所以直接跑掉了……,noa,02,03,Trial,13
25956,诺亚想着要是把这事情说出来，诺亚肯定也会被杀死……所以之前一直都没能说出口。,noa,02,03,Trial,13
25957,可、可是，诺亚！,ema,02,03,Trial,13
25958,案发现场残留的痕迹可以证明安安是佯装自杀……！,ema,02,03,Trial,13
25959,希罗没有杀害安安，这是显而易见的客观事实……！,ema,02,03,Trial,13
25960,"搞不好那些痕迹都是<link=""Objection_02_03_13_03"">希罗跟艾玛</link>事后伪造的证据，不是吗？",noa,02,03,Trial,13
25961,"你们杀死安安以后就到中庭做了些手脚，之后又<link=""Objection_02_03_13_04"">刚好下了一场雨</link>，这样的话就能说通了吧？",noa,02,03,Trial,13
25962,"艾玛还有希罗，你们两个就是<link=""Objection_02_03_13_05"">共犯</link>……",noa,02,03,Trial,13
25963,"所以才会想要把杀人的罪名<link=""Objection_02_03_13_06"">安在诺亚头上</link>，让诺亚受刑。",noa,02,03,Trial,13
25964,你们的所作所为……诺亚绝不原谅。,noa,02,03,Trial,13
25965,（诺亚说的都是事实。实际上就是我把安安推下了阳台）,hiro,02,03,Trial,13
25966,（因此，我很难去否认这一点）,hiro,02,03,Trial,13
25967,（然而……与此同时，为了合理化自己的主张，诺亚在原来的谎言之上又叠加了【新的谎言】）,hiro,02,03,Trial,13
25968,（而诺亚还没有意识到……）,hiro,02,03,Trial,13
25969,（她在试图攻击我们而使出的这一招回马枪，在反守为攻的同时也会让自身暴露于危险之下……！）,hiro,02,03,Trial,13
25970,（就是现在……我要抓住她话里的漏洞！）,hiro,02,03,Trial,13
25971,我们没有在一起,hiro,02,03,Trial,13
25972,返回,hiro,02,03,Trial,13
25973,不可能看得清楚当时的情况,hiro,02,03,Trial,13
25974,艾玛和希罗不可能作案,hiro,02,03,Trial,13
25975,有证据证明是魔法降雨,hiro,02,03,Trial,13
25976,我和艾玛不可能有共犯关系,hiro,02,03,Trial,13
25977,有证据证明是诺亚杀的,hiro,02,03,Trial,13
25978,【看到了我跟艾玛】……？那就不对劲了。,hiro,02,03,Trial,13
25979,诺亚说了什么奇怪的话吗？,noa,02,03,Trial,13
25980,嗯。因为案发当时我跟艾玛并没有在一起。,hiro,02,03,Trial,13
25981,艾玛，对不对？,hiro,02,03,Trial,13
25982,欸……啊啊，嗯……！就、就是啊……！,ema,02,03,Trial,13
25983,我是跟希罗见过面，但是是半路上才碰面的。,ema,02,03,Trial,13
25984,就是在我去中庭确认安安情况的半路上……！,ema,02,03,Trial,13
25985,没错。所以诺亚，这就跟你刚才的证词有矛盾。,hiro,02,03,Trial,13
25986,嗯——……,noa,02,03,Trial,13
25987,这个说法，诺亚无法认同哦？,noa,02,03,Trial,13
25988,…………！,hiro,02,03,Trial,13
25989,诺亚刚才说的可是【艾玛跟希罗是共犯】哦？,noa,02,03,Trial,13
25990,你们两个再怎样强调对方的不在场证明也没有任何意义。,noa,02,03,Trial,13
25991,完全算不上是反驳哦？,noa,02,03,Trial,13
25992,（唔……！我们的确是在串供……！）,hiro,02,03,Trial,13
25993,（诺亚主张的是【我跟艾玛做了手脚伪装】）,hiro,02,03,Trial,13
25994,（那也就是说，她承认凶手有对现场进行过伪装）,hiro,02,03,Trial,13
25995,（这样的话，只要有【诺亚伪装了现场的证据】……）,hiro,02,03,Trial,13
25996,（只要能够出示它，诺亚就再也无从推脱）,hiro,02,03,Trial,13
25997,（诺亚，我会用你的逻辑来制服你）,hiro,02,03,Trial,13
25998,不对，诺亚。你这话很奇怪。,hiro,02,03,Trial,13
25999,如果你是从画室的入口看到阳台上的人影，那是不可能看清楚阳台里的情况。,hiro,02,03,Trial,13
26000,然而你却说【推下阳台】……没看清楚却说得这么笃定，你不觉得这样很不自然吗？,hiro,02,03,Trial,13
26001,嗯……说得对，为什么呢……？,noa,02,03,Trial,13
26002,……对了！,noa,02,03,Trial,13
26003,诺亚确实是没看清楚哦？,noa,02,03,Trial,13
26004,……可是希罗，你当时在跟安安说话，对吧？,noa,02,03,Trial,13
26005,…………！,hiro,02,03,Trial,13
26006,虽然没听清楚你们在说什么，但诺亚看到了哦。,noa,02,03,Trial,13
26007,感觉好像在吵架一样……,noa,02,03,Trial,13
26008,听到你们的动静以后安安就死了。,noa,02,03,Trial,13
26009,诺亚会想到是你把她【推下去】的，这也很正常吧？,noa,02,03,Trial,13
26010,诺亚说的话有哪里奇怪吗？,noa,02,03,Trial,13
26011,确实，在那种情况下产生这种想法是很正常的事！,sherry,02,03,Trial,13
26012,那果然诺亚说的就是事实咯！？,hanna,02,03,Trial,13
26013,没错。希罗跟艾玛只是想把罪名推到诺亚身上而已……,noa,02,03,Trial,13
26014,所以才会说出这么讨人厌的话对不对，希罗！,noa,02,03,Trial,13
26015,（唔……！让她躲开这招了吗……！）,hiro,02,03,Trial,13
26016,（诺亚主张的是【我跟艾玛做了手脚伪装】）,hiro,02,03,Trial,13
26017,（那也就是说，她承认凶手有对现场进行过伪装）,hiro,02,03,Trial,13
26018,（这样的话，只要有【诺亚伪装了现场的证据】……）,hiro,02,03,Trial,13
26019,（只要能够出示它，诺亚就再也无从推脱）,hiro,02,03,Trial,13
26020,（诺亚，我会用你的逻辑来制服你）,hiro,02,03,Trial,13
26021,不对，诺亚。我跟艾玛是不可能作案的。,hiro,02,03,Trial,13
26022,确实如你所说，我跟艾玛的话或许就能做到把安安推下楼以后再泼上血浆伪装现场……,hiro,02,03,Trial,13
26023,可是在离开中庭的时候，我们没法做到消灭脚印。,hiro,02,03,Trial,13
26024,我们更不可能预测到接下来会下雨。,hiro,02,03,Trial,13
26025,当然，我们也没有办法像你一样，想让哪里下雨就让哪里下雨。,hiro,02,03,Trial,13
26026,嗯～……是这样吗～……,noa,02,03,Trial,13
26027,说不定你们能够预测什么时候会下雨哦？,noa,02,03,Trial,13
26028,其实早就看到远处有雨云，或者听到青蛙在呱呱叫之类的……,noa,02,03,Trial,13
26029,所以啊希罗，没有绝对不可能的事。,noa,02,03,Trial,13
26030,还是说希罗你有办法咬定【绝对会下雨】、【绝对不会下雨】…………你说呢？,noa,02,03,Trial,13
26031,唔……！,hiro,02,03,Trial,13
26032,……希罗，你怎么能撒谎呢。,noa,02,03,Trial,13
26033,（唔……！靠这个论点无法逼诺亚投降吗……！）,hiro,02,03,Trial,13
26034,（诺亚主张的是【我跟艾玛做了手脚伪装】）,hiro,02,03,Trial,13
26035,（那也就是说，她承认凶手有对现场进行过伪装）,hiro,02,03,Trial,13
26036,（这样的话，只要有【诺亚伪装了现场的证据】……）,hiro,02,03,Trial,13
26037,（只要能够出示它，诺亚就再也无从推脱）,hiro,02,03,Trial,13
26038,（诺亚，我会用你的逻辑来制服你）,hiro,02,03,Trial,13
26039,呵……【我跟艾玛是共犯】？,hiro,02,03,Trial,13
26040,我们的关系看起来有这么要好吗？,hiro,02,03,Trial,13
26041,如果我们经常一起行动也就罢了……,hiro,02,03,Trial,13
26042,以我和艾玛的关系，我们根本做不出这么周详的计划。,hiro,02,03,Trial,13
26043,……但是你们是室友啊？,alisa,02,03,Trial,13
26044,只是商量个事情，随时随地都办得到吧？,alisa,02,03,Trial,13
26045,而且我记得你们很久之前就认识了？,sherry,02,03,Trial,13
26046,这样的话，说不定你们两个之间还有只有你们自己才懂的沟通方式！,sherry,02,03,Trial,13
26047,比如说打手势或者摩斯密码！,sherry,02,03,Trial,13
26048,没、没有这种东西啊！,ema,02,03,Trial,13
26049,可也不能说绝对没有对吧？至少我觉得比起其他人，你们两个更有可能会联手合作。,sherry,02,03,Trial,13
26050,先不管关系怎样，拿这种理由来解释……,sherry,02,03,Trial,13
26051,反而更招人怀疑了耶！,sherry,02,03,Trial,13
26052,（……看来我们之间的关系实在没法糊弄过去）,hiro,02,03,Trial,13
26053,（诺亚主张的是【我跟艾玛做了手脚伪装】）,hiro,02,03,Trial,13
26054,（那也就是说，她承认凶手有对现场进行过伪装）,hiro,02,03,Trial,13
26055,（这样的话，只要有【诺亚伪装了现场的证据】……）,hiro,02,03,Trial,13
26056,（只要能够出示它，诺亚就再也无从推脱）,hiro,02,03,Trial,13
26057,（诺亚，我会用你的逻辑来制服你）,hiro,02,03,Trial,13
26058,不。我有确凿的证据可以证明就是你杀的人。,hiro,02,03,Trial,13
26059,欸～……？,noa,02,03,Trial,13
26060,希罗，你手上真的有证据吗？,leia,02,03,Trial,13
26061,对……证据就是这个——,hiro,02,03,Trial,13
26062,这东西哪里能看出来是【诺亚杀了人的证据】？,noa,02,03,Trial,13
26063,希罗。你不能因为心里难受就故意泼脏水哦？,noa,02,03,Trial,13
26064,（……看来没有什么证据能够直接佐证诺亚就是杀人凶手了）,hiro,02,03,Trial,13
26065,（……这样的话，只要有【诺亚伪装了现场的证据】）,hiro,02,03,Trial,13
26066,（只要能够出示它，诺亚就再也无从推脱）,hiro,02,03,Trial,13
26067,（诺亚，我会用你的逻辑来制服你）,hiro,02,03,Trial,13
26068,……我一直在等你这句话，诺亚。,hiro,02,03,Trial,13
26069,……欸？,noa,02,03,Trial,13
26070,按你的主张去理解，【凶手在案发现场做了手脚，但凶手的脚印被雨水冲刷干净了】。,hiro,02,03,Trial,13
26071,这就是你想说的，没错吧？,hiro,02,03,Trial,13
26072,……是这样没错。,noa,02,03,Trial,13
26073,……这样的话，凶手果然就是你。,hiro,02,03,Trial,13
26074,降雨并不是偶然事件，而是你使用魔法引起的现象——,hiro,02,03,Trial,13
26075,——我有证据可以证明这一点！,hiro,02,03,Trial,13
26076,………！,noa,02,03,Trial,13
26077,【案发后的那场雨是诺亚用魔法人为制造的】，能证明这一点的证据就是……！,hiro,02,03,Trial,13
26078,这东西应该证明不了诺亚在那时用过魔法吧……？,ema,02,03,Trial,13
26079,果然你是没有证据吧，希罗？,noa,02,03,Trial,13
26080,（……证据是有的）,hiro,02,03,Trial,13
26081,（是诺亚【操纵水】让中庭下了一场雨）,hiro,02,03,Trial,13
26082,（除非她能做到让雨水无中生有，不然肯定会留下痕迹）,hiro,02,03,Trial,13
26083,（重新确认一下手上的信息吧）,hiro,02,03,Trial,13
26084,证据……就在中庭里。,hiro,02,03,Trial,13
26085,中庭……具体是中庭哪个地方啊。,alisa,02,03,Trial,13
26086,（……我手上应该有能指出那个地方的证据！）,hiro,02,03,Trial,13
26087,（……不，只靠这个还不够）,hiro,02,03,Trial,13
26088,（为了让大家信服，就需要拿出【同样】能看到这个东西的证物……！）,hiro,02,03,Trial,13
26089,那、那……！不就是大叔拍错了的照片吗……！？,miria,02,03,Trial,13
26090,嗯，没错。,hiro,02,03,Trial,13
26091,我要说的是这张照片上的喷泉。,hiro,02,03,Trial,13
26092,这张照片里喷泉的水是满的对吧。,hiro,02,03,Trial,13
26093,不过请大家看看案发后的尸体照片……,hiro,02,03,Trial,13
26094,上面的喷泉是干涸状态的。,hiro,02,03,Trial,13
26095,明明才刚下了一场雨，池里的水没增多不说，反而还全没了……,hiro,02,03,Trial,13
26096,这确凿证明了降雨是因魔法而导致的现象。,hiro,02,03,Trial,13
26097,还是说，你准备说是我跟艾玛两个人联手，用不到半小时的时间把喷泉里的水全都给舀出来的……,hiro,02,03,Trial,13
26098,这么离谱的主张，你真的敢提吗？,hiro,02,03,Trial,13
26099,这、这是有点离谱……她们要是真这么干，当时大叔我就在娱乐室里，肯定会听到动静的……,miria,02,03,Trial,13
26100,……你听到了吗，诺亚。,hiro,02,03,Trial,13
26101,从这个证据可以明确得知，是你用魔法在中庭内下了一场雨。,hiro,02,03,Trial,13
26102,所以案发时你肯定就在中庭内。,hiro,02,03,Trial,13
26103,……这……,noa,02,03,Trial,13
26104,……好了，我再问你一次。,hiro,02,03,Trial,13
26105,【凶手在案发现场做了手脚，但凶手的脚印被雨水冲刷干净了】……这就是你提出的主张。,hiro,02,03,Trial,13
26106,可按我刚才提示的证据和推论，当时下的【雨水】并不是自然产生的雨水，而是喷泉里的水……,hiro,02,03,Trial,13
26107,如果是这样的话，能够做到用池水下雨这件事的人就只有你。,hiro,02,03,Trial,13
26108,是你让中庭下雨，在案发现场做手脚……按照你的推理来看，你在这起案件扮演的是什么角色？,hiro,02,03,Trial,13
26109,…………,noa,02,03,Trial,13
26110,答案只有一个。我再重申一次。,hiro,02,03,Trial,13
26111,你就是凶手。……城崎诺亚！,hiro,02,03,Trial,13
26112,…………,noa,02,03,Trial,13
26113,……为什么呢？,noa,02,03,Trial,13
26114,诺亚好像把事情搞砸了。,noa,02,03,Trial,13
26115,诺、诺亚！？,miria,02,03,Trial,13
26116,诺亚，你……！,leia,02,03,Trial,13
26117,……希罗，你真厉害。,noa,02,03,Trial,13
26118,诺亚给你画一个大红花！,noa,02,03,Trial,13
26119,……诺亚，你为什么要做这种事？,hiro,02,03,Trial,13
26120,……谁知道呢，为什么啊？,noa,02,03,Trial,13
26121,可能是因为……诺亚按捺不住，就是想杀了安安？,noa,02,03,Trial,13
26122,……！,hiro,02,03,Trial,13
26123,安安以这起案件为主题，画出来的画……,noa,02,03,Trial,13
26124,真的非常非～常漂亮呢！,noa,02,03,Trial,13
26125,——那里有这么一幅画。,noa,02,03,Trial,14
26126,是安安把这幅画的最终成品的模样告诉诺亚的哦。,noa,02,03,Trial,14
26127,那幅画里有安安，有艾玛。,noa,02,03,Trial,14
26128,诺亚不由得感叹，太棒了。,noa,02,03,Trial,14
26129,……可是啊。诺亚在画上添了几笔。,noa,02,03,Trial,14
26130,诺亚在安安的画上东涂西抹，把她的画给毁了。,noa,02,03,Trial,14
26131,因为……诺亚以为只要把安安画里所展示的结局涂改过来，就没有人会怀疑诺亚。,noa,02,03,Trial,14
26132,安安首先做的，是做好装死所需要的准备。,noa,02,03,Trial,14
26133,一开始她就打算装成是一场意外，自己从阳台上跳下去。,noa,02,03,Trial,14
26134,只是她好像没有料到希罗会出现就是了。,noa,02,03,Trial,14
26135,尽管出现了意外情况，安安也没有取消计划，照常执行。,noa,02,03,Trial,14
26136,因为这是一个就算失败了也无所谓的计划。,noa,02,03,Trial,14
26137,安安用吊床在中庭内做了一个安全网。她朝着吊床从阳台跳了下来。,noa,02,03,Trial,14
26138,她说她把手机丢在中庭里当标记了。,noa,02,03,Trial,14
26139,安安掉下来后就马上撕破藏在胸口的那袋红色颜料，然后拿起事前掰下来藏好的铁栅放在胸口。,noa,02,03,Trial,14
26140,艾玛她们从阳台看到安安，都误以为安安已经死了。,noa,02,03,Trial,14
26141,……安安她真厉害啊。这全都是她自己一个人想出来的哦。,noa,02,03,Trial,14
26142,诺亚绝对想不出来这种计划～,noa,02,03,Trial,14
26143,看到艾玛她们转身回到画室里去以后，安安笑着坐了起来。,noa,02,03,Trial,14
26144,看到一切按计划进行，她很是高兴。,noa,02,03,Trial,14
26145,计划进展顺利让安安松了一口气。所以啊……,noa,02,03,Trial,14
26146,诺亚就趁着她没注意，从她的背后用铁栅刺穿了她的身体。,noa,02,03,Trial,14
26147,安安带着惊讶的神情，就这样死掉了。,noa,02,03,Trial,14
26148,本来诺亚只要直接离开中庭就好……,noa,02,03,Trial,14
26149,可是大概因为白天下了点雨？地面上留下了诺亚的脚印。,noa,02,03,Trial,14
26150,所以诺亚用喷泉里的水把地面冲洗了一下。就是用魔法哦。,noa,02,03,Trial,14
26151,就像下雨一样……想像中庭就是画布，在上面画花纹。,noa,02,03,Trial,14
26152,这肯定是诺亚这辈子用魔法用得最随心所欲的一次吧？,noa,02,03,Trial,14
26153,以前诺亚的魔法总是不听使唤……,noa,02,03,Trial,14
26154,诺亚啊，只是帮了安安一把哦？,noa,02,03,Trial,14
26155,帮安安把假死变成了真死。,noa,02,03,Trial,14
26156,本来安安所描绘的画面里……没有希罗跟诺亚……,noa,02,03,Trial,14
26157,如果能保持这个画面，这肯定会是一幅更加美丽的画作，能够达成一个更加美满的结局吧。,noa,02,03,Trial,14
26158,可是……诺亚篡改了这个画面。,noa,02,03,Trial,14
26159,大家肯定……不会原谅诺亚吧。,noa,02,03,Trial,14
26160,大家……对不起哦？,noa,02,03,Trial,14
26161,这幅不堪入目的丑陋画作……你们看到了，也只会觉得为难吧……,noa,02,03,Trial,14
26162,好沉闷啊！！各位，气氛太沉闷了哦！！,sherry,02,04,Adv,01
26163,那天早餐后，我们应雪莉的召集，聚集到了娱乐室。,system,02,04,Adv,01
26164,雪莉、汉娜、蕾雅、米莉亚、亚里沙、艾玛，还有——我，共七人。,system,02,04,Adv,01
26165,被囚禁在这个监牢中的少女……已经有六个人遭遇了悲剧，不在人世了。,system,02,04,Adv,01
26166,这种状况下还让我们故作轻松？说实话，光是遵守规定生活下去，我就已经竭尽全力了哇……,hanna,02,04,Adv,01
26167,我已经再也不想思考了……我真的，太累了。,hanna,02,04,Adv,01
26168,汉娜那痛苦的低喃，恰如其分地道出了我们的心声。,system,02,04,Adv,01
26169,大家只是机械性地听从召集来到这里，每个人的表情和气氛都一样沉重。,system,02,04,Adv,01
26170,说说你把大家叫来的目的吧，雪莉。,leia,02,04,Adv,01
26171,就连一向健谈的蕾雅，眼眶下也长出了黑眼圈，眼中的光彩也不复从前。,system,02,04,Adv,01
26172,（即使已经对这座监牢进行了事无巨细的调查，我们却始终没有找到任何有效的应对手段）,hiro,02,04,Adv,01
26173,（所谓的大魔女……真的存在吗？）,hiro,02,04,Adv,01
26174,（包括我自己在内……都快要撑不下去了）,hiro,02,04,Adv,01
26175,…………,ema,02,04,Adv,01
26176,其中最明显的是艾玛。最近，她几乎不再露出笑容了。,system,02,04,Adv,01
26177,（艾玛是故意想让我担心……不，不对）,hiro,02,04,Adv,01
26178,我越来越搞不懂了。无论是关于艾玛，还是我自己。,system,02,04,Adv,01
26179,因为搞不懂，我只能有意地不去关注她。,system,02,04,Adv,01
26180,似乎是想要驱散沉闷的空气，雪莉“啪”地一声，拍了拍手。,system,02,04,Adv,01
26181,今天，我打算和大家一起玩点什么！,sherry,02,04,Adv,01
26182,我们的压力越大，就会越快变成魔女，所以最好的办法就是开开心心地度过每一天！大家振作起来吧！,sherry,02,04,Adv,01
26183,……原来如此，这个提议倒是不坏。,hiro,02,04,Adv,01
26184,那我们玩什么呢？这里可以看电影，还有台球和西洋棋。,miria,02,04,Adv,01
26185,但这些游戏，好像都没办法让大家振作起来呢……,miria,02,04,Adv,01
26186,不一定要玩这里有的东西，我想，可以玩一些大家一起参加的游戏！,sherry,02,04,Adv,01
26187,比如说呢……嗯～玩躲避球，或者捉迷藏什么的！,sherry,02,04,Adv,01
26188,全是些让人不想和你这种人玩的游戏哇！？,hanna,02,04,Adv,01
26189,娱乐室会被你弄坏的！,miria,02,04,Adv,01
26190,不用算我了。说过多少次了，我可没兴趣和你们搞好关系。,alisa,02,04,Adv,01
26191,亚里沙很快就冷淡地丢下这句话，转身准备离开。,system,02,04,Adv,01
26192,啊～，你是不是已经知道自己怎么都赢不了我，所以才打算逃跑呢？噗噗～,sherry,02,04,Adv,01
26193,……你说什么？,alisa,02,04,Adv,01
26194,亚里沙的脚步猛地停住了。她回过头，狠狠地瞪着雪莉。,system,02,04,Adv,01
26195,要比什么？快点决定吧。,alisa,02,04,Adv,01
26196,哎呦！不错哦～！那就选个准备起来不麻烦的项目吧，比如说——掰手腕！,sherry,02,04,Adv,01
26197,允许使用魔法的无限制比赛……就叫【魔法掰手腕】吧！！,sherry,02,04,Adv,01
26198,很好，我接受挑战。,alisa,02,04,Adv,01
26199,（真是单纯至极。就这么彻底中了雪莉的计）,hiro,02,04,Adv,01
26200,我无奈地叹了口气，环顾了一下在场的众人，却发现她们的眼神里似乎恢复了一丝光彩。,system,02,04,Adv,01
26201,（……算了，就陪她们玩玩吧）,hiro,02,04,Adv,01
26202,我向前踏出一步。,system,02,04,Adv,01
26203,那就由我来当裁判吧。因为我不是魔女，无法使用魔法。,hiro,02,04,Adv,01
26204,和你们可不一样。,hiro,02,04,Adv,01
26205,……哼，还在说这种话？差不多该承认了吧？,hanna,02,04,Adv,01
26206,我朝她狠狠地瞪了一眼，汉娜立刻闭上了嘴。,system,02,04,Adv,01
26207,好了好了，魔女也好，不是魔女也罢，现在都不重要。还是开开心心地玩游戏吧！,leia,02,04,Adv,01
26208,……于是，我们决定来一场雪莉发明的【魔法掰手腕】——,system,02,04,Adv,01
26209,面对实力碾压级的雪莉，少女们决定所有人一起挑战。,system,02,04,Adv,01
26210,哼哼哼，尽管来挑战我吧～,sherry,02,04,Adv,01
26211,雪莉早已是一副王者风范，悠然自得地半倚在沙发上，露出自信的微笑。,system,02,04,Adv,01
26212,笑得出来也就现在了。,alisa,02,04,Adv,01
26213,雪莉和亚里沙隔着矮桌，各自摆好架势。,system,02,04,Adv,01
26214,准备好了吗？,hiro,02,04,Adv,01
26215,双方目光交汇的瞬间，霎时火花四溅。,system,02,04,Adv,01
26216,……这不是比喻，亚里沙手中真的燃起了火焰。,system,02,04,Adv,01
26217,……开始！,hiro,02,04,Adv,01
26218,裁判一声令下的同时，双方的手猛然碰撞。,system,02,04,Adv,01
26219,没人能赢得了我的火焰！,alisa,02,04,Adv,01
26220,是打算用高温让对手失去战斗力吧！,hanna,02,04,Adv,01
26221,虽然略显卑鄙，但这样一来，就算是雪莉也——,leia,02,04,Adv,01
26222,——砰！,system,02,04,Adv,01
26223,呃啊！,alisa,02,04,Adv,01
26224,——刚交手一瞬间、亚里沙就被轻易压倒。,system,02,04,Adv,01
26225,好烫好烫！,sherry,02,04,Adv,01
26226,而雪莉的手直接伸进了火焰中，也被轻微烧伤。,system,02,04,Adv,01
26227,胜者，橘雪莉！,hiro,02,04,Adv,01
26228,可恶……实在太强了……,alisa,02,04,Adv,01
26229,（这根本赢不了吧）,hiro,02,04,Adv,01
26230,雪莉拥有【怪力】的魔法。这可不是谁都能战胜的——,system,02,04,Adv,01
26231,你这猩猩女！？,hanna,02,04,Adv,01
26232,汉娜瞬间被轻松甩飞。,system,02,04,Adv,01
26233,胜者，橘雪莉！,hiro,02,04,Adv,01
26234,雪莉，看着我。你会沉醉于我的魅力，渐渐变得无力……,leia,02,04,Adv,01
26235,啊痛痛痛痛！,leia,02,04,Adv,01
26236,蕾雅被秒杀。,system,02,04,Adv,01
26237,胜者，橘雪莉！,hiro,02,04,Adv,01
26238,小莉呀，要不要和大叔我交换一下身体？,miria,02,04,Adv,01
26239,（原来如此，是想通过互换肉体，达到精神胜利的效果吗）,hiro,02,04,Adv,01
26240,大叔我的身体可有意思了。来来来，和大叔换换……,miria,02,04,Adv,01
26241,才不要呢！,sherry,02,04,Adv,01
26242,呃啊，好痛！,miria,02,04,Adv,01
26243,米莉亚也遗憾退场……,system,02,04,Adv,01
26244,胜者，橘雪莉！,hiro,02,04,Adv,01
26245,话说回来，你们也太弱了吧？？啊，原来是雪莉我的魔法太强了！啊哈哈哈，最强真是抱歉啦！,sherry,02,04,Adv,01
26246,可恶，不甘心哇，太不甘心了——！,hanna,02,04,Adv,01
26247,汉娜气得直跺脚，而雪莉则得意洋洋地靠在沙发上。,system,02,04,Adv,01
26248,只剩下艾玛了。拜托了，一定要赢雪莉！,leia,02,04,Adv,01
26249,……欸？啊，嗯。,ema,02,04,Adv,01
26250,一直在不远处旁观的艾玛，终于走上前来。,system,02,04,Adv,01
26251,呃，意思就是要和雪莉掰手腕……对吧？,ema,02,04,Adv,01
26252,她似乎还没搞清楚状况。,system,02,04,Adv,01
26253,（果然，艾玛有点不对劲）,hiro,02,04,Adv,01
26254,哦？原来艾玛还没比呢！但怎么看都不可能赢我吧！哈哈哈，哈哈哈哈！！,sherry,02,04,Adv,01
26255,可恶，这猩猩女也太嚣张了！,hanna,02,04,Adv,01
26256,汉娜忿忿不平，眼里含着泪光，走到艾玛身边。,system,02,04,Adv,01
26257,一定、一定要赢哇，艾玛！,hanna,02,04,Adv,01
26258,我、我会加油的……！,ema,02,04,Adv,01
26259,这是能让艾玛获胜的魔法哦。,hanna,02,04,Adv,01
26260,说着，汉娜轻轻用双手包裹住了艾玛的手。似乎是偷偷动了些手脚。,system,02,04,Adv,01
26261,……你们两个准备好了吗？,hiro,02,04,Adv,01
26262,随时放马过来吧！,sherry,02,04,Adv,01
26263,嗯，我准备好了……！好，我会赢的！,ema,02,04,Adv,01
26264,在我下达开始的指令后，在桌子中央双方开始交手。紧接着——,system,02,04,Adv,01
26265,啊，是UFO！,leia,02,04,Adv,01
26266,蕾雅大喊了一声，所有人不由自主地看向了毫不相关的地方。,system,02,04,Adv,01
26267,就在大家移开视线那一瞬间……,system,02,04,Adv,01
26268,——被压倒的是，雪莉。,system,02,04,Adv,01
26269,……咦？,sherry,02,04,Adv,01
26270,太好了太好了！成功了，艾玛！,hanna,02,04,Adv,01
26271,啊，呃……嗯。,ema,02,04,Adv,01
26272,我趁雪莉被UFO转移注意力、手上力量放松的空隙，把雪莉压倒了，大概……？,ema,02,04,Adv,01
26273,（是蕾雅的杰作吗……）,hiro,02,04,Adv,01
26274,（原来灵活运用魔法，能产生这么出人意料的效果）,hiro,02,04,Adv,01
26275,好啦好啦，赢了就是好事！雪莉，你已不再是王者！快从那王座上退下来吧！,leia,02,04,Adv,01
26276,咕呜呜……我不服！再比一次，我要再比一次！,sherry,02,04,Adv,01
26277,干脆点，认输吧。这场比赛是艾玛赢了。,hiro,02,04,Adv,01
26278,我说完，自然而然地和艾玛对上了视线。,system,02,04,Adv,01
26279,赢过了不断挑衅的雪莉，老实说，我也感到有些痛快。,system,02,04,Adv,01
26280,忍不住露出了一抹赞赏艾玛的笑容。,system,02,04,Adv,01
26281,仿佛回到了过去，回到了我们天真无邪、欢笑不断的时光——,system,02,04,Adv,01
26282,我猛地回过神，连忙用手掩住嘴巴，忍住了笑容。,system,02,04,Adv,01
26283,（我在干什么啊……）,hiro,02,04,Adv,01
26284,谢谢各位让我看了一场好戏。那么我就告辞了。,hiro,02,04,Adv,01
26285,我转身背对众人，快步离开了房间。,system,02,04,Adv,01
26286,觉得快乐，就已是罪孽深重——,system,02,04,Adv,01
26287,胸口传来一阵疼痛，我在门前握紧了拳头。,system,02,04,Adv,01
26288,长长的指甲深深嵌入了掌心。明明今早才刚剪过的。,system,02,04,Adv,01
26289,（明明已经平息下来了，以为自己能控制住了……可是——）,hiro,02,04,Adv,01
26290,脑海中浮现出奈叶香的话。,system,02,04,Adv,01
26291,虽然我把握得也不是很清楚……但我只知道，在转化为【残骸】的过程中，每个人都会有不同的表现。,nanoka,02,04,Adv,01
26292,如果因为某些契机，被强烈刺激到内心的创伤，就会迅速魔女化。,nanoka,02,04,Adv,01
26293,但如果仅仅只是积攒过多压力，应该还是能较长时间保持理性。,nanoka,02,04,Adv,01
26294,也就是说，取决于自己心灵有多坚强吧。,nanoka,02,04,Adv,01
26295,…………,hiro,02,04,Adv,01
26296,我的【魔女化】并未停止。,system,02,04,Adv,01
26297,而且……时限已经迫在眉睫。,system,02,04,Adv,01
26298,第二天，时间依然平静地流逝。,system,02,04,Adv,02
26299,到了放风时间，我正随意闲逛时，蕾雅从正面朝我走来。,system,02,04,Adv,02
26300,你好呀，希罗。,leia,02,04,Adv,02
26301,蕾雅的气色明显比昨天好了许多。,system,02,04,Adv,02
26302,只是小小的余兴活动，似乎就能让大家换换心情了。,system,02,04,Adv,02
26303,最近希罗的气势大不如前啊。不过这也没办法……,leia,02,04,Adv,02
26304,但如果我真有个万一，到时最值得依靠的，还是希罗啊。毕竟我们是互相切磋共同精进至今的伙伴嘛。,leia,02,04,Adv,02
26305,（我可不记得和她互相切磋共同精进过……）,hiro,02,04,Adv,02
26306,所以想拜托你一件事。要不要和我一起去找典狱长？,leia,02,04,Adv,02
26307,找典狱长？为什么？,hiro,02,04,Adv,02
26308,我想再去游说一次，让它取消魔女审判制度。,leia,02,04,Adv,02
26309,要是大家坚信凶杀案不会再发生，那当然再好不过。,leia,02,04,Adv,02
26310,可是一想到还有魔女审判这回事，大家的精神就会遭到折磨。我想尽自己所能，守护大家的心灵不受伤害。,leia,02,04,Adv,02
26311,倒是能理解你的想法……,hiro,02,04,Adv,02
26312,（我也曾多次试图直接与典狱长交涉。但那只猫头鹰根本不听人说话）,hiro,02,04,Adv,02
26313,（恐怕只能无功而返吧……）,hiro,02,04,Adv,02
26314,话虽如此，到底应该怎么办，我自己也毫无头绪。,system,02,04,Adv,02
26315,无论是对艾玛的憎恶与杀意——还是如何对待其他少女们的方式——乃至于在这座监牢中自己该扮演什么角色、该如何具体行动——,system,02,04,Adv,02
26316,一切都在迷雾中徘徊，看不到出口。,system,02,04,Adv,02
26317,（这么软弱，真不像我……可是到底怎么做才【像我】？）,hiro,02,04,Adv,02
26318,希罗，请你跟我一起去吧。,leia,02,04,Adv,02
26319,不知为何，蕾雅突然单膝跪地，郑重而优雅地向我伸出了手。,system,02,04,Adv,02
26320,那动作宛如向公主求爱的王子一般。,system,02,04,Adv,02
26321,我——,system,02,04,Adv,02
26322,握住她的手,@choice |#0204Adv02_Choice001| button:ChoiceButtons/Adv/Bad,02,04,Adv,02
26323,没有握住她的手,@choice |#0204Adv02_Choice002|,02,04,Adv,02
26324,好。一起去找它吧。,hiro,02,04,Adv,02
26325,没有必要次次都配合蕾雅演戏。,system,02,04,Adv,02
26326,我没有牵起她的手，只是简单地回答了一句，便快步走了出去。,system,02,04,Adv,02
26327,自从诺亚不在了以后，我几乎没有再踏足这里。,system,02,04,Adv,04
26328,或许是我在刻意回避。,system,02,04,Adv,04
26329,（诺亚的画室……吗。给这里命名的诺亚本人，已经不在了）,hiro,02,04,Adv,04
26330,我只是不经意走进来，并不是因为典狱长有可能在这里……,system,02,04,Adv,04
26331,我本以为寂静的画室里空无一人，没想到汉娜在画室里。,system,02,04,Adv,04
26332,汉娜坐在椅子上，专心致志地埋头缝纫。,system,02,04,Adv,04
26333,哎呀……你们，来这里有什么事吗？,hanna,02,04,Adv,04
26334,察觉我们到来，汉娜表情略显紧张地问道。,system,02,04,Adv,04
26335,汉娜是为什么还在这里缝纫呢？舞台服应该全都已经制作完毕了才对……,leia,02,04,Adv,04
26336,汉娜嘟起嘴，别过头去。,system,02,04,Adv,04
26337,我本来就喜欢缝纫。现在做的不是舞台服，而是人偶。,hanna,02,04,Adv,04
26338,多亏雪莉收集了这么多布料，现在还剩了一大堆呢。,hanna,02,04,Adv,04
26339,最近艾玛没什么精神，我有点担心她。所以想着，能不能用这个让她开心一点……,hanna,02,04,Adv,04
26340,看向她手中的作品，那似乎是以我们为原型制作的人偶。,system,02,04,Adv,04
26341,她正在制作的是艾玛的人偶。,system,02,04,Adv,04
26342,（她好努力啊……这也说明艾玛已经和汉娜亲密到这种程度了吧）,hiro,02,04,Adv,04
26343,哎呀！汉娜真是心灵手巧。每天还会为大家洗衣服，我做家务可一点不拿手，真的很羡慕你。,leia,02,04,Adv,04
26344,羡慕……？,hanna,02,04,Adv,04
26345,蕾雅站在画室里摆放的演出用礼服前，眯起眼睛，露出陶醉的表情。,system,02,04,Adv,04
26346,汉娜亲手制作的演出礼服……真是精美绝伦。,leia,02,04,Adv,04
26347,这金色的刺绣，实在是太美了……让人舍不得移开目光。,leia,02,04,Adv,04
26348,虽然最美丽的还是要数主角的服装！但这顶王冠也精致得不分伯仲。,leia,02,04,Adv,04
26349,那可不是我做的哦。,hanna,02,04,Adv,04
26350,呃，这、这样啊……,leia,02,04,Adv,04
26351,那是米莉亚按照安安的要求制作的。,hanna,02,04,Adv,04
26352,安安说，无论如何都想要一顶王冠……,hanna,02,04,Adv,04
26353,汉娜露出一抹寂寞的神色，低下头。剧本是我和安安一起编写的，所以马上就明白了她的意思。,system,02,04,Adv,04
26354,（说起来，剧本在大纲的基础上改动了不少，比起小飞侠本人，王子倒更像是主角了）,hiro,02,04,Adv,04
26355,（虽然蕾雅很高兴就是了）,hiro,02,04,Adv,04
26356,（所以才有了这顶王冠吗……）,hiro,02,04,Adv,04
26357,我听诺亚说，安安其实很想扮演温蒂。,hanna,02,04,Adv,04
26358,啊，确实，她的确流露出那样的想法……,hiro,02,04,Adv,04
26359,原来如此……,leia,02,04,Adv,04
26360,一说到诺亚和安安的话题，气氛顿时沉重起来。,system,02,04,Adv,04
26361,汉娜，希罗，不要气馁啊。我还没有放弃舞台！,leia,02,04,Adv,04
26362,蕾雅仿佛要驱散这股沉闷的气息，朗声宣布道。,system,02,04,Adv,04
26363,我还想穿上汉娜精心制作的主角服装呢。,leia,02,04,Adv,04
26364,主角用的舞台服，就连上面的刺绣也是美不胜收……啊，汉娜真是太了不起了。我发自内心敬佩着你。,leia,02,04,Adv,04
26365,……！,hanna,02,04,Adv,04
26366,被蕾雅直率的双瞳这样看着，一对上视线，汉娜的脸颊瞬间染上红晕，立刻背过身去。,system,02,04,Adv,04
26367,我、我、我很、很忙的，你们快点离开吧……！,hanna,02,04,Adv,04
26368,如果真的要演舞台剧，服装还需要再做些调整呢……,hanna,02,04,Adv,04
26369,我和蕾雅对视一眼。,system,02,04,Adv,04
26370,（这大概是害羞了吧……蕾雅说话，用词总是这么夸张）,hiro,02,04,Adv,04
26371,不能再打扰汉娜了。我们该走了，希罗。,leia,02,04,Adv,04
26372,…………,hiro,02,04,Adv,04
26373,出发，去抓住典狱长！,leia,02,04,Adv,04
26374,（为什么她一脸心满意足啊……）,hiro,02,04,Adv,04
26375,我们离开了画室。,system,02,04,Adv,04
26376,我和蕾雅为了找到典狱长，穿过森林，朝着湖的方向走去。,system,02,04,Adv,05
26377,这时，我们听到湖的方向传来水花四溅的声音。,system,02,04,Adv,05
26378,湖那边有动静……！,leia,02,04,Adv,05
26379,啊，那也许就是典狱长。,hiro,02,04,Adv,05
26380,听到水声后，我们加快脚步，但迎接我们的却是意想不到的人物。,system,02,04,Adv,05
26381,小蕾，还有小希！？哇啊啊啊～,miria,02,04,Adv,05
26382,正在湖中洗澡的米莉亚慌乱不已，连忙躲到树荫下。,system,02,04,Adv,05
26383,吓、吓吓吓死我了……！没想到居然会有人来……,miria,02,04,Adv,05
26384,既然你是穿着衣服下水的，我是觉得没有必要躲起来……,hiro,02,04,Adv,05
26385,不、不是啦，明明是个大叔，还在湖里玩闹，这幅样子被看到了，有点害羞……,miria,02,04,Adv,05
26386,你可不是大叔吧？,hiro,02,04,Adv,05
26387,虽然不是真的大叔啦……不对，不是这个问题……,miria,02,04,Adv,05
26388,算啦算啦，希罗。展现出平时不曾示人的一面，确实需要一点勇气。,leia,02,04,Adv,05
26389,不过，这真是出人意料啊。米莉亚确实不像是会这么开心玩闹的人。,leia,02,04,Adv,05
26390,……昨天和小莉一起玩了以后啊，大叔我深刻体会到，为了减轻精神压力，有时候换换心情真的很重要。,miria,02,04,Adv,05
26391,所以偶尔在湖里痛快地游一场也不错吧～？,miria,02,04,Adv,05
26392,虽然我实在无法理解，为何她敢踏入这片深不见底的诡异湖泊……,system,02,04,Adv,05
26393,但我们都是受雪莉的影响而开始行动的，这点不仅是米莉亚，我和蕾雅也一样。,system,02,04,Adv,05
26394,就在我这么想着的时候——,system,02,04,Adv,05
26395,在湖对岸的稍远处，能看见典狱长正在飞来。,system,02,04,Adv,05
26396,希罗！是典狱长！我们追！,leia,02,04,Adv,05
26397,啊……看来只能上了。,hiro,02,04,Adv,05
26398,我们不得不跃入湖中。,system,02,04,Adv,05
26399,因为我们判断，游过去比绕路更快。,system,02,04,Adv,05
26400,（湖水比想像中深……）,hiro,02,04,Adv,05
26401,幸好湖水干净清澈，还不至于令人不适……,system,02,04,Adv,05
26402,然而，我隐约在水下瞥见了一个诡异的影子。,system,02,04,Adv,05
26403,（什么东西……？）,hiro,02,04,Adv,05
26404,我——,system,02,04,Adv,05
26405,跟在那个影子的后面,@choice |#0204Adv05_Choice001| button:ChoiceButtons/Adv/Bad,02,04,Adv,05
26406,无视了那个影子,@choice |#0204Adv05_Choice002|,02,04,Adv,05
26407,现在还是追典狱长比较重要。我选择无视那个影子。,system,02,04,Adv,05
26408,——然而，当我们游到对岸时，典狱长早已消失无踪。,system,02,04,Adv,05
26409,哈啊，哈啊，哈啊……可恶。,hiro,02,04,Adv,05
26410,结果我们也全身湿透了啊……,leia,02,04,Adv,05
26411,或许是好奇我们的举动，米莉亚也游到了对岸。,system,02,04,Adv,05
26412,既然都湿透了……不如我们三个一起玩水，如何？,miria,02,04,Adv,05
26413,全身湿透的我们对视了一眼……,system,02,04,Adv,05
26414,最终决定，就当作稍事休息，尽情玩水吧。,system,02,04,Adv,05
26415,阳光透过树叶洒在湖面上，波光粼粼，微小的涟漪随我们的动作扩散。,system,02,04,Adv,05
26416,我们互相泼水……自由游泳……难得地尽情玩闹了一番。,system,02,04,Adv,05
26417,微风吹来青草的芳香，混合着湖水的清凉气息，令人心旷神怡。,system,02,04,Adv,05
26418,我和蕾雅来到了一处离监牢不远的围墙前。,system,02,04,Adv,06
26419,这是因为我们走到监牢外，在附近四处走动时，偶然发现了亚里沙的身影。,system,02,04,Adv,06
26420,我们一路跟着亚里沙，才来到了围墙前。,system,02,04,Adv,06
26421,嗨，亚里沙。你在这里做什么呢？,leia,02,04,Adv,06
26422,是你们啊……关你们什么事？,alisa,02,04,Adv,06
26423,确实无关。我们有我们的事要做，现在只是在找典狱长而已。,hiro,02,04,Adv,06
26424,亚里沙有看到典狱长吗？,leia,02,04,Adv,06
26425,典狱长啊……今天没见到。不过再往远处走一点，能看到很多长得很像它的鸟在飞来飞去。,alisa,02,04,Adv,06
26426,那些家伙好像是负责监视，但完全听不懂人话。,alisa,02,04,Adv,06
26427,这样啊。你是怎么发现的？,hiro,02,04,Adv,06
26428,……我烦躁得要死，就朝它们丢火焰，把它们打下来了。,alisa,02,04,Adv,06
26429,（又是这么激进的做法……看来亚里沙也已经被逼到绝境，身心俱疲了……）,hiro,02,04,Adv,06
26430,啊啊，可恶，要是能爬上这堵墙就好了。,alisa,02,04,Adv,06
26431,亚里沙仰望着围墙，无意识地念叨着。,system,02,04,Adv,06
26432,原来如此。你是在寻找逃出去的方法？,hiro,02,04,Adv,06
26433,废话。我可是从第一天开始就在想办法。不赶紧离开这破地方，迟早要疯掉。,alisa,02,04,Adv,06
26434,这堵墙，我已经试着爬过无数次了。但无论用什么方法，都会在半途被某种力量摔下来。,alisa,02,04,Adv,06
26435,我轻轻触碰围墙。,system,02,04,Adv,06
26436,（难道被施加了某种魔法？）,hiro,02,04,Adv,06
26437,要是再出不去……我可能，就来不及了……,alisa,02,04,Adv,06
26438,来不及了，是指？,hiro,02,04,Adv,06
26439,……魔女化。,alisa,02,04,Adv,06
26440,亚里沙低声吐出的单词，超出我的预料，让我不禁震惊得绷紧了身体。,system,02,04,Adv,06
26441,我自己清楚。我已经开始魔女化了。,alisa,02,04,Adv,06
26442,魔女化程度加深后会产生杀人冲动？一开始我也觉得这很荒谬。,alisa,02,04,Adv,06
26443,但是，在这里每天都这么痛苦，有时和别人一不小心对上眼，就忍不住想：“啊，干脆杀了她吧”……什么的。也许过不了多久，我就再也不能维持自我了……,alisa,02,04,Adv,06
26444,所以啊，你们最好别太靠近我。我已经不知道自己会对谁产生杀意了。,alisa,02,04,Adv,06
26445,亚里沙……至少我知道，你并不希望发生这种事。,leia,02,04,Adv,06
26446,哈，你们嘴里说出来的话，真是句句都那么虚伪。,alisa,02,04,Adv,06
26447,莲见、二阶堂。我最讨厌你们这种人了。所以如果我真的成为魔女，第一个要杀的就是你们吧。,alisa,02,04,Adv,06
26448,快滚！,alisa,02,04,Adv,06
26449,……蕾雅，我们走吧。,hiro,02,04,Adv,06
26450,我用平静的声音催促蕾雅。我并没有感到愤怒。,system,02,04,Adv,06
26451,正如蕾雅所说，亚里沙不想伤害他人。正因如此，才希望我们疏远她，我们应该尊重她这份心意。,system,02,04,Adv,06
26452,或许，亚里沙其实是个心地善良的人呢……,leia,02,04,Adv,06
26453,现在才发现吗？,hiro,02,04,Adv,06
26454,（……不只是亚里沙。我们之中的每一个人，都不想杀人）,hiro,02,04,Adv,06
26455,回想起昨天大家快乐玩耍的场面，胸口更觉沉重。,system,02,04,Adv,06
26456,（无论是互相残杀，还是彼此指控其他人是魔女，都不是我们心中所愿）,hiro,02,04,Adv,06
26457,然而——那个【时刻】终会到来。,system,02,04,Adv,06
26458,直到那个【时刻】降临，我们只能恐惧着，抗争着，迷茫着，静肃等待生命流逝到尽头。,system,02,04,Adv,06
26459,我握紧拳头，迈步向前。,system,02,04,Adv,06
26460,为了藏起指甲，我唯有把拳头越攥越紧。,system,02,04,Adv,06
26461,我和蕾雅来到了花田。,system,02,04,Adv,07
26462,我们打算在视野开阔的花田寻找典狱长。,system,02,04,Adv,07
26463,远眺整座山丘，繁花似锦。在花丛之间……我看到了艾玛的身影。,system,02,04,Adv,07
26464,啊……蕾雅、希罗。,ema,02,04,Adv,07
26465,艾玛的神情有些恍惚，她只是坐在花田里，茫然遥望着天空。,system,02,04,Adv,07
26466,天气这么好，待在这里确实很舒服。艾玛，你是在这里采花吗？,leia,02,04,Adv,07
26467,不……也没有。,ema,02,04,Adv,07
26468,艾玛面无表情地摇了摇头。蕾雅似乎察觉到了什么，凑近我低声说道。,system,02,04,Adv,07
26469,艾玛的状态，是不是有些奇怪？,leia,02,04,Adv,07
26470,她最近一直这样。,hiro,02,04,Adv,07
26471,我脑海中浮现艾玛近来的样子。,system,02,04,Adv,07
26472,在限制活动期间，我和艾玛必须在房间里独处。,system,02,04,Adv,07
26473,虽然我已经习惯了尽量不去在意艾玛的存在……,system,02,04,Adv,07
26474,……住手，我不要这样，住手啊……,ema,02,04,Adv,07
26475,自从上次事件后，艾玛开始频繁发呆。,system,02,04,Adv,07
26476,她时常喃喃自语，嘴里低声嘀咕着什么。,system,02,04,Adv,07
26477,（到底在自言自语些什么……？）,hiro,02,04,Adv,07
26478,……只要大家都去死就好了……,ema,02,04,Adv,07
26479,不对……这不是我的愿望……明明我没有……,ema,02,04,Adv,07
26480,仔细听就会发现，自言自语的内容很危险。,system,02,04,Adv,07
26481,（是因为压力导致魔女化加剧，她开始产生杀意了……？）,hiro,02,04,Adv,07
26482,……她的状况越来越糟了。得想点办法让她打起精神才行……,leia,02,04,Adv,07
26483,典狱长似乎不在这里。我们走吧。,hiro,02,04,Adv,07
26484,我刻意回避谈到艾玛，率先离开了。,system,02,04,Adv,07
26485,…………,ema,02,04,Adv,07
26486,本来，我确信艾玛是魔女，认为必须在她完全变成魔女之前杀掉她。,system,02,04,Adv,07
26487,但这真的正确吗？,system,02,04,Adv,07
26488,我的心情、我的行动，一切都充满了矛盾。,system,02,04,Adv,07
26489,"我和蕾雅来到了招待所的【<ruby=""UNDINE"">水精</ruby>之室】。",system,02,04,Adv,08
26490,虽然没发现典狱长……,system,02,04,Adv,08
26491,哎呀，真巧啊！这不是蕾雅和希罗吗！,sherry,02,04,Adv,08
26492,但发现了雪莉。,system,02,04,Adv,08
26493,雪莉该不会是来探索地下的？,leia,02,04,Adv,08
26494,答对了！说到调查的话，果然还是这里最合适！,sherry,02,04,Adv,08
26495,正好你们来了，要不要一起去地下探索？,sherry,02,04,Adv,08
26496,典狱长确实有可能在地下。,hiro,02,04,Adv,08
26497,是啊，毕竟那里有不少能操控监牢机关的装置。,leia,02,04,Adv,08
26498,好吧，我也去。,hiro,02,04,Adv,08
26499,太好了！那我们赶紧出发吧！,sherry,02,04,Adv,08
26500,——我们沿着秘密楼梯，下楼来到半地下层，三人一同乘上了电梯。,system,02,04,Adv,08
26501,……然而。,system,02,04,Adv,08
26502,警示音响起，电梯纹丝不动。,system,02,04,Adv,08
26503,啊，对了，这台电梯只能乘坐两个人……,sherry,02,04,Adv,08
26504,毕竟这么老旧了……没办法，我在这里等着，你们两个去吧。,leia,02,04,Adv,08
26505,蕾雅发挥她的绅士风度，飒爽地走出电梯。,system,02,04,Adv,08
26506,于是，电梯终于慢慢启动了。,system,02,04,Adv,08
26507,电梯成功启动了，希罗！地下探索，出发出发！,sherry,02,04,Adv,08
26508,（老实说……宁愿在外面等的是我）,hiro,02,04,Adv,08
26509,话说，这个电梯里是不是有点热？,sherry,02,04,Adv,08
26510,雪莉一边用手向自己扇风，一边说道。,system,02,04,Adv,08
26511,…………,hiro,02,04,Adv,08
26512,我假装没听见。,system,02,04,Adv,08
26513,这里的氛围好诡异啊。感觉像是会就这么直接通往异世界……你听说过吗？关于电梯的都市怪谈。,sherry,02,04,Adv,08
26514,…………,hiro,02,04,Adv,08
26515,这里全是怪事，试试照我说的，说不定真的能行哦！异世界耶！,sherry,02,04,Adv,08
26516,…………,hiro,02,04,Adv,08
26517,都说到这里了，实在是心痒痒！要不要试试看！？异世界电梯耶！,sherry,02,04,Adv,08
26518,…………,hiro,02,04,Adv,08
26519,我实在是好奇得不得了啦！来吧来吧！,sherry,02,04,Adv,08
26520,我——,system,02,04,Adv,08
26521,阻止了雪莉,@choice |#0204Adv08_Choice001|,02,04,Adv,08
26522,没有阻止雪莉,@choice |#0204Adv08_Choice002| button:ChoiceButtons/Adv/Bad,02,04,Adv,08
26523,别胡闹了。我们是来探索地下设施的，别忘了正事。,hiro,02,04,Adv,08
26524,我终于忍不住开口，制止了雪莉。,system,02,04,Adv,08
26525,嘿嘿☆说得也是哦！,sherry,02,04,Adv,08
26526,（真是的……本来以为只要我不理睬，她就能稍微安静一会……）,hiro,02,04,Adv,08
26527,好耶！我们到了哦，希罗！地下探索正式开始！加油努力冲！,sherry,02,04,Adv,08
26528,雪莉高举拳头，兴奋地跳了起来——,system,02,04,Adv,08
26529,她的拳头直接撞上电梯轿厢顶部，把电梯顶板的盖子砸开了。,system,02,04,Adv,08
26530,唉……,hiro,02,04,Adv,08
26531,（坐个电梯就已经这么累了……有种不祥的预感）,hiro,02,04,Adv,08
26532,……这之后。,system,02,04,Adv,08
26533,我们走遍了整个地下设施，却依然没有找到典狱长。,system,02,04,Adv,08
26534,由于冷冻室里的冰块融化，巨大的冰块随处滚动，结果我被雪莉拉去陪她玩起了踢冰球。,system,02,04,Adv,08
26535,……除了疲劳，一无所获。,system,02,04,Adv,08
26536,放风时间就快结束了。,system,02,04,Adv,09
26537,结果还是没找到典狱长……抱歉啊，希罗，让你白跑一趟……,leia,02,04,Adv,09
26538,蕾雅沮丧地垂下肩膀，显得有些泄气。,system,02,04,Adv,09
26539,没关系，以后有时间再找吧。今天就算是出来散散心了。,hiro,02,04,Adv,09
26540,有希罗在我身边真好。,leia,02,04,Adv,09
26541,蕾雅抬起头，笑着对我说道。,system,02,04,Adv,09
26542,是你的坚强支撑着我。,leia,02,04,Adv,09
26543,能走到现在，一定是因为希罗一直在我身边。,leia,02,04,Adv,09
26544,虽然中断了一段时间，表演舞台剧这件事也要继续推进。好，继续加油吧！,leia,02,04,Adv,09
26545,总是说些肉麻的话啊，你这人……,hiro,02,04,Adv,09
26546,而且，你还真的打算继续做舞台剧啊。,hiro,02,04,Adv,09
26547,当然！这可是我的动力之源！希罗也能帮忙的话就更好了。,leia,02,04,Adv,09
26548,在我能力范围内的事，我会帮忙的……让大家都有事可做，也对精神健康有益。,hiro,02,04,Adv,09
26549,我无奈地叹了口气，但心里却有些释然。,system,02,04,Adv,09
26550,至少，蕾雅身上没有魔女化的迹象。,system,02,04,Adv,09
26551,或许是因为有我在，某种程度上帮助她维持了精神上的平衡。,system,02,04,Adv,09
26552,（不过，仍然不能掉以轻心。任何人，随时都有可能因某个契机滋生出魔女的杀意……）,hiro,02,04,Adv,09
26553,该回房间了。,leia,02,04,Adv,09
26554,嗯。,hiro,02,04,Adv,09
26555,尽管内心告诫自己不能放松警惕，但我仍然因为与蕾雅并肩而行而感到安心。,system,02,04,Adv,09
26556,有蕾雅在身边真好。,system,02,04,Adv,09
26557,虽然我自己没法主动说出这么害羞的话，但我想，她和我一定是同样的心情。,system,02,04,Adv,09
26558,那晚，回到房间后，我照例开始写日记。,system,02,04,Adv,10
26559,——监牢生活第二轮，第××天。,system,02,04,Adv,10
26560,——仍然找不到和大魔女有关的线索，时间浑浑噩噩地流逝。,system,02,04,Adv,10
26561,——明明应该是由我来找到拯救她们的方法。,system,02,04,Adv,10
26562,——留给我的时间已经不多了。,system,02,04,Adv,10
26563,（别焦躁。焦躁，只会把自己逼入绝境）,hiro,02,04,Adv,10
26564,为了让心情平复下来，我放下钢笔，深吸一口气。,system,02,04,Adv,10
26565,然后，我看向了躺在床上的艾玛。,system,02,04,Adv,10
26566,呜……呜呜……呃……,ema,02,04,Adv,10
26567,她的呼吸浅而急速，似乎正被噩梦折磨。,system,02,04,Adv,10
26568,听见艾玛发出痛苦的呻吟，我便走到她身旁，轻轻摇醒了她。,system,02,04,Adv,10
26569,艾玛，没事吧？要不要起来……,hiro,02,04,Adv,10
26570,话音未落，我不经意触摸到艾玛肩头，顿时一惊。,system,02,04,Adv,10
26571,（发高烧了……！）,hiro,02,04,Adv,10
26572,我立刻把艾玛送往医务室，并通知了大家。,system,02,04,Adv,10
26573,少女们纷纷赶到了医务室。,system,02,04,Adv,10
26574,艾玛，你没事吧！有什么想吃的？,sherry,02,04,Adv,10
26575,嘘，吵闹是不好的！她现在一定很难受。,hanna,02,04,Adv,10
26576,她烧得很厉害，到底是什么原因呢……真让人担心。,leia,02,04,Adv,10
26577,可能是太累了吧。艾玛，现在不能勉强自己，要好好休息。记得多喝水哦。,miria,02,04,Adv,10
26578,药在哪里……有没有药……！可恶，要是冰上在的话，就知道哪个是退烧药了……,alisa,02,04,Adv,10
26579,大家……对不起……,ema,02,04,Adv,10
26580,（……艾玛真是深受大家喜爱啊）,hiro,02,04,Adv,10
26581,站着稍远处望着围在艾玛床边的少女们，我再次强烈感受到这一点。,system,02,04,Adv,10
26582,于是，我们全心全意地照顾艾玛——,system,02,04,Adv,10
26583,『各位，马上就到就寝时间了』,system,02,04,Adv,10
26584,『之后属于禁止外出时间，请迅速回到牢房内』,system,02,04,Adv,10
26585,不久后，我们的手机收到了典狱长的通知。,system,02,04,Adv,10
26586,啧，该回去了。,alisa,02,04,Adv,10
26587,虽然很担心艾玛的状况，但也只能回去了……,sherry,02,04,Adv,10
26588,如果身体状况不佳，艾玛可以被允许留在医务室。,hiro,02,04,Adv,10
26589,有一人陪护也是允许的，今晚就由我留下来陪护艾玛吧。,hiro,02,04,Adv,10
26590,好，就拜托你了，希罗。,leia,02,04,Adv,10
26591,少女们陆续朝出口走去，唯独汉娜仍留在艾玛床边。,system,02,04,Adv,10
26592,……那个，艾玛。这个是，我为你做的……,hanna,02,04,Adv,10
26593,希望能让你稍微打起精神来……,hanna,02,04,Adv,10
26594,哇，汉娜好厉害。谢谢……！,ema,02,04,Adv,10
26595,艾玛虽然仍显得痛苦，但她还是笑着接过汉娜递过来的人偶。,system,02,04,Adv,10
26596,汉娜依依不舍地，离开了艾玛身旁。,system,02,04,Adv,10
26597,……呼，总算安静下来了。,hiro,02,04,Adv,10
26598,我在艾玛身旁坐下。,system,02,04,Adv,10
26599,希罗，给你添麻烦了，对不起……,ema,02,04,Adv,10
26600,别想太多。现在专心把身体养好。,hiro,02,04,Adv,10
26601,嗯，好……,ema,02,04,Adv,10
26602,那两个人，虽然一开始关系那么紧张，但现在好像变得亲近多了，让人松了一口气。,miria,02,04,Adv,10
26603,是啊是啊。本来以为她们之间好像有什么过节，不过现在看来终究还是朋友嘛。,sherry,02,04,Adv,10
26604,嗯，交给希罗肯定没问题的。,leia,02,04,Adv,10
26605,少女们的谈话声逐渐远去。,system,02,04,Adv,10
26606,（真是的，这么光明正大地议论我们……）,hiro,02,04,Adv,10
26607,我这么想着，看向艾玛，却见她手里握着人偶，轻声笑着。,system,02,04,Adv,10
26608,可爱是可爱啦，但汉娜的品味有点独特呢。,ema,02,04,Adv,10
26609,确实。,hiro,02,04,Adv,10
26610,但我真的很开心。能收到汉娜做的这个人偶，真的、真的，特别开心。,ema,02,04,Adv,10
26611,艾玛的眼角涌起泪珠，顺着脸颊缓缓滑落。,system,02,04,Adv,10
26612,她自己似乎也对这眼泪感到意外。,system,02,04,Adv,10
26613,咦……这是为什么……？我一点也不想哭的啊……,ema,02,04,Adv,10
26614,你太累了。该睡了。,hiro,02,04,Adv,10
26615,嗯……我好像，总是被希罗帮助呢。不管是以前，还是现在……,ema,02,04,Adv,10
26616,看着艾玛露出苦笑，我的心一阵刺痛。,system,02,04,Adv,10
26617,（为什么要露出这样的表情？）,hiro,02,04,Adv,10
26618,（明明我曾经对你说过那么过分的话，甚至把你逼入绝境）,hiro,02,04,Adv,10
26619,（艾玛，你的真面目是……）,hiro,02,04,Adv,10
26620,不久后，艾玛沉沉睡去。,system,02,04,Adv,10
26621,然而，杀意却趁机涌上我的心头——,system,02,04,Adv,10
26622,我感到自己的魔女化进程正在加速。这是理性即将崩溃的征兆。,system,02,04,Adv,10
26623,这杀意正在向我低语。只要现在趁机掐死她，就能立刻摆脱万千心结。,system,02,04,Adv,10
26624,即使脑中还有一丝念头，知道不可为之，但我却无法反抗杀意。,system,02,04,Adv,10
26625,我的手伸向艾玛。她安稳的呼吸拂过我的指尖。,system,02,04,Adv,10
26626,耳边回响着自己剧烈的心跳声。,system,02,04,Adv,10
26627,杀死艾玛,@choice |#0204Adv10_Choice001| button:ChoiceButtons/Adv/Bad,02,04,Adv,10
26628,不杀艾玛,@choice |#0204Adv10_Choice002|,02,04,Adv,10
26629,像是要封印自己的感情一般，我一点点地折回指关节，收起手指。,system,02,04,Adv,10
26630,在无边无际的迷茫之中，我找到了自己唯一的真心。,system,02,04,Adv,10
26631,（……我无法杀死艾玛）,hiro,02,04,Adv,10
26632,这已经是无可动摇的事实了。,system,02,04,Adv,10
26633,艾玛她呢，终有一天会成为带来灾祸的魔女哦。,yuki,02,04,Adv,10
26634,她会杀死很多人。,yuki,02,04,Adv,10
26635,会让大家变得不幸。,yuki,02,04,Adv,10
26636,很可怕呢。那一天终将到来。,yuki,02,04,Adv,10
26637,……不记得是什么时候的事了。小雪所说的话，有种神秘的说服力，深深铭刻在我心里。,system,02,04,Adv,10
26638,小雪因被霸凌而自尽的时候，我痛恨艾玛，那时我的心被怨恨填满。,system,02,04,Adv,10
26639,艾玛选择做个旁观者，不去保护被霸凌的小雪，甚至对这一切视而不见。,system,02,04,Adv,10
26640,这件事以来，她依旧若无其事地与我相处，而我却自认为看透了艾玛的本性。,system,02,04,Adv,10
26641,她就是带来灾厄的魔女。,system,02,04,Adv,10
26642,害死了我最重要的朋友，是决不能原谅的存在。,system,02,04,Adv,10
26643,——我猛然睁开双眼。,system,02,04,Adv,10
26644,回过神来，我竟然在艾玛的床边睡着了。,system,02,04,Adv,10
26645,抬头一看，艾玛仍在睡梦中，正被梦魇折磨。,system,02,04,Adv,10
26646,停手吧……小雪，求求你，别再这样了……,ema,02,04,Adv,10
26647,为什么是我……？我明明不想、让大家死去……,ema,02,04,Adv,10
26648,听到这梦话的瞬间，我不禁颤抖，下意识捂住了嘴。,system,02,04,Adv,10
26649,几乎要失声尖叫。,system,02,04,Adv,10
26650,（或许，一直以来我都想错了）,hiro,02,04,Adv,10
26651,（我们真正的敌人是……）,hiro,02,04,Adv,10
26652,我全身止不住战栗。,system,02,04,Adv,10
26653,第二天中午，我独自一人前往招待所。,system,02,04,Adv,11
26654,趁着早晨的放风时间，我去了仓库，将冰镐、御寒用品以及应急食品塞进包里，做好了万全的准备。,system,02,04,Adv,11
26655,（这次一定要查明真相！）,hiro,02,04,Adv,11
26656,怀揣着坚定的决心，正准备出发时。,system,02,04,Adv,11
26657,——希罗！,leia,02,04,Adv,11
26658,听见背后传来声音，我回头一看，蕾雅、雪莉、汉娜，还有米莉亚正朝着我跑来。,system,02,04,Adv,11
26659,她们每个人都和我一样带着包。,system,02,04,Adv,11
26660,你们怎么来了……有什么事？,hiro,02,04,Adv,11
26661,从早餐的时候开始，大家就在讨论说，希罗看起来状态有点不对。,hanna,02,04,Adv,11
26662,看上去像是一个人背负了什么重任……,miria,02,04,Adv,11
26663,请不要独自烦恼！我们可是同伴啊！,sherry,02,04,Adv,11
26664,希罗一连好几天都在调查地下，这件事我们大家都知道。,leia,02,04,Adv,11
26665,今天你也要去调查地下吧？我们也一起——,leia,02,04,Adv,11
26666,蕾雅向我靠近并伸出手，我却不由自主地挥开了。,system,02,04,Adv,11
26667,出于尴尬，我不敢正视蕾雅的脸。,system,02,04,Adv,11
26668,不要靠近我。我自己一个人解决。,hiro,02,04,Adv,11
26669,希罗，你到底是——,leia,02,04,Adv,11
26670,你们都是累赘！一发生凶杀案就把我当成凶手，从一开始到现在都只会妨碍我……！,hiro,02,04,Adv,11
26671,别再靠近我了！你们这些……肮脏的、魔女……！,hiro,02,04,Adv,11
26672,为了让她们远离自己，我故意选择了最恶毒的话语。,system,02,04,Adv,11
26673,然而，这些恶毒的话也深深刺痛着自己。,system,02,04,Adv,11
26674,话音未落，我便支撑不住，单膝跪地。,system,02,04,Adv,11
26675,呼吸开始急促。思绪混乱，感觉自己的心正逐渐被黑暗吞没。,system,02,04,Adv,11
26676,希罗，难道你正在加剧魔女化……？,sherry,02,04,Adv,11
26677,听到这突如其来的低语，我的身体猛然僵硬。,system,02,04,Adv,11
26678,你、你不会对谁产生了杀意吧……！？,hanna,02,04,Adv,11
26679,我不是魔女！别拿我跟你们相提并论！！,hiro,02,04,Adv,11
26680,我抬头怒视，大声喊道。汉娜连忙躲到了雪莉身后。,system,02,04,Adv,11
26681,我努力调整紊乱的呼吸，再次迈步朝招待所走去。,system,02,04,Adv,11
26682,（我的理智还在。我没问题，一定还来得及。）,hiro,02,04,Adv,11
26683,希罗不会杀我们的。,leia,02,04,Adv,11
26684,即使我那样冷酷拒绝，蕾雅依然跟了上来。,system,02,04,Adv,11
26685,比起独自探索，大家合作一定效率更高……你觉得呢？,miria,02,04,Adv,11
26686,米莉亚、雪莉、汉娜也跟上来了。接着……,system,02,04,Adv,11
26687,希罗——！大家——！,ema,02,04,Adv,11
26688,我、我也来帮忙……！,ema,02,04,Adv,11
26689,连艾玛都来了。我深深叹了口气。,system,02,04,Adv,11
26690,烧已经退了，头脑也清醒了，我已经病好了。大家一起去调查地下吧！,ema,02,04,Adv,11
26691,……随你们便。,hiro,02,04,Adv,11
26692,说实话，我害怕有人在身边时，自己会失去自我，彻底失控。,system,02,04,Adv,11
26693,昨天说出冷酷的话的亚里沙，恐怕也是这么想的。,system,02,04,Adv,11
26694,（我不想伤害任何人。不想杀死任何人……）,hiro,02,04,Adv,11
26695,亚里沙没有出现在这里，想必是害怕自己会将无差别的杀意投向某个人，才刻意回避接近大家的。,system,02,04,Adv,11
26696,但她们似乎根本无法察觉我内心的纠葛。,system,02,04,Adv,11
26697,我明白，再继续拒绝也无济于事，只能决定接受她们的协助。,system,02,04,Adv,11
26698,电梯一次只能乘坐两人，所以先由我和蕾雅乘上电梯。,system,02,04,Adv,12
26699,（目标是——那些被冰封的牺牲者们）,hiro,02,04,Adv,12
26700,之前我多次进入冷冻室，却始终无法直视那些被冰封的少女们。,system,02,04,Adv,12
26701,牺牲者太多了。化为残骸的奈叶香和玛格，以及遇害的可可和安安应该也在其中。,system,02,04,Adv,12
26702,诺亚不在其中，想到这里，也让我心中一阵绞痛。,system,02,04,Adv,12
26703,然而——现在已无暇思考这些了。,system,02,04,Adv,12
26704,希罗，昨晚是发生什么了吗……？感觉好像有什么事情，把你逼到了绝境……,leia,02,04,Adv,12
26705,我知道与我同乘电梯的蕾雅，正在露出担忧的神情看着我。,system,02,04,Adv,12
26706,而我故意不看向她，只轻轻地摇了摇头。,system,02,04,Adv,12
26707,……没什么。,hiro,02,04,Adv,12
26708,是吗……不过，就算只是细枝末节的小事，只要有一点令你挂心，都可以跟我说说。,leia,02,04,Adv,12
26709,你不是孤身一人。,leia,02,04,Adv,12
26710,…………,hiro,02,04,Adv,12
26711,我和蕾雅等待着接连从电梯里下来的少女们。,system,02,04,Adv,12
26712,我、蕾雅、艾玛、雪莉、汉娜、米莉亚。六个人到齐后，蕾雅开口说道。,system,02,04,Adv,12
26713,各自去调查自己在意的地方效率会更高，我们暂且分头行动吧。,leia,02,04,Adv,12
26714,解散之前先定下汇合时间。,leia,02,04,Adv,12
26715,嗯……考虑到返回地下也需要时间，就定在下午2点50分，在这里汇合吧。,leia,02,04,Adv,12
26716,大家都没有异议，各自散开来自行调查了。,system,02,04,Adv,12
26717,我立刻朝着冷冻室跑去。,system,02,04,Adv,12
26718,抵达冷冻室后，我马上开始检查那些被冰封的牺牲者们。,system,02,04,Adv,12
26719,呜……这里每次来都是这么寒冷……,leia,02,04,Adv,12
26720,你是要调查【残骸】吗？,leia,02,04,Adv,12
26721,我瞥了一眼蕾雅，她正冻得发抖，却还是跟着我走进了冷冻室。,system,02,04,Adv,12
26722,不。我的目标是【冰上梅露露】的尸体。,hiro,02,04,Adv,12
26723,梅露露的……！？,leia,02,04,Adv,12
26724,嗯。典狱长说过，她是主人。既然如此，她的尸体肯定保存着吧。,hiro,02,04,Adv,12
26725,因为这里是魔女们长眠的地方。,hiro,02,04,Adv,12
26726,这样啊……我明白了。我也会全力寻找的！,leia,02,04,Adv,12
26727,蕾雅把手放在胸前，干劲十足地开始检查那些被冰封的魔女。,system,02,04,Adv,12
26728,不靠近仔细看的话，根本不知道冰块里冻着的是什么，而且数量非常庞大。,system,02,04,Adv,12
26729,我们分头行动，开始寻找梅露露的尸体。,system,02,04,Adv,12
26730,不久前来这里时，不知是不是由于冷冻功能发生故障了，巨大的冰块融成小块，散落得到处都是。,system,02,04,Adv,12
26731,感觉寒冷程度也稍微缓解了一些。,system,02,04,Adv,12
26732,（最接近大魔女的人，就是一直计划着要再见到她的梅露露）,hiro,02,04,Adv,12
26733,（既然如此，梅露露手上一定会有。那就是关于大魔女的线索——！）,hiro,02,04,Adv,12
26734,调查期间，我主要待在冷冻室里。,system,02,04,Adv,12
26735,这段时间里，少女们轮番来到我这里。,system,02,04,Adv,12
26736,虽然找到了被冰封的梅露露的尸体，但接下来还要凿碎冰块才行。,system,02,04,Adv,12
26737,呜……梅露露小姐，变成这个样子……怎么看都不觉得她是一个坏魔女……,hanna,02,04,Adv,12
26738,没时间伤感了。我们要尽快把尸体取出来。,hiro,02,04,Adv,12
26739,大叔我这老骨头实在扛不住这严寒啊……呜呜，好想回到被窝里暖暖。,miria,02,04,Adv,12
26740,别撒娇了。再说你也不是大叔。,hiro,02,04,Adv,12
26741,看来最好准备些热饮。我去监牢那边拿些热饮过来。,leia,02,04,Adv,12
26742,谢谢……帮大忙了。,hiro,02,04,Adv,12
26743,我想调查一下那边的高处……,ema,02,04,Adv,12
26744,嗯……要是有人字梯就方便多了。,hiro,02,04,Adv,12
26745,希罗！希罗！要不要一起踢冰球！很好玩的哦——！,sherry,02,04,Adv,12
26746,不许玩。,hiro,02,04,Adv,12
26747,……不知过了多久。,system,02,04,Adv,12
26748,哈啊、哈啊、哈啊……！,hiro,02,04,Adv,12
26749,我全神贯注地不停挥动着冰镐。指尖已经完全没有感觉了。,system,02,04,Adv,12
26750,欸、那个，希罗啊。是不是该休息一下比较好？这样下去会冻僵的……,miria,02,04,Adv,12
26751,……别管我！再努力一下，就差一点了……！,hiro,02,04,Adv,12
26752,啊……！,miria,02,04,Adv,12
26753,——终于，我从冰块中取出了梅露露的尸体。,system,02,04,Adv,12
26754,被冰封的尸体没有腐烂，状态很完好。,system,02,04,Adv,12
26755,虽然有些抗拒，但我还是把手伸进她的衣服里，摸索她的怀中。,system,02,04,Adv,12
26756,（她身上一定会带着些什么，能成为线索的东西……！）,hiro,02,04,Adv,12
26757,……实际上我确实找到了。梅露露怀里小心收藏着两样东西。,system,02,04,Adv,12
26758,是一封写给梅露露的旧书信，还有一张【照片】——,system,02,04,Adv,12
26759,泛黄的照片上，是两名少女。,system,02,04,Adv,12
26760,一名少女坐在沙发上，表情安详地读着书，另一名少女是梅露露，一脸幸福地枕在她的大腿上。,system,02,04,Adv,12
26761,啊、啊、啊……,hiro,02,04,Adv,12
26762,——那个正在读书的少女，是我非常熟悉的人。,system,02,04,Adv,12
26763,是我，已经失去的，我没能守护的，已经自杀身亡的，重要的，朋友——,system,02,04,Adv,12
26764,希罗，你怎么了……？没事吧……？,miria,02,04,Adv,12
26765,果然，果然是这样……,hiro,02,04,Adv,12
26766,欸……？那张照片到底有什么，能让你那么震惊？,miria,02,04,Adv,12
26767,米莉亚探头看着我手中的照片，困惑地歪着头。,system,02,04,Adv,12
26768,米莉亚当然不明白。这是只有我和艾玛才知道的事。,system,02,04,Adv,12
26769,梅露露敬慕地称之为大魔女大人的少女——,system,02,04,Adv,12
26770,她就是我们初中时代的共同好友——【月代雪】。,system,02,04,Adv,12
26771,我的表情开始扭曲。,system,02,04,Adv,12
26772,我一直以来，都误会了……！,hiro,02,04,Adv,12
26773,错误的原来是，我自己！！,hiro,02,04,Adv,12
26774,已经没有余力去管米莉亚了，我大叫着，朝着出入口跑去。,system,02,04,Adv,12
26775,（我必须向艾玛道歉……！）,hiro,02,04,Adv,12
26776,（我、我居然做了这么过分的事……！）,hiro,02,04,Adv,12
26777,我必须立刻见到艾玛和她谈谈。,system,02,04,Adv,12
26778,由于集合时间将近，回到电梯口时，雪莉和汉娜已经在那里等着了。,system,02,04,Adv,12
26779,她们似乎正坐在那里休息，看到我们来了就站了起来。,system,02,04,Adv,12
26780,啊，你们回来了哇。,hanna,02,04,Adv,12
26781,因为集合时间到了，我就想着你们差不多该来了，一直在这里等着。,sherry,02,04,Adv,12
26782,艾玛呢！？,hiro,02,04,Adv,12
26783,你说艾玛？她不在里面吗？,sherry,02,04,Adv,12
26784,大叔我和小希刚才在冷冻室，但在去冷冻室的路上也没看到小艾哦。,miria,02,04,Adv,12
26785,蕾雅也没来呢……,hanna,02,04,Adv,12
26786,会不会是先上去了？,sherry,02,04,Adv,12
26787,……必须回牢房了，没办法，我们也上去吧。,hiro,02,04,Adv,12
26788,我的脸色一定很苍白。汉娜和雪莉虽然面带疑惑，但还是走进了电梯。,system,02,04,Adv,12
26789,……然而。,system,02,04,Adv,12
26790,咦？电梯不动……？,sherry,02,04,Adv,12
26791,难道是坏了……？,hanna,02,04,Adv,12
26792,雪莉从电梯里下来后，警示音就停止了。,system,02,04,Adv,12
26793,看来只能一次上去一个人了。汉娜你先请吧！,sherry,02,04,Adv,12
26794,汉娜点了点头，关上了电梯门。,system,02,04,Adv,12
26795,等了一小会，电梯终于下来了。接着雪莉走了进去。,system,02,04,Adv,12
26796,站在我旁边的米莉亚，发抖得很厉害。,system,02,04,Adv,12
26797,……下一个你去吧。,hiro,02,04,Adv,12
26798,欸，可是……,miria,02,04,Adv,12
26799,顺序什么的无所谓吧。不管怎样，所有人都必须回到上面去。,hiro,02,04,Adv,12
26800,米莉亚小心翼翼，走进了回来的电梯。,system,02,04,Adv,12
26801,只剩下我一个人了。我焦急地等待着电梯到达。,system,02,04,Adv,12
26802,（该对艾玛说什么才好。该用什么表情见她）,hiro,02,04,Adv,12
26803,（就算我承认，我的杀意和憎恶，一切都是错的，但事到如今，我所做的事也不会一笔勾销……）,hiro,02,04,Adv,12
26804,（即便如此，即便如此我也想向她道歉。我错了。我根本就没有什么正确……！）,hiro,02,04,Adv,12
26805,我忍住哭泣的冲动，用力咬紧嘴唇。,system,02,04,Adv,12
26806,即使这样，艾玛还会笑着对我吗？,system,02,04,Adv,12
26807,但我很了解她。我应该是了解她的。,system,02,04,Adv,12
26808,她一定会笑着呼唤我的名字吧。,system,02,04,Adv,12
26809,——没关系的，希罗。,ema,02,04,Adv,12
26810,——因为我们，是朋友啊。,ema,02,04,Adv,12
26811,我仿佛听到艾玛说这句话的声音就在耳边，同时电梯也到达了。,system,02,04,Adv,12
26812,电梯门打开。,system,02,04,Adv,12
26813,——,hiro,02,04,Adv,12
26814,映入眼帘的景象，令我一时间难以理解。,system,02,04,Adv,12
26815,电梯狭小的空间里，昏暗的灯光朦胧地照着。,system,02,04,Adv,12
26816,赤蝶四下蹁跹飞舞，红影摇曳——,system,02,04,Adv,12
26817,而在其中央，是艾玛的身影。,system,02,04,Adv,12
26818,她就像断了线的玩偶一样，穿着礼服，毫无防备地倒在那里。,system,02,04,Adv,12
26819,胸口插着一把刺剑——,system,02,04,Adv,12
26820,艾玛已经完全停止了生命活动。,system,02,04,Adv,12
26821,啊啊啊啊啊啊啊啊啊啊——！！,hiro,02,04,Adv,12
26822,我抱头大喊。,system,02,04,Adv,12
26823,为什么，为什么为什么……！！啊啊啊啊啊啊、啊啊！！,hiro,02,04,Adv,12
26824,我只能疯狂地不断尖叫。,system,02,04,Adv,12
26825,脑中一片混乱，但还是想着必须要上去。,system,02,04,Adv,12
26826,我乘上电梯，但却因为电梯里还有艾玛的尸体，警示音响个不停。,system,02,04,Adv,12
26827,（……对了……要先把发现尸体的现场……保存下来……）,hiro,02,04,Adv,12
26828,眼神空洞地拿出手机。,system,02,04,Adv,12
26829,我几乎是在无意识的状态下，拍下了艾玛的尸体。,system,02,04,Adv,12
26830,然后，我试图把艾玛的尸体从电梯里拖出来。,system,02,04,Adv,12
26831,…………,hiro,02,04,Adv,12
26832,大脑一片空白。什么都无法思考。,system,02,04,Adv,12
26833,双手沾满了鲜血。那是艾玛的血。,system,02,04,Adv,12
26834,我浑身是血，艰难地把艾玛从电梯里拖了下来。,system,02,04,Adv,12
26835,然后，茫然按下了上升按钮。,system,02,04,Adv,12
26836,汉娜、雪莉、米莉亚三人，正在招待所里等着我到来。,system,02,04,Adv,12
26837,看到我出现，三人都露出了惊愕的表情。,system,02,04,Adv,12
26838,希罗，你、你、你怎么了？你的手……！,miria,02,04,Adv,12
26839,她们惊愕于我的双手沾满了鲜血。,system,02,04,Adv,12
26840,艾玛……被杀了……在电梯里……被刺死了。,hiro,02,04,Adv,12
26841,我用微弱的声音自言自语。,system,02,04,Adv,12
26842,尽管是自己口中说出来的话，却没有一丝真实感。,system,02,04,Adv,12
26843,米莉亚、雪莉、汉娜，都是一副难以置信的表情。,system,02,04,Adv,12
26844,怎么会。这不可能。大叔我进电梯的时候，根本没有什么尸体。,miria,02,04,Adv,12
26845,我乘电梯的时候，连艾玛的影子也没看见。,sherry,02,04,Adv,12
26846,我也没有看到呢。,hanna,02,04,Adv,12
26847,她们虽然感到困惑，但看到我苍白的脸色，也察觉到这似乎不是玩笑。,system,02,04,Adv,12
26848,她们看我的眼神，逐渐开始变得怀疑。,system,02,04,Adv,12
26849,难道，是希罗你在地下……？,sherry,02,04,Adv,12
26850,——！,hiro,02,04,Adv,12
26851,（不是我！！）,hiro,02,04,Adv,12
26852,我差点就控制不住感情大喊出来，在最后一刻忍住了。,system,02,04,Adv,12
26853,……我的魔女化进程正在加速，她们也注意到了这个事实。,system,02,04,Adv,12
26854,就算她们认为我怀有杀意，并把杀意投向了某个人，也是正常的。,system,02,04,Adv,12
26855,现在，假如我在这里情绪失控地大喊大叫，先崩溃发疯的可能是我自己。,system,02,04,Adv,12
26856,必须强行压抑住自己的感情。,system,02,04,Adv,12
26857,之后，为了再下去一次，我掉头离开。,system,02,04,Adv,12
26858,希罗，你、你要去哪里……？,hanna,02,04,Adv,12
26859,调查电梯。凶手有可能藏在电梯的顶盖上面。,hiro,02,04,Adv,12
26860,来到半地下层，我注意到电梯旁边有一个高度正好的人字梯。,system,02,04,Adv,12
26861,于是我把人字梯搬进电梯，从电梯顶盖的洞里探出头。,system,02,04,Adv,12
26862,此时某样东西映入眼帘——,system,02,04,Adv,12
26863,那正是浑身是血倒在那里的，少女的尸体。,system,02,04,Adv,12
26864,尸体戴着一顶王冠，犹如王子。,system,02,04,Adv,12
26865,那就像是为了呼应，身着连衣裙死去的艾玛公主般的打扮一般。,system,02,04,Adv,12
26866,而为这戏剧般的一幕添上色彩的是，上下纷舞的赤蝶。,system,02,04,Adv,12
26867,若这一切真是虚构，若真是戏剧，那该多有好。,system,02,04,Adv,12
26868,可是，我眼中映出的身姿千真万确——,system,02,04,Adv,12
26869,莲见蕾雅死了。,system,02,04,Adv,12
26870,——,hiro,02,04,Adv,12
26871,我想叫喊，却已经喊不出声。,system,02,04,Adv,12
26872,那之后的过程，我已经不太记得了。,system,02,04,Adv,13
26873,多半是因为查明发生了凶杀案，大家被叫到会客厅集合……,system,02,04,Adv,13
26874,多半是典狱长提出要举行魔女审判……,system,02,04,Adv,13
26875,于是在审判前的先行投票中我又一次获得最高票数，直到审判开始前我都要被关押在惩罚室里。,system,02,04,Adv,13
26876,完全无法思考。,system,02,04,Adv,13
26877,在我的脑海里，不断盘旋着艾玛的尸体和蕾雅的尸体。,system,02,04,Adv,13
26878,（艾玛，死了……？）,hiro,02,04,Adv,13
26879,（蕾雅，死了……？）,hiro,02,04,Adv,13
26880,即使是亲眼所见，我也难以接受这就是现实。,system,02,04,Adv,13
26881,（我还来不及向艾玛道歉……）,hiro,02,04,Adv,13
26882,（我还有来不及对蕾雅说的话……）,hiro,02,04,Adv,13
26883,不知不觉间，我已身处审判庭。,system,02,04,Adv,13
26884,审判庭里少女们已经到齐了。,system,02,04,Adv,13
26885,橘雪莉。远野汉娜。,system,02,04,Adv,13
26886,佐伯米莉亚。紫藤亚里沙。,system,02,04,Adv,13
26887,还有我……共五人。,system,02,04,Adv,13
26888,直到那时我才终于意识到——艾玛不在了，蕾雅不在了——已是事实。,system,02,04,Adv,13
26889,——她们，被杀了。,system,02,04,Adv,13
26890,已经不在这个世界上的任何地方了。,system,02,04,Adv,13
26891,我环视周围的四名少女。,system,02,04,Adv,13
26892,（被杀了，被杀了，她们被杀了——！）,hiro,02,04,Adv,13
26893,我的大脑仍然无法正常运作，只有她们被杀死这个事实，正不断压垮我的胸口。,system,02,04,Adv,13
26894,（无论多么痛苦，也必须接受现实）,hiro,02,04,Adv,13
26895,我按住呼吸困难的胸口，逼迫自己抬起头。,system,02,04,Adv,13
26896,我不能被感情所控制。必须让自己思考清晰。,system,02,04,Adv,13
26897,因为只有这样，才能抵达真相。,system,02,04,Adv,13
26898,那么，魔女审判现在开庭！,warden,02,04,Adv,13
26899,呜……呜呜……,hanna,02,04,Adv,14
26900,我……我怎么会做出那样的事……居然杀了艾玛，杀了艾玛啊……,hanna,02,04,Adv,14
26901,像是在发自心底地痛悔，跪倒在地的汉娜不断流着悔恨的泪水。,system,02,04,Adv,14
26902,呜呜呜……不管受到怎样的责难，我也无话可说……,hanna,02,04,Adv,14
26903,因为我亲手杀死了重要的朋友，艾玛……,hanna,02,04,Adv,14
26904,面对抽泣不止的汉娜，我们照例被典狱长催促，被迫作出执行处刑的选择。,system,02,04,Adv,14
26905,（汉娜是杀害艾玛和蕾雅的魔女。被处刑也是理所当然）,hiro,02,04,Adv,14
26906,（根本不可能会、有理由犹豫……）,hiro,02,04,Adv,14
26907,然而我的指尖却不由得迟疑。,system,02,04,Adv,14
26908,（为什么，为什么啊……为何我总是动摇——！）,hiro,02,04,Adv,14
26909,（明明我应该知道，什么才是正确的！）,hiro,02,04,Adv,14
26910,好了！那么，现在开始处刑魔女～！,warden,02,04,Adv,14
26911,那让人无法承受的齿轮转动声开始响起，仿佛将心一点点碾碎。,system,02,04,Adv,14
26912,出现在正中央的处刑台，竟是一个大得难以置信的——沙漏。,system,02,04,Adv,14
26913,高得几乎要触及审判庭的天花板的巨大沙漏，巍然矗立在我们面前。,system,02,04,Adv,14
26914,透明的玻璃球体上下延展，细细的瓶颈连结在中间，像是要分隔这两个世界一般。,system,02,04,Adv,14
26915,上部的球体中满满当当地装着沉甸甸的岩石。,system,02,04,Adv,14
26916,在我们看来每一块岩石都是庞然大物，但放在巨大的沙漏里，它们竟显得如同沙粒一般渺小。,system,02,04,Adv,14
26917,不会吧……难道是要让那些东西砸下来活埋她……？,alisa,02,04,Adv,14
26918,不、不对，这样的话，就算岩石只是落下来，也已经重到不得了……可能，是要把人直接碾碎……,miria,02,04,Adv,14
26919,汉娜仰望着沙漏，吞了口口水。虽努力维持镇定，但她的拳头却止不住地颤抖。,system,02,04,Adv,14
26920,看守开始行动，抓住她的手腕，将汉娜押送至处刑台。,system,02,04,Adv,14
26921,……汉娜。你可以回答我一个问题吗。,sherry,02,04,Adv,14
26922,途中，雪莉静静地开口说道。,system,02,04,Adv,14
26923,汉娜表情一紧，回头看向雪莉。,system,02,04,Adv,14
26924,什么事呢，雪莉……我已经没有什么话要说了。,hanna,02,04,Adv,14
26925,我已经犯了罪……会坦然接受惩罚的。,hanna,02,04,Adv,14
26926,汉娜用颤抖的声音说完，转过身，再度朝处刑台走去。,system,02,04,Adv,14
26927,你为什么要杀蕾雅？,sherry,02,04,Adv,14
26928,在她背后，雪莉依然还在追问。那语气似乎带着一种拼命恳求。,system,02,04,Adv,14
26929,魔女的杀意使你发自内心要杀的对象，其实不是艾玛，而是蕾雅，对吗？你的动机是什么？,sherry,02,04,Adv,14
26930,……！,hanna,02,04,Adv,14
26931,汉娜的背影微微一颤。,system,02,04,Adv,14
26932,我和汉娜在一起的时间最久了，现在渐渐能够稍微理解一点你的心情……,sherry,02,04,Adv,14
26933,汉娜其实一直都很讨厌蕾雅吧。或许从第一次见面时，就已经……,sherry,02,04,Adv,14
26934,这种心情随着魔女化进程加剧，慢慢膨胀成了杀意我也能理解。,sherry,02,04,Adv,14
26935,（……从第一次见面时，就已经？）,hiro,02,04,Adv,14
26936,如果说汉娜从一开始就对蕾雅怀着深深的自卑。,system,02,04,Adv,14
26937,如果说，汉娜心中的阴影在初见蕾雅时业已诞生，一点一点地在心中生根发芽，终有一天化为杀意——,system,02,04,Adv,14
26938,（那样的话，就——）,hiro,02,04,Adv,14
26939,重来也无济于事。,system,02,04,Adv,14
26940,当意识到这个事实时，我心中仿佛有什么轰然崩塌。,system,02,04,Adv,14
26941,强烈的冲击让我不禁按住胸口缩成一团。,system,02,04,Adv,14
26942,小希！？你怎么了，你没事吧！？,miria,02,04,Adv,14
26943,……没事。我要亲眼见证到最后。,hiro,02,04,Adv,14
26944,膝盖在颤抖，我却还是设法站了起来。,system,02,04,Adv,14
26945,在晃动的视野角落，看见雪莉向前探出了身子。,system,02,04,Adv,14
26946,……你可能不想说出来。但我真的，很想知道。,sherry,02,04,Adv,14
26947,我想知道汉娜真正的心。我还想更了解你一点。,sherry,02,04,Adv,14
26948,雪莉的声音比以往任何时候都更加颤抖。,system,02,04,Adv,14
26949,颤抖得仿佛随时会哭出来。,system,02,04,Adv,14
26950,求求你了，汉娜……,sherry,02,04,Adv,14
26951,……为什么。,hanna,02,04,Adv,14
26952,汉娜没有回头，只是肩膀轻轻颤抖，挤出沙哑的声音。,system,02,04,Adv,14
26953,为什么你总是这样……总是不顾一切、大摇大摆地闯入我的内心深处？,hanna,02,04,Adv,14
26954,沙漏下方装有一道门。看守将那道门打开。,system,02,04,Adv,14
26955,汉娜被看守推入了沙漏中。,system,02,04,Adv,14
26956,……！,hanna,02,04,Adv,14
26957,看守站到门前时，岩石开始下落了。,system,02,04,Adv,14
26958,在毫不留情地砸下的岩石雨中，倒地的汉娜踉跄坐起身来。,system,02,04,Adv,14
26959,她坐在地上，视线穿过玻璃，看向我们。,system,02,04,Adv,14
26960,……没错，没错，你说得对。我，憎恨着蕾雅。,hanna,02,04,Adv,14
26961,我心里一直都不喜欢她。尽管如此，我还是在努力想要与她好好相处……,hanna,02,04,Adv,14
26962,如果当时蕾雅不说出那句话——,hanna,02,04,Adv,14
26963,那是我正准备回到地面，刚走进电梯的时候。,system,02,04,Adv,14
26964,偶然遇上了蕾雅。,system,02,04,Adv,14
26965,我们乘上了电梯，就这样一同上升。,system,02,04,Adv,14
26966,那时我怀里抱着一块冰。,system,02,04,Adv,14
26967,因为雪莉在玩什么踢冰球，地上到处散落着冰块，太危险了。于是我就打算把冰块收拾起来。,system,02,04,Adv,14
26968,之前聊过想让安安穿上舞台服，这件事你还记得吗？,leia,02,04,Adv,14
26969,她突然主动开口，谈起舞台服的事。,system,02,04,Adv,14
26970,当大家决定要一起探索地下设施时，我脑海中最先浮现的，是安安。,system,02,04,Adv,14
26971,我知道安安的遗体还在地下设施里。我想至少……替她好好打扮一下。,system,02,04,Adv,14
26972,于是我去画室，把舞台服带了出来。,system,02,04,Adv,14
26973,然后就被蕾雅撞见了。,system,02,04,Adv,14
26974,汉娜的心意真的太美好了。可以的话，我也想加入。,leia,02,04,Adv,14
26975,蕾雅从包里拿出一样东西给我看。那是主角戴的王冠。,system,02,04,Adv,14
26976,我想，在她面前，上演一场真正的舞台剧。,leia,02,04,Adv,14
26977,她露出了一丝恶作剧般的笑，而那时，我只是别开了视线。,system,02,04,Adv,14
26978,不过话说回来，汉娜……你的手，怎么弄得这么粗糙了啊。,leia,02,04,Adv,14
26979,你还是不要再继续洗衣服了。,leia,02,04,Adv,14
26980,为什么……？,hanna,02,04,Adv,14
26981,说实话，我不太懂你为什么每天都在洗衣服。,leia,02,04,Adv,14
26982,她露出似乎有些不知所措的笑容。就在那一刻，电梯抵达了地面。,system,02,04,Adv,14
26983,那不经意的一句话，即使没有恶意，却无声地刺进了我心底深藏的情绪。,system,02,04,Adv,14
26984,……不会懂的。,hanna,02,04,Adv,14
26985,欸？,leia,02,04,Adv,14
26986,我紧紧咬住了嘴唇。,system,02,04,Adv,14
26987,生活在跟我不同世界的你，怎么可能会懂……！,hanna,02,04,Adv,14
26988,……哈啊、哈啊……,hanna,02,04,Adv,14
26989,对不起，我太激动了。可以等我平复一下吗。,hanna,02,04,Adv,14
26990,扔下这句话后，我低下头，紧张地喘着气。不知那时蕾雅心里究竟在想什么。她再也不发一言了。,system,02,04,Adv,14
26991,是感到恐惧？还是觉得我很吓人？又或是——同情？,system,02,04,Adv,14
26992,不好意思，那我【先走一步】了。,leia,02,04,Adv,14
26993,【先走一步】。这句话一举把我的心逼入绝境。,system,02,04,Adv,14
26994,随之而来的是巨大的焦虑感。,system,02,04,Adv,14
26995,……哈啊、哈啊……！,hanna,02,04,Adv,14
26996,——果然，我和她，所在的世界天差地别。,system,02,04,Adv,14
26997,她总是独自一人，走向光彩夺目的那一边。,system,02,04,Adv,14
26998,——扔下我一个。,system,02,04,Adv,14
26999,……为什么要扔下我？可不可以不要——抛弃悲惨的我。,system,02,04,Adv,14
27000,——！,hanna,02,04,Adv,14
27001,瞬间的冲动闪过。我抡起了手中的冰块狠狠砸向蕾雅的后脑。,system,02,04,Adv,14
27002,紧接着，电梯门打开了……,system,02,04,Adv,14
27003,咦……？,ema,02,04,Adv,14
27004,电梯门外站着呆住的艾玛——,system,02,04,Adv,14
27005,我嫉妒蕾雅、羡慕蕾雅、渴望成为蕾雅、渴望着、渴望着、渴望着……,hanna,02,04,Adv,14
27006,无论我怎样祈求，都无法触及她所在的那片天地。,hanna,02,04,Adv,14
27007,意识到我终究会被抛弃时……,hanna,02,04,Adv,14
27008,真的好悲惨。,hanna,02,04,Adv,14
27009,所以，我杀了蕾雅。,hanna,02,04,Adv,14
27010,汉娜她——一边流泪，一边讥笑着。,system,02,04,Adv,14
27011,这人真是烂透了，对不对？自己这个样子，本来是、不想让任何人知道的……,hanna,02,04,Adv,14
27012,隔着玻璃，眼睁睁看着她的脸逐渐龟裂开来。,system,02,04,Adv,14
27013,落石无数次殴打她的身体，仿佛正从伤口中不断流出鲜血。,system,02,04,Adv,14
27014,可那不是血，是更深更深的某物。,system,02,04,Adv,14
27015,黢黑的裂痕发出锐声，不断蔓延，直至彻底覆盖她的脸。,system,02,04,Adv,14
27016,我们终究窥见了汉娜内心深处阴影下的【禁忌】。,system,02,04,Adv,14
27017,——我曾梦过一场短暂的梦。,system,02,04,Adv,14
27018,有一天，远野汉娜在垃圾场捡到了一套被当作可回收垃圾丢弃的少女漫画。,system,02,04,Adv,14
27019,在每一个被眼泪浸透的夜晚之间，只要翻开这套书，汉娜就感觉自己仿佛成了书里的大小姐。,system,02,04,Adv,14
27020,只要翻开一页，就能迎来一瞬美梦。这成了汉娜的日常。,system,02,04,Adv,14
27021,在这段充满小小梦境的日子里，某一天，汉娜意识到自己拥有魔法。,system,02,04,Adv,14
27022,能够稍微浮在空中的魔法。,system,02,04,Adv,14
27023,——和漫画里的女主角一样。,system,02,04,Adv,14
27024,——我，是特别的。,system,02,04,Adv,14
27025,——我，是被选中的人。,system,02,04,Adv,14
27026,终于轮到我了，汉娜想。终于有出头之日了。,system,02,04,Adv,14
27027,梦想像气球一样越胀越大。,system,02,04,Adv,14
27028,汉娜每天夜里跑出家门，偷偷练习飞行。,system,02,04,Adv,14
27029,无论酷暑严寒，无论风雨交加。,system,02,04,Adv,14
27030,坚信自己一定能飞向更高的天空。,system,02,04,Adv,14
27031,是寒冬的一天。大雪静静纷飞。,system,02,04,Adv,14
27032,只是稍微跑出去一会。平常也是这样的。今天一定也没事。,system,02,04,Adv,14
27033,今天好像又比昨天飞得高了一毫米。一定是练习有了成效。,system,02,04,Adv,14
27034,汉娜带着满足的笑容回到家时。,system,02,04,Adv,14
27035,终于发现妹妹正发着高烧。,system,02,04,Adv,14
27036,家里没有电话。汉娜连钱包都忘了带，一心拼命跑到医院。,system,02,04,Adv,14
27037,太愚蠢了。悔恨的巨浪将她吞没，却再没有人给她任何一句安慰。,system,02,04,Adv,14
27038,——你是姐姐。你要负起责任，好好照顾弟妹。,system,02,04,Adv,14
27039,母亲抛弃她时留下的那句话，在脑中一次又一次回响。,system,02,04,Adv,14
27040,——这只是一场短暂的梦。,system,02,04,Adv,14
27041,——妹妹没有死，母亲也没有抛弃我们。,system,02,04,Adv,14
27042,——我们才不会被抛弃。,system,02,04,Adv,14
27043,——我们住在又有钱又温暖的家里，过着大小姐般的生活。,system,02,04,Adv,14
27044,——破旧的小屋。,system,02,04,Adv,14
27045,——褴褛的衣衫。,system,02,04,Adv,14
27046,——刺骨的风雪。,system,02,04,Adv,14
27047,——死亡。,system,02,04,Adv,14
27048,——好希望这一切全部、全部都只是一场梦。,system,02,04,Adv,14
27049,落石越滚越快，纷纷砸在汉娜身上。,system,02,04,Adv,14
27050,呃啊……啊啊啊！,hanna,02,04,Adv,14
27051,汉娜的腿折断成奇异的角度，再也无法站立，逐渐失去力气瘫坐在地上。,system,02,04,Adv,14
27052,她喘着粗气，拖着一条鲜红的血迹，一点一点爬向玻璃壁。,system,02,04,Adv,14
27053,因为嫉妒而杀人……真是肮脏、丑陋、可耻至极……,hanna,02,04,Adv,14
27054,我知道自己罪该如此！但是、但是……！,hanna,02,04,Adv,14
27055,在巨石不断堆积的沙漏里，汉娜一次又一次用拳头砸向玻璃。,system,02,04,Adv,14
27056,但是……但是，我，我真的不想变成魔女……,hanna,02,04,Adv,14
27057,就算这么肮脏，罪孽这么深重，还是想作为一个人……,hanna,02,04,Adv,14
27058,拜托了，在我还是人的时候杀了我吧——！,hanna,02,04,Adv,14
27059,不要把我变成怪物啊！就算死我也想保持自己还是人的样子！,hanna,02,04,Adv,14
27060,我们目睹这悲惨的光景，甚至不敢呼吸。,system,02,04,Adv,14
27061,那灵魂的呐喊、悲痛的祈求——再无人能回应。,system,02,04,Adv,14
27062,然而，与汉娜的愿望背道而驰的是，她正肉眼可见地急速化作残骸。,system,02,04,Adv,14
27063,就在此时。,system,02,04,Adv,14
27064,我全都理解了！,sherry,02,04,Adv,14
27065,雪莉一声高喊，让原本只能痛苦地注视着处刑的我猛然回过神来。,system,02,04,Adv,14
27066,我看向雪莉，只见她正以惊人的速度冲向那座沙漏。,system,02,04,Adv,14
27067,小莉！？,miria,02,04,Adv,14
27068,你在想什么——！,alisa,02,04,Adv,14
27069,沙漏的门前站着看守。而猛然飞冲上前的雪莉——,system,02,04,Adv,14
27070,被看守的镰刀斩下。,system,02,04,Adv,14
27071,雪莉！！,hiro,02,04,Adv,14
27072,虽然侥幸避开了致命处，鲜血却从她的身体喷涌而出。,system,02,04,Adv,14
27073,呜啊啊啊啊啊啊！！啊啊啊啊啊啊啊啊啊啊！！,sherry,02,04,Adv,14
27074,然而雪莉并没有停下脚步。不论被看守的镰刀斩击多少次，她依旧奋力冲进了沙漏下方的门。,system,02,04,Adv,14
27075,滚落的巨岩几乎快要把汉娜掩埋。重伤的汉娜只是呆望着这一切。,system,02,04,Adv,14
27076,你、你到底要干什么啊！？,hanna,02,04,Adv,14
27077,雪莉浑身是血，一边奋力拨开岩石，一边朝汉娜靠近。,system,02,04,Adv,14
27078,落石仍然一刻不停砸向两人。,system,02,04,Adv,14
27079,既然你说不想被抛弃，那我们就一起走吧！,sherry,02,04,Adv,14
27080,有我陪着你！所以汉娜，你已经没事了！我不会抛弃你，更不会让你被人抛弃！,sherry,02,04,Adv,14
27081,绝对不会让你变成残骸！,sherry,02,04,Adv,14
27082,哪怕浑身是血，雪莉依旧灿烂地笑着，向汉娜伸出颤抖的手。,system,02,04,Adv,14
27083,汉娜的五官痛苦地皱成一团。,system,02,04,Adv,14
27084,你到底、到底有多傻啊——,hanna,02,04,Adv,14
27085,巨岩即将把两人彻底吞没之际，汉娜牵起雪莉的手，轻轻笑了。,system,02,04,Adv,14
27086,那一刻，我窥见汉娜的脸上的裂痕尽数消失，像是恢复了原本的模样。,system,02,04,Adv,14
27087,沙漏上部的大量巨岩尽数倾注而下——,system,02,04,Adv,14
27088,高耸的岩石堆底，两人的身影被完全碾碎，就此消失。,system,02,04,Adv,14
27089,从岩缝中缓缓渗出的鲜红，逐渐化作绚烂红蝶翩翩飞去。,system,02,04,Adv,14
27090,许久以后，也不曾传来残骸的咆哮声……,system,02,04,Adv,14
27091,处刑台缓缓降入地底。,system,02,04,Adv,14
27092,为什么，连橘都要……为什么啊……！,alisa,02,04,Adv,14
27093,呜、呜呜……呜呜呜呜……！,miria,02,04,Adv,14
27094,即使审判结束，我们也只得留在原地，久久无法动弹。,system,02,04,Adv,14
27095,——监牢生活第二轮，第××天。,system,02,04,Adv,15
27096,——远野汉娜杀害了樱羽艾玛与莲见蕾雅，作为魔女被处刑了。,system,02,04,Adv,15
27097,——我之所以还没有完全崩溃，还能保持理智不失，是因为……,system,02,04,Adv,15
27098,——内心某处觉得，我必须见证真相。,system,02,04,Adv,15
27099,——只要见到真相，再重新来过就好。,system,02,04,Adv,15
27100,——只要用我的魔法，就能回到今天早上，将一切重来。,system,02,04,Adv,15
27101,钢笔书写的声音戛然而止。,system,02,04,Adv,15
27102,我写不下去了。,system,02,04,Adv,15
27103,（汉娜从第一次见到蕾雅开始，就已经产生了恨意）,hiro,02,04,Adv,15
27104,（即使回到今天早上，也无法斩断长久累积的憎恶）,hiro,02,04,Adv,15
27105,（也许今天能救下艾玛和蕾雅。但无论怎么努力，蕾雅总有一天会被杀）,hiro,02,04,Adv,15
27106,（那么我是不是该……先把汉娜杀了？）,hiro,02,04,Adv,15
27107,明明亲眼见证汉娜被处刑——也就是正义得以执行。这应该让我感到释怀才对。,system,02,04,Adv,15
27108,但我的心情却没有因此明朗起来。,system,02,04,Adv,15
27109,甚至觉得，这是错误的。,system,02,04,Adv,15
27110,（我……我——！）,hiro,02,04,Adv,15
27111,我用力过猛，竟折断了钢笔。,system,02,04,Adv,15
27112,……可恶！这种东西……！,hiro,02,04,Adv,15
27113,我一直以为珍贵的事物……原来全都是错的！,hiro,02,04,Adv,15
27114,我支撑不住身体，跪倒在地，用拳头猛击地板。,system,02,04,Adv,15
27115,我是、我是、我是——！,hiro,02,04,Adv,15
27116,——错误的。,yuki,02,04,Adv,15
27117,不是我自己说出的话。那声音不知从何处，伴随着阵阵轻声讥笑传来。,system,02,04,Adv,15
27118,——你是错误的。,立ち絵・話者名の表示なし,02,04,Adv,15
27120,雪……？是你在、吗……？,hiro,02,04,Adv,15
27121,听见熟悉而虚幻的声音，我茫然站起身。,system,02,04,Adv,15
27122,在哪！？到底在哪里！？,hiro,02,04,Adv,15
27123,我环顾室内，却看不到她的身影。,system,02,04,Adv,15
27124,对了，还有。很遗憾，你已经无法重来了哦。,立ち絵・話者名の表示なし,02,04,Adv,15
27130,住口——！！,hiro,02,04,Adv,15
27131,脑海里回响的耳语声，似乎是从钢笔里发出来的。,system,02,04,Adv,15
27132,住口，住口，给我住口！！,hiro,02,04,Adv,15
27133,于是我一次次踩碎钢笔，直到它粉身碎骨。,system,02,04,Adv,15
27134,别这么过分嘛。,yuki,02,04,Adv,15
27135,即使我将钢笔彻底摧毁，雪的耳语声依旧没有停止。,system,02,04,Adv,15
27136,这只钢笔里面倾注了你对我的感情，用来附身最合适不过了。,yuki,02,04,Adv,15
27137,但就算无处附身……,yuki,02,04,Adv,15
27138,【希 罗】,yuki,02,04,Adv,15
27139,【我会、一直、在你身边】,yuki,02,04,Adv,15
27140,噫、啊、啊——！,hiro,02,04,Adv,15
27141,捂住双耳、紧闭双眼、蜷缩起来。,system,02,04,Adv,15
27142,即便如此，她的耳语依然不断侵蚀我。,system,02,04,Adv,15
27143,【只要还在这座监牢，我就能维持存在】,yuki,02,04,Adv,15
27144,【一定是因为家人对我的思念之情还残留于此吧】,yuki,02,04,Adv,15
27145,【……喂，希罗。艾玛被杀了】,yuki,02,04,Adv,15
27146,【我真的很失望。又得从头去找替代品了】,yuki,02,04,Adv,15
27147,【你会帮我的吧？毕竟我们是朋友呀】,yuki,02,04,Adv,15
27148,朋友……？别开玩笑了！,hiro,02,04,Adv,15
27149,月代雪——你就是一切的元凶！,hiro,02,04,Adv,15
27150,我竟然一直以来……都把你当作重要的朋友！,hiro,02,04,Adv,15
27151,原来我一直都是错的！！一错再错，错到现在！！,hiro,02,04,Adv,15
27152,艾玛、小雪，还有我。,system,02,04,Adv,15
27153,我们三人共度的初中时代，我曾视若珍宝的回忆，全部轰然崩塌。,system,02,04,Adv,15
27154,刚上初中没多久，就有个女孩遭受了残酷霸凌。,system,02,04,Adv,15
27155,她的名字叫月代雪。,system,02,04,Adv,15
27156,我放不下她，渐渐开始保护她。,system,02,04,Adv,15
27157,但小雪却厌恶着试图保护她的我，甚至冷淡避开。,system,02,04,Adv,15
27158,即便如此，我仍然坚持成为她的盾。因为我认为，这才是正确的行动。,system,02,04,Adv,15
27159,直到某天，我看到小雪和艾玛走在一起。,system,02,04,Adv,15
27160,自从升上初中后，我和艾玛不再同班，两人关系便稍显疏远。,system,02,04,Adv,15
27161,见到小雪与艾玛亲密地笑着。,system,02,04,Adv,15
27162,——原来她交到朋友了。太好了。,system,02,04,Adv,15
27163,同时，内心却涌上一股前所未有的相反感情。,system,02,04,Adv,15
27164,——为什么我就不行？,system,02,04,Adv,15
27165,——为什么偏偏是艾玛？,system,02,04,Adv,15
27166,她们两人的身影深深烙印在我心里，怎么也挥之不去。,system,02,04,Adv,15
27167,我开始觉得艾玛根本不是个好孩子。这份感情不断膨胀。,system,02,04,Adv,15
27168,在我不断留意她们的同时，终于有一天，艾玛也察觉到了我的目光。,system,02,04,Adv,15
27169,——希罗也一起玩嘛。,system,02,04,Adv,15
27170,我若无其事地握住了艾玛伸向我的手。,system,02,04,Adv,15
27171,由于小雪讨厌他人的目光，我们三人越来越经常在避人耳目的秘密基地聚会。,system,02,04,Adv,15
27172,三个人在一起，互相嬉闹，一起打游戏，,system,02,04,Adv,15
27173,聊天，吃零食，偶尔吵架，,system,02,04,Adv,15
27174,都是无可替代的珍贵回忆。,system,02,04,Adv,15
27175,……但是……,system,02,04,Adv,15
27176,后来，因为我要去短期留学，三人之间的关系开始发生变化。,system,02,04,Adv,15
27177,我将小雪托付给艾玛。因为小雪在学校被霸凌的情况还是没有改善。,system,02,04,Adv,15
27178,——就拜托你照顾小雪了。,system,02,04,Adv,15
27179,——嗯，交给我吧！,system,02,04,Adv,15
27180,即使平日里笑着装作若无其事的样子，其实我心里一直嫉妒着艾玛。,system,02,04,Adv,15
27181,心中这小小的黑暗——,system,02,04,Adv,15
27182,在我回国得知小雪自杀后，爆发式地膨胀起来。,system,02,04,Adv,15
27183,——我非常重要的朋友自杀了。,system,02,04,Adv,15
27184,（但那只不过是她用来折磨艾玛的手段）,hiro,02,04,Adv,15
27185,她叫月代雪。,system,02,04,Adv,15
27186,（她其实是大魔女）,hiro,02,04,Adv,15
27187,当我推开房门时，那根上吊绳还静静地悬挂在原地。,system,02,04,Adv,15
27188,我抬头怒视那根为她准备好的绞索。,system,02,04,Adv,15
27189,（如今我明白了。她是为了在艾玛心里留下心理创伤）,hiro,02,04,Adv,15
27190,我将背脊挺得笔直，视线穿过那为了扼住她的咽喉而存在的圆环——过于刺眼的憎恶，让我咬紧了牙关。,system,02,04,Adv,15
27191,我无法原谅。无法原谅小雪的生命，就这么被区区一根绳子夺走。,system,02,04,Adv,15
27192,（她是为了对艾玛的心灵造成伤痛，故意遭到霸凌，故意自杀的）,hiro,02,04,Adv,15
27193,对我而言，这是不可饶恕的行为。对我而言，这是不正确的行为。,system,02,04,Adv,15
27194,（我被她骗得团团转，更进一步将艾玛逼入绝境）,hiro,02,04,Adv,15
27195,我最崇尚的就是【正确】。,system,02,04,Adv,15
27196,（我正如月代雪所愿，被她玩弄于股掌之间，还甘之如饴）,hiro,02,04,Adv,15
27197,这个世界上，不该允许有哪怕一丝一毫的错误存在。,system,02,04,Adv,15
27198,（我的一切都是错误的）,hiro,02,04,Adv,15
27199,清澈的湖水中若是掺入一滴毒素，生灵便会死绝。,system,02,04,Adv,15
27200,（那滴毒药，是我）,hiro,02,04,Adv,15
27201,精致的画布上若是划出一道划痕，艺术的价值便随之泯灭。,system,02,04,Adv,15
27202,（那道伤痕，是我）,hiro,02,04,Adv,15
27203,完美的和声中若是混进一个错误的音符，就会沦为刺耳的不协和音。,system,02,04,Adv,15
27204,（那个错音，是我）,hiro,02,04,Adv,15
27205,祈盼着正确的大脑中若是寄生了一只害虫——,system,02,04,Adv,15
27206,（那只害虫，是我）,hiro,02,04,Adv,15
27207,整个世界，便会崩塌。,system,02,04,Adv,15
27208,——在绞索圆环的彼端，我看见了造就这个错误世界的罪魁祸首。,system,02,04,Adv,15
27209,（那就是我）,hiro,02,04,Adv,15
27210,（是我、是我、是我、是我、是我、是我——）,hiro,02,04,Adv,15
27211,啊啊、啊啊啊啊啊、啊啊啊啊呜啊啊啊——！！,hiro,02,04,Adv,15
27212,我失去了一切。我手中根本没有什么正义。我是如此无力。,system,02,04,Adv,15
27213,我没能拯救任何人。,system,02,04,Adv,15
27214,我只能不住呜咽，不断痛哭。,system,02,04,Adv,15
27215,呜、呜呜呜、啊啊……啊啊、啊啊！,hiro,02,04,Adv,15
27216,…………,hiro,02,04,Adv,15
27217,——不知道自己哭了多久。,system,02,04,Adv,15
27218,不知何时起，雪的气息已消失无踪。她大概对我这个人从头到尾都无所谓吧。,system,02,04,Adv,15
27219,眼泪早已干涸，唯有泪痕冰冷地贴在脸颊上。,system,02,04,Adv,15
27220,嗓子只能发出沙哑的气音，眼睛也失去光芒变得浑浊。,system,02,04,Adv,15
27221,空虚在胸腔深处扎根、蔓延，只余下残破的感情和一片静寂。,system,02,04,Adv,15
27222,铁栅栏外模模糊糊看见一双脚。,system,02,04,Adv,15
27223,（啊啊，对了，还有几个少女存活下来……）,hiro,02,04,Adv,15
27224,（不过，她们恐怕也……）,hiro,02,04,Adv,15
27225,我迟钝地抬起头。透过铁栅望着我的，是亚里沙和米莉亚。,system,02,04,Adv,15
27226,大概是听见我撕心裂肺的哭声，她们才没有出声打扰。,system,02,04,Adv,15
27227,隔着铁栅栏，她们略显不安，担忧地望着我。,system,02,04,Adv,15
27228,……二阶堂，我有个东西想给你看看。,alisa,02,04,Adv,15
27229,给我看？事到如今，还能有什么……,hiro,02,04,Adv,15
27230,如果你还很难受，也不必勉强自己。但……大叔我们也只是想尽一点心意，希望能帮帮你……,miria,02,04,Adv,15
27231,这东西到底能不能帮上你的忙，其实大叔我也不确定。但……别再哭了，好吗？,miria,02,04,Adv,15
27232,我摇摇晃晃地站起身，走出牢房。,system,02,04,Adv,15
27233,大脑已无法思考更多，只是机械地跟着她们。,system,02,04,Adv,15
27234,亚里沙和米莉亚带我来到了图书室。,system,02,04,Adv,16
27235,我不知道为什么要来这里，也没有力气去思考。,system,02,04,Adv,16
27236,我只是眼神空洞、茫然自失地，坐在阅读区的椅子上。,system,02,04,Adv,16
27237,亚里沙从某处取来一本书，放在桌上。,system,02,04,Adv,16
27238,是我曾经见过的书。,system,02,04,Adv,16
27239,刚被关进监牢没多久，雪莉她们给我看过的，关于魔女的那本书——,system,02,04,Adv,16
27240,自那天看过之后，我几乎已经将它忘却。,system,02,04,Adv,16
27241,内容也记不得太多了。,system,02,04,Adv,16
27242,这本书到底有什么意义……？,hiro,02,04,Adv,16
27243,我喃喃自语，翻开书页。,system,02,04,Adv,16
27244,——！,hiro,02,04,Adv,16
27245,随着书页翻动，我的双眼逐渐瞪大。,system,02,04,Adv,16
27246,书上是曾被囚禁于此的少女们写下的文字。,system,02,04,Adv,16
27247,为了解读那些奇异的文字，她们逐页留下笔迹。那真是，太多太多……数不清的解读笔记与努力的痕迹。,system,02,04,Adv,16
27248,是樱羽提出来的点子。大家一个接一个，花了许多时间一点点写上去的。,alisa,02,04,Adv,16
27249,小艾她，似乎一直没能把这本书传到小希你手上。,miria,02,04,Adv,16
27250,所以你应该还没看过这本书，对吧……？,miria,02,04,Adv,16
27251,我轻轻点了点头。同时——,system,02,04,Adv,16
27252,一颗颗泪水夺眶而出，啪嗒啪嗒滴落在书页上。,system,02,04,Adv,16
27253,（啊——原来、是这样啊）,hiro,02,04,Adv,16
27254,当时在玛格的牢房，艾玛突然收起进怀里并带走的东西。,system,02,04,Adv,16
27255,那不是什么凶器。而是这本书。,system,02,04,Adv,16
27256,我轻抚着这些笔迹。这是她们确实曾在这里活过的证明。,system,02,04,Adv,16
27257,大部分都、已经解读完成了……,hiro,02,04,Adv,16
27258,（我一直以为，自己是孤独一人在挣扎。可原来，大家也一直在这么努力战斗着——）,hiro,02,04,Adv,16
27259,……我该走了。,hiro,02,04,Adv,16
27260,我将那本书轻轻抱抱在胸前，站起身。,system,02,04,Adv,16
27261,然后，迈出了脚步。,system,02,04,Adv,16
27262,书中最先映入眼帘的，是玛格留下的字迹。,system,02,04,Adv,16
27263,——关于召唤大魔女的方法。——已知需要十三位魔女集合在同一地点举行仪式。,margo,02,04,Adv,16
27264,——十三位魔女需朝着仪礼剑凝聚强烈意念。——如此一来，大魔女将受肉降临于我们身边。,margo,02,04,Adv,16
27265,——目前就知道这些了。,margo,02,04,Adv,16
27266,——我们正好是十三人，只要有了仪礼剑，或许真能召唤出大魔女？,margo,02,04,Adv,16
27267,……希罗呀。别太责怪艾玛她们哦。我也曾经有过类似的想法。,margo,02,04,Adv,16
27268,你也想越狱？,hiro,02,04,Adv,16
27269,是啊。考虑如何离开这里不是很正常吗？,margo,02,04,Adv,16
27270,反抗看守很危险。还是安分一点比较好。,hiro,02,04,Adv,16
27271,……你说得对。这次的事让我明白事情没那么简单，我打算再多调查一下这里。,margo,02,04,Adv,16
27272,希罗真的很可靠呢。让我们一起对抗魔女吧——,margo,02,04,Adv,16
27273,书页一隅，像是故意避人耳目似的，留有一行非常非常小的字迹。应该是梅露露写的。,system,02,04,Adv,16
27274,——好想见到大魔女大人。,meruru,02,04,Adv,16
27275,啊，啊啊，怎么会受这么重的伤……我不要这样，不可以，绝对不会让你丧命的……,meruru,02,04,Adv,16
27276,坚持住，玛格小姐……！,meruru,02,04,Adv,16
27277,我本想保护大家的……结果自己却中招了，真是活该呢……呃！,margo,02,04,Adv,16
27278,请不要说话……我会治好你的，请你一定要撑住……！,meruru,02,04,Adv,16
27279,还有米莉亚、可可、亚里沙的笔迹。,system,02,04,Adv,16
27280,大多数都是试图解读文字的记录，但其中三人用潦草字迹写下的吐槽，让我不禁微微扬起嘴角。,system,02,04,Adv,16
27281,——大叔我们几个好像因为魔女化程度加深导致魔法更强了。,miria,02,04,Adv,16
27282,——如果身体互换的魔法变强了，会是什么效果呢？,miria,02,04,Adv,16
27283,因为……大叔我实在不愿意相信……在我们之中，竟然有人杀了两名同伴……,miria,02,04,Adv,16
27284,再说……,miria,02,04,Adv,16
27285,这样一来……就不会再有人被处刑了，对不对……？,miria,02,04,Adv,16
27286,毕竟，根本就没有什么凶手啊……,miria,02,04,Adv,16
27287,我不想再看到任何人死去了……这种事根本就是错误的……,miria,02,04,Adv,16
27288,我已经不想再……眼睁睁看着任何人死去了！,miria,02,04,Adv,16
27289,——解读好麻烦，我不干啦！,coco,02,04,Adv,16
27290,——不过要是我的魔法变强，一定连异次元都能连接到吧？,coco,02,04,Adv,16
27291,——也就等于说我们所有人都能使出超厉害的魔法？,coco,02,04,Adv,16
27292,啊～我挺好的呀？没什么好担心的啦。真是的每天唠唠叨叨的也不嫌烦……,coco,02,04,Adv,16
27293,不会啊，我很开心。你一直都记着我嘛。,coco,02,04,Adv,16
27294,会的，我一定会回去的。哎呀，都说了不要再担心人家啦！,coco,02,04,Adv,16
27295,我更担心你啊爷爷！整个人都虚弱了那么多……别那么难过啦……,coco,02,04,Adv,16
27296,我会带给你笑容的……等着我。,coco,02,04,Adv,16
27297,——要是我的魔法变强了，我要找出让我们遭受这一切的家伙，把他们统统烧成灰。,alisa,02,04,Adv,16
27298,哈，你们嘴里说出来的话，真是句句都那么虚伪。,alisa,02,04,Adv,16
27299,莲见、二阶堂。我最讨厌你们这种人了。所以如果我真的成为魔女，第一个要杀的就是你们吧。,alisa,02,04,Adv,16
27300,快滚！,alisa,02,04,Adv,16
27301,还有诺亚毫不顾忌的涂鸦。旁边，是安安熟悉的笔迹。,system,02,04,Adv,16
27302,这一页几乎被诺亚的涂鸦填满，不太看得清写着什么。,system,02,04,Adv,16
27303,而角落的一条留言，却像针一样刺进了我的胸口。,system,02,04,Adv,16
27304,——最喜欢希罗了！,noa,02,04,Adv,16
27305,……可是啊，其实诺亚也有高兴过。,noa,02,04,Adv,16
27306,安安对诺亚说，她喜欢诺亚亲手画的画……,noa,02,04,Adv,16
27307,所以，其实诺亚也很想给希罗看一看。看看诺亚画的画，让希罗夸夸真正属于诺亚的画作。,noa,02,04,Adv,16
27308,——别乱涂鸦。认真点。,anan,02,04,Adv,16
27309,——为了让吾辈和其他人得救，必须解读出这本书里的文字……,anan,02,04,Adv,16
27310,安安只写了这两句，大概是嫌麻烦了吧。,system,02,04,Adv,16
27311,没、没错……！吾辈终有一天会当上文豪。等、等着瞧吧……！,anan,02,04,Adv,16
27312,下次吾辈一定会写出一部让所有人感动得说不出话的巨作……！,anan,02,04,Adv,16
27313,本应早已空无一物的心，被每一个人的存在重新填满，逐渐温暖起来。,system,02,04,Adv,16
27314,时间在前行，而我也随着它，一步一步向前。,system,02,04,Adv,16
27315,奈叶香留下了大量的笔记，其中有一段话让我令我非常在意。,system,02,04,Adv,16
27316,——已经解明了【死亡回溯】魔法的原理。,nanoka,02,04,Adv,16
27317,——【死亡回溯】的魔法能力越强，飞跃的距离就越远。,nanoka,02,04,Adv,16
27318,——也就是说，能回到更久前的时间。,nanoka,02,04,Adv,16
27319,说实话，我自己也不知道为什么。,nanoka,02,04,Adv,16
27320,不过，我觉得你能够揭露这座监牢，不，你能揭露魔女的所有秘密。,nanoka,02,04,Adv,16
27321,所以万一我出了什么事，就托付给你了。,nanoka,02,04,Adv,16
27322,请你一定要查明真相。还有，不要再让像我这样的魔女继续产生了。,nanoka,02,04,Adv,16
27323,因为，我不希望任何人再继续牺牲了。……拜托你了，二阶堂希罗。,nanoka,02,04,Adv,16
27324,在那附近，还找到了蕾雅的笔迹。,system,02,04,Adv,16
27325,——随着魔法增强，我们就会逐渐异变为非人之物。,leia,02,04,Adv,16
27326,——在此我要警告【死亡回溯】魔法的持有者。,leia,02,04,Adv,16
27327,——不要使用增强后的魔法。如果在魔女化程度较深的状态下使用，会变得无法死亡，即无法再次使用魔法。,leia,02,04,Adv,16
27328,有希罗在我身边真好。,leia,02,04,Adv,16
27329,蕾雅抬起头，笑着对我说道。,system,02,04,Adv,16
27330,是你的坚强支撑着我。,leia,02,04,Adv,16
27331,能走到现在，一定是因为希罗一直在我身边。,leia,02,04,Adv,16
27332,她们也许早就察觉了我的魔法。,system,02,04,Adv,16
27333,可如今，连这件事都无法向她们求证了。,system,02,04,Adv,16
27334,雪莉和汉娜的留言，像在嬉笑打闹般地夹杂其中。,system,02,04,Adv,16
27335,——根据我雪莉的名侦探推理！,sherry,02,04,Adv,16
27336,——所谓【集齐十三名魔女】，或许指的是我们所有人必须完全魔女化才行呢。,sherry,02,04,Adv,16
27337,——我才不想变成魔女呢。,hanna,02,04,Adv,16
27338,——那就完了呀！根本不可能了，笑死！,sherry,02,04,Adv,16
27339,——要是所有人都能得救的话，我勉为其难变成魔女也不是不行啦。,hanna,02,04,Adv,16
27340,——呜哇～～这么高高在上，那真是谢谢大小姐啦！,sherry,02,04,Adv,16
27341,但是……但是，我，我真的不想变成魔女……,hanna,02,04,Adv,16
27342,就算这么肮脏，罪孽这么深重，还是想作为一个人……,hanna,02,04,Adv,16
27343,拜托了，在我还是人的时候杀了我吧——！,hanna,02,04,Adv,16
27344,不要把我变成怪物啊！就算死我也想保持自己还是人的样子！,hanna,02,04,Adv,16
27345,既然你说不想被抛弃，那我们就一起走吧！,sherry,02,04,Adv,16
27346,有我陪着你！所以汉娜，你已经没事了！我不会抛弃你，更不会让你被人抛弃！,sherry,02,04,Adv,16
27347,绝对不会让你变成残骸！,sherry,02,04,Adv,16
27348,我至今仍未体会到失去同伴的真实感。她们的笑语仿佛尚未远去，依旧在耳边回荡。,system,02,04,Adv,16
27349,……最后，我找到了艾玛的留言。,system,02,04,Adv,16
27350,——大家一定，要一起从这里出去哦。,ema,02,04,Adv,16
27351,活下去，希罗……！,備考◆泣きながら,02,04,Adv,16
27352,求求你，要活下去……！！,ema,02,04,Adv,16
27353,本以为眼泪早已流尽，一丝滚烫还是顺着脸颊流去。,system,02,04,Adv,16
27354,我终于找到了真正的艾玛。,system,02,04,Adv,16
27355,我终于找到了“正确”。,system,02,04,Adv,16
27356,（我……如果能够实现的话，只想再一次，和你们相见）,hiro,02,04,Adv,16
27357,（我的愿望仅仅只是这样而已）,hiro,02,04,Adv,16
27358,我早已准备好了上吊用的绞索。,system,02,04,Adv,16
27359,我的魔女化程度虽然已经很深，但仍然还勉强能够死亡。此刻的我，大概是站在这条最后的边界线上。,system,02,04,Adv,16
27360,现在的我，能够发动最大限度的魔法。,system,02,04,Adv,16
27361,可以飞过很长、很长的时间。一定能回到，被囚禁在这间监牢的第一天。,system,02,04,Adv,16
27362,也不需要再回到更久以前。我的目标就是那个时间点。,system,02,04,Adv,16
27363,回到她们每个人都还活着，第一次相遇的那一天。,system,02,04,Adv,16
27364,而且——机会，只有一次。,system,02,04,Adv,16
27365,就算和她们共同度过的回忆，只留存于我一个人心中也好。,system,02,04,Adv,16
27366,（拜托了——让我再一次，和她们相遇吧）,hiro,02,04,Adv,16
27367,如同祈祷般在绞索前深深垂下头。,system,02,04,Adv,16
27368,接着，我缓缓抬起了头。,system,02,04,Adv,16
27369,即使踏过内心的禁忌，也一定要和你们相见。,system,02,04,Adv,16
27370,——为了拯救你们。,system,02,04,Adv,16
27371,偶尔配合蕾雅一次，或许也不错。我没想太多，回握住了她的手。,system,02,04,Bad,01
27372,！！,leia,02,04,Bad,01
27373,蕾雅猛地抬起头，露出吃惊的神情。,system,02,04,Bad,01
27374,明明是她自己先摆出求爱的架势的，大概是以为我会无视她吧。,system,02,04,Bad,01
27375,希罗，你……？,leia,02,04,Bad,01
27376,她凑近我，仿佛想从我眼中看穿我的真意。,system,02,04,Bad,01
27377,……怎么了？不是要去找典狱长吗？,hiro,02,04,Bad,01
27378,是啊……那就走吧。,leia,02,04,Bad,01
27379,她愣了好一阵子，随后带着些许喜悦的笑容点了点头。,system,02,04,Bad,01
27380,我牵起她的手，只是一时心血来潮。其中并无更深的含义。,system,02,04,Bad,01
27381,然而，在我握住她向我伸来的手时，与她目光交汇的瞬间，我却被某种奇妙的感觉席卷。,system,02,04,Bad,01
27382,虽说无法用言语清楚地表达……,system,02,04,Bad,01
27383,但那一刻，就像是拼图终于找到了最后一块，就像是卡住的齿轮终于啮合在一起。这一刻，似乎在我和蕾雅之间，产生了某种连结。,system,02,04,Bad,01
27384,得在放风时间结束前，找到典狱长才行。,hiro,02,04,Bad,01
27385,那就先从监牢内部找起吧。,leia,02,04,Bad,01
27386,我与蕾雅并肩前行。,system,02,04,Bad,01
27387,几天后的夜晚。,system,02,04,Bad,01
27388,我像往常一样写下日记。,system,02,04,Bad,01
27389,游说典狱长以失败告终。,system,02,04,Bad,01
27390,不论如何恳求它停止魔女审判，那只猫头鹰都毫不理会。,system,02,04,Bad,01
27391,蕾雅虽然有些沮丧，但她向我表示了感激。,system,02,04,Bad,01
27392,她说，是因为有我在身边。她说，是我的坚强支撑着她。,system,02,04,Bad,01
27393,老实说，这种让人牙酸的话真叫人受不了。,system,02,04,Bad,01
27394,可我也是一样的。今天一整天与她同行，终于令我明白。,system,02,04,Bad,01
27395,虽然我自己绝对说不出这种腻歪话——,system,02,04,Bad,01
27396,但是，在和蕾雅同行的时间里，我的确得到了内心的安稳。有她在我身边，真是太好了。,system,02,04,Bad,01
27397,——写到这里，我放下了笔。,system,02,04,Bad,01
27398,无意间看到自己的指甲，我痛苦地咬住了嘴唇。,system,02,04,Bad,01
27399,今早明明才刚剪短的指甲，不知何时已悄然生长。,system,02,04,Bad,01
27400,我不想承认。我自己也出现了魔女化的征兆。,system,02,04,Bad,01
27401,（时间所剩无几了）,hiro,02,04,Bad,01
27402,大魔女的线索依旧没有头绪。,system,02,04,Bad,01
27403,游说典狱长也已失败。,system,02,04,Bad,01
27404,那么，我该怎么办？,system,02,04,Bad,01
27405,要怎样才能，拯救大家？,system,02,04,Bad,01
27406,又过了几天。,system,02,04,Bad,01
27407,看来时限将近的人，并不止我一个。每个人的精神压力都已接近极限。,system,02,04,Bad,01
27408,就在刚才，亚里沙和其他少女们又为了一点琐事争吵起来。现在杀意一触即发。,system,02,04,Bad,01
27409,再这样下去，不久后又会发生凶杀案。,system,02,04,Bad,01
27410,这几天，我不断思考。,system,02,04,Bad,01
27411,如何才能拯救她们。到底什么才是她们需要的【救赎】。,system,02,04,Bad,01
27412,最终，我得出了一个答案。今天，我准备将这个答案向蕾雅分享。,system,02,04,Bad,01
27413,或许她会……不，几乎可以肯定她会否定我。,system,02,04,Bad,01
27414,但那也无妨。就算孤身一人，我也会完成。,system,02,04,Bad,01
27415,不过，如果蕾雅能与我并肩同行的话——,system,02,04,Bad,01
27416,久等了，希罗。,leia,02,04,Bad,01
27417,不好意思，突然把你叫出来。我有话想对你说。其实——,hiro,02,04,Bad,01
27418,——蕾雅接受了我的答案。,system,02,04,Bad,01
27419,紧接着，我们开始了行动。,system,02,04,Bad,01
27420,亚里沙死了。米莉亚死了。,system,02,04,Bad,01
27421,雪莉死了。汉娜死了。艾玛也死了。,system,02,04,Bad,01
27422,只剩下我与蕾雅二人。,system,02,04,Bad,01
27423,阳光温柔洒落在中庭里。我坐在地上，让蕾雅枕着我的膝盖。,system,02,04,Bad,01
27424,仿佛时间停滞般的宁静笼罩着我们，唯有树影在缓缓摇曳。,system,02,04,Bad,01
27425,我轻抚她柔软的发丝，每当我的手指拂过，她都会像被挠痒似的微微眯起眼睛。,system,02,04,Bad,01
27426,大家都死了呢。,leia,02,04,Bad,01
27427,是啊。都死了。,hiro,02,04,Bad,01
27428,目光相交，我们相视而笑。,system,02,04,Bad,01
27429,我……我与蕾雅两人，完成了这一切。,system,02,04,Bad,01
27430,我们一起，杀了所有人。,system,02,04,Bad,01
27431,为了将她们从大魔女的诅咒中解放。,system,02,04,Bad,01
27432,所以，必须杀死她们。,system,02,04,Bad,01
27433,这，就是我得出的答案。唯一能拯救大家的方法。,system,02,04,Bad,01
27434,我们缜密地制定计划，逐一夺走少女们的生命。,system,02,04,Bad,01
27435,是因为蕾雅在我身边才能做到。她既聪明又果断。,system,02,04,Bad,01
27436,所以，杀死少女们的过程，比我想像中要容易许多。,system,02,04,Bad,01
27437,这不是其他人能做到的事。唯有我与蕾雅，才能完成。,system,02,04,Bad,01
27438,蕾雅，谢谢你。,hiro,02,04,Bad,01
27439,我握住她的手。而她轻轻地摇了摇头。,system,02,04,Bad,01
27440,没关系的。,leia,02,04,Bad,01
27441,我原以为，你会反对我的计划。,hiro,02,04,Bad,01
27442,确实……在听到这个提议时我很震惊。不过，我认为你的想法是对的。,leia,02,04,Bad,01
27443,留给我们的救赎，已经只剩下“死”了。,leia,02,04,Bad,01
27444,大家都到极限了。……这一点我也一样。,leia,02,04,Bad,01
27445,她露出一丝自嘲的微笑。接着，像是在告解自己的罪行般继续说道。,system,02,04,Bad,01
27446,……我曾经对艾玛怀有杀意。一开始是源于嫉妒。,leia,02,04,Bad,01
27447,嫉妒？对艾玛？,hiro,02,04,Bad,01
27448,嗯。因为，你总是那么在意艾玛啊。,leia,02,04,Bad,01
27449,如果那样继续下去，就算今天我们没有这么做，我迟早也会杀了她。,leia,02,04,Bad,01
27450,！,hiro,02,04,Bad,01
27451,我啊，我想让希罗，只看着我一个人。,leia,02,04,Bad,01
27452,蕾雅的语气似带着一丝玩笑，但眼神却无比认真。,system,02,04,Bad,01
27453,我不知该作何反应。这时，她再次开口说道。,system,02,04,Bad,01
27454,所以我其实很高兴。你愿意告诉我。还愿意选我成为你的共犯。,leia,02,04,Bad,01
27455,啊……原来如此。我能和魔女化抵抗到最后，或许正是因为这个原因吧。,leia,02,04,Bad,01
27456,因为希罗，选择了我。,leia,02,04,Bad,01
27457,蕾雅深深凝视着我。她的双瞳，正闪耀着宝石般的光芒。,system,02,04,Bad,01
27458,她的眼睛让我明白，留给我们的时间已经不多了。那并非比喻，她的瞳孔正逐渐硬化，如同真正的宝石。,system,02,04,Bad,01
27459,这应该是药的副作用。蕾雅饮下的药，正是藏在监牢中的【杀死魔女的药】。,system,02,04,Bad,01
27460,我们曾经立下誓言。当一切结束之时，便亲手让帷幕落下。,system,02,04,Bad,01
27461,……谢谢你。,leia,02,04,Bad,01
27462,再等等我。我还有话，想对你说……,hiro,02,04,Bad,01
27463,应该道谢的，是我才对……,hiro,02,04,Bad,01
27464,虽然只是短短的时间，但我真的很高兴能与你同行。能在这监牢中遇见你，真的太好了……,hiro,02,04,Bad,01
27465,那些羞于启齿的话语，如今终于倾泻而出。,system,02,04,Bad,01
27466,话音刚落。,system,02,04,Bad,01
27467,蕾雅已悄然没了呼吸。,system,02,04,Bad,01
27468,不知她是否听见了我的心声——,system,02,04,Bad,01
27469,希罗，请你跟我一起去吧。,leia,02,04,Bad,01
27470,不知为何，蕾雅突然单膝跪地，郑重而优雅地向我伸出了手。,system,02,04,Bad,01
27471,那动作宛如向公主求爱的王子一般。,system,02,04,Bad,01
27472,当我牵起她的手的那一刻。,system,02,04,Bad,01
27473,似乎感受到了我和蕾雅之间的某种连结。就像是拼图终于找到了最后一块。就像是卡住的齿轮终于啮合在一起。一种奇妙的感受。,system,02,04,Bad,01
27474,如今我终于明白。那就是悟到自己正与命中注定的另一半相遇的瞬间。,system,02,04,Bad,01
27475,但如今，一切都已失去。,system,02,04,Bad,01
27476,我已经永远失去了名为莲见蕾雅的另一半。,system,02,04,Bad,01
27477,我也马上就去找你。,hiro,02,04,Bad,01
27478,我取出药瓶，一口饮尽瓶中液体。与蕾雅喝下的一样——是【杀死魔女的药】。,system,02,04,Bad,01
27479,这样，我应该也能彻底死去吧。,system,02,04,Bad,01
27480,是否死亡回溯的魔法不会再发动，就此迎来终焉呢。,system,02,04,Bad,01
27481,我闭上双眼。,system,02,04,Bad,01
27482,静静等待帷幕落下那一刻。,system,02,04,Bad,01
27483,希罗！？你要去哪……,leia,02,04,Bad,02
27484,那边好像也有什么东西。我去看看。,hiro,02,04,Bad,02
27485,你先去追典狱长吧，我随后就到。,hiro,02,04,Bad,02
27486,好吧，我会的。你千万要小心。,leia,02,04,Bad,02
27487,你也要小心。,hiro,02,04,Bad,02
27488,我与蕾雅就这样分开了。我朝着影子离开的方向——湖的深处走去。,system,02,04,Bad,02
27489,哈啊，哈啊，哈啊……到底去哪了？,hiro,02,04,Bad,02
27490,寂静无声的湖面，让人感觉有点毛骨悚然。,system,02,04,Bad,02
27491,（是我看错了……？）,hiro,02,04,Bad,02
27492,如果是那样，就没有待在这里的理由了。,system,02,04,Bad,02
27493,（得去追蕾雅才行）,hiro,02,04,Bad,02
27494,正当我这样想着，转过身时。,system,02,04,Bad,02
27495,！,hiro,02,04,Bad,02
27496,（是什么时候……）,hiro,02,04,Bad,02
27497,水声使我一惊，回头一看，那里站着一名少女。,system,02,04,Bad,02
27498,而且是素未谋面的少女。,system,02,04,Bad,02
27499,你是……,hiro,02,04,Bad,02
27500,我一开口，那少女就像一团烟雾一般消失了。,system,02,04,Bad,02
27501,（怎么回事……？）,hiro,02,04,Bad,02
27502,完全搞不懂。,system,02,04,Bad,02
27503,总之，最好先把这里有个陌生少女的事告诉其他人。,system,02,04,Bad,02
27504,我正要转身去追蕾雅，就在此时。,system,02,04,Bad,02
27505,——！,hiro,02,04,Bad,02
27506,有什么东西扯住了我的脚，我无法浮出水面。,system,02,04,Bad,02
27507,（到底怎么回事……！）,hiro,02,04,Bad,02
27508,我慌乱地环顾昏暗的水下，刚才那少女正抓住我的脚微笑着。,system,02,04,Bad,02
27509,终于……终于抓到下一个了。,Girl,02,04,Bad,02
27510,（下一个……？）,hiro,02,04,Bad,02
27511,我还在思考她那欣喜的语气是什么意思时，身体已不断被拖往水深处。,system,02,04,Bad,02
27512,（要窒息了……这么下去我会……！）,hiro,02,04,Bad,02
27513,我向着逐渐远去的水面伸出手，却怎么也够不着。,system,02,04,Bad,02
27514,（啊啊……这样下去，会死……）,hiro,02,04,Bad,02
27515,呵呵，没关系的……就这样放松身体，交给我吧。,Girl,02,04,Bad,02
27516,她的嗓音温柔，如同安抚幼儿一般，引导我走向这次生命的终点。,system,02,04,Bad,02
27517,唔！哈啊……哈啊……,hiro,02,04,Bad,02
27518,醒来时，我发现自己身处湖畔。,system,02,04,Bad,02
27519,（为什么……）,hiro,02,04,Bad,02
27520,通常情况下，应该是在上一次睡着的地方醒来才对。,system,02,04,Bad,02
27521,（总之得先回监牢）,hiro,02,04,Bad,02
27522,虽然感觉到了一种奇妙的异样，我还是朝监牢走去。,system,02,04,Bad,02
27523,一回到监牢，一股阴郁的气氛扑面而来，我不禁皱起了眉头。,system,02,04,Bad,02
27524,（怎么回事……？）,hiro,02,04,Bad,02
27525,无论怎么想，情况都不对劲。正当我打算找人问问时，看到蕾雅和米莉亚一起朝这边走来。,system,02,04,Bad,02
27526,（啊，正好可以……）,hiro,02,04,Bad,02
27527,蕾雅、米莉亚……,hiro,02,04,Bad,02
27528,米莉亚，你要振作一点。,leia,02,04,Bad,02
27529,对不起……对不起。我知道自己必须振作起来，可是……,miria,02,04,Bad,02
27530,米莉亚泪如雨下，她身旁的蕾雅也面色沉痛地低着头。,system,02,04,Bad,02
27531,你们两个，到底发生什么事了？,hiro,02,04,Bad,02
27532,……,leia,02,04,Bad,02
27533,……,miria,02,04,Bad,02
27534,为什么都不回答我？你们听得见吧？,hiro,02,04,Bad,02
27535,我反复呼喊，她们连看都不看我一眼。,system,02,04,Bad,02
27536,简直就像，真的听不到我的声音一样。,system,02,04,Bad,02
27537,（这不可能……）,hiro,02,04,Bad,02
27538,我们该回去了。大家一定也在担心吧。,leia,02,04,Bad,02
27539,……嗯，好。但我还是无法相信……,miria,02,04,Bad,02
27540,小希竟然……死了……,miria,02,04,Bad,02
27541,……,hiro,02,04,Bad,02
27542,（我……死了？）,hiro,02,04,Bad,02
27543,这不可能。,system,02,04,Bad,02
27544,我想追上她们问个清楚，双脚却像被钉在地上一样动弹不得。,system,02,04,Bad,02
27545,（不，这不可能……一定哪里搞错了）,hiro,02,04,Bad,02
27546,我怎么会已经死了……,hiro,02,04,Bad,02
27547,呵呵，没有搞错哦。,Girl,02,04,Bad,02
27548,！？,hiro,02,04,Bad,02
27549,我猛地回头看向声音响起的方向，只见那里站着一名少女。,system,02,04,Bad,02
27550,就是在湖边见到的，那个少女。把我拖入湖底的，那个少女。,system,02,04,Bad,02
27551,……为什么你会在这。,hiro,02,04,Bad,02
27552,想着在我消失之前，先告诉你一声。,Girl,02,04,Bad,02
27553,消失……？,hiro,02,04,Bad,02
27554,面对茫然的我，她露出了无比愉悦的笑容。,system,02,04,Bad,02
27555,你已经死在那个湖里了。作为替代我的祭品。,Girl,02,04,Bad,02
27556,多亏你，我终于可以从这里解脱了。,Girl,02,04,Bad,02
27557,（祭品……）,hiro,02,04,Bad,02
27558,一股恶寒爬满全身，令我不由得颤抖。,system,02,04,Bad,02
27559,接下来轮到你了。直到献上下一个祭品前，你会永～远被囚禁在这座监牢里哦。,Girl,02,04,Bad,02
27560,少女说完，身影便渐渐淡去。,system,02,04,Bad,02
27561,等、等等！我还有话想问……！,hiro,02,04,Bad,02
27562,后面的你就自己查吧。,Girl,02,04,Bad,02
27563,没事。反正你的时间多得是呢。名副其实，多得要死。,Girl,02,04,Bad,02
27564,少女只留下一声轻笑，便彻底消失了。,system,02,04,Bad,02
27565,（为什么……）,hiro,02,04,Bad,02
27566,——那时候，要是不去追什么影子就好了。——说到底，当初要是不去什么湖边就好了。,system,02,04,Bad,02
27567,（……不，那个少女说的也不一定是真的）,hiro,02,04,Bad,02
27568,为了抓住最后一缕希望，我朝着大家可能会在的会客厅走去。,system,02,04,Bad,02
27569,大家！！,hiro,02,04,Bad,02
27570,我一边扯着前所未有的大嗓门呼喊，一边冲进了会客厅。,system,02,04,Bad,02
27571,会客室里除了米莉亚与蕾雅，所有幸存成员都到齐了。,system,02,04,Bad,02
27572,每个人都神情沉痛，没有一个人看向我。,system,02,04,Bad,02
27573,你们听不到我的声音吗！喂，其实你们听得见的吧？,hiro,02,04,Bad,02
27574,……要是我当时跟着小希就好了……,miria,02,04,Bad,02
27575,我也是……,leia,02,04,Bad,02
27576,希罗怎么会就这么死掉……,ema,02,04,Bad,02
27577,艾玛！我就在这里！我没有死！！,hiro,02,04,Bad,02
27578,呜呜，希罗……怎么会，我不要……我不要这样……,ema,02,04,Bad,02
27579,艾玛……,miria,02,04,Bad,02
27580,艾玛的眼泪大颗大颗滚落，哭着瘫坐在地上。,system,02,04,Bad,02
27581,艾玛！不是的！我还活着！！这一定是，什么恶作剧——！,hiro,02,04,Bad,02
27582,（这太奇怪了……奇怪，太奇怪了，太奇怪了太奇怪了！）,hiro,02,04,Bad,02
27583,我在这里！我就在这里啊！我根本没死！所以……拜托了，谁都好，注意到我吧……,hiro,02,04,Bad,02
27584,无论我如何哭喊，如何尖叫，我的声音都传不到任何人耳中——,system,02,04,Bad,02
27585,在连死亡都不被允许的绝望笼罩下，我被囚禁在这座监牢之中，直到永远。,system,02,04,Bad,02
27586,反正就算我制止，你也不会听吧……那就随你便好了。,hiro,02,04,Bad,03
27587,希罗你很懂我嘛！那么那么，我先暂时回地面一趟哦！,sherry,02,04,Bad,03
27588,雪莉在中途停下电梯，随即按下了去上层的按钮。,system,02,04,Bad,03
27589,电梯门一开，映入眼帘的是一脸惊讶的蕾雅。,system,02,04,Bad,03
27590,……咦？地下探索这就结束了吗？,leia,02,04,Bad,03
27591,不是的！在那之前我还有点想试试看的事！,sherry,02,04,Bad,03
27592,橘雪莉立刻关上电梯门，然后反复按着按钮。,system,02,04,Bad,03
27593,……你只是在随便乱按而已吧？,hiro,02,04,Bad,03
27594,才不是呢！我有好好按照顺序来的！,sherry,02,04,Bad,03
27595,电梯一再升起又降下，反复不停。,system,02,04,Bad,03
27596,（总感觉开始有点恶心想吐了……）,hiro,02,04,Bad,03
27597,我正想着是不是该劝她适可而止时，电梯终于停住了。,system,02,04,Bad,03
27598,（结束了吗？）,hiro,02,04,Bad,03
27599,电梯门开启，却没有人进来。,system,02,04,Bad,03
27600,够了。差不多该继续探索地下的正事了。,hiro,02,04,Bad,03
27601,……要去下面，必须去下面……,sherry,02,04,Bad,03
27602,你在听吗？,hiro,02,04,Bad,03
27603,要去……地……去……异世……,sherry,02,04,Bad,03
27604,雪莉一边念叨着什么，一边按下了通往地下的按钮。,system,02,04,Bad,03
27605,……带、……你去。,sherry,02,04,Bad,03
27606,？,hiro,02,04,Bad,03
27607,（到底怎么回事？）,hiro,02,04,Bad,03
27608,就在刚才，她还为了异世界什么什么的在那大惊小怪，现在却安静得有些怪异。,system,02,04,Bad,03
27609,（就那么想去异世界吗？）,hiro,02,04,Bad,03
27610,虽然觉得以雪莉的性格，应该不至于为这点小事消沉，但她的样子确实很反常。,system,02,04,Bad,03
27611,我正想着这些有的没的，电梯停下了。,system,02,04,Bad,03
27612,……好黑啊。,hiro,02,04,Bad,03
27613,门外，是连一丝光线都不存在的极致黑暗。,system,02,04,Bad,03
27614,就连我也忍不住犹豫要不要下电梯。,system,02,04,Bad,03
27615,可雪莉却毫不在意，迈步踏向黑暗中。,system,02,04,Bad,03
27616,……,sherry,02,04,Bad,03
27617,什……喂，等等！,hiro,02,04,Bad,03
27618,雪莉仿佛能看见路一般，径直向前走得飞快。,system,02,04,Bad,03
27619,眨眼间，她的身影就被黑暗吞没，再也看不见了。,system,02,04,Bad,03
27620,我慌忙追了上去。,system,02,04,Bad,03
27621,真是的，又自顾自地——,hiro,02,04,Bad,03
27622,……希罗！,sherry,02,04,Bad,03
27623,……欸？,hiro,02,04,Bad,03
27624,突然，雪莉的声音响起。,system,02,04,Bad,03
27625,但那声音不知为何，却是从我背后——电梯里传来的。,system,02,04,Bad,03
27626,雪莉应该是在我前面先下的电梯才对。,system,02,04,Bad,03
27627,希罗！快点，快点回来……！,sherry,02,04,Bad,03
27628,怎么回事？雪莉怎么会还在电梯里？,system,02,04,Bad,03
27629,我搞不懂。但有一点可以确定的是——我最好回到电梯里去。,system,02,04,Bad,03
27630,不行……不会让你回去。,Girl,02,04,Bad,03
27631,这声音和雪莉一模一样。但声音里的森森寒意，令我毛骨悚然。,system,02,04,Bad,03
27632,（不能回头）,hiro,02,04,Bad,03
27633,——！,hiro,02,04,Bad,03
27634,希罗！赶紧啊！！,sherry,02,04,Bad,03
27635,我猛然转身，电梯却在我眼前开始缓缓上升。,system,02,04,Bad,03
27636,（怎么会……！）,hiro,02,04,Bad,03
27637,等等！,hiro,02,04,Bad,03
27638,希罗，快点！！,sherry,02,04,Bad,03
27639,我拼命伸出手。,system,02,04,Bad,03
27640,只差一点。只差一点点就——,system,02,04,Bad,03
27641,呵呵……不行哦。不让你回去、不让你回、不准你回、不准你逃。,Girl,02,04,Bad,03
27642,噫！？,hiro,02,04,Bad,03
27643,黑暗中伸出的手缠上了我的身体。,system,02,04,Bad,03
27644,不要！住手，放开我！,hiro,02,04,Bad,03
27645,希罗！希罗！,sherry,02,04,Bad,03
27646,我越是挣扎，纠缠上来的手就越是增多，它们正试图将我拖入黑暗深处。,system,02,04,Bad,03
27647,——就在这里，一起度过吧。——一同融化在这黑暗。——永远，在这黑暗中。,system,02,04,Bad,03
27648,不要不要不要不要不要不要不要！,hiro,02,04,Bad,03
27649,我试图挣脱那些在脑中不断回响的低语，却无能为力。我的身体、我的视野、我的意识，全都被黑暗逐一蚕食。,system,02,04,Bad,03
27650,啊，啊啊……啊啊！,hiro,02,04,Bad,03
27651,（不行，再这样下去我会……）,hiro,02,04,Bad,03
27652,救救……,hiro,02,04,Bad,03
27653,……希罗！,sherry,02,04,Bad,03
27654,随着雪莉撕心裂肺的呼喊戛然而止，我再也未能见到光明。,system,02,04,Bad,03
27655,（……我要杀了艾玛）,hiro,02,04,Bad,04
27656,这个念头在脑海中成型的瞬间。犹豫不决的心，仿佛终于找到了方向。,system,02,04,Bad,04
27657,艾玛她啊，总有一天会成为带来灾祸的魔女哦。,yuki,02,04,Bad,04
27658,她会杀死很多人。,yuki,02,04,Bad,04
27659,会让大家变得不幸。,yuki,02,04,Bad,04
27660,我回想起小雪曾说过的话。,system,02,04,Bad,04
27661,小雪是因为遭受霸凌而自杀的。,system,02,04,Bad,04
27662,艾玛选择做个旁观者，不去保护被霸凌的小雪，甚至对这一切视而不见。,system,02,04,Bad,04
27663,这恐怕才是樱羽艾玛的本性。,system,02,04,Bad,04
27664,她就是给世界带来灾祸的，邪恶魔女。,system,02,04,Bad,04
27665,她在这座监牢里的暴露出的可疑举动和诡异言辞，正印证了这一点。,system,02,04,Bad,04
27666,（所以，我要杀了艾玛）,hiro,02,04,Bad,04
27667,不，我必须杀了艾玛。这是对世界来说最正确的选择。,system,02,04,Bad,04
27668,我伸出手，握住艾玛纤细的脖颈。接着，手指慢慢施力。,system,02,04,Bad,04
27669,指尖传来仿佛轻轻一折就会断裂的脆弱感。,system,02,04,Bad,04
27670,——和艾玛共度的童年时光。,system,02,04,Bad,04
27671,——小雪、艾玛，还有我。三人一起度过的日子。,system,02,04,Bad,04
27672,——在这座监牢中发生的一切。,system,02,04,Bad,04
27673,与艾玛有关的回忆，在脑海中不断旋转。,system,02,04,Bad,04
27674,我感到窒息般的痛苦。可勒住她脖子的明明是我。,system,02,04,Bad,04
27675,唔……啊……,ema,02,04,Bad,04
27676,艾玛呻吟着睁开眼。看见是我，她的眼中浮现出惊恐与困惑。,system,02,04,Bad,04
27677,——别被她欺骗。,system,02,04,Bad,04
27678,我加重了手上的力道。,system,02,04,Bad,04
27679,啊……咕……呃！,ema,02,04,Bad,04
27680,艾玛手脚并用地挣扎着，试图抵抗。,system,02,04,Bad,04
27681,去死！去死去死去死！去死……！,hiro,02,04,Bad,04
27682,长久以来压抑心底的怨恨喷涌而出。我一刻也没有放松指尖的力道。,system,02,04,Bad,04
27683,终于——,system,02,04,Bad,04
27684,艾玛彻底不动了。像一滩烂泥倒在那里。,system,02,04,Bad,04
27685,哈啊……哈啊……死了……,hiro,02,04,Bad,04
27686,是我，杀死了，艾玛。,system,02,04,Bad,04
27687,这明明是正确的行动。可不知为何，心情却如此沉重。,system,02,04,Bad,04
27688,一股纷乱的情绪，侵蚀着我的内心。,system,02,04,Bad,04
27689,这就是罪恶感吗？,system,02,04,Bad,04
27690,我不知道。,system,02,04,Bad,04
27691,我说不清自己的感受。,system,02,04,Bad,04
27692,只想快速离开这里。,system,02,04,Bad,04
27693,我松开扼住艾玛脖子的手，向后退开一步。,system,02,04,Bad,04
27694,——为什么？,ema,02,04,Bad,04
27695,！？,hiro,02,04,Bad,04
27696,我的心脏猛地一跳。,system,02,04,Bad,04
27697,本以为已经死去的艾玛，竟然开口说话了。,system,02,04,Bad,04
27698,好过分啊，希罗。,ema,02,04,Bad,04
27699,艾玛缓缓撑起上半身。她声音昏暗，充斥着一种异样的气息。,system,02,04,Bad,04
27700,艾玛身上的气场让我不由自主地后退了一步。,system,02,04,Bad,04
27701,我还以为，我们又能和好了。,ema,02,04,Bad,04
27702,艾玛走下床，向我逼近。,system,02,04,Bad,04
27703,她的身姿扭曲变形，逐渐变成怪物。,system,02,04,Bad,04
27704,魔女化了吗……？,hiro,02,04,Bad,04
27705,面对步步逼近的艾玛，我感到了深不见底的恐惧。,system,02,04,Bad,04
27706,化为异形的艾玛纤弱而虚幻，却又透着某种美感，甚至有些神圣。,system,02,04,Bad,04
27707,但同时，我也感到了丑陋。一定是因为她身上孕育着不可名状的邪恶。,system,02,04,Bad,04
27708,（我没有错）,hiro,02,04,Bad,04
27709,艾玛果然是带来灾厄的魔女。,system,02,04,Bad,04
27710,——真的吗？,system,02,04,Bad,04
27711,事到如今，我的心依然在迷惘。思绪混乱不堪，始终无法坚定。,system,02,04,Bad,04
27712,究竟什么才是正确的。,system,02,04,Bad,04
27713,我到底应该怎么做？,system,02,04,Bad,04
27714,我……想起来了……关于她的事，和我的罪……,ema,02,04,Bad,04
27715,她其实，一直都在我身边哦。,ema,02,04,Bad,04
27716,你在说什么……？,hiro,02,04,Bad,04
27717,艾玛的视线无法聚焦，在空中游移不定。,system,02,04,Bad,04
27718,她总是在我耳边说……,ema,02,04,Bad,04
27719,……说，大家都去死就好了。所以啊……,ema,02,04,Bad,04
27720,艾玛飘忽不定的眼神锁定了我。,system,02,04,Bad,04
27721,希罗你也去死吧？,ema,02,04,Bad,04
27722,你说什——,hiro,02,04,Bad,04
27723,如同断线木偶，希罗当场瘫倒下去。,system,02,04,Bad,04
27724,二阶堂希罗死了。,system,02,04,Bad,04
27725,因觉醒后的艾玛施展出【魔女杀手】魔法，希罗没能发动死亡回溯，而是迎来了真正的死亡。,system,02,04,Bad,04
27726,艾玛茫然伫立在希罗的尸骸前。一个声音在艾玛耳边轻柔地低语道：,system,02,04,Bad,04
27727,——我们还要杀很多很多人哦，艾玛。,system,02,04,Bad,04
27728,（……这场审判要投出谁是杀害艾玛的凶手……是吗）,hiro,02,04,Trial,00
27729,（艾玛和蕾雅都死了……而我却成了嫌疑人）,hiro,02,04,Trial,00
27730,（“绝望”两个字……在这样的状况下真是再贴切不过了）,hiro,02,04,Trial,00
27731,（……但）,hiro,02,04,Trial,00
27732,（我不能放弃）,hiro,02,04,Trial,00
27733,（一定要揪出杀害艾玛和蕾雅的凶手……！）,hiro,02,04,Trial,00
27734,那好……我们就开始讨论吧！,sherry,02,04,Trial,00
27735,……等等。,alisa,02,04,Trial,00
27736,到底是要讨论哪个啊……,alisa,02,04,Trial,00
27737,当然是刚刚发生的这起凶杀案啦！,sherry,02,04,Trial,00
27738,为了让两位死者冤屈得以昭雪，我们必须找出凶手！,sherry,02,04,Trial,00
27739,凶、凶杀案……！,hanna,02,04,Trial,00
27740,呃，亚里沙的意思是……,miria,02,04,Trial,00
27741,我们应该先【讨论哪起案件】……对吧？,miria,02,04,Trial,00
27742,毕竟……有两具尸体呢。,miria,02,04,Trial,00
27743,嗯～……说得也是呢！,sherry,02,04,Trial,00
27744,那我们先梳理一下案情，从情况更容易理清的部分开始讨论，怎么样？,sherry,02,04,Trial,00
27745,说不定在推理过程中，两起案件的凶手都会被我们找到哦！,sherry,02,04,Trial,00
27746,如果找不到的话，那就继续进行审判，直到找到为止！,sherry,02,04,Trial,00
27747,在查明所有凶手之前……不可以停止讨论哦！,sherry,02,04,Trial,00
27748,……就算你这么说，也不知道该从哪里讨论起啊。,alisa,02,04,Trial,00
27749,……那就由大叔我先来说说调查到的内容吧。,miria,02,04,Trial,00
27750,首先是……小艾尸体的相关情况。,miria,02,04,Trial,00
27751,小艾的尸体，是在电梯里被发现的。,miria,02,04,Trial,00
27752,死因很可能是，两处刺伤……,miria,02,04,Trial,00
27753,应该是被小蕾的刺剑所刺伤的。,miria,02,04,Trial,00
27754,蕾、蕾雅的刺剑……为什么会……,hanna,02,04,Trial,00
27755,虽然大叔我们乘上电梯那时，并没有留意到……电梯的地板上，有一些擦拭过血迹的痕迹。,miria,02,04,Trial,00
27756,什么时候沾上的血迹就不知道了呢。因为乘坐电梯的时候，我也没有看得很仔细。,sherry,02,04,Trial,00
27757,……有一点比较奇怪，那就是小艾穿着的是舞台剧的服装。,miria,02,04,Trial,00
27758,推定死亡时间……大概是发现时往前推1小时以内。,miria,02,04,Trial,00
27759,这是小蕾教我的一点皮毛知识，所以大叔我也不是很确定……,miria,02,04,Trial,00
27760,魔女图鉴 更新…,"@toast ""|#Toast_001|""",02,04,Trial,00
27761,……这么说来。,alisa,02,04,Trial,00
27762,樱羽穿的那身舞台服……就是之前放在画室里那件吧。,alisa,02,04,Trial,00
27763,我记得……大概是接到典狱长发现尸体的通知的【15分钟前】左右吧。,alisa,02,04,Trial,00
27764,那时舞台服装应该还在画室里。,alisa,02,04,Trial,00
27765,那么艾玛被杀害的时间，可能就是在那之后了呢。,sherry,02,04,Trial,00
27766,然后……接下来是小蕾。,miria,02,04,Trial,00
27767,小蕾的尸体是在电梯顶板上方的空间发现的。,miria,02,04,Trial,00
27768,后脑勺有被硬物打击过的痕迹……,miria,02,04,Trial,00
27769,这很可能就是死因。,miria,02,04,Trial,00
27770,虽然她戴着舞台服装的王冠……,miria,02,04,Trial,00
27771,但并没有发现被用这个王冠殴打过的痕迹。,miria,02,04,Trial,00
27772,小蕾的尸体被发现时，好像也是死后1小时内……,miria,02,04,Trial,00
27773,还有一点……电梯前有一个可疑的证据呢。,hanna,02,04,Trial,00
27774,啊对！就是那个吧！,sherry,02,04,Trial,00
27775,可疑……吗。,alisa,02,04,Trial,00
27776,我觉得在这种情况下还能面不改色的橘才更可疑吧……,alisa,02,04,Trial,00
27777,不要在意那些细节啦！,sherry,02,04,Trial,00
27778,别管这些有的没的，继续讨论吧。,hanna,02,04,Trial,00
27779,我找到的是这个哇～！,hanna,02,04,Trial,00
27780,这是……梯子！！,sherry,02,04,Trial,00
27781,啊……？这和那种不能自立的梯子不一样，应该叫人字梯才对……？,miria,02,04,Trial,00
27782,都是用来爬到高处的，没区别！看事情要注重事物的本质哦，米莉亚！,sherry,02,04,Trial,00
27783,欸、欸欸……？,miria,02,04,Trial,00
27784,哪个都差不多啦～！,hanna,02,04,Trial,00
27785,发现这东西的时候，上面已经沾有血迹了哦。,hanna,02,04,Trial,00
27786,也就是说在这附近发生了某些犯罪行为呢！,sherry,02,04,Trial,00
27787,发现两具尸体的现场都在电梯里……,sherry,02,04,Trial,00
27788,至少，可以肯定的是，她们两人是在这附近被杀害的！,sherry,02,04,Trial,00
27789,……我没有去那附近。我一直都在监牢里闲逛。,alisa,02,04,Trial,00
27790,我是听说了你们发现尸体的事……但那都是你们几个之间该解决的事吧。,alisa,02,04,Trial,00
27791,与我无关……因为我不可能跟案件扯上关系。,alisa,02,04,Trial,00
27792,但是反过来说，也就是【没有目击证言】可以证明你的清白。,sherry,02,04,Trial,00
27793,需要再整理一下每个人的行动路线呢！,sherry,02,04,Trial,00
27794,……整理一下就是，小沙在地面上的时候，大叔我们一直待在地下。,miria,02,04,Trial,00
27795,但是在那期间，是各自随意行动的，所以也不能说每个人都有不在场证明……,miria,02,04,Trial,00
27796,很遗憾……我们也不清楚，蕾雅和艾玛到底是什么时候不见的……,hanna,02,04,Trial,00
27797,大叔我们四个人，因为到了集合时间也没见到她们两个，就以为她们先回去了，才乘上了电梯。,miria,02,04,Trial,00
27798,那部电梯有人数限制，一次只能乘坐两个人。,sherry,02,04,Trial,00
27799,但是那个时候警示音响了……,sherry,02,04,Trial,00
27800,咦？电梯不动……？,sherry,02,04,Trial,00
27801,难道是坏了……？,hanna,02,04,Trial,00
27802,看来只能一次上去一个人了。汉娜你先请吧！,sherry,02,04,Trial,00
27803,返程的时候只能一个一个乘坐了。,sherry,02,04,Trial,00
27804,除了小希没上去以外，大叔我们都上去了，在那之后……电梯又回到了地下。,miria,02,04,Trial,00
27805,……这时在我面前，电梯门打开了。,hiro,02,04,Trial,00
27806,里面是艾玛的尸体。,hiro,02,04,Trial,00
27807,…………,alisa,02,04,Trial,00
27808,但是，电梯只能乘坐一个人……,hiro,02,04,Trial,00
27809,所以直接把她运上去是不可能的。,hiro,02,04,Trial,00
27810,所以我才先拍下了现场的照片，把艾玛放下来，我再上去。,hiro,02,04,Trial,00
27811,向在那里等待的三人说明了情况。,hiro,02,04,Trial,00
27812,……原本，那部电梯是可以乘坐2人的。,hiro,02,04,Trial,00
27813,所以我推测是因为凶手藏在顶板上面，增加了一个人的重量，所以才无法乘坐……于是我就检查了一下电梯上方。,hiro,02,04,Trial,00
27814,结果就在那里……发现了蕾雅的尸体。,hiro,02,04,Trial,00
27815,……原来如此。,alisa,02,04,Trial,00
27816,……这样的话，说得简单点……,alisa,02,04,Trial,00
27817,【凶手就是最后乘坐电梯的二阶堂】。,alisa,02,04,Trial,00
27818,……这样对吗？,alisa,02,04,Trial,00
27819,……请允许我否定这样的假设。,hiro,02,04,Trial,00
27820,虽然我明白，我自己就是最令人怀疑的嫌疑人。,hiro,02,04,Trial,00
27821,所以我才会被关押……,hiro,02,04,Trial,00
27822,那么……就以此为前提展开讨论吧。,alisa,02,04,Trial,00
27823,讨论到底是谁杀了樱羽和莲见……,alisa,02,04,Trial,00
27824,到头来，是谁在二阶堂前面上的电梯啊？,alisa,02,04,Trial,01
27825,可、可能是大叔我吧？,miria,02,04,Trial,01
27826,但我上电梯的时候根本没看见尸体啊！,miria,02,04,Trial,01
27827,我和雪莉在上层，亲眼看到米莉亚从电梯里出来的哇……,hanna,02,04,Trial,01
27828,"但是电梯里并<link=""Objection_02_04_01_01"">没有</link>艾玛的尸体啊。",sherry,02,04,Trial,01
27829,"电梯里也<link=""Objection_02_04_01_02"">没地方能躲起来</link>……",sherry,02,04,Trial,01
27830,"总、总之大叔我<link=""Objection_02_04_01_03"">什么都没做</link>啦！",miria,02,04,Trial,01
27831,这么说来，凶手只能是二阶堂了吧。,alisa,02,04,Trial,01
27832,电梯下降之后，二阶堂杀害了樱羽。,alisa,02,04,Trial,01
27833,"……又或者是，把<link=""Objection_02_04_01_04"">事先杀害</link>的尸体搬过来，然后装作自己是刚发现的。",alisa,02,04,Trial,01
27834,只有这几种可能了吧。,alisa,02,04,Trial,01
27835,（要弄清楚到底发生了什么，必须整理清楚情况）,hiro,02,04,Trial,01
27836,（把可能性一个个排除……找到剩下的唯一真相！）,hiro,02,04,Trial,01
27837,三个人全都看漏了尸体,hiro,02,04,Trial,01
27838,返回,hiro,02,04,Trial,01
27839,有地方可以躲起来,hiro,02,04,Trial,01
27840,米莉亚藏起了尸体,hiro,02,04,Trial,01
27841,没有空闲杀人,hiro,02,04,Trial,01
27842,这可不一定。,hiro,02,04,Trial,01
27843,万一三个人都看漏了尸体呢？这样就说得通了。,hiro,02,04,Trial,01
27844,嗯～……真的吗？,sherry,02,04,Trial,01
27845,那时，在希罗之前有三个人乘坐了电梯。,sherry,02,04,Trial,01
27846,如果电梯里真有尸体，肯定会有人注意到的吧？,sherry,02,04,Trial,01
27847,小希乘坐之前电梯里就已经有小艾的尸体了吧……？,miria,02,04,Trial,01
27848,那样的话我们不可能看漏的吧！,hanna,02,04,Trial,01
27849,（……要说3个人全部都看漏了，确实证据不足）,hiro,02,04,Trial,01
27850,（但是再这么下去，我就注定要被处刑了）,hiro,02,04,Trial,01
27851,（必须想办法证明【除了我以外也有人能够作案的可能性】）,hiro,02,04,Trial,01
27852,……在我发现艾玛的尸体之前，乘坐电梯的是米莉亚。,hiro,02,04,Trial,01
27853,因此只有米莉亚才有可能作案……,hiro,02,04,Trial,01
27854,也就是说米莉亚杀害了艾玛，并把尸体藏了起来。,hiro,02,04,Trial,01
27855,大、大叔我是无辜的……！,miria,02,04,Trial,01
27856,因为那时电梯只能乘坐一个人才对吧……！？,miria,02,04,Trial,01
27857,是的，没错……所以我们那时才一个一个坐电梯上去呀……,hanna,02,04,Trial,01
27858,那这样说来，大叔我在电梯里杀害小艾这种事，是不可能的吧……！？,miria,02,04,Trial,01
27859,电梯里也没有可以藏身的地方哇！,sherry,02,04,Trial,01
27860,（……在那么短的时间内藏匿尸体这件事就很困难）,hiro,02,04,Trial,01
27861,（但是再这么下去，我就注定要被处刑了）,hiro,02,04,Trial,01
27862,（必须想办法证明【除了我以外也有人能够作案的可能性】）,hiro,02,04,Trial,01
27863,……不对。我根本没有时间杀害艾玛。,hiro,02,04,Trial,01
27864,为了把梅露露的尸体从冰块里取出来，我一直在凿冰。,hiro,02,04,Trial,01
27865,那反过来说，也意味着你独处的时间很长……不是吗？,sherry,02,04,Trial,01
27866,在这段时间里你不是完全有时间杀人吗？,alisa,02,04,Trial,01
27867,确实是这样！我认为这不能作为希罗的不在场证明！,sherry,02,04,Trial,01
27868,（……仅仅依靠我的证词并不能证明什么）,hiro,02,04,Trial,01
27869,（但是再这么下去，我就注定要被处刑了）,hiro,02,04,Trial,01
27870,（必须想办法证明【除了我以外也有人能够作案的可能性】）,hiro,02,04,Trial,01
27871,这可不一定。,hiro,02,04,Trial,01
27872,确实电梯里可能是无处藏身……,hiro,02,04,Trial,01
27873,但如果是在电梯轿厢外……在【头顶上】的话，是有可以藏身的地方的。,hiro,02,04,Trial,01
27874,头顶上……也就是电梯顶上的空间，对吧！,sherry,02,04,Trial,01
27875,没错。就是被雪莉砸穿的，通向电梯顶板上方的盖子……,hiro,02,04,Trial,01
27876,毫无疑问，那里是有可以藏身的空间的。,hiro,02,04,Trial,01
27877,毕竟，蕾雅的尸体就在那里！,hiro,02,04,Trial,01
27878,……就是啊！那个空间太可疑了！,sherry,02,04,Trial,01
27879,所以我早就提前调查过了！,sherry,02,04,Trial,01
27880,那个空间，也许应该叫它电梯的夹层吧。与寒冷的地下完全相反，那里非常闷热。,sherry,02,04,Trial,01
27881,可以确定的是，凶手一定使用过那个空间。因为那里残留着各种各样的痕迹！,sherry,02,04,Trial,01
27882,在那里发现了艾玛的衣服和她带来的行李，还有血液……疑似血液的液体。,sherry,02,04,Trial,01
27883,除此之外，就没有什么特别需要留意的地方了。,sherry,02,04,Trial,01
27884,魔女图鉴 更新…,エマが持っていた。,02,04,Trial,01
27885,毕竟留下了这么多的证物嘛！凶手很有可能在那里待过！,sherry,02,04,Trial,01
27886,【凶手曾经待在电梯顶板上的空间】……,miria,02,04,Trial,01
27887,……真的，是这样吗？,miria,02,04,Trial,01
27888,你的意思是？,sherry,02,04,Trial,01
27889,……大叔我其实有件事很在意，那我说了哦……,miria,02,04,Trial,01
27890,小希发现尸体的时候，电梯只能乘坐一个人。,miria,02,04,Trial,02
27891,如果不是这样的话，小希根本不需要把小艾从电梯里放下来了。,miria,02,04,Trial,02
27892,也就是说，电梯根本不可能容纳凶手乘坐了。……从重量上来说。,miria,02,04,Trial,02
27893,"不只是凶手，也就是说任何人都不可能<link=""Objection_02_04_02_01"">藏在</link>电梯里了！",sherry,02,04,Trial,02
27894,而且米莉亚和汉娜还有我，我们三个人当时都在上层等着希罗。,sherry,02,04,Trial,02
27895,就是呀！根本没有可能从上层把艾玛搬到电梯里呀！,hanna,02,04,Trial,02
27896,而且米莉亚下来的时候，电梯里也没有尸体！,sherry,02,04,Trial,02
27897,也就是说艾玛是在下层被搬进电梯的。,sherry,02,04,Trial,02
27898,如果凶手不是希罗的话……希罗不可能没看到凶手！,sherry,02,04,Trial,02
27899,（现在是只有我一个人被怀疑的局面……这样下去不妙）,hiro,02,04,Trial,02
27900,（但是我没有杀人……那么，其中一定有人在说谎……）,hiro,02,04,Trial,02
27901,（或者是，还有未知的信息）,hiro,02,04,Trial,02
27902,（……眼下为了收集信息，即使是细微的矛盾也应该试着指出来）,hiro,02,04,Trial,02
27903,可以藏在电梯里,hiro,02,04,Trial,02
27904,是我看漏了凶手,hiro,02,04,Trial,02
27905,有隐藏的楼层,hiro,02,04,Trial,02
27906,返回,hiro,02,04,Trial,02
27907,也就是说，是我看漏了凶手。只能这么判断了。,hiro,02,04,Trial,02
27908,欸欸……？这、这合理吗……！？,miria,02,04,Trial,02
27909,电梯到达地下的时候，我正在考虑事情……,hiro,02,04,Trial,02
27910,（……是的，那时我满脑子都是艾玛的事——）,hiro,02,04,Trial,02
27911,凶手趁我不备，把艾玛的尸体搬进了电梯。,hiro,02,04,Trial,02
27912,……这也太离谱了，怎么可能看漏扛着一具尸体的凶手。,alisa,02,04,Trial,02
27913,那种事不可能发生哇～！,hanna,02,04,Trial,02
27914,如果真是这样的话，希罗的所有证言都不能采信了！,sherry,02,04,Trial,02
27915,（……反而让自己的发言更不可信了）,hiro,02,04,Trial,02
27916,（电梯的载人上限是2人……）,hiro,02,04,Trial,02
27917,（……假如已经承载了两具尸体，就不能乘坐其他人了。这么考虑是合理的）,hiro,02,04,Trial,02
27918,（但是，就现场的情况而言，还有可疑之处。试着指出其他的可能性吧）,hiro,02,04,Trial,02
27919,（……那时我只看到了艾玛的尸体。也就是说，真凶是——）,hiro,02,04,Trial,02
27920,不，没必要藏在电梯里。,hiro,02,04,Trial,02
27921,只要在地面和地下之间有隐藏的楼层就可以做到。,hiro,02,04,Trial,02
27922,隐、隐藏的楼层……！？,miria,02,04,Trial,02
27923,真凶让电梯停在隐藏楼层，再把艾玛的尸体搬进电梯里。,hiro,02,04,Trial,02
27924,呃……如果真有这么个楼层的话，确实是可以为所欲为……,alisa,02,04,Trial,02
27925,但那个电梯根本连指定楼层的按钮都没有哇……？,hanna,02,04,Trial,02
27926,通往神秘冷冻室的电梯，还有本不该存在的楼层……虽然这个设定是让人有点兴奋啦——,sherry,02,04,Trial,02
27927,不过核心的隐藏楼层却没人找到呢，所以毫无说服力！,sherry,02,04,Trial,02
27928,先找到这个楼层再说吧，希罗！,sherry,02,04,Trial,02
27929,（目前还没有任何证据可以证明，电梯本身或中间楼层里，到底有没有什么机关……）,hiro,02,04,Trial,02
27930,（电梯的载人上限是2人……）,hiro,02,04,Trial,02
27931,（……假如已经承载了两具尸体，就不能乘坐其他人了。这么考虑是合理的）,hiro,02,04,Trial,02
27932,（但是，就现场的情况而言，还有可疑之处。试着指出其他的可能性吧）,hiro,02,04,Trial,02
27933,（……那时我只看到了艾玛的尸体。也就是说，真凶是——）,hiro,02,04,Trial,02
27934,不，其实藏在电梯里是完全可以做到的。不如说——,hiro,02,04,Trial,02
27935,早已藏在电梯里了。,hiro,02,04,Trial,02
27936,啊，难道……！,sherry,02,04,Trial,02
27937,没错。蕾雅在那里。,hiro,02,04,Trial,02
27938,……虽然，是以一具尸体的形式。,hiro,02,04,Trial,02
27939,原来如此！希罗说得确实有道理。,sherry,02,04,Trial,02
27940,在希罗进入电梯之前，艾玛就已经死了……,sherry,02,04,Trial,02
27941,也就是说你的推理是，【凶手是和艾玛同乘电梯的蕾雅】。,sherry,02,04,Trial,02
27942,（……既然我没有杀人，那么从现状来看，认为蕾雅是凶手很合理）,hiro,02,04,Trial,02
27943,（但是……即使如此，仍然存在不自然的地方……）,hiro,02,04,Trial,02
27944,（我是该指出这个疑点，还是——）,hiro,02,04,Trial,02
27945,……别再说了，就到此为止吧。,miria,02,04,Trial,02
27946,凶手就是小蕾……这样就好了。,miria,02,04,Trial,02
27947,欸！？为什么这么说？,sherry,02,04,Trial,02
27948,因为……大叔我实在不愿意相信……在我们之中，竟然有人杀了两名同伴……,miria,02,04,Trial,02
27949,再说……,miria,02,04,Trial,02
27950,这样一来……就不会再有人被处刑了，对不对……？,miria,02,04,Trial,02
27951,毕竟，根本就没有什么凶手啊……,miria,02,04,Trial,02
27952,我不想再看到任何人死去了……这种事根本就是错误的……,miria,02,04,Trial,02
27953,（……我能理解米莉亚的想法）,hiro,02,04,Trial,02
27954,（如果把蕾雅当作凶手，那就死无对证……或许我也能避免被处刑）,hiro,02,04,Trial,02
27955,（……但是）,hiro,02,04,Trial,02
27956,（如果真正的凶手另有其人，那就意味着真凶将逍遥法外）,hiro,02,04,Trial,02
27957,（蕾雅则会被扣上杀人犯的污名……）,hiro,02,04,Trial,02
27958,（而杀害两人的凶手……很可能已经【魔女化】了）,hiro,02,04,Trial,02
27959,（对这个可能性视而不见……真的好吗？）,hiro,02,04,Trial,02
27960,唔……我想想……,sherry,02,04,Trial,02
27961,也许可以先试着验证一下【蕾雅是凶手】这个假设。,sherry,02,04,Trial,02
27962,……但是，即使凶手真的是蕾雅，仍然还有未解决的谜团。,sherry,02,04,Trial,02
27963,这点小事就让大叔我来想办法解释清楚吧。,miria,02,04,Trial,02
27964,杀人，还有处刑什么的……我已经不想再眼睁睁看着任何人死去了！,miria,02,04,Trial,02
27965,假如凶手是小蕾，这起案件就解释得通了。,miria,02,04,Trial,03
27966,首先，插在小艾身上的，正是小蕾的刺剑，对吧？,miria,02,04,Trial,03
27967,"那么我认为最合理的推论，就是【<link=""Objection_02_04_03_01"">小蕾杀了小艾</link>】。",miria,02,04,Trial,03
27968,不过……你这种说法，有个无法回避的巨大【问题】吧？,alisa,02,04,Trial,03
27969,假设真的是莲见那家伙杀了樱羽吧……,alisa,02,04,Trial,03
27970,"可问题是，那莲见到底是<link=""Objection_02_04_03_02"">谁杀的</link>啊？",alisa,02,04,Trial,03
27971,确实，这一点是最棘手的呢！,sherry,02,04,Trial,03
27972,这样一来，那我觉得最合理的推测还是希罗下的手吧……,sherry,02,04,Trial,03
27973,……我没有杀人。,hiro,02,04,Trial,03
27974,难、难道就不能……再信任一下小希吗……！,miria,02,04,Trial,03
27975,我们都是一条船上的呀……！,miria,02,04,Trial,03
27976,但、但是假如真的是蕾雅杀害了艾玛……,hanna,02,04,Trial,03
27977,那岂不是意味着她们【同归于尽】了吗……？,hanna,02,04,Trial,03
27978,"虽、虽然确实很难这么认为……但是从<link=""Objection_02_04_03_03"">现场的情况</link>来看，也不能完全否定【同归于尽】的可能性啊！",miria,02,04,Trial,03
27979,"小艾要<link=""Objection_02_04_03_04"">杀害小蕾</link>，小蕾则反杀了小艾……",miria,02,04,Trial,03
27980,这起案件正是因为她们两人互相残杀而引发的……！,miria,02,04,Trial,03
27981,……确实，如果是这样就解释得通了……,hanna,02,04,Trial,03
27982,（米莉亚并不打算找出真凶）,hiro,02,04,Trial,03
27983,（如果真的不存在凶手，那自然没什么问题）,hiro,02,04,Trial,03
27984,（……但如果真凶另有其人，这么做就相当放虎归山）,hiro,02,04,Trial,03
27985,（我应当选择的【正确】道路是……）,hiro,02,04,Trial,03
27986,是艾玛杀的,hiro,02,04,Trial,03
27987,返回,hiro,02,04,Trial,03
27988,蕾雅是自杀的,hiro,02,04,Trial,03
27989,死因否定了同归于尽这个推测,hiro,02,04,Trial,03
27990,无法想像艾玛会杀人,hiro,02,04,Trial,03
27991,并不是有人杀害蕾雅。,hiro,02,04,Trial,03
27992,是蕾雅在杀害艾玛之后，选择了自杀。,hiro,02,04,Trial,03
27993,自、自杀……！确实这也有可能……！,miria,02,04,Trial,03
27994,……真的是这样吗？,sherry,02,04,Trial,03
27995,蕾雅的死因是【后脑勺遭受打击】对吧？,sherry,02,04,Trial,03
27996,确实……【自己攻击自己的后脑勺】好像是不太可能哇。,hanna,02,04,Trial,03
27997,这样说的话肯定就是被某人杀害的了……,alisa,02,04,Trial,03
27998,比如二阶堂……你。,alisa,02,04,Trial,03
27999,（反而让大家更加怀疑我了……）,hiro,02,04,Trial,03
28000,（……米莉亚想用【蕾雅是凶手】这个结论来给这起案件画上句号）,hiro,02,04,Trial,03
28001,（但她过于急躁，导致证据不够充分……）,hiro,02,04,Trial,03
28002,（仔细检查信息，发现矛盾就指出来吧）,hiro,02,04,Trial,03
28003,不，我倒觉得有可能是【艾玛杀了蕾雅】。,hiro,02,04,Trial,03
28004,艾玛打击蕾雅的后脑勺，杀死蕾雅后，夺走了蕾雅的剑，用它自杀而亡。,hiro,02,04,Trial,03
28005,艾玛真是行动力很强啊！,sherry,02,04,Trial,03
28006,可是……艾玛身上可是被刺了两次啊……？,miria,02,04,Trial,03
28007,……胸口和腹部，各一次。,alisa,02,04,Trial,03
28008,而且那把剑还一直插在腹部。,alisa,02,04,Trial,03
28009,最先被刺中的是胸口。,alisa,02,04,Trial,03
28010,被刺中胸口之后还能自己捅自己……感觉很难做到！,sherry,02,04,Trial,03
28011,那、那结果还是……【小蕾是凶手】……不是吗？,miria,02,04,Trial,03
28012,（【艾玛是凶手】……这个假设果然还是太牵强了）,hiro,02,04,Trial,03
28013,（……米莉亚想用【蕾雅是凶手】这个结论来给这起案件画上句号）,hiro,02,04,Trial,03
28014,（但她过于急躁，导致证据不够充分……）,hiro,02,04,Trial,03
28015,（仔细检查信息，发现矛盾就指出来吧）,hiro,02,04,Trial,03
28016,……那不可能。我不认为艾玛会杀人。,hiro,02,04,Trial,03
28017,但无论是谁，在有人想杀自己的时候，都会拼死反抗吧？,sherry,02,04,Trial,03
28018,……对。,alisa,02,04,Trial,03
28019,而且二阶堂你至今为止，每次审判不都一直在怀疑樱羽吗……,alisa,02,04,Trial,03
28020,你现在说这种话，根本没有一点说服力。,alisa,02,04,Trial,03
28021,（……无从反驳）,hiro,02,04,Trial,03
28022,（但……即便如此，我还是不认为是艾玛杀的）,hiro,02,04,Trial,03
28023,（……米莉亚想用【蕾雅是凶手】这个结论来给这起案件画上句号）,hiro,02,04,Trial,03
28024,（但她过于急躁，导致证据不够充分……）,hiro,02,04,Trial,03
28025,（仔细检查信息，发现矛盾就指出来吧）,hiro,02,04,Trial,03
28026,……不。现场的状况，反而否定了双方互相残杀的可能性。,hiro,02,04,Trial,03
28027,欸……！？什、什么意思……？,miria,02,04,Trial,03
28028,看看两人的死因就明白了。,hiro,02,04,Trial,03
28029,艾玛的死因是被蕾雅的刺剑所刺伤……而且是两次。,hiro,02,04,Trial,03
28030,蕾雅的死因则是后脑勺遭受的一击。,hiro,02,04,Trial,03
28031,如果她们真的是相互争斗导致同归于尽，相当于艾玛被从正面刺伤后，还能绕到蕾雅身后打击她的后脑。,hiro,02,04,Trial,03
28032,……啊！这么一说确实很不自然！,sherry,02,04,Trial,03
28033,……不过，万一樱羽拼尽全力做到了呢？有没有这种可能？,alisa,02,04,Trial,03
28034,比如，樱羽被刺伤后，趁着莲见转身的间隙袭击了她……,alisa,02,04,Trial,03
28035,【樱羽拼上性命换来两人同归于尽】……这个假设如何？,alisa,02,04,Trial,03
28036,不，这同样无法成立。,hiro,02,04,Trial,03
28037,观察艾玛的尸体就能得知。,hiro,02,04,Trial,03
28038,尸体……？是指她身上的两处伤口吗？,sherry,02,04,Trial,03
28039,嗯。,hiro,02,04,Trial,03
28040,这两处伤口，指向一个事实。那就是——,hiro,02,04,Trial,03
28041,杀意,@choice |#0204Trial03_Choice005|,02,04,Trial,03
28042,遇害地点,@choice |#0204Trial03_Choice006|,02,04,Trial,03
28043,换上衣服的时间点,@choice |#0204Trial03_Choice007|,02,04,Trial,03
28044,死亡的时间点。,hiro,02,04,Trial,03
28045,艾玛身中两剑，是众所周知的事实……这代表凶手是下了狠心要她死的。,hiro,02,04,Trial,03
28046,艾玛被凶手刺中两剑后彻底死亡……根本不可能在死后反击。,hiro,02,04,Trial,03
28047,……不过，这么设想也可以吧？,alisa,02,04,Trial,03
28048,樱羽在第一次中剑时，就反击了莲见……,alisa,02,04,Trial,03
28049,但莲见硬撑着，在临死前再刺了樱羽一剑……,alisa,02,04,Trial,03
28050,原来如此！这么一想的话，确实可以解释成是同归于尽呢！,sherry,02,04,Trial,03
28051,【两人同归于尽】——对这结论你有个毛意见？,alisa,02,04,Trial,03
28052,你这家伙，不会是藏了什么事吧？,alisa,02,04,Trial,03
28053,（……看来无法锁定死亡时间）,hiro,02,04,Trial,03
28054,（回想一下艾玛尸体的状态，重新整理思路吧）,hiro,02,04,Trial,03
28055,（那两处伤口是在什么情况下造成的……好好想清楚）,hiro,02,04,Trial,03
28056,被杀的地点。,hiro,02,04,Trial,03
28057,大家还记得艾玛穿的衣服吗？那身舞台服本来是放在画室的……,hiro,02,04,Trial,03
28058,也就是说艾玛是在画室遇害的！,hiro,02,04,Trial,03
28059,但现场的血迹也说明，电梯附近肯定是发生过什么的哇……？,hanna,02,04,Trial,03
28060,先杀人，再搬走尸体，给尸体换衣服，最后搬回来……,sherry,02,04,Trial,03
28061,反而越来越搞不懂凶手的想法了！,sherry,02,04,Trial,03
28062,（……反而扰乱了推理……）,hiro,02,04,Trial,03
28063,（回想一下艾玛尸体的状态，重新整理思路吧）,hiro,02,04,Trial,03
28064,（那两处伤口是在什么情况下造成的……好好想清楚）,hiro,02,04,Trial,03
28065,当然是，换上舞台服的时间点。,hiro,02,04,Trial,03
28066,……不，从尸体的状况看，更准确地说应该是【被换上舞台服的时间点】。,hiro,02,04,Trial,03
28067,被……换上……？,miria,02,04,Trial,03
28068,没错。艾玛是换了衣服……,hiro,02,04,Trial,03
28069,但无论是她本来穿着的衣服，还是舞台服上，都各有一个被刺穿的破洞。,hiro,02,04,Trial,03
28070,也就是说，胸口和腹部的两处刺伤，分别是在换衣服前后，这两个不同的时间点发生的。,hiro,02,04,Trial,03
28071,嗯……那也就是说……,sherry,02,04,Trial,03
28072,凶手先刺伤了一次穿着平时衣服的艾玛，之后特地帮她换上了舞台服，又补了一剑……,sherry,02,04,Trial,03
28073,是这个逻辑吧！,sherry,02,04,Trial,03
28074,没错。,hiro,02,04,Trial,03
28075,也就是说在这期间，替艾玛换衣服的凶手还活得好好的……,hiro,02,04,Trial,03
28076,假设蕾雅和艾玛是同归于尽的，在后脑遭受重击、伤重濒死的情况下，蕾雅哪还有时间去给艾玛换衣服？,hiro,02,04,Trial,03
28077,这么一说，确实有点不合常理呢！,sherry,02,04,Trial,03
28078,凶手在艾玛死后，至少还得活蹦乱跳一阵子才说得通！,sherry,02,04,Trial,03
28079,可、可是……！如果小艾根本没有杀人……,miria,02,04,Trial,03
28080,那小蕾最后是【自己一个人死掉的】，不也说得通吗……！,miria,02,04,Trial,03
28081,嚯嚯，这个观点很有意思！,sherry,02,04,Trial,03
28082,那就请米莉亚来阐述一下你的推理吧！,sherry,02,04,Trial,03
28083,……交给大叔我吧。我的推理……一定会让你们都信服的！,miria,02,04,Trial,03
28084,我相信这次案件的真凶一定是小蕾。,miria,02,04,Trial,04
28085,小蕾杀死小艾后，爬进了电梯顶板上方的空间……,miria,02,04,Trial,04
28086,随后，意外发生了。,miria,02,04,Trial,04
28087,……啊？意外？,alisa,02,04,Trial,04
28088,嗯……！,miria,02,04,Trial,04
28089,"比如说有什么<link=""Objection_02_04_04_01"">重物</link>掉下来……或者<link=""Objection_02_04_04_02"">头部撞到了</link>硬物之类的……",miria,02,04,Trial,04
28090,所以我认为蕾雅是后脑勺受到重击，意外身亡了……！,miria,02,04,Trial,04
28091,杀害樱羽之后，莲见就出意外死了……是吗。,alisa,02,04,Trial,04
28092,如、如果是意外的话，确实可能说得通……！,hanna,02,04,Trial,04
28093,如果希罗主张自己没杀人，那就只有这个可能了！,sherry,02,04,Trial,04
28094,"但是……现场有<link=""Objection_02_04_04_03"">能撞到头部的东西</link>吗？",sherry,02,04,Trial,04
28095,对、对呀～！并没有发现能当凶器的东西哇！,hanna,02,04,Trial,04
28096,"照你的推理，把莲见头砸烂的武器，就这么<link=""Objection_02_04_04_04"">凭空消失</link>了，这也行？",alisa,02,04,Trial,04
28097,这、这个嘛……也要分情况吧。,miria,02,04,Trial,04
28098,"比如从<link=""Objection_02_04_04_05"">高处坠落</link>……或者<link=""Objection_02_04_04_06"">电梯突然上升</link>，撞到了头之类的……",miria,02,04,Trial,04
28099,就算没有凶器，也应该是有可能重击头部的！,miria,02,04,Trial,04
28100,……啊！我想到了！,sherry,02,04,Trial,04
28101,比如用飘浮魔法，把人抬到高处再摔死——说不定也行呢！,sherry,02,04,Trial,04
28102,我才没有做那种事呢——！？,hanna,02,04,Trial,04
28103,（米莉亚的主张是，蕾雅杀了艾玛之后，遭遇了意外）,hiro,02,04,Trial,04
28104,（也就是说蕾雅的死只是偶然）,hiro,02,04,Trial,04
28105,（但这可能吗？）,hiro,02,04,Trial,04
28106,（或许应该先整理一下蕾雅死亡时的情况）,hiro,02,04,Trial,04
28107,被重物击中头部,hiro,02,04,Trial,04
28108,返回,hiro,02,04,Trial,04
28109,因摔倒而死亡,hiro,02,04,Trial,04
28110,王冠被动了手脚,hiro,02,04,Trial,04
28111,这样就行,hiro,02,04,Trial,04
28112,从高处坠落致死,hiro,02,04,Trial,04
28113,被压死,hiro,02,04,Trial,04
28114,……这座监牢的设施已经很老旧了。,hiro,02,04,Trial,04
28115,假如电梯顶部因年久失修，有什么重型零件掉下来呢？,hiro,02,04,Trial,04
28116,那样一来，蕾雅后脑的伤就能解释得通了。,hiro,02,04,Trial,04
28117,……那、那个【重型零件】现在在哪里呢……？,hanna,02,04,Trial,04
28118,并没有发现那种东西哦！,sherry,02,04,Trial,04
28119,虽然也不能排除是凶手拿走了……,alisa,02,04,Trial,04
28120,但也没有那方面的证据吧。,alisa,02,04,Trial,04
28121,那我觉得希罗的推理还是有点勉强！,sherry,02,04,Trial,04
28122,（要说有东西掉下来，确实不太容易让人信服啊……）,hiro,02,04,Trial,04
28123,（……现在争论的焦点，应该是蕾雅的死因）,hiro,02,04,Trial,04
28124,（在目前为止的讨论中，有没有哪条线索，能指向死因或凶器呢……？）,hiro,02,04,Trial,04
28125,……电梯顶上有些地方不容易站稳。,hiro,02,04,Trial,04
28126,蕾雅可能是在那里跌倒后……头部受到撞击导致死亡。,hiro,02,04,Trial,04
28127,那、那种事真的可能发生吗……！？,hanna,02,04,Trial,04
28128,如果真的跌倒了，电梯顶板上应该会留下头部撞击的凹痕吧……,sherry,02,04,Trial,04
28129,……倒是没有看到像是头部形状的血迹之类的。,miria,02,04,Trial,04
28130,至少也要发现类似的痕迹，希罗的假设才会更有说服力……,sherry,02,04,Trial,04
28131,就算电梯上面确实危险，但只是跌倒一次就不巧丧命……这不太合理吧。,alisa,02,04,Trial,04
28132,（如果要说后脑的伤痕是跌倒造成的，证据确实有些单薄……）,hiro,02,04,Trial,04
28133,（……现在争论的焦点，应该是蕾雅的死因）,hiro,02,04,Trial,04
28134,（在目前为止的讨论中，有没有哪条线索，能指向死因或凶器呢？）,hiro,02,04,Trial,04
28135,没错……凶器正是案发现场的那顶王冠。,hiro,02,04,Trial,04
28136,欸欸！？可是那东西上面看不出被当做凶器使用过的痕迹呀……！？,miria,02,04,Trial,04
28137,凶手一定是擦掉了血迹，还修复了王冠上的损伤。,hiro,02,04,Trial,04
28138,我觉得这不太可能啦……,miria,02,04,Trial,04
28139,而且那顶王冠的材质，也没硬到能当钝器的程度吧……？,miria,02,04,Trial,04
28140,我觉得根本不可能砸死人啦……,miria,02,04,Trial,04
28141,的确，我检查时也没有发现什么可疑的地方！,sherry,02,04,Trial,04
28142,那顶王冠似乎是米莉亚制作的……,sherry,02,04,Trial,04
28143,但她也没有对王冠做过手脚的样子！,sherry,02,04,Trial,04
28144,希罗！不能随便乱怀疑啦～！,hanna,02,04,Trial,04
28145,（关于王冠没有值得怀疑的点……）,hiro,02,04,Trial,04
28146,（……现在争论的焦点，应该是蕾雅的死因）,hiro,02,04,Trial,04
28147,（在目前为止的讨论中，有没有哪条线索，能指向死因或凶器呢？）,hiro,02,04,Trial,04
28148,……是啊。蕾雅是坠落致死的。,hiro,02,04,Trial,04
28149,坠落？是从哪里、怎么坠落的？,alisa,02,04,Trial,04
28150,蕾雅杀害艾玛后，潜入电梯顶板上方的空间……,hiro,02,04,Trial,04
28151,然后试图沿着墙壁爬到地面上，但——,hiro,02,04,Trial,04
28152,不慎手滑。……就这么摔死了。,hiro,02,04,Trial,04
28153,不过电梯的顶盖上方好像没有发现类似头部撞击的痕迹哦。,sherry,02,04,Trial,04
28154,……的确，虽然不能说完全没有可能，但证据太薄弱了。,alisa,02,04,Trial,04
28155,（从现场状况来看，恐怕不能说是坠落致死……）,hiro,02,04,Trial,04
28156,（……现在争论的焦点，应该是蕾雅的死因）,hiro,02,04,Trial,04
28157,（在目前为止的讨论中，有没有哪条线索，能指向死因或凶器呢？）,hiro,02,04,Trial,04
28158,没错。正如米莉亚的推理，如果电梯因为某个契机突然快速上升——,hiro,02,04,Trial,04
28159,在电梯顶盖上方的蕾雅，就会被电梯厢体和上方墙壁夹在中间压死。可以这么推断。,hiro,02,04,Trial,04
28160,……即使不到压死的程度，光是头撞到天花板，也有可能导致死亡。,hiro,02,04,Trial,04
28161,唔……,sherry,02,04,Trial,04
28162,但如果是那样的话，在电梯厢体的上方，也就是电梯井的天花板上，应该会留下头部撞击的痕迹吧。,sherry,02,04,Trial,04
28163,我也检查过那里了，并没有发现血迹等痕迹哦。,sherry,02,04,Trial,04
28164,那样的话，能支持二阶堂推理的证据……,alisa,02,04,Trial,04
28165,如果那里都没发现，那就是没有了！,sherry,02,04,Trial,04
28166,（证据，已经用尽了吗……）,hiro,02,04,Trial,04
28167,（……现在争论的焦点，应该是蕾雅的死因）,hiro,02,04,Trial,04
28168,（在目前为止的讨论中，有没有哪条线索，能指向死因或凶器呢？）,hiro,02,04,Trial,04
28169,对，这样就行。,hiro,02,04,Trial,04
28170,啊……？你什么意思。,alisa,02,04,Trial,04
28171,【凶器从现场消失了】……,hiro,02,04,Trial,04
28172,我的意思是，这个结论是正确的。,hiro,02,04,Trial,04
28173,有证据能证明【凶器已消失】。那就是——,hiro,02,04,Trial,04
28174,电梯顶板上面的夹层。,hiro,02,04,Trial,04
28175,……什么意思？,alisa,02,04,Trial,04
28176,请你说得详细一点！,sherry,02,04,Trial,04
28177,（那里应该留有某种更具体的证据……把它指出来……！）,hiro,02,04,Trial,04
28178,艾玛的人偶。,hiro,02,04,Trial,04
28179,这个人偶被施加了恐怖的诅咒。,hiro,02,04,Trial,04
28180,也就是说，蕾雅是被诅咒杀害的……！,hiro,02,04,Trial,04
28181,那么凶器自然不可能留下！,hiro,02,04,Trial,04
28182,我、我送给她的人偶，竟然成了诅咒的媒介……！？,hanna,02,04,Trial,04
28183,那么蕾雅后脑的伤痕又怎么解释呢？,sherry,02,04,Trial,04
28184,你不会要说那也是诅咒搞的鬼吧？,alisa,02,04,Trial,04
28185,……你的脑子也被诅咒了吗？啊？,alisa,02,04,Trial,04
28186,（……说是诅咒杀人，还是太缺乏事实依据了）,hiro,02,04,Trial,04
28187,（……如果蕾雅真的是死在电梯顶板上面，应该是被某种凶器击打致死）,hiro,02,04,Trial,04
28188,（关键的凶器到底去哪了……？）,hiro,02,04,Trial,04
28189,（案发现场还有其他可疑之处吗……？）,hiro,02,04,Trial,04
28190,不是，这个证据不能证明【凶器已消失】吧。,alisa,02,04,Trial,04
28191,（看来这与杀害蕾雅的凶器无关……）,hiro,02,04,Trial,04
28192,（……如果蕾雅真的是死在电梯顶板上面，应该是被某种凶器击打致死）,hiro,02,04,Trial,04
28193,（关键的凶器到底去哪了……？）,hiro,02,04,Trial,04
28194,（案发现场还有其他可疑之处吗……？）,hiro,02,04,Trial,04
28195,在电梯顶盖上方空间发现的红色液体……就是证据。,hiro,02,04,Trial,04
28196,那个应该是血液吧？周围还有蝴蝶飞舞……,sherry,02,04,Trial,04
28197,重点是，血液已被稀释成半透明状了。,hiro,02,04,Trial,04
28198,这证明曾有某种【凶器】存在杀人现场。这【凶器】就是——,hiro,02,04,Trial,04
28199,冰块,@choice |#0204Trial04_Choice007|,02,04,Trial,04
28200,药瓶,@choice |#0204Trial04_Choice008|,02,04,Trial,04
28201,人体,@choice |#0204Trial04_Choice009|,02,04,Trial,04
28202,是装有液体的药瓶。,hiro,02,04,Trial,04
28203,真凶用药瓶重击导致蕾雅死亡。,hiro,02,04,Trial,04
28204,药瓶碎裂消失了……瓶内的液体稀释了血液。,hiro,02,04,Trial,04
28205,……不是，就算瓶子碎成粉末了，现场还是会留下碎片的吧？,alisa,02,04,Trial,04
28206,案发现场没有发现碎片呢～,sherry,02,04,Trial,04
28207,就算凶手杀人之后清理现场，碎片飞得到处都是，也很难收集起来吧？,hanna,02,04,Trial,04
28208,可能有点牵强哦，小希……,miria,02,04,Trial,04
28209,（如果案发现场有破裂的瓶子，不可能一片碎片都找不到……）,hiro,02,04,Trial,04
28210,（这么说的话，到底是什么稀释了血液……？）,hiro,02,04,Trial,04
28211,（答案一定和杀害蕾雅的凶器有关……！）,hiro,02,04,Trial,04
28212,曾经存在于杀人现场的【凶器】究竟是……！,hiro,02,04,Trial,04
28213,……是人体。,hiro,02,04,Trial,04
28214,蕾雅潜伏在电梯顶板上时，电梯突然开始运行。,hiro,02,04,Trial,04
28215,由于突如其来的强烈冲击，正好冲撞上了附近艾玛的尸体……,hiro,02,04,Trial,04
28216,导致蕾雅不幸身亡。,hiro,02,04,Trial,04
28217,电梯顶板上的红色液体，应该是艾玛被撞击时出的血。,hiro,02,04,Trial,04
28218,也就是说……凶器是艾玛！,hiro,02,04,Trial,04
28219,按你说的，红色液体真的是艾玛的血液的话……,miria,02,04,Trial,04
28220,血液被稀释又怎么解释……？,miria,02,04,Trial,04
28221,周围并没有那么多水分……我有点不太能理解小希的理论呢……,miria,02,04,Trial,04
28222,话说回来，就算莲见的头部真的是打中了樱羽的尸体……,alisa,02,04,Trial,04
28223,尸体上也该留下相应的碰撞痕迹。,alisa,02,04,Trial,04
28224,……你该不会没睡醒吧，模范生。,alisa,02,04,Trial,04
28225,（她们都一脸无语的样子）,hiro,02,04,Trial,04
28226,（这么说的话，到底是什么稀释了血液……？）,hiro,02,04,Trial,04
28227,（答案一定和杀害蕾雅的凶器有关……！）,hiro,02,04,Trial,04
28228,曾经存在于杀人现场的【凶器】究竟是……！,hiro,02,04,Trial,04
28229,——是【冰】。,hiro,02,04,Trial,04
28230,你说……凶器是冰……？,alisa,02,04,Trial,04
28231,没错。地下的冷冻室里随处滚动着冰块。,hiro,02,04,Trial,04
28232,把冰块带进电梯里也不难。,hiro,02,04,Trial,04
28233,由于电梯需要散热，电梯顶板上的空间热气聚集，环境温度很高。,hiro,02,04,Trial,04
28234,只要把冰块放在那里，就能在短时间内让【凶器】消失。,hiro,02,04,Trial,04
28235,——杀人的痕迹就这样被抹去了。,hiro,02,04,Trial,04
28236,那、那么蕾雅就是死于被冰块重击后脑勺的吗——！？,hanna,02,04,Trial,04
28237,真是相当古典的手法呢！,sherry,02,04,Trial,04
28238,不过确实这样考虑的话，电梯顶上的发现的，混杂着血液的液体就能解释得通了。,sherry,02,04,Trial,04
28239,但是……这样一来，感觉希罗的嫌疑反而更大了呢？,sherry,02,04,Trial,04
28240,对、对啊，小希……！,miria,02,04,Trial,04
28241,电梯顶板上并不会掉落你说的那种冰块……,miria,02,04,Trial,04
28242,是啊。也就是说——,hiro,02,04,Trial,04
28243,——【蕾雅死于他杀】。,hiro,02,04,Trial,04
28244,……！,miria,02,04,Trial,04
28245,……那、那么，也许是小艾先下手……！,miria,02,04,Trial,04
28246,那是不可能的，米莉亚。,sherry,02,04,Trial,04
28247,艾玛小姐被深深刺了两剑，而且还被换了衣服。,sherry,02,04,Trial,04
28248,两具尸体都是他杀，考虑到时间差，同归于尽一说应该不成立。这说明——,sherry,02,04,Trial,04
28249,——这起案件的凶手并不是她们。真凶另有其人。,hiro,02,04,Trial,04
28250,呜……！？,miria,02,04,Trial,04
28251,……嗯，蕾雅杀了艾玛之后又被真凶杀害……,sherry,02,04,Trial,04
28252,也不能否定连环杀人的可能性。,sherry,02,04,Trial,04
28253,（……这是不是正确的道路，我……无从得知）,hiro,02,04,Trial,04
28254,（但是……为了告慰她们的灵魂，我现在唯一能做的，就是找出凶手）,hiro,02,04,Trial,04
28255,（为什么死的是她们……我一定要查明真相！）,hiro,02,04,Trial,04
28256,他杀……吗。,alisa,02,04,Trial,04
28257,但是，如果是他杀，那只有二阶堂能做到，这个结论不是已经出来了吗。,alisa,02,04,Trial,04
28258,我记得那时，谁都无法坐上电梯。,alisa,02,04,Trial,04
28259,……【电梯的人数限制】对吧。,sherry,02,04,Trial,04
28260,如果希罗的话是对的，那么电梯就是载着两具尸体到达了地下。,sherry,02,04,Trial,04
28261,……这个理解没有错。,hiro,02,04,Trial,04
28262,当电梯从上面降下，到我面前时，里面载着蕾雅的尸体和艾玛的尸体。,hiro,02,04,Trial,04
28263,已经承载了两具尸体的体重，我再上去就是三个人。,hiro,02,04,Trial,04
28264,……于是理所当然，电梯不会运行。,hiro,02,04,Trial,04
28265,（这个问题解决不了，我仍然是第一嫌疑人）,hiro,02,04,Trial,04
28266,哼哼哼～……看来你们对电梯的人数限制问题感到很棘手？,sherry,02,04,Trial,04
28267,…………,hiro,02,04,Trial,04
28268,如果你有什么信息，希望你能毫无保留地说出来。,hiro,02,04,Trial,04
28269,好的！其实，我已经问过典狱长了！,sherry,02,04,Trial,04
28270,……关于那部电梯是如何运作的！,sherry,02,04,Trial,04
28271,那、那么重要的情报……！？,miria,02,04,Trial,04
28272,为什么一直不说哇！？,hanna,02,04,Trial,04
28273,难道你这家伙有意瞒着……？,alisa,02,04,Trial,04
28274,不不不，怎么会呢～,sherry,02,04,Trial,04
28275,……其实没有那么复杂的原因，只是因为，说出来了也不会有什么区别而已。,sherry,02,04,Trial,04
28276,……不会有区别？,hiro,02,04,Trial,04
28277,是的。……虽说如此，姑且还是分享一下情报吧。,sherry,02,04,Trial,04
28278,根据典狱长的说明，那部电梯为了【不让太多人同时乘坐】，似乎是特意改造过的。,sherry,02,04,Trial,04
28279,好像是为了应对某种突发情况的系统什么的……,sherry,02,04,Trial,04
28280,（……是为了防止魔女集体越狱的情况发生吗）,hiro,02,04,Trial,04
28281,嗯，关于从典狱长那里听到的电梯系统的详情就暂且省略……,sherry,02,04,Trial,04
28282,按照我们的体重，似乎设定成了无论是谁，【最多只能乘坐2人】的参数呢！,sherry,02,04,Trial,04
28283,典狱长连少女的体重都被掌握得一清二楚吗！？,hanna,02,04,Trial,04
28284,顺便说一下，案件发生时，只能乘坐2人的设定……并没有被动过手脚！所以可以放心啦。,sherry,02,04,Trial,04
28285,嗯，总而言之，和之前掌握的情报没什么区别。,sherry,02,04,Trial,04
28286,（之前就觉得，相对于电梯的面积能乘坐的人数太少了……原来是有意设定的吗）,hiro,02,04,Trial,04
28287,魔女图鉴 更新…,"@toast ""|#Toast_001|""",02,04,Trial,04
28288,还有，关于地下冷冻室深处的大门，似乎也没有被打开过的痕迹。,sherry,02,04,Trial,04
28289,据说，那扇门一旦打开，整个监牢都会受到巨大的震动……！,sherry,02,04,Trial,04
28290,说起来那扇大门，好像是连接到处刑台保管库的哦！,sherry,02,04,Trial,04
28291,……说到底，还是一样啊。,alisa,02,04,Trial,04
28292,有可能杀人的，只有二阶堂吧。,alisa,02,04,Trial,04
28293,…………！,hiro,02,04,Trial,04
28294,谁都无法乘坐电梯……,alisa,02,04,Trial,04
28295,那么凶手只有一个。就是在地下待到最后一个上去的，你。,alisa,02,04,Trial,04
28296,怎、怎么会……！说不定根本就没有凶手……,miria,02,04,Trial,04
28297,还在说这种天真的话？,alisa,02,04,Trial,04
28298,还是说你想怎样？你想说，除了这家伙之外，我们之中还有凶手？,alisa,02,04,Trial,04
28299,这、这……！,miria,02,04,Trial,04
28300,要否定我的话……那就拿出让我们心服口服的反驳来！,alisa,02,04,Trial,04
28301,"按照二阶堂说的，电梯是载着<link=""Objection_02_04_05_01"">樱羽的尸体</link>降到地下的，没错吧。",alisa,02,04,Trial,05
28302,然后，电梯上方还载着莲见的尸体。,alisa,02,04,Trial,05
28303,那这样的话，二阶堂的说法就已经自相矛盾了。,alisa,02,04,Trial,05
28304,"除了二阶堂，还有别的凶手能<link=""Objection_02_04_05_02"">坐</link>上电梯吗？",alisa,02,04,Trial,05
28305,而且当时另外三个人已经在地上层聚齐了呢！,sherry,02,04,Trial,05
28306,就算我想进电梯，也一定会有人目击……,alisa,02,04,Trial,05
28307,"按照二阶堂的证词，也<link=""Objection_02_04_05_03"">没有时间</link>能让某人坐上电梯，不是吗？",alisa,02,04,Trial,05
28308,"这么说的话就根本没有什么凶手。<link=""Objection_02_04_05_04"">除了你二阶堂。</link>",alisa,02,04,Trial,05
28309,（发现尸体时的情况，正如亚里沙所描述的那样）,hiro,02,04,Trial,05
28310,（但是我没有杀人）,hiro,02,04,Trial,05
28311,（那么凶手到底是谁，当时又在何处……）,hiro,02,04,Trial,05
28312,（为了解开这个谜团，还需要再整理一下情况……）,hiro,02,04,Trial,05
28313,艾玛当时还没死,hiro,02,04,Trial,05
28314,返回,hiro,02,04,Trial,05
28315,凶手没有坐上电梯,hiro,02,04,Trial,05
28316,有时间,hiro,02,04,Trial,05
28317,我没有时间布置这些,hiro,02,04,Trial,05
28318,……在我发现艾玛时，她有可能还没死。,hiro,02,04,Trial,05
28319,假定她是在装死，或者——,hiro,02,04,Trial,05
28320,但是我们去看的时候她已经死了啊……,sherry,02,04,Trial,05
28321,你说装死，樱羽有必要装死吗？,alisa,02,04,Trial,05
28322,到目前为止的讨论，已经排除了两人同归于尽的可能性。,alisa,02,04,Trial,05
28323,能在地下杀人的只剩你了，二阶堂。,alisa,02,04,Trial,05
28324,（……艾玛的死是我亲眼确认的）,hiro,02,04,Trial,05
28325,（怀疑自己没有任何意义）,hiro,02,04,Trial,05
28326,（记得曾经有个侦探说过：【排除一切不可能的，剩下的就是真相】……）,hiro,02,04,Trial,05
28327,（现在我被认定为唯一可能的凶手，在这种情况下，重要的是让真相浮出水面）,hiro,02,04,Trial,05
28328,（为此，无论是通过作伪证，还是假意赞同她们，总之要不择手段地让讨论继续下去……！）,hiro,02,04,Trial,05
28329,……就算我有条件杀死艾玛，我也不可能有时间布置蕾雅和艾玛的尸体。,hiro,02,04,Trial,05
28330,从我在地下和你们分开，直到我回到地面，应该没过多少时间。,hiro,02,04,Trial,05
28331,……这可不好说。,alisa,02,04,Trial,05
28332,我虽然没去过案发现场……但如果二阶堂事先早有准备，也不能说不可能吧。,alisa,02,04,Trial,05
28333,先把樱羽的尸体藏在地下某处——,alisa,02,04,Trial,05
28334,等二阶堂在地下只剩一个人的时候，再把尸体拖出来就行了。,alisa,02,04,Trial,05
28335,这种事，手快的话一分钟都不用吧。,alisa,02,04,Trial,05
28336,（……看来要证明自己不在场是很困难的……）,hiro,02,04,Trial,05
28337,（记得曾经有个侦探说过：【排除一切不可能的，剩下的就是真相】……）,hiro,02,04,Trial,05
28338,（现在我被认定为唯一可能的凶手，在这种情况下，重要的是让真相浮出水面）,hiro,02,04,Trial,05
28339,（为此，无论是通过作伪证，还是假意赞同她们，总之要不择手段地让讨论继续下去……！）,hiro,02,04,Trial,05
28340,……不，可能是我有一瞬间没注意，看漏了。,hiro,02,04,Trial,05
28341,那时我看到艾玛的尸体，吓得茫然失措。,hiro,02,04,Trial,05
28342,趁我把艾玛的尸体从电梯里搬下来的空隙，真凶趁机坐电梯上到地面——,hiro,02,04,Trial,05
28343,……那也没人能进电梯哦？,sherry,02,04,Trial,05
28344,我和汉娜还有米莉亚都在上层，在电梯门前——,sherry,02,04,Trial,05
28345,而我则在外面。,alisa,02,04,Trial,05
28346,就算有时间乘坐电梯，当时在地下层根本就没有能乘坐的人吧。,alisa,02,04,Trial,05
28347,除了你二阶堂以外。,alisa,02,04,Trial,05
28348,（……就算作伪证，也只会加深她们对我的怀疑）,hiro,02,04,Trial,05
28349,（记得曾经有个侦探说过：【排除一切不可能的，剩下的就是真相】……）,hiro,02,04,Trial,05
28350,（现在我被认定为唯一可能的凶手，在这种情况下，重要的是让真相浮出水面）,hiro,02,04,Trial,05
28351,（为此，无论是通过作伪证，还是假意赞同她们，总之要不择手段地让讨论继续下去……！）,hiro,02,04,Trial,05
28352,你说得对。那当然了。,hiro,02,04,Trial,05
28353,我发现尸体时，凶手并不在电梯上。,hiro,02,04,Trial,05
28354,这……！你在耍我吗……！,alisa,02,04,Trial,05
28355,我没有耍你。我是非常认真的。,hiro,02,04,Trial,05
28356,除此以外，没有别的可能性了。,hiro,02,04,Trial,05
28357,……！,alisa,02,04,Trial,05
28358,关于现场情况，我能作证言的部分，仅仅是【有两具尸体在那里】而已。,hiro,02,04,Trial,05
28359,我既没有看到凶手，也没有看到被杀害的瞬间。,hiro,02,04,Trial,05
28360,那么【凶手不在那里】是肯定的。……至少，不在电梯轿厢里，也不在电梯顶板上。,hiro,02,04,Trial,05
28361,蕾雅和艾玛早就被杀害了。,hiro,02,04,Trial,05
28362,然后她们的尸体被运进了电梯。……但是，凶手并没有直接运送。,hiro,02,04,Trial,05
28363,这样就和我看到的情况没有任何矛盾之处了。,hiro,02,04,Trial,05
28364,你、你在胡说什么……！,alisa,02,04,Trial,05
28365,你想怎样？难道你是说尸体会自己出现吗！,alisa,02,04,Trial,05
28366,上层和下层都有人在，不被任何人发现并乘上电梯是不可能的吧。,sherry,02,04,Trial,05
28367,……不。应该可以做到的。,hiro,02,04,Trial,05
28368,尸体不被我们目击就进入电梯的方法……那就是——,hiro,02,04,Trial,05
28369,一开始就在电梯里,@choice |#0204Trial05_Choice005|,02,04,Trial,05
28370,高速移动,@choice |#0204Trial05_Choice006|,02,04,Trial,05
28371,隐形了,@choice |#0204Trial05_Choice007|,02,04,Trial,05
28372,尸体以肉眼无法捕捉的速度——高速移动了。,hiro,02,04,Trial,05
28373,这样就能进入电梯了。,hiro,02,04,Trial,05
28374,高、高速移动……要怎么才能做到……？,miria,02,04,Trial,05
28375,也许是有什么能高速移动的魔法……或者用雪莉的怪力全力——,hiro,02,04,Trial,05
28376,我当时在上层啊，做不到的！,sherry,02,04,Trial,05
28377,要是在上层做那种事，我或者米莉亚肯定会发现的哇～！,hanna,02,04,Trial,05
28378,而且……如果在下层尸体高速进入电梯的话，希罗应该会感觉到风，或者什么吧……？,hanna,02,04,Trial,05
28379,再说高速移动的尸体也太恐怖了吧——！,hanna,02,04,Trial,05
28380,（既没有能让尸体高速移动的魔法，也没有能使用这种魔法的人吗……）,hiro,02,04,Trial,05
28381,（……但是尸体确实，出现在了电梯内）,hiro,02,04,Trial,05
28382,（如果不是凶手搬运进去的话，剩下的可能性就是——）,hiro,02,04,Trial,05
28383,尸体变透明了。,hiro,02,04,Trial,05
28384,地下既然保存着被冰冻的魔女，那么施加了能够改变光线折射率的魔法，或是能够拟态的魔法，也是有可能的。,hiro,02,04,Trial,05
28385,被冷冻的魔女还能使出魔法吗……！？,hanna,02,04,Trial,05
28386,……但是，二阶堂你准备乘上电梯的时候，尸体就已经在那里了吧？,alisa,02,04,Trial,05
28387,就算变透明了，只要那里有某种物体，应该就会有人发现吧。,alisa,02,04,Trial,05
28388,确实……小艾的尸体就在电梯的正中央呢。,miria,02,04,Trial,05
28389,就算存在能让物体透明的魔法，似乎也没什么意义呢！,sherry,02,04,Trial,05
28390,（看来跟隐形与否没有关系……）,hiro,02,04,Trial,05
28391,（……但是尸体确实，出现在了电梯内）,hiro,02,04,Trial,05
28392,（如果不是凶手搬运进去的话，剩下的可能性就是——）,hiro,02,04,Trial,05
28393,很简单。尸体一开始就在那里了。,hiro,02,04,Trial,05
28394,怎、怎么可能！,miria,02,04,Trial,05
28395,大叔我从电梯下来的时候，上层的三个人都检查过那里没有尸体啊！？,miria,02,04,Trial,05
28396,不，那说不上是检查。,hiro,02,04,Trial,05
28397,……事实上，蕾雅不就在电梯顶上被发现了吗。,hiro,02,04,Trial,05
28398,这、这……！,miria,02,04,Trial,05
28399,应该没有人检查过电梯顶上吧。,hiro,02,04,Trial,05
28400,那么，尸体有可能就在那里。,hiro,02,04,Trial,05
28401,确、确实……是这样没错……！但是，怎么会……！,miria,02,04,Trial,05
28402,……你已经发现了吧？希罗。,sherry,02,04,Trial,05
28403,你的推理存在一个重大问题。,sherry,02,04,Trial,05
28404,……啊啊。,hiro,02,04,Trial,05
28405,如果你一定要坚持的话……,sherry,02,04,Trial,05
28406,那就请你明明白白、清清楚楚地！给我们解释你的推理吧！,sherry,02,04,Trial,05
28407,根据希罗的推理，电梯顶上已经载了蕾雅和艾玛两个人。,sherry,02,04,Trial,06
28408,那么假设，在米莉亚坐电梯下降时，正好艾玛的尸体就被从电梯顶板上扔了下来。,sherry,02,04,Trial,06
28409,……但是这就有些说不通了。,sherry,02,04,Trial,06
28410,……是电梯载重量的问题吧。,miria,02,04,Trial,06
28411,那部电梯被设定为只能承载两个人的体重……,miria,02,04,Trial,06
28412,"如果电梯顶板上一开始就有两具尸体，那么小娜或小莉乘坐电梯的时候，<link=""Objection_02_04_06_01"">人数超标</link>，电梯应该无法启动才对。",miria,02,04,Trial,06
28413,没错！,sherry,02,04,Trial,06
28414,最开始我们上电梯的时候，每次只能乘坐一个人。,sherry,02,04,Trial,06
28415,所以确实像希罗说的那样，蕾雅或艾玛的其中一人的尸体，有可能一开始就在电梯顶板上。,sherry,02,04,Trial,06
28416,但是，如果两具尸体都是从一开始就在电梯顶板上的话，那么先上去的我们三个各自乘电梯时，则会成为电梯里的第三人，电梯也应当因为超载而无法启动才对。,sherry,02,04,Trial,06
28417,……我还是确认一下。难道不是因为【体重误差导致勉强能搭乘】……这种简单的疏忽？,alisa,02,04,Trial,06
28418,"不会的！就算减肥<link=""Objection_02_04_06_02"">变轻</link>了，或是多带了点随身物品，这种程度是不会影响到电梯的重量限制的哦！",sherry,02,04,Trial,06
28419,"那就是说，除非你们三个是<link=""Objection_02_04_06_03"">共犯</link>，否则除了二阶堂以外，没人能把樱羽的尸体搬进电梯？",alisa,02,04,Trial,06
28420,"除非那具<link=""Objection_02_04_06_04"">尸体自己动</link>了，否则希罗的推理根本站不住脚！",hanna,02,04,Trial,06
28421,（尸体反映出的最大谜团……就是电梯的重量限制）,hiro,02,04,Trial,06
28422,（很难想像我们之中有人拥有电气方面的技术，能够修改电梯控制系统……那么凶手应该是用的物理性诡计）,hiro,02,04,Trial,06
28423,（但到底是什么手法……应该不是用常规手法做到的）,hiro,02,04,Trial,06
28424,重量感应器故障,hiro,02,04,Trial,06
28425,返回,hiro,02,04,Trial,06
28426,尸体其实很轻,hiro,02,04,Trial,06
28427,三人是共犯,hiro,02,04,Trial,06
28428,尸体自己动了,hiro,02,04,Trial,06
28429,如果重量感应器发生故障了呢？,hiro,02,04,Trial,06
28430,……你是说测量电梯承重的感应器……？,miria,02,04,Trial,06
28431,没错。因为那个感应器在电梯的地板下面——,hiro,02,04,Trial,06
28432,即使顶板上方有两具尸体，也可能无法正确检测到，而被感应器判断为只有一具尸体的重量，不是吗？,hiro,02,04,Trial,06
28433,……确实电梯的重量感应器大多设置在地板下面。,sherry,02,04,Trial,06
28434,但重量感应器似乎能检测到施加在电梯箱体部分的重量……也就是整个【轿厢】上的重量，而不仅仅是地板。,sherry,02,04,Trial,06
28435,典狱长是这么说的！,sherry,02,04,Trial,06
28436,所以即使尸体是在电梯顶上，也不会检测不到的！,sherry,02,04,Trial,06
28437,……也就是说把尸体藏那里也没用啊。,alisa,02,04,Trial,06
28438,果然希罗的推理太离谱了哇～！,hanna,02,04,Trial,06
28439,（应该相信……没有发生机械方面的故障吗）,hiro,02,04,Trial,06
28440,（……但如果一开始就承载了两个人的重量，米莉亚她们应当是无法乘坐电梯升到地面的）,hiro,02,04,Trial,06
28441,（那么……电梯里究竟发生了什么……？）,hiro,02,04,Trial,06
28442,……没错，亚里沙。她们三人就是共犯。,hiro,02,04,Trial,06
28443,雪莉、米莉亚、汉娜合力把艾玛的尸体运进了电梯……假设真是如此——,hiro,02,04,Trial,06
28444,怎么可能是共犯哇！,hanna,02,04,Trial,06
28445,恕我直言，希罗！,sherry,02,04,Trial,06
28446,如果是共犯，在这种审判开庭之前，我们就会用更好的方法把你也杀了！,sherry,02,04,Trial,06
28447,你、你讲话真狠啊……,alisa,02,04,Trial,06
28448,（如果她们是共犯的话，我早就被投票了……）,hiro,02,04,Trial,06
28449,（……但如果一开始就承载了两个人的重量，米莉亚她们应当是无法乘坐电梯升到地面的）,hiro,02,04,Trial,06
28450,（那么……电梯里究竟发生了什么……？）,hiro,02,04,Trial,06
28451,不，其实有操纵尸体的方法。,hiro,02,04,Trial,06
28452,假如地下这些被冰冻的魔女之中，有人拥有操纵尸体的魔法——,hiro,02,04,Trial,06
28453,【假如】你个头啊。,alisa,02,04,Trial,06
28454,被冰冻的魔女要怎么使用魔法？,alisa,02,04,Trial,06
28455,就算尸体自己动了，那还是不知道尸体是怎么进入电梯的吧？,sherry,02,04,Trial,06
28456,毕竟我们三个人在上层看着，希罗在下层看着……,hanna,02,04,Trial,06
28457,也就是说就算尸体自己会动也没用。,alisa,02,04,Trial,06
28458,（没有依据的推理，只会让自己的立场更糟……）,hiro,02,04,Trial,06
28459,（……但如果一开始就承载了两个人的重量，米莉亚她们应当是无法乘坐电梯升到地面的）,hiro,02,04,Trial,06
28460,（那么……电梯里究竟发生了什么……？）,hiro,02,04,Trial,06
28461,说到底，一具尸体是不是真的相当于一个人的重量？,hiro,02,04,Trial,06
28462,……你在说什么屁话啊，喂……,alisa,02,04,Trial,06
28463,如果【尸体其实很轻】，则不会触发电梯的重量限制，可以多搭乘一个人……,hiro,02,04,Trial,06
28464,……这就是我要说的。,hiro,02,04,Trial,06
28465,【尸体其实很轻】，哈？,alisa,02,04,Trial,06
28466,开什么玩笑，这怎么可能。,alisa,02,04,Trial,06
28467,你说的是【灵魂的重量】吧！,sherry,02,04,Trial,06
28468,听说死后体重会减少哦！我记得是21克来着？,sherry,02,04,Trial,06
28469,那不过是街头巷尾的俗说……,hiro,02,04,Trial,06
28470,总之，如果我们假设尸体的【重量发生了变化】，一切就能解释通了。,hiro,02,04,Trial,06
28471,……那我倒要听听，要怎么做才能突然减轻一人份的体重那么多啊？嗯？,alisa,02,04,Trial,06
28472,减轻一人份体重的手法……那就是——,hiro,02,04,Trial,06
28473,电梯没有承载体重,@choice |#0204Trial06_Choice005|,02,04,Trial,06
28474,乘坐前就装载了重物,@choice |#0204Trial06_Choice006|,02,04,Trial,06
28475,体内被掏空,@choice |#0204Trial06_Choice007|,02,04,Trial,06
28476,……不，准确地说，是【让电梯能额外多载一人份体重的手法】。,hiro,02,04,Trial,06
28477,……什么意思？,alisa,02,04,Trial,06
28478,试想一下，原本在电梯某处就装载着相当于一个人体重的重物……,hiro,02,04,Trial,06
28479,在我们升到地面时，如果真凶移除了重物……,hiro,02,04,Trial,06
28480,原来如此！也就是说那部电梯本来是【限乘3人】的呢！,sherry,02,04,Trial,06
28481,但是因为之前装载了重物，我们才误以为是【限乘2人】！,sherry,02,04,Trial,06
28482,这样啊……！那样的话，即使顶板上已经承载了两个人的体重——,miria,02,04,Trial,06
28483,电梯也能载着大叔我们几个启动——也就是说，能搭乘第三个人……！,miria,02,04,Trial,06
28484,……等等。,alisa,02,04,Trial,06
28485,二阶堂发现樱羽的尸体时，不就没法乘上电梯吗？,alisa,02,04,Trial,06
28486,莲见的尸体在电梯顶板上，樱羽的尸体在轿厢里。然后二阶堂一上去，警示音就响了——,alisa,02,04,Trial,06
28487,这不就还是【无法乘坐三个人】吗。,alisa,02,04,Trial,06
28488,啊啊……确、确实……！,miria,02,04,Trial,06
28489,原来如此！我还以为是个不错的推理呢！,sherry,02,04,Trial,06
28490,（从时间顺序来看，事先装载了重物的可能性不大……）,hiro,02,04,Trial,06
28491,（……先不考虑可执行性或是否用了诡计，想得简单一点的话——）,hiro,02,04,Trial,06
28492,（减轻一个人重量的方法，范围自然就缩小了……！）,hiro,02,04,Trial,06
28493,只要掏空就行了。,hiro,02,04,Trial,06
28494,如果艾玛和蕾雅的尸体，早就提前被掏空了呢……？,hiro,02,04,Trial,06
28495,掏、掏空，是什么意思啊……！？,hanna,02,04,Trial,06
28496,就是，把人体内的……,hiro,02,04,Trial,06
28497,内脏和骨头都取出来，减轻尸体的重量，这样两个人加起来，差不多就是一个人的重量了吧。,hiro,02,04,Trial,06
28498,嘶……！？,hanna,02,04,Trial,06
28499,但、但是尸体的外伤只有头部创伤和刺剑造成的刺伤……,miria,02,04,Trial,06
28500,连手术痕迹都没有，不可能动那样的大手术吧……！,miria,02,04,Trial,06
28501,你想到的东西也太恶心了哇～～！,hanna,02,04,Trial,06
28502,（让她们反感了……）,hiro,02,04,Trial,06
28503,（……先不考虑可执行性或是否用了诡计，想得简单一点的话——）,hiro,02,04,Trial,06
28504,（减轻一个人重量的方法，范围自然就缩小了……！）,hiro,02,04,Trial,06
28505,艾玛尸体的重量，并没有实际压在电梯上。……直到出现在我面前为止，都保持着这样的状态。,hiro,02,04,Trial,06
28506,你想说，尸体并没有直接与电梯接触……对吗？,sherry,02,04,Trial,06
28507,那样的话，艾玛的尸体当时究竟在哪里呢？,sherry,02,04,Trial,06
28508,那当然是电梯顶板上方的空间了。,hiro,02,04,Trial,06
28509,通往顶板上方空间的盖板一直是敞开的。,hiro,02,04,Trial,06
28510,尸体一直在那里，然后在电梯下降的瞬间掉落下来……,hiro,02,04,Trial,06
28511,这样一来，原本并不在电梯轿厢里的艾玛尸体“突然出现”的现象，就能解释得通了。,hiro,02,04,Trial,06
28512,……唔～……,sherry,02,04,Trial,06
28513,……如果是那样的话，确实解释得通。,sherry,02,04,Trial,06
28514,但问题是……这真的能做到吗？,sherry,02,04,Trial,06
28515,……细节暂且不说。只要尸体的重量不施加在电梯上，理论上任何人都能实施这个杀人手法。,hiro,02,04,Trial,06
28516,（……不过话虽如此，在没有确凿证据之前，这些不过是纸上谈兵……）,hiro,02,04,Trial,06
28517,（尽管如此……这是唯一的出路，我别无选择）,hiro,02,04,Trial,06
28518,（我必须走下去……直至揭露真凶……！）,hiro,02,04,Trial,06
28519,所以……只能请你们继续听听我的推理了！,hiro,02,04,Trial,06
28520,凶手杀害两人后，将蕾雅的尸体藏在电梯顶板上。,hiro,02,04,Trial,07
28521,而艾玛的尸体，则是通过某种机关，使其重量不会施加在电梯上，同样藏在电梯顶板上方的空间里。,hiro,02,04,Trial,07
28522,假如，等到三人先一步搭乘电梯到上层后，凶手才启动了这种机关，让艾玛坠落到电梯地板上……,hiro,02,04,Trial,07
28523,那么就正好与我所见的情况吻合了。,hiro,02,04,Trial,07
28524,但、但是我们不是已经检查过电梯顶板上方的空间了吗，根本没有可以把小艾吊起来的装置啊……！？,miria,02,04,Trial,07
28525,"而且按照希罗的推理，还必须要有一个能【<link=""Objection_02_04_07_01"">自动使尸体坠落的装置</link>】才行吧？",sherry,02,04,Trial,07
28526,"除非是汉娜用飘浮魔法让艾玛的尸体<link=""Objection_02_04_07_02"">悬在空中</link>，不然的话，你的假设也太难实现了。",sherry,02,04,Trial,07
28527,我、我可没有待在电梯顶上哇！？我可是一直在上层等着的！,hanna,02,04,Trial,07
28528,"如果真的有谁动了手脚……呃……一定是那个怪力女做的！用那种<link=""Objection_02_04_07_03"">超规格的蛮力</link>！",hanna,02,04,Trial,07
28529,真是个有趣的假设！虽然完全听不懂你为什么要这样主张就是了！,sherry,02,04,Trial,07
28530,"你意思是橘在用尸体玩<link=""Objection_02_04_07_04"">抛接球</link>？那是真有两下子。",alisa,02,04,Trial,07
28531,就算真那么做，尸体也马上就会摔下来，所以不可能啦。,sherry,02,04,Trial,07
28532,不过，假如尸体真的像希罗说的那样，亚里沙你也有嫌疑哦？,sherry,02,04,Trial,07
28533,哈？你想怎样？,alisa,02,04,Trial,07
28534,"比如说，你利用火焰制作出了某种<link=""Objection_02_04_07_05"">会飘浮的装置</link>之类的！",sherry,02,04,Trial,07
28535,这样一来，从存放到坠落的时间差，也就能解释得通了！,sherry,02,04,Trial,07
28536,你在乱讲什么……！你要是怀疑我，就拿出证据来啊！,alisa,02,04,Trial,07
28537,我想，我们应该没有发现类似小莉所说的痕迹……,miria,02,04,Trial,07
28538,……哼。说到底【尸体是怎么进到电梯轿厢里的】才是重点吧？,alisa,02,04,Trial,07
28539,"那么有没有可能是<link=""Objection_02_04_07_06"">尸体被操控了</link>？",alisa,02,04,Trial,07
28540,说到身体【互换】，这种魔法只有你能做到吧，佐伯？,alisa,02,04,Trial,07
28541,欸！？,miria,02,04,Trial,07
28542,"和艾玛<link=""Objection_02_04_07_07"">互换身体</link>，再操纵尸体移动……这个可能性不能完全排除吧？",alisa,02,04,Trial,07
28543,我、我才没有做那种事……！,miria,02,04,Trial,07
28544,哼……谁知道呢。,alisa,02,04,Trial,07
28545,（……我的话让互相猜忌的氛围越来越浓）,hiro,02,04,Trial,07
28546,（趁着状况混乱，正好可以进一步深入讨论）,hiro,02,04,Trial,07
28547,（【尸体从一开始就在那里】……并且【位于电梯顶板上方空间，与电梯厢体独立开来】）,hiro,02,04,Trial,07
28548,（只要能弄清楚满足这个条件的方法，就……！）,hiro,02,04,Trial,07
28549,利用冰,hiro,02,04,Trial,07
28550,返回,hiro,02,04,Trial,07
28551,藏在顶板上方,hiro,02,04,Trial,07
28552,重力发生扭曲,hiro,02,04,Trial,07
28553,尸体悬浮着,hiro,02,04,Trial,07
28554,制作了热气球,hiro,02,04,Trial,07
28555,艾玛被操控了,hiro,02,04,Trial,07
28556,人格被交换了,hiro,02,04,Trial,07
28557,【自动使尸体坠落的装置】……凶手一定是使用了这个。,hiro,02,04,Trial,07
28558,利用了现场的【冰块】！,hiro,02,04,Trial,07
28559,这、这可能吗！？,hanna,02,04,Trial,07
28560,用绳子捆起尸体——,hiro,02,04,Trial,07
28561,然后用【冰块】把绳子固定在电梯顶板上方的空间。,hiro,02,04,Trial,07
28562,随着冰块融化，尸体就坠落下来了……！,hiro,02,04,Trial,07
28563,但是……那个空间，应该没有可以绑绳子的地方吧？,miria,02,04,Trial,07
28564,……有可能用冰粘住了。,hiro,02,04,Trial,07
28565,照典狱长说的，那里好像一直都很热，冰块应该很快就会融化吧！,sherry,02,04,Trial,07
28566,那不就是不可能吗。,alisa,02,04,Trial,07
28567,（在那个空间里，是不可能利用冰的物态变化来完成杀人诡计的……）,hiro,02,04,Trial,07
28568,（……这样想来，似乎任何诡计都是不可能实行的）,hiro,02,04,Trial,07
28569,（但唯一可以确定的是【有一具尸体，保持着重量不施加在电梯上的状态，存在于电梯顶板上方的空间】……）,hiro,02,04,Trial,07
28570,（看似有些荒诞无稽，但一定有某种诡计或魔法，能够实现这样的状况……！）,hiro,02,04,Trial,07
28571,这样啊……按照雪莉的推理，那时汉娜就潜伏在电梯顶板上面。,hiro,02,04,Trial,07
28572,一边飘浮，一边托着艾玛的尸体。,hiro,02,04,Trial,07
28573,所以不是说了吗！那个时候我在上层哇！？,hanna,02,04,Trial,07
28574,也就是说在上层和我交谈的汉娜是假的！？,sherry,02,04,Trial,07
28575,汉娜实际上是双胞胎姐妹吗！？,sherry,02,04,Trial,07
28576,才不是什么双胞胎哇——！,hanna,02,04,Trial,07
28577,你们诬陷我也要适可而止一点——！,hanna,02,04,Trial,07
28578,（……当时汉娜不在那里，不仅如此，那里应该是没有人在的）,hiro,02,04,Trial,07
28579,（……这样想来，似乎任何诡计都是不可能实行的）,hiro,02,04,Trial,07
28580,（但唯一可以确定的是【有一具尸体，保持着重量不施加在电梯上的状态，存在于电梯顶板上方的空间】……）,hiro,02,04,Trial,07
28581,（看似有些荒诞无稽，但一定有某种诡计或魔法，能够实现这样的状况……！）,hiro,02,04,Trial,07
28582,【用超规格的蛮力动了手脚】……如果是这样的话，确实有一种可能性。,hiro,02,04,Trial,07
28583,质量被压缩到极限，则会扭曲重力……,hiro,02,04,Trial,07
28584,雪莉利用超规格的蛮力，扭曲了重力的物理法则，从而令电梯的感应器无法正确工作……！,hiro,02,04,Trial,07
28585,你、你的意思是……！？,miria,02,04,Trial,07
28586,超新星爆发导致天体被压缩从而形成黑洞扭曲时空……类似这样吗。,alisa,02,04,Trial,07
28587,但是二阶堂……你知道要想质量压缩到能改变重力的程度，需要多少亿吨吗……？,alisa,02,04,Trial,07
28588,一座山都不够。,alisa,02,04,Trial,07
28589,你们在说什么，我完全听不懂哇！？,hanna,02,04,Trial,07
28590,也就是说……重力扭曲是不可能发生的。,alisa,02,04,Trial,07
28591,谁不知道哇！？,hanna,02,04,Trial,07
28592,（量级太庞大了吗……）,hiro,02,04,Trial,07
28593,（……这样想来，似乎任何诡计都是不可能实行的）,hiro,02,04,Trial,07
28594,（但唯一可以确定的是【有一具尸体，保持着重量不施加在电梯上的状态，存在于电梯顶板上方的空间】……）,hiro,02,04,Trial,07
28595,（看似有些荒诞无稽，但一定有某种诡计或魔法，能够实现这样的状况……！）,hiro,02,04,Trial,07
28596,……没错。【利用火焰制作出某种会飘浮的装置】——,hiro,02,04,Trial,07
28597,亚里沙制作出热气球，让尸体飘浮起来了……！,hiro,02,04,Trial,07
28598,嗯……但是现场没有发现类似的痕迹……,miria,02,04,Trial,07
28599,倒是发现了艾玛的衣服，但她的衣服也没被用作热气球的材料呀！,sherry,02,04,Trial,07
28600,……那不是能轻易做出来的东西。,alisa,02,04,Trial,07
28601,没有证据就别在这怀疑别人。,alisa,02,04,Trial,07
28602,（制作热气球必须要有材料……）,hiro,02,04,Trial,07
28603,（……这样想来，似乎任何诡计都是不可能实行的）,hiro,02,04,Trial,07
28604,（但唯一可以确定的是【有一具尸体，保持着重量不施加在电梯上的状态，存在于电梯顶板上方的空间】……）,hiro,02,04,Trial,07
28605,（看似有些荒诞无稽，但一定有某种诡计或魔法，能够实现这样的状况……！）,hiro,02,04,Trial,07
28606,……艾玛的尸体有可能被操纵了。,hiro,02,04,Trial,07
28607,【操纵】是指，怎么做……！？,miria,02,04,Trial,07
28608,假如安安的【洗脑】魔法还残留着呢？,hiro,02,04,Trial,07
28609,如果艾玛的身体被施加了洗脑魔法，让她在某种特定的情况下会自己移动——,hiro,02,04,Trial,07
28610,直到她乘上电梯，就这么死了。,hiro,02,04,Trial,07
28611,……具体要怎么操纵才能艾玛进入电梯啊。,alisa,02,04,Trial,07
28612,上层和下层都有人看着吧。,alisa,02,04,Trial,07
28613,证明不了这个全都白说……不是吗，二阶堂。,alisa,02,04,Trial,07
28614,（确实，重要的是【怎么进去的】……）,hiro,02,04,Trial,07
28615,（……这样想来，似乎任何诡计都是不可能实行的）,hiro,02,04,Trial,07
28616,（但唯一可以确定的是【有一具尸体，保持着重量不施加在电梯上的状态，存在于电梯顶板上方的空间】……）,hiro,02,04,Trial,07
28617,（看似有些荒诞无稽，但一定有某种诡计或魔法，能够实现这样的状况……！）,hiro,02,04,Trial,07
28618,确实，那样的话就说得通了。,hiro,02,04,Trial,07
28619,米莉亚和艾玛的人格互换了……,hiro,02,04,Trial,07
28620,只要互换了人格，应该就能自由操纵艾玛的身体了。,hiro,02,04,Trial,07
28621,米莉亚在那之后再换回来，就把不可能的杀人变为了可能！,hiro,02,04,Trial,07
28622,不、不是的不是的！我没有干这种事啊！？,miria,02,04,Trial,07
28623,说到底，就算有人操纵艾玛的身体，尸体也不可能自由进出电梯……,sherry,02,04,Trial,07
28624,不证明是怎么乘坐上去的，你的假设就毫无意义！,sherry,02,04,Trial,07
28625,是、是啊！,miria,02,04,Trial,07
28626,话虽如此，也不能乱开大叔我的玩笑啊小希！,miria,02,04,Trial,07
28627,（虽然我是认真的……）,hiro,02,04,Trial,07
28628,（不过，重点应该是【尸体怎么进电梯的】）,hiro,02,04,Trial,07
28629,（……这样想来，似乎任何诡计都是不可能实行的）,hiro,02,04,Trial,07
28630,（但唯一可以确定的是【有一具尸体，保持着重量不施加在电梯上的状态，存在于电梯顶板上方的空间】……）,hiro,02,04,Trial,07
28631,（看似有些荒诞无稽，但一定有某种诡计或魔法，能够实现这样的状况……！）,hiro,02,04,Trial,07
28632,……对。案发现场并没有留下能作为证据的痕迹。,hiro,02,04,Trial,07
28633,那就只能假设，尸体曾经【飘浮】在那里。,hiro,02,04,Trial,07
28634,无踪无迹地【飘浮着】……,sherry,02,04,Trial,07
28635,而且还是在不靠动力或浮力的情况下，对吗？正常来说是不可能的。,sherry,02,04,Trial,07
28636,（……没错）,hiro,02,04,Trial,07
28637,（不留下使用过诡计的痕迹让人飘浮的方法……）,hiro,02,04,Trial,07
28638,（……只有一个）,hiro,02,04,Trial,07
28639,没错，凶手……使用了正常来说是不可能的手法。,hiro,02,04,Trial,07
28640,那就是……【魔法】。,hiro,02,04,Trial,07
28641,这……给我等等！,hanna,02,04,Trial,07
28642,你这不就……相当于说是我干的吗！？,hanna,02,04,Trial,07
28643,我才不会做那种事……不对……！,hanna,02,04,Trial,07
28644,是做不到哇！,hanna,02,04,Trial,07
28645,我、我可是在雪莉搭电梯上来之后，就一直在那里和她一起等着了哇！,hanna,02,04,Trial,08
28646,确实如此！汉娜当时根本没有机会进入电梯！,sherry,02,04,Trial,08
28647,大叔我到达上层的时候，小娜已经在那里了，说是小娜用魔法让尸体飘浮，感觉有点牵强了……,miria,02,04,Trial,08
28648,"没错！我只能让<link=""Objection_02_04_08_01"">自己的身体</link>飘浮起来呀！要说是我让艾玛飘浮起来，那是不可能的哇！",hanna,02,04,Trial,08
28649,……假设希罗说的【用魔法让尸体飘浮】是正确的……,sherry,02,04,Trial,08
28650,那除了汉娜之外，会不会还有其他人也能做到让尸体飘浮呢？,sherry,02,04,Trial,08
28651,比如说亚里沙制作了什么类似热气球的东西。这也是一种可能。,sherry,02,04,Trial,08
28652,如果真是我干的，那所谓的【类似热气球的东西】现在又在哪里？,alisa,02,04,Trial,08
28653,"那是因为有什么机关可以回收热气球吧。说不定还有<link=""Objection_02_04_08_02"">隐藏通道</link>之类的，亚里沙就躲在那里，这也有可能。",sherry,02,04,Trial,08
28654,而且亚里沙你也没有不在场证明吧？,sherry,02,04,Trial,08
28655,……啧。要发挥想像力想怎么说就怎么说的话，谁不会啊？,alisa,02,04,Trial,08
28656,"那我也可以说【你用手当扇子扇风飞上天了】，或者【其实并没有所谓的魔法，靠的是<link=""Objection_02_04_08_03"">念动力</link>】之类的啊？",alisa,02,04,Trial,08
28657,"又来了～！我再怎么力气大，我<link=""Objection_02_04_08_04"">人也不可能飞起来</link>的啦～！",sherry,02,04,Trial,08
28658,亚里沙，讲话前要好好想清楚，不可以乱说话哦！哼！,sherry,02,04,Trial,08
28659,……你这家伙……！！,alisa,02,04,Trial,08
28660,（……亚里沙说得没错）,hiro,02,04,Trial,08
28661,（要逼出凶手，就必须拿出明确的证据……）,hiro,02,04,Trial,08
28662,（在案发现场留下的证据中……找出指向凶手的线索！）,hiro,02,04,Trial,08
28663,使自己的身体飘浮起来了,hiro,02,04,Trial,08
28664,返回,hiro,02,04,Trial,08
28665,有通道,hiro,02,04,Trial,08
28666,使用念动力操控,hiro,02,04,Trial,08
28667,用人力可以飞起来,hiro,02,04,Trial,08
28668,……是这样啊。,hiro,02,04,Trial,08
28669,如果像雪莉说的那样，电梯厢体上方有隐藏通道的话……,hiro,02,04,Trial,08
28670,维修电梯用的维护入口……之类的吗！,sherry,02,04,Trial,08
28671,嗯。这样的话回收热气球也不是不可能了。,hiro,02,04,Trial,08
28672,……但是，能吊起一个人体重的热气球应该有好几米宽吧。,alisa,02,04,Trial,08
28673,就是说这个地方要能回收这么大的热气球对吧。,miria,02,04,Trial,08
28674,真有这么一个地方的话，肯定会有人发现吧……？,miria,02,04,Trial,08
28675,说我拿了个热气球进来，这不现实吧……,alisa,02,04,Trial,08
28676,即使这样你们还要说是我干的吗！啊！？,alisa,02,04,Trial,08
28677,（无论是热气球还是隐藏通道，都无法证明它们存在……）,hiro,02,04,Trial,08
28678,（……但结合至今为止的讨论来考虑，【尸体飘浮在空中】的可能性还是很大）,hiro,02,04,Trial,08
28679,（问题在于，是怎么让尸体飘浮起来的）,hiro,02,04,Trial,08
28680,（有没有什么需要留意的证据……？）,hiro,02,04,Trial,08
28681,（至今为止都未提及……也不知为什么会存在的，某个证据）,hiro,02,04,Trial,08
28682,（如果那就是实施杀人诡计不可或缺的关键……！）,hiro,02,04,Trial,08
28683,确实……如果有人能使用【念动力】魔法的话，就能解释了。,hiro,02,04,Trial,08
28684,意念控物……就是隔空移动物品的魔法吧。,miria,02,04,Trial,08
28685,使用这样的魔法隔空移动尸体，使尸体飘浮……,hiro,02,04,Trial,08
28686,这样就没问题了吧。,hiro,02,04,Trial,08
28687,……那到底是谁拥有你说的那种魔法啊。,alisa,02,04,Trial,08
28688,是我？还是你？我们之中真有这种人吗？,alisa,02,04,Trial,08
28689,你有证据证明有人拥有这种魔法吗？,alisa,02,04,Trial,08
28690,这……,hiro,02,04,Trial,08
28691,【只讲可能性的话，怎么说都行】……,alisa,02,04,Trial,08
28692,我就是这个意思。……如果你听不懂话就别插嘴，二阶堂！,alisa,02,04,Trial,08
28693,（……无言以对啊）,hiro,02,04,Trial,08
28694,（……但结合至今为止的讨论来考虑，【尸体飘浮在空中】的可能性还是很大）,hiro,02,04,Trial,08
28695,（问题在于，是怎么让尸体飘浮起来的）,hiro,02,04,Trial,08
28696,（有没有什么需要留意的证据……？）,hiro,02,04,Trial,08
28697,（至今为止都未提及……也不知为什么会存在的，某个证据）,hiro,02,04,Trial,08
28698,（如果那就是实施杀人诡计不可或缺的关键……！）,hiro,02,04,Trial,08
28699,不，用人力是可以飞起来的。,hiro,02,04,Trial,08
28700,事先准备好维持浮力用的机翼，用滑翔翼的原理——,hiro,02,04,Trial,08
28701,再用怪力魔法，像扇动翅膀一样高速扇动双手，应该就能浮起来一点吧……！,hiro,02,04,Trial,08
28702,小心我揍飞你！,alisa,02,04,Trial,08
28703,……对了！让亚里沙把你揍飞的话，说不定能飞得很高哦！给我们演示一下吧，希罗！,sherry,02,04,Trial,08
28704,（……那还是算了）,hiro,02,04,Trial,08
28705,（……但结合至今为止的讨论来考虑，【尸体飘浮在空中】的可能性还是很大）,hiro,02,04,Trial,08
28706,（问题在于，是怎么让尸体飘浮起来的）,hiro,02,04,Trial,08
28707,（有没有什么需要留意的证据……？）,hiro,02,04,Trial,08
28708,（至今为止都未提及……也不知为什么会存在的，某个证据）,hiro,02,04,Trial,08
28709,（如果那就是实施杀人诡计不可或缺的关键……！）,hiro,02,04,Trial,08
28710,不，是可以做到的。凶手使用的诡计正是让自己的身体飘浮。,hiro,02,04,Trial,08
28711,证据就是——,hiro,02,04,Trial,08
28712,……证据就在艾玛尸体的照片里。,hiro,02,04,Trial,08
28713,为什么艾玛会被换衣服……这其中一定有什么线索。,hiro,02,04,Trial,08
28714,确、确实我一直很在意……,miria,02,04,Trial,08
28715,照片中的具体哪一点可以作为证据呢……？,miria,02,04,Trial,08
28716,那就是——,hiro,02,04,Trial,08
28717,证据就是这个艾玛的人偶。,hiro,02,04,Trial,08
28718,这个人偶里蕴含着汉娜的魔力。就是用这个让艾玛浮起来了。,hiro,02,04,Trial,08
28719,【蕴含着魔力】是什么鬼。具体要怎么做才能让人偶蕴含汉娜的魔力啊？,alisa,02,04,Trial,08
28720,哎呀～既然有魔法，那魔力什么的，大概也是有的吧。,miria,02,04,Trial,08
28721,但是至少，大叔我们是不知道怎么把魔力注入人偶的……,miria,02,04,Trial,08
28722,……但这样很帅气对吧！要是能感受到魔力啊气息什么的……！我懂你，小希！,miria,02,04,Trial,08
28723,（被米莉亚打圆场了）,hiro,02,04,Trial,08
28724,（……【汉娜只能让自己的身体飘浮】。但当时，【艾玛的尸体是飘浮着的】）,hiro,02,04,Trial,08
28725,（有某种证据能把这两个事实联系到一起）,hiro,02,04,Trial,08
28726,（那就是——）,hiro,02,04,Trial,08
28727,嗯……汉娜【能让自己的身体飘浮】，和这个证物有什么联系吗？,sherry,02,04,Trial,08
28728,我完全看不懂！,sherry,02,04,Trial,08
28729,（……是无关的证据啊）,hiro,02,04,Trial,08
28730,（……【汉娜只能让自己的身体飘浮】。但当时，【艾玛的尸体是飘浮着的】）,hiro,02,04,Trial,08
28731,（有某种证据能把这两个事实联系到一起）,hiro,02,04,Trial,08
28732,（那就是——）,hiro,02,04,Trial,08
28733,（回想起来……我从一开始就很在意那件礼服）,hiro,02,04,Trial,08
28734,（艾玛究竟为什么会穿着那件礼服……）,hiro,02,04,Trial,08
28735,（如果是凶手给她穿上的，这究竟意味着什么……）,hiro,02,04,Trial,08
28736,（至此，一切线索都串联起来了——）,hiro,02,04,Trial,08
28737,是凶手让艾玛穿上了那件礼服。,hiro,02,04,Trial,08
28738,因为那件礼服，和本案中所使用的杀人诡计密切相关……,hiro,02,04,Trial,08
28739,凶手为了让艾玛飘浮在电梯顶板上方的空间，特意给她穿上了那件礼服。,hiro,02,04,Trial,08
28740,凶手的确没有直接让艾玛飘浮。,hiro,02,04,Trial,08
28741,凶手真正使其飘浮的是——,hiro,02,04,Trial,08
28742,自己的手,@choice |#0204Trial08_Choice005|,02,04,Trial,08
28743,自己的头发,@choice |#0204Trial08_Choice006|,02,04,Trial,08
28744,自己的血,@choice |#0204Trial08_Choice007|,02,04,Trial,08
28745,自己的手！,hiro,02,04,Trial,08
28746,手……！？,alisa,02,04,Trial,08
28747,其实凶手的魔女化程度已经相当严重了。,hiro,02,04,Trial,08
28748,这种状态下，凶手即使切断自己的身体，被切下来的部分也能单独存活。,hiro,02,04,Trial,08
28749,所以凶手决定切下自己的身体的某一部分，用魔法隔空让它飘浮……,hiro,02,04,Trial,08
28750,切下的是人体中最方便抓取物体的部位……也就是，手。,hiro,02,04,Trial,08
28751,用这只手抓起艾玛的礼服，从而使艾玛飘浮起来。,hiro,02,04,Trial,08
28752,是火箭飞拳吗……？我觉得这有点太离谱了吧……,miria,02,04,Trial,08
28753,希罗！汉娜的手还在，也没有其他人缺了手啊！,sherry,02,04,Trial,08
28754,也看不出缝合过的痕迹。……现在不是开玩笑的时候，二阶堂。,alisa,02,04,Trial,08
28755,（……我不是开玩笑的）,hiro,02,04,Trial,08
28756,（……但是，凶手让艾玛穿上礼服一定是有原因的）,hiro,02,04,Trial,08
28757,（假设【为了让艾玛飘浮，要用到礼服】……那么，凶手是让什么飘浮了呢——？）,hiro,02,04,Trial,08
28758,占人体7%的身体组织……血液。,hiro,02,04,Trial,08
28759,让血液飘浮……？真的假的啊……,alisa,02,04,Trial,08
28760,是把礼服泡在自己的血液里，从而让礼服飘浮起来吗……！？,miria,02,04,Trial,08
28761,但礼服也没有血迹斑斑啊。,alisa,02,04,Trial,08
28762,樱羽肚子上的血，不是樱羽自己的吗？,alisa,02,04,Trial,08
28763,而且我们之中也没有人大量出血……到底是怎么采集到血液的呢？,sherry,02,04,Trial,08
28764,还是感觉不太对劲……,miria,02,04,Trial,08
28765,（如果使用了血液，礼服应该会比现在染得更红吧……）,hiro,02,04,Trial,08
28766,（……但是，凶手让艾玛穿上礼服一定是有原因的）,hiro,02,04,Trial,08
28767,（假设【为了让艾玛飘浮，要用到礼服】……那么，凶手是让什么飘浮了呢——？）,hiro,02,04,Trial,08
28768,……那件礼服上绣着【金色刺绣】。,hiro,02,04,Trial,08
28769,那么，那些构成刺绣的【线】……到底是用什么做成的呢？,hiro,02,04,Trial,08
28770,……难、难道是……！,miria,02,04,Trial,08
28771,你刚刚是这么说的吧。你【只能让自己的身体飘浮】。,hiro,02,04,Trial,08
28772,【魔法是否把“头发”认定为自己身体的一部分】……,hiro,02,04,Trial,08
28773,这个我无从得知。但既然【头发蕴含着魔力】这样的传说能够广为流传，我想，有这样的魔法也不足为奇。,hiro,02,04,Trial,08
28774,你把自己的头发，编进了亲手制作的舞台服里……,hiro,02,04,Trial,08
28775,再给艾玛穿上那件衣服，使她飘浮在电梯顶板上方的空间里。,hiro,02,04,Trial,08
28776,——借助你拥有的【飘浮】魔法！,hiro,02,04,Trial,08
28777,凶手就是你——,hiro,02,04,Trial,08
28778,——远野汉娜！,hiro,02,04,Trial,08
28779,……啊……呜……,hanna,02,04,Trial,08
28780,……你曾经在和雪莉掰手腕的时候，对艾玛施过【魔法】吧。,hiro,02,04,Trial,08
28781,一定、一定要赢哇，艾玛！,hanna,02,04,Trial,08
28782,我、我会加油的……！,ema,02,04,Trial,08
28783,这是能让艾玛获胜的魔法哦。,hanna,02,04,Trial,08
28784,之后，雪莉输给了艾玛。,hiro,02,04,Trial,08
28785,那时你绑在艾玛手指上的【头发】……,hiro,02,04,Trial,08
28786,是为了给艾玛的手施加【浮力】魔法吧。,hiro,02,04,Trial,08
28787,…………,sherry,02,04,Trial,08
28788,汉娜……你正是利用这个手法，让艾玛的尸体出现在我面前，并让我目睹的！,hiro,02,04,Trial,08
28789,……为了把罪名嫁祸给我！,hiro,02,04,Trial,08
28790,啊……不、不……,hanna,02,04,Trial,08
28791,………不对！！,hanna,02,04,Trial,08
28792,我……我没有做那种事……我怎么可能……会那样做哇！！,hanna,02,04,Trial,08
28793,说、说我把头发编进礼服再利用礼服对艾玛使用魔法……根本没有任何证据哇！,hanna,02,04,Trial,09
28794,而且，我根本没有时间做那种事！,hanna,02,04,Trial,09
28795,"我乘电梯到上层之后，雪莉<link=""Objection_02_04_09_01"">马上</link>就来了！我根本不可能做那些哇！",hanna,02,04,Trial,09
28796,……或许确实是这样。,sherry,02,04,Trial,09
28797,"不过你看，汉娜使用魔法的时候不是每次都一副<link=""Objection_02_04_09_02"">很用力</link>的样子吗——",sherry,02,04,Trial,09
28798,在上层的时候，可没有看到她做那样的动作哦～,sherry,02,04,Trial,09
28799,……现在还无法确定艾玛和蕾雅被杀的准确时间。,hiro,02,04,Trial,09
28800,如果是在较久前的时间杀人，并且做好了让尸体飘浮的事前准备，那就可以瞬间做到。,hiro,02,04,Trial,09
28801,而且，假如汉娜的魔女化程度已经加剧，那么她也有可能像奈叶香那样，魔法得到增强……,hiro,02,04,Trial,09
28802,就算她能比平时更自由地操纵物体飘浮，也不足为奇……！,hiro,02,04,Trial,09
28803,说那些不过是强词夺理罢了！,hanna,02,04,Trial,09
28804,我根本没有时间做什么事前准备……！我不是凶手！,hanna,02,04,Trial,09
28805,我、我那时候不是在地下吗！对吧，各位！,hanna,02,04,Trial,09
28806,……但、但是，在调查地下仓库的时候，我们也没有余暇观察周围人在做什么……,miria,02,04,Trial,09
28807,小娜是不是一直都在地下……老实说，大叔我也不知道。,miria,02,04,Trial,09
28808,就连小艾和小蕾不见了，我都没能注意到……,miria,02,04,Trial,09
28809,……是啊。,sherry,02,04,Trial,09
28810,不过那时我似乎……大概在集合时间前10分钟左右看到了汉娜。,sherry,02,04,Trial,09
28811,我、我当时确实在呀……是真的！,hanna,02,04,Trial,09
28812,……对、对了！没错！是礼服！,hanna,02,04,Trial,09
28813,亚里沙不是在发现尸体的15分钟前，还看到礼服在画室里吗……！？,hanna,02,04,Trial,09
28814,"要在不到5分钟内把礼服拿过来，再给艾玛换上什么的，我哪有<link=""Objection_02_04_09_03"">时间</link>做这些啊！",hanna,02,04,Trial,09
28815,我不可能杀人的！请相信我！,hanna,02,04,Trial,09
28816,（……汉娜并没有说出什么确凿的东西）,hiro,02,04,Trial,09
28817,（但也正因如此，很难明确攻击她的证词）,hiro,02,04,Trial,09
28818,（她到底是否有可能作案……必须拿出证据来……！）,hiro,02,04,Trial,09
28819,一瞬间就换好了衣服,hiro,02,04,Trial,09
28820,返回,hiro,02,04,Trial,09
28821,那是演的,hiro,02,04,Trial,09
28822,没有必要去拿礼服,hiro,02,04,Trial,09
28823,不，并非不可能做到。,hiro,02,04,Trial,09
28824,那时，你第一个乘上电梯——,hiro,02,04,Trial,09
28825,升到上层后杀害艾玛——,hiro,02,04,Trial,09
28826,一瞬间就给艾玛的尸体换好了衣服——,hiro,02,04,Trial,09
28827,让尸体从电梯顶板上飘浮起来——,hiro,02,04,Trial,09
28828,然后若无其事地等待后来的两个人……,hiro,02,04,Trial,09
28829,——很简单吧！,hiro,02,04,Trial,09
28830,要做的事……步骤好多……！！,miria,02,04,Trial,09
28831,而且……给尸体换衣服什么的，我不觉得是件容易的事哦？,sherry,02,04,Trial,09
28832,一瞬间就换好衣服肯定是不可能的！,sherry,02,04,Trial,09
28833,（……在短时间内做到这些很困难）,hiro,02,04,Trial,09
28834,（……汉娜声称自己没有作案的【时间】）,hiro,02,04,Trial,09
28835,（但，真是如此吗？）,hiro,02,04,Trial,09
28836,（除了刺绣以外，还有可能动了其他手脚……）,hiro,02,04,Trial,09
28837,……其他人在使用魔法的时候，并不会一副用力的样子。,hiro,02,04,Trial,09
28838,汉娜为杀人做准备，有可能从一开始就在演戏。,hiro,02,04,Trial,09
28839,其实……你不用力也能使用魔法吧？,hiro,02,04,Trial,09
28840,我才不会做那种事！,hanna,02,04,Trial,09
28841,请不要无凭无据怀疑别人！,hanna,02,04,Trial,09
28842,……嗯，需不需要用力，只有当事人自己能判断吧。,sherry,02,04,Trial,09
28843,争论这个也没用吧。,alisa,02,04,Trial,09
28844,（虽然还是不知道汉娜到底是什么时候用的魔法……）,hiro,02,04,Trial,09
28845,（但正如亚里沙说的，讨论没有证据的事也无益……）,hiro,02,04,Trial,09
28846,（……汉娜声称自己没有作案的【时间】）,hiro,02,04,Trial,09
28847,（但，真是如此吗？）,hiro,02,04,Trial,09
28848,（除了刺绣以外，还有可能动了其他手脚……）,hiro,02,04,Trial,09
28849,你没有必要去拿礼服。,hiro,02,04,Trial,09
28850,这、这、这是……什么意思……？,hanna,02,04,Trial,09
28851,只要提前把礼服拿过来，就不必特地再花时间去画室取来了。,hiro,02,04,Trial,09
28852,……等等，二阶堂。那我看到的那件衣服又是怎么回事？,alisa,02,04,Trial,09
28853,那时，画室里确实挂着那件衣服……！我亲眼看到了……！,alisa,02,04,Trial,09
28854,发现尸体前，亚里沙在画室看到的那件礼服是……,hiro,02,04,Trial,09
28855,假的,@choice |#0204Trial09_Choice004|,02,04,Trial,09
28856,另一件,@choice |#0204Trial09_Choice005|,02,04,Trial,09
28857,看到礼服的时间不对,@choice |#0204Trial09_Choice006|,02,04,Trial,09
28858,是假的。,hiro,02,04,Trial,09
28859,你把挂着的床单之类的东西错看成了礼服。,hiro,02,04,Trial,09
28860,不，我看到的时候离得很近。,alisa,02,04,Trial,09
28861,（看来，不是看错了……）,hiro,02,04,Trial,09
28862,（……快回忆起来。汉娜在画室缝纫的时候——）,hiro,02,04,Trial,09
28863,（亲口说过【布料还剩了很多】）,hiro,02,04,Trial,09
28864,（即使礼服已经完成，她仍然还在缝纫，这或许意味着——）,hiro,02,04,Trial,09
28865,可能是记错了看到礼服的时间。,hiro,02,04,Trial,09
28866,亚莉莎看到礼服的时间，会不会比发现尸体的时间更早一些？,hiro,02,04,Trial,09
28867,不是，我有看表……,alisa,02,04,Trial,09
28868,看到礼服，我当时在想……说起来，你们几个出门的时间也太长了。,alisa,02,04,Trial,09
28869,所以时间应该没有错。,alisa,02,04,Trial,09
28870,（亚里沙似乎对自己的证词很有自信……）,hiro,02,04,Trial,09
28871,（……快回忆起来。汉娜在画室缝纫的时候——）,hiro,02,04,Trial,09
28872,（亲口说过【布料还剩了很多】）,hiro,02,04,Trial,09
28873,（即使礼服已经完成，她仍然还在缝纫，这或许意味着——）,hiro,02,04,Trial,09
28874,……很简单。,hiro,02,04,Trial,09
28875,礼服……有【两件】。,hiro,02,04,Trial,09
28876,呜……这……！？,hanna,02,04,Trial,09
28877,不知道是备用的还是别的什么，总之汉娜事先做好了两件礼服。,hiro,02,04,Trial,09
28878,然后在这次凶杀案发生后，处理掉了画室里的那件。,hiro,02,04,Trial,09
28879,只要这样做，就不需要特意把衣服带进来了。,hiro,02,04,Trial,09
28880,怎么……怎么……怎么会……,hanna,02,04,Trial,09
28881,汉娜，你将她们两人——,hiro,02,04,Trial,09
28882,……确实，从这些情况来看，汉娜也许有些可疑。,sherry,02,04,Trial,09
28883,但如果证据已经被处理掉了，那是否意味着【证据已经不存在了】呢？,sherry,02,04,Trial,09
28884,这……或许还能找到吧……,hiro,02,04,Trial,09
28885,……对、对哇！,hanna,02,04,Trial,09
28886,就算我是凶手，你也没有证据……！,hanna,02,04,Trial,09
28887,……那是理所当然的！因为我根本就不是凶手！！,hanna,02,04,Trial,09
28888,根本没有证据！哪里都没有！,hanna,02,04,Trial,09
28889,即使如此你还要坚持说我是凶手，那果然凶手就是希罗你！,hanna,02,04,Trial,09
28890,是你……想把罪名推到我头上！,hanna,02,04,Trial,09
28891,全是……你的错……！,hanna,02,04,Trial,09
28892,只要——没有你这个人就好了！,hanna,02,04,Trial,09
28893,没有任何证据可以证明我是凶手！,hanna,02,04,Trial,10
28894,要想把我当成凶手，我绝不可能承认！,hanna,02,04,Trial,10
28895,"我连<link=""Objection_02_04_10_01"">杀害艾玛的动机</link>都没有！",hanna,02,04,Trial,10
28896,"一切只不过是你的<link=""Objection_02_04_10_02"">妄想</link>！",hanna,02,04,Trial,10
28897,要这么说的话，我也一样。,hiro,02,04,Trial,10
28898,既没有证据，也没有动机。,hiro,02,04,Trial,10
28899,哈……！那可不好说。,hanna,02,04,Trial,10
28900,"你和艾玛<link=""Objection_02_04_10_03"">以前就认识</link>吧。",hanna,02,04,Trial,10
28901,而且你以为你们平时的言行举止大家看不到吗！？,hanna,02,04,Trial,10
28902,"你讨厌艾玛，艾玛也<link=""Objection_02_04_10_04"">讨厌</link>你……！",hanna,02,04,Trial,10
28903,那杀人动机不就足够了吗！,hanna,02,04,Trial,10
28904,无论从哪个方面看，比起我来，你才更像凶手！,hanna,02,04,Trial,10
28905,（……这话真刺耳啊）,hiro,02,04,Trial,10
28906,（我曾经那么厌恶艾玛……或许，艾玛看我也应如是……）,hiro,02,04,Trial,10
28907,（但……现在不是后悔的时候）,hiro,02,04,Trial,10
28908,（有没有什么能逼出汉娜的证据……或者是证词……）,hiro,02,04,Trial,10
28909,（即使不得不捏造，也要摆在她面前……！）,hiro,02,04,Trial,10
28910,有杀害蕾雅的动机？,hiro,02,04,Trial,10
28911,返回,hiro,02,04,Trial,10
28912,汉娜是凶手已经板上钉钉,hiro,02,04,Trial,10
28913,并不认识,hiro,02,04,Trial,10
28914,艾玛喜欢汉娜,hiro,02,04,Trial,10
28915,我们已经和好了,hiro,02,04,Trial,10
28916,你说自己【没有杀害艾玛的动机】……对吧。,hiro,02,04,Trial,10
28917,那么，意思是你有杀害蕾雅的动机？,hiro,02,04,Trial,10
28918,……！你、你这是故意抠我的字眼！,hanna,02,04,Trial,10
28919,怎么可能……会有动机……！,hanna,02,04,Trial,10
28920,……杀人动机、吗。,alisa,02,04,Trial,10
28921,两具尸体……真正的目标会是谁呢。,alisa,02,04,Trial,10
28922,……这和案件有什么关系吗。,sherry,02,04,Trial,10
28923,无论凶手的目标是她们两个中的哪一个，事到如今都无所谓了吧。,sherry,02,04,Trial,10
28924,……但、但是……,miria,02,04,Trial,10
28925,我想知道……她们到底为什么会被杀害啊。,miria,02,04,Trial,10
28926,（……动机、吗）,hiro,02,04,Trial,10
28927,（从杀害艾玛的凶器来看，先被杀害的应该是蕾雅）,hiro,02,04,Trial,10
28928,（如果凶手的意图本来是杀害蕾雅……那么艾玛被杀的原因是……）,hiro,02,04,Trial,10
28929,怎么会是妄想。,hiro,02,04,Trial,10
28930,利用礼服实现诡计、拥有飘浮魔法、发现尸体前乘坐电梯的顺序——,hiro,02,04,Trial,10
28931,所有的证据都在指向你。你就是凶手，汉娜。,hiro,02,04,Trial,10
28932,那些根本不能算证据！！,hanna,02,04,Trial,10
28933,就算不用什么诡计，只要你是凶手，一切就都完美解决了……！,hanna,02,04,Trial,10
28934,你说的这些，全部都是【只有在你不是凶手的情况下才成立的推理】吧！,hanna,02,04,Trial,10
28935,你还不快点自首！？,hanna,02,04,Trial,10
28936,（尽是些间接证据，看来不足以击垮她……）,hiro,02,04,Trial,10
28937,（……但是汉娜明显情绪波动很大）,hiro,02,04,Trial,10
28938,（如果无法拿出明确的证据——）,hiro,02,04,Trial,10
28939,（……或许应该苛责她的内心）,hiro,02,04,Trial,10
28940,……我和艾玛以前根本不认识。,hiro,02,04,Trial,10
28941,我们第一次见面就是来到这座监牢。在此之前没有任何瓜葛……自然也没有杀害她的动机。,hiro,02,04,Trial,10
28942,你骗人……！,hanna,02,04,Trial,10
28943,艾玛说过的！你们两个从小就认识！,hanna,02,04,Trial,10
28944,…………,hiro,02,04,Trial,10
28945,……对啊。她们两个一看就有什么关系。,sherry,02,04,Trial,10
28946,希罗，你为什么要撒这种谎！,hanna,02,04,Trial,10
28947,……至少，是同住一间牢房的关系吧。,alisa,02,04,Trial,10
28948,希罗一定……憎恨着艾玛！,hanna,02,04,Trial,10
28949,所以才杀了她！,hanna,02,04,Trial,10
28950,（可恶……看来捏造和艾玛的关系是行不通的……）,hiro,02,04,Trial,10
28951,（……但是汉娜明显情绪波动很大）,hiro,02,04,Trial,10
28952,（如果无法拿出明确的证据——）,hiro,02,04,Trial,10
28953,（……或许应该苛责她的内心）,hiro,02,04,Trial,10
28954,我和艾玛……已经和好了。,hiro,02,04,Trial,10
28955,我根本没有杀她的想法…………艾玛也，并没有……讨厌我。,hiro,02,04,Trial,10
28956,大叔我、虽然不太清楚你们的事……,miria,02,04,Trial,10
28957,但也能察觉到……你和艾玛的关系很复杂。,miria,02,04,Trial,10
28958,你和艾玛甚至还争执过！,hanna,02,04,Trial,10
28959,现在你来说这些……根本不可信！,hanna,02,04,Trial,10
28960,（可恶……看来捏造和艾玛的关系是行不通的……）,hiro,02,04,Trial,10
28961,（……但是汉娜明显情绪波动很大）,hiro,02,04,Trial,10
28962,（如果无法拿出明确的证据——）,hiro,02,04,Trial,10
28963,（……或许应该苛责她的内心）,hiro,02,04,Trial,10
28964,……真遗憾。,hiro,02,04,Trial,10
28965,……欸？,hanna,02,04,Trial,10
28966,确实我和艾玛的关系，说不上很好。,hiro,02,04,Trial,10
28967,但是……艾玛，她真的很喜欢你。几乎是……把你当做挚友。,hiro,02,04,Trial,10
28968,你、你在说什么……！,hanna,02,04,Trial,10
28969,艾玛曾经说过，你是她的伙伴……是值得信赖的朋友。,hiro,02,04,Trial,10
28970,而且，有证据可以证明。,hiro,02,04,Trial,10
28971,艾玛视你为朋友的证据，那就是——,hiro,02,04,Trial,10
28972,…………回想一下艾玛的尸体吧。,hiro,02,04,Trial,10
28973,她的尸体上，看不到曾经抵抗过的痕迹。,hiro,02,04,Trial,10
28974,正因为她信任汉娜这个朋友……所以才连警惕都来不及，就惨遭杀害了吧？,hiro,02,04,Trial,10
28975,……那、那只是牵强附会……！,hanna,02,04,Trial,10
28976,如果身中刺剑，肯定也有人会来不及抵抗就咽气的……！！,hanna,02,04,Trial,10
28977,而且，艾玛小姐对每个人都很友善……不只是对我这样，对你也是一样……！,hanna,02,04,Trial,10
28978,但是你却那么冰冷地对待艾玛！,hanna,02,04,Trial,10
28979,是你杀了她！,hanna,02,04,Trial,10
28980,（……艾玛确实相信这里的每一个人）,hiro,02,04,Trial,10
28981,（……还有没有别的什么材料……能够把汉娜的话逼出来）,hiro,02,04,Trial,10
28982,那有什么意义吗！？,hanna,02,04,Trial,10
28983,你不过是在误导大家相信你，试图掩盖自己的罪行罢了！,hanna,02,04,Trial,10
28984,（重新选择证据吧……）,hiro,02,04,Trial,10
28985,（……还有没有别的什么材料……能够把汉娜的话逼出来）,hiro,02,04,Trial,10
28986,艾玛一直携带着，从不离身的这个人偶……就是证据。,hiro,02,04,Trial,10
28987,欸……？那、那是……,hanna,02,04,Trial,10
28988,她虽然表现得很坚强，但被关进这个监牢以后，内心一直惴惴不安。,hiro,02,04,Trial,10
28989,在充满猜忌和恐惧的日子里，她内心的寄托就是……,hiro,02,04,Trial,10
28990,……就是这个人偶啊，汉娜。,hiro,02,04,Trial,10
28991,怎、怎么会……！,hanna,02,04,Trial,10
28992,正是在监牢中结交的，最好的朋友亲手为她做的这个人偶……,hiro,02,04,Trial,10
28993,所以她才走到哪里都带着这个人偶啊。,hiro,02,04,Trial,10
28994,——直到死亡降临的那一刻！,hiro,02,04,Trial,10
28995,骗、骗人……！这怎么可能……！,hanna,02,04,Trial,10
28996,……毕竟艾玛的朋友很少。,hiro,02,04,Trial,10
28997,或许，你就是她一生中最好的朋友也说不定。……汉娜。,hiro,02,04,Trial,10
28998,啊……啊……！,hanna,02,04,Trial,10
28999,所以……我无法原谅。,hiro,02,04,Trial,10
29000,这样的你，竟背叛了艾玛！,hiro,02,04,Trial,10
29001,不、不……我……我……,hanna,02,04,Trial,10
29002,（……我撒谎了）,hiro,02,04,Trial,10
29003,（艾玛并没有那样说过）,hiro,02,04,Trial,10
29004,（她很喜欢那个人偶是事实……）,hiro,02,04,Trial,10
29005,（但也没有夸张到这种地步）,hiro,02,04,Trial,10
29006,（竟然捏造死者的感情……我知道这很卑鄙）,hiro,02,04,Trial,10
29007,（……但我宁可行卑鄙之事，也要把真凶逼出水面……！）,hiro,02,04,Trial,10
29008,我……我……,hanna,02,04,Trial,10
29009,我根本……不想的……,hanna,02,04,Trial,10
29010,不是的……不是的……我、,hanna,02,04,Trial,10
29011,我根本就……没打算把艾玛也杀了……！,hanna,02,04,Trial,10
29012,……这是……一场事故……！对，是不幸的事故……！,hanna,02,04,Trial,10
29013,我才……没有……错……！,hanna,02,04,Trial,10
29014,汉娜……是你，将她们两人——,hiro,02,04,Trial,10
29015,——不对！！我——！,hanna,02,04,Trial,10
29016,——我根本没打算杀人的！！！,hanna,02,04,Trial,10
29017,……啊啊。,sherry,02,04,Trial,10
29018,汉娜……看来你一人已经无法背负下去了。——那罪孽的十字架。,sherry,02,04,Trial,10
29019,我……我……是……,hanna,02,04,Trial,10
29020,……你辛苦了。,sherry,02,04,Trial,10
29021,我没……有……,hanna,02,04,Trial,10
29022,相……信我……,hanna,02,04,Trial,10
29023,我——所做的事情……,hanna,02,04,Trial,11
29024,我，到底……做了什么？,hanna,02,04,Trial,11
29025,不是的，我……没有错。,hanna,02,04,Trial,11
29026,嗯，错的是……她。,hanna,02,04,Trial,11
29027,一切的一切……都是那个人的错。本小姐……【我】，没有错……,hanna,02,04,Trial,11
29028,我……杀了蕾雅。,hanna,02,04,Trial,11
29029,在地下捡起冰块。从后面……袭击了她。,hanna,02,04,Trial,11
29030,在电梯出口处，蕾雅流着血倒下……,hanna,02,04,Trial,11
29031,然后……艾玛拿着人字梯走过来……,hanna,02,04,Trial,11
29032,不等她出声喊我，我，就拿起了蕾雅的剑……,hanna,02,04,Trial,11
29033,等我回过神来，那里只剩……两具尸体。,hanna,02,04,Trial,11
29034,所以我，满脑子都是……把尸体藏起来……,hanna,02,04,Trial,11
29035,我把蕾雅……藏在电梯顶上。,hanna,02,04,Trial,11
29036,可是，集合时间快到了……到时如果我不在的话会被怀疑……,hanna,02,04,Trial,11
29037,所以想把艾玛，藏在人字梯挡住的地方……,hanna,02,04,Trial,11
29038,但是之后大家来了的话，马上就会暴露……,hanna,02,04,Trial,11
29039,必须想办法……让别人找不到艾玛的尸体……,hanna,02,04,Trial,11
29040,所以……我想让尸体消失……就把碰巧带着的舞台服……给艾玛穿上了……,hanna,02,04,Trial,11
29041,为了让换上了舞台服的艾玛不令人怀疑，我给蕾雅戴上了她带来的王冠……,hanna,02,04,Trial,11
29042,再次回到地下，我就第一个乘上电梯……,hanna,02,04,Trial,11
29043,然后对尸体穿着的礼服、上面的刺绣……对缝进刺绣的自己的头发，施了魔法……,hanna,02,04,Trial,11
29044,头发把她的尸体抬了起来……,hanna,02,04,Trial,11
29045,然后尸体向着电梯顶板上方飘浮……被空无一物的黑暗吞没……,hanna,02,04,Trial,11
29046,如果能一直这样飘浮下去，就不会被任何人发现了……我这么想着。,hanna,02,04,Trial,11
29047,所以我拼命地念着魔法。祈求魔法能一直持续……,hanna,02,04,Trial,11
29048,……但是。,hanna,02,04,Trial,11
29049,凭我这半吊子的魔法，根本做不到。,hanna,02,04,Trial,11
29050,她的尸体失去浮力，坠落下来。,hanna,02,04,Trial,11
29051,然后……在地下，被发现了。,hanna,02,04,Trial,11
29052,一切……一切都完了。,hanna,02,04,Trial,11
29053,……不是的。我根本不想杀人的。,hanna,02,04,Trial,11
29054,我不想骗人的。我不想撒谎的。,hanna,02,04,Trial,11
29055,我不想嫁祸别人的。我不想做个坏孩子的……！,hanna,02,04,Trial,11
29056,不是我的错……不是、我的、错……！,hanna,02,04,Trial,11
29057,……呐，我呀。,hanna,02,04,Trial,11
29058,真的、把两条人命都……杀死了吗……？,hanna,02,04,Trial,11
29059,……骗人，怎么会……,hanna,02,04,Trial,11
29060,我……【本小姐】我……,hanna,02,04,Trial,11
29061,明明这么可爱……明明是最完美的……,hanna,02,04,Trial,11
29062,【大小姐】……却……竟然……,hanna,02,04,Trial,11
29063,有谁……能听见我的声音吗？,島の大魔女,02,05,Adv,01
29064,你不但曾经目睹了少女们引发的悲剧，还拥有干涉这个世界的力量。,島の大魔女,02,05,Adv,01
29065,拜托了……请你，救救她吧。,島の大魔女,02,05,Adv,01
29066,我的声音已经，连她也无法听到……更不用说那些被聚集到宅邸的少女们了。,島の大魔女,02,05,Adv,01
29067,希望你能帮我转告她，我们这些人……事到如今已经不重要了。,島の大魔女,02,05,Adv,01
29068,无论如何，我们的存续本就已时日无多……,島の大魔女,02,05,Adv,01
29069,这座封闭的岛屿，是我们发展的尽头。依靠魔法得来的繁荣与文明，也早已停滞不前……,島の大魔女,02,05,Adv,01
29070,照这样下去，未来只会酿成不吉的淤积……这是预言告诉我们的结果。,島の大魔女,02,05,Adv,01
29071,我们这些岛上的大魔女之间也曾无数次争论，要如何避免毁灭的到来。可是，我们终究没有达成共识……,島の大魔女,02,05,Adv,01
29072,毕竟事情是在那样的情况下发生的……,BigWitch,02,05,Adv,01
29073,我们已经接受了——灭亡就是我们的宿命。,BigWitch,02,05,Adv,01
29074,所以，我们并不期望复仇。,BigWitch,02,05,Adv,01
29075,我只希望她……能在和人类共存中，找到属于自己的幸福。,BigWitch,02,05,Adv,01
29076,……那孩子明明是我们魔女之中最年幼的，我们却让她背负起这一切，只因为她是最后一任大魔女……,BigWitch,02,05,Adv,01
29077,可我依然希望她……能过得幸福。,BigWitch,02,05,Adv,01
29078,所以……能听到我声音的人，也就是你。,BigWitch,02,05,Adv,01
29079,我想请你向她转达……她不必再背负所谓“生为魔女的命运”了。,BigWitch,02,05,Adv,01
29080,求求你了——救救她吧……！,BigWitch,02,05,Adv,01
29081,——！,hiro,02,05,Adv,02
29082,我眨了眨眼，眼前是冰冷的石制天花板。,system,02,05,Adv,02
29083,咦，怎、怎么回事，这里是……？,ema,02,05,Adv,02
29084,牢、牢房……！？为什么！？,ema,02,05,Adv,02
29085,我说，这里究竟是什么地方！？,ema,02,05,Adv,02
29086,这是我们被囚禁在这座监牢的第一天。听到下铺传来【还活着的】艾玛的声音，我真切感受到这一点。,system,02,05,Adv,02
29087,（……回溯了。我成功回溯了）,hiro,02,05,Adv,02
29088,我以自身的意志施展了【死亡回溯】魔法，跨越无比漫长的时间，终于抵达了这里。,system,02,05,Adv,02
29089,艾玛——呃唔、呜呜呜呜……！,hiro,02,05,Adv,02
29090,我呼唤着她的名字——那是我最想再会的人，立刻打算从床上一跃而下。,system,02,05,Adv,02
29091,然而，紧随而来的是遍袭全身的剧痛，令我甚至无法站起身，忍不住发出呻吟。,system,02,05,Adv,02
29092,呃、呜呜、啊、啊啊啊……！,hiro,02,05,Adv,02
29093,欸，怎、怎么回事……？,ema,02,05,Adv,02
29094,听到我痛苦挣扎的声音，艾玛回头看向床铺。,system,02,05,Adv,02
29095,似乎是发现我也在牢房里了。,system,02,05,Adv,02
29096,希罗！？怎、怎么你也在这！？,ema,02,05,Adv,02
29097,头痛欲裂。身体像是被千刀万剐，心脏疼痛得仿佛即将破碎。,system,02,05,Adv,02
29098,（啊、啊啊，原来如此……）,hiro,02,05,Adv,02
29099,这是第三轮死亡回溯。我跨越漫长的时间，终于来到这里。,system,02,05,Adv,02
29100,大概我的身体已经被重置回最初的状态了。,system,02,05,Adv,02
29101,但是，在这次死亡回溯之前，我的魔女化程度已经太深，到了无可挽回的地步。,system,02,05,Adv,02
29102,那种腐蚀，已经深深刻在我的深层本质当中。即使身体曾一度复原……,system,02,05,Adv,02
29103,啊啊、呃、啊……！,hiro,02,05,Adv,02
29104,魔女化的进程也无法逆转。,system,02,05,Adv,02
29105,脸上的皮肤寸寸龟裂。指甲像锋利的树枝一样伸长。,system,02,05,Adv,02
29106,身体急速变化，那猛烈的疼痛折磨着我，只能徒劳地呻吟。,system,02,05,Adv,02
29107,我就维持着那个状态，从床上滚落下来。,system,02,05,Adv,02
29108,希罗！你还好吗，希罗！？,ema,02,05,Adv,02
29109,——别过来！别靠近我！！,hiro,02,05,Adv,02
29110,看到艾玛向我奔来的身影，我声嘶力竭地叫喊。,system,02,05,Adv,02
29111,艾玛惊恐地一震，顿住了脚步。,system,02,05,Adv,02
29112,（我还能、还能勉强维持理智……还能控制自己的身体）,hiro,02,05,Adv,02
29113,我大口喘着粗气，摇摇晃晃地站起来。,system,02,05,Adv,02
29114,这时艾玛惊讶地倒抽了一口气。,system,02,05,Adv,02
29115,希……你是……希罗，对吗……？,ema,02,05,Adv,02
29116,（艾玛……）,hiro,02,05,Adv,02
29117,我的喉咙发不出任何言语。,system,02,05,Adv,02
29118,身体似乎渐渐适应了这种状态，剧痛略微减轻，意识也尚算清醒。,system,02,05,Adv,02
29119,但我却不知道该对她说什么。,system,02,05,Adv,02
29120,炽热的情绪即将冲破心口，仿佛下一秒就要放声哭喊出来。可是——,system,02,05,Adv,02
29121,（我已经是个怪物了。恐怕，再也回不去了）,hiro,02,05,Adv,02
29122,我把视线移开，仿佛要把艾玛的存在从心里抹去。,system,02,05,Adv,02
29123,或许是因为死亡回溯换得的短暂宽限，又或许是因为我强行压制了内心的心理创伤，勉强还维持着理智。,system,02,05,Adv,02
29124,（……真是讽刺。小雪，似乎是因为与你的那番对话，才让我的魔女化进程在最后关头勉强减缓了吧）,hiro,02,05,Adv,02
29125,（趁着还清醒，我还有必须完成的事）,hiro,02,05,Adv,02
29126,（我正是为此，才回到了这里）,hiro,02,05,Adv,02
29127,视线凛然向前。囚禁着我们的铁栅栏就在眼前。,system,02,05,Adv,02
29128,我决定——,system,02,05,Adv,02
29129,举行魔女安息仪式,@choice |#0205Adv02_Choice001|,02,05,Adv,02
29130,不举行魔女安息仪式,@choice |#0205Adv02_Choice002| button:ChoiceButtons/Adv/Bad,02,05,Adv,02
29131,——没错。我早已下定决心，要启动魔女安息仪式。,system,02,05,Adv,02
29132,根据少女们留在【魔女之书】里的线索，召唤大魔女必须集齐【13名魔女】。,system,02,05,Adv,02
29133,也就是说……包括我在内，所有人都必须彻底魔女化才行。,system,02,05,Adv,02
29134,这意味着，必须将艾玛她们的心理创伤强行揭开，逼迫她们堕为魔女。,system,02,05,Adv,02
29135,这就是梅露露犯下的暴行……不，比那更加残酷。,system,02,05,Adv,02
29136,即使如此，我的心意已决。,system,02,05,Adv,02
29137,（不管这有多磨残酷，就算被她们厌恶、憎恨……哪怕此举希望渺茫……）,hiro,02,05,Adv,02
29138,（我也要拯救你们）,hiro,02,05,Adv,02
29139,听到牢门打开的声音，我尽力不去回头看艾玛，转身踏上前路。,system,02,05,Adv,02
29140,啊，等、等等我，希罗！,ema,02,05,Adv,02
29141,我的目标只有一个——【魔女安息仪式】。,system,02,05,Adv,02
29142,我让自己别去想除此以外的其他任何事，疾步前行。,system,02,05,Adv,02
29143,呀啊啊啊啊！！怎么还有一只怪物啊啊啊！！,coco,02,05,Adv,02
29144,被囚禁在监牢里的少女们已经聚集在过道上，看到我的模样，人人神色凝重，面露惊恐。,system,02,05,Adv,02
29145,但我却感到由衷的喜悦。,system,02,05,Adv,02
29146,（大家都还活着）,hiro,02,05,Adv,02
29147,她们的心中，已经没有了和我一起度过的记忆。,system,02,05,Adv,02
29148,对她们来说，我仅仅只是怪物。,system,02,05,Adv,02
29149,但这也没关系。因为在抵达这里之前，我心中早已藏好那段珍贵的回忆。,system,02,05,Adv,02
29150,忽然想起了什么，我把手伸进口袋。,system,02,05,Adv,02
29151,明明曾经捏碎得粉碎的东西，却毫发无伤地握在我的掌心。,system,02,05,Adv,02
29152,瞬间，情绪如浪涛般汹涌，险些令我把那支钢笔捏碎。,system,02,05,Adv,02
29153,但我在最后关头强行按下这股冲动，再次迈步向前。,system,02,05,Adv,02
29154,（给我等着吧，小雪。我现在就去见你——）,hiro,02,05,Adv,02
29155,（为了审判你的罪行）,hiro,02,05,Adv,02
29156,进入会客厅后没过多久，少女们似乎就全都到齐了。,system,02,05,Adv,03
29157,看守像堵住去路一样，牢牢把守出入口。,system,02,05,Adv,03
29158,对我来说，这已是第三次见到的场景，但对其他少女们而言，却是第一次经历。,system,02,05,Adv,03
29159,而且在她们的认知中，怪物大概不止一个了。,system,02,05,Adv,03
29160,她们无一不面露困惑，脸上写满了恐惧。,system,02,05,Adv,03
29161,——包括我在内，总共十三名预备魔女。,system,02,05,Adv,03
29162,我在其中认出了我要找的少女，快步朝她走去。,system,02,05,Adv,03
29163,见我有所动作，有人发出了小声的尖叫。,system,02,05,Adv,03
29164,在众人屏息凝视之下——我站到了冰上梅露露面前。,system,02,05,Adv,03
29165,欸……？啊、啊、那个……？,meruru,02,05,Adv,03
29166,我不容分说，一把揪住了梅露露的衣襟。,system,02,05,Adv,03
29167,呃……！,meruru,02,05,Adv,03
29168,……冰上梅露露，我有话对你说。,hiro,02,05,Adv,03
29169,噫、啊……？为什么，会知道我的名字……？,meruru,02,05,Adv,03
29170,住手，你这怪物！不准碰她！大家退到我身后！这家伙由我来收拾！,leia,02,05,Adv,03
29171,最先作出反应的，不出所料，是蕾雅。,system,02,05,Adv,03
29172,（还是这么爱出风头……不过，居然叫我怪物吗）,hiro,02,05,Adv,03
29173,她拔出刺剑，剑尖直指向我。眼神中写满了明确的厌恶与敌意。,system,02,05,Adv,03
29174,胸口一紧，有些难受。但我强行驱散了这种感伤。,system,02,05,Adv,03
29175,现在必须不顾一切地压抑所有感情，尽快推进计划才行。,system,02,05,Adv,03
29176,（趁我还能保持理智……）,hiro,02,05,Adv,03
29177,我无视用剑尖指着我的蕾雅，再次转向梅露露。,system,02,05,Adv,03
29178,我要求立刻开庭，进行魔女审判！,hiro,02,05,Adv,03
29179,欸、啊、为、为什么你连魔女审判的事都知道……？,meruru,02,05,Adv,03
29180,我的魔法是【死亡回溯】。我是带着一切的答案回到今天的。,hiro,02,05,Adv,03
29181,而且我已经知道如何才能见到大魔女。只说到这里，你就该明白了吧？,hiro,02,05,Adv,03
29182,梅露露的眼睛倏地睁大了。,system,02,05,Adv,03
29183,能、能见到大魔女大人……？【死亡回溯】魔法……确、确实，如果是这样的话，那你找到了各种答案，并且人在这里，也不是不可能……,meruru,02,05,Adv,03
29184,你至今为止所做的一切，我可以暂且不予追究。协助我。这样我就会让你见到大魔女。,hiro,02,05,Adv,03
29185,明、明白了……,meruru,02,05,Adv,03
29186,你们在那嘀嘀咕咕什么！你的对手是我，怪物！一决高下吧！,leia,02,05,Adv,03
29187,等、等等！希罗和我是从小一起长大的好朋友，那个，她不是什么怪物……！,ema,02,05,Adv,03
29188,呃……虽然不清楚你是哪位，但你的意思是，你和怪物一起长大吗？,sherry,02,05,Adv,03
29189,不、不是啦，虽然她现在长这样，但希罗才不是怪物……,ema,02,05,Adv,03
29190,够了，那边那个王子，要打就快点把那怪物解决掉啦！那边那个拿枪的女的上也行！,coco,02,05,Adv,03
29191,呀啊！真的耶，你为什么会拿着枪啊！？你这是非法持有枪械……！,miria,02,05,Adv,03
29192,……她到底是不是敌人，我还无法判断。,nanoka,02,05,Adv,03
29193,哎呀，真巧。我们看法一致呢。总觉得她不像是我们应该讨伐的怪物呢。……为什么呢？,margo,02,05,Adv,03
29194,那种事怎样都好！总之先给我解释清楚！你到底想拿我们怎么办！,alisa,02,05,Adv,03
29195,没、没错哇！看你好像知道些内情，请你给我们解释一下！,hanna,02,05,Adv,03
29196,哼哼哼～哼♪,noa,02,05,Adv,03
29197,诺亚正在把玩着会客厅的摆设……,system,02,05,Adv,03
29198,这一定是梦这一定是梦这一定是梦……,anan,02,05,Adv,03
29199,安安则在逃避现实。,system,02,05,Adv,03
29200,……唉。,備考◆ため息,02,05,Adv,03
29201,事态变得极其混乱，我轻轻叹了口气。,system,02,05,Adv,03
29202,（……你们真的，一点都没变啊）,hiro,02,05,Adv,03
29203,我转身面对少女们，从口袋里取出手机，高高举起。,system,02,05,Adv,03
29204,检查一下你们口袋里的手机。打开叫做【魔女图鉴】的APP，就能知道彼此的名字。,hiro,02,05,Adv,03
29205,总之大家先互相记住名字吧。,hiro,02,05,Adv,03
29206,少女们虽然保持着警戒，但还是乖乖地从自己的口袋里拿出了手机。,system,02,05,Adv,03
29207,她们打开【魔女图鉴】，逐一确认彼此的名字。,system,02,05,Adv,03
29208,就在这时——,system,02,05,Adv,03
29209,传来了猫头鹰振翅的声音，典狱长出现了。,system,02,05,Adv,03
29210,啊……好多人……呃，自我介绍一下……我是受命管理这座宅邸的可爱猫头鹰，典狱长……,warden,02,05,Adv,03
29211,……因为下班时间快到了……我就抓紧时间开始说明咯……,warden,02,05,Adv,03
29212,不必解释了。我们现在就要召开魔女审判。你立刻给我准备开庭。,hiro,02,05,Adv,03
29213,哈？……那个，不知怎的好像已经魔女化了的这位……呃，你是二阶堂希罗小姐，对吧？,warden,02,05,Adv,03
29214,说要召开魔女审判，这到底是……？是谁批准的？,warden,02,05,Adv,03
29215,典狱长困惑地歪着头，瞥了一眼梅露露。,system,02,05,Adv,03
29216,梅露露似乎有些犹豫，但还是点了点头。,system,02,05,Adv,03
29217,我、我批准。可以召开魔女审判。请开始准备吧，典狱长先生。,meruru,02,05,Adv,03
29218,可、可是现在还没有发生任何凶杀案啊……？一个人都还没死，到底要审判谁啊？,warden,02,05,Adv,03
29219,……啧。,備考◆カッとする,02,05,Adv,03
29220,难道不是有许多、许许多多的少女在这座监牢里牺牲了吗！,hiro,02,05,Adv,03
29221,那些死去的、堕为魔女的、无数少女们……,hiro,02,05,Adv,03
29222,以及作为新的牺牲者的我们，这是为了我们和她们举行的魔女审判！！,hiro,02,05,Adv,03
29223,即使告诫自己不要情绪激动，却仍忍不住高声怒喝，怒目瞪向典狱长。,system,02,05,Adv,03
29224,知、知道啦知道啦，别那么生气嘛。反正都下命令了，我去准备就是了……哎哟真是的……,warden,02,05,Adv,03
29225,典狱长逃也似的飞走了。我捂着胸口，单膝跪地。,system,02,05,Adv,03
29226,哈啊、哈啊、哈啊……,hiro,02,05,Adv,03
29227,希罗……这到底，是怎么回事……？,ema,02,05,Adv,03
29228,艾玛来到我身边，伸出了手。,system,02,05,Adv,03
29229,我无视她向我伸出的手，踉跄着站起身来。,system,02,05,Adv,03
29230,……都叫你别管我了。总之先去审判庭。有话之后再说。,hiro,02,05,Adv,03
29231,我们一行人鱼贯而行，朝着审判庭前进。,system,02,05,Adv,04
29232,梅露露因为被我派去办事了，所以她不在。现在知道怎么去审判庭的，只有我一个了。,system,02,05,Adv,04
29233,我走在最前面，为少女们带路。,system,02,05,Adv,04
29234,审判是怎么回事呀？,hanna,02,05,Adv,04
29235,接下来要发生什么啊……喂，你这家伙！到了审判庭会解释清楚的吧！？,alisa,02,05,Adv,04
29236,审判这两个字，真让人心动呢～！总觉得好像会发生什么有趣的事情，好兴奋呀！,sherry,02,05,Adv,04
29237,是、是吗……？审判什么的，总觉得只有不好的预感……,miria,02,05,Adv,04
29238,不知会是谁被审判呢？啊啊～想想就觉得一阵颤栗呢♡,margo,02,05,Adv,04
29239,跟在后面的少女们，气氛莫名地有些轻松。,system,02,05,Adv,04
29240,这也难怪。悲剧尚未降临，她们还对一切都一无所知。,system,02,05,Adv,04
29241,唯独艾玛紧跟在我身边，忧心忡忡地看着喘着粗气的我。,system,02,05,Adv,04
29242,希罗，那个，不要勉强自己……,ema,02,05,Adv,04
29243,我知道你在生我的气，但是，我也想帮上希罗的忙……,ema,02,05,Adv,04
29244,…………,hiro,02,05,Adv,04
29245,（当一切都真相大白的时候……艾玛还能用和现在一样的眼神看我吗？）,hiro,02,05,Adv,04
29246,（……现在已经顾不上自己了！）,hiro,02,05,Adv,04
29247,（现在唯一要做的，就是让【魔女安息仪式】成功……！）,hiro,02,05,Adv,04
29248,完成魔女安息仪式需要13名魔女的魔力。,system,02,05,Adv,04
29249,只要将她们的魔力集中于仪礼剑上，大魔女便会受肉降临。,system,02,05,Adv,04
29250,早在我们被囚禁在这座监牢之前，梅露露应该就已经知道这件事了。,system,02,05,Adv,04
29251,她刻意凑够13人，或许也是为此。,system,02,05,Adv,04
29252,（但是【现在】的她们还不够）,hiro,02,05,Adv,04
29253,（必须让十三人全部都获得与魔女同等的魔力）,hiro,02,05,Adv,04
29254,（换句话说……我必须让她们每个人都堕为魔女……）,hiro,02,05,Adv,04
29255,把她们封锁在内心深处的阴影暴露在人前，再强行撬开，蹂躏她们的灵魂。,system,02,05,Adv,04
29256,我早已深知，这是一种极其残酷，且几近不可能实现的行径。,system,02,05,Adv,04
29257,终于，我们抵达了审判庭前。我停下脚步。,system,02,05,Adv,04
29258,这里就是审判庭。,hiro,02,05,Adv,04
29259,那一对长年上锁、紧闭着的巨大门扉，此刻却打开了。,system,02,05,Adv,04
29260,哇啊，好厉害！好宽敞！,noa,02,05,Adv,04
29261,好神圣的空间……真是太美了……,margo,02,05,Adv,04
29262,搞不清状况啦，快点结束快点回家吧～,coco,02,05,Adv,04
29263,应该是按照我们的囚犯编号就座吧……？,leia,02,05,Adv,04
29264,吾辈已经累垮了……好想睡……,anan,02,05,Adv,04
29265,我们走进审判庭，顺从地站到了各自的证人席前。,system,02,05,Adv,04
29266,就这样稍等片刻……,system,02,05,Adv,04
29267,钟声在审判庭内隆隆回荡起来。,system,02,05,Adv,04
29268,与此同时，不知从何处飞来一只猫头鹰，停在了高处的栏杆上。,system,02,05,Adv,04
29269,规矩如此，所以我连钟都敲了哦。真是的……,warden,02,05,Adv,04
29270,审判庭的门仍然敞开着。稍晚，梅露露最后一个进来了。,system,02,05,Adv,04
29271,确认她到场后，站在出入口大门前的看守随即关闭了大门。,system,02,05,Adv,04
29272,那、那个，希罗小姐，我拿来了……这个……,meruru,02,05,Adv,04
29273,辛苦。,hiro,02,05,Adv,04
29274,我说我说，希罗亲你凭什么那么拽啊？你是魔王还是什么啊？,coco,02,05,Adv,04
29275,无视可可的揶揄，我深深吸了一口气。,system,02,05,Adv,04
29276,接着，我拿起仪礼剑，高高举向天空。,system,02,05,Adv,04
29277,魔女审判现在开庭！,hiro,02,05,Adv,04
29278,这将是我的最后一场魔女审判。,system,02,05,Adv,04
29279,我在心中暗暗立誓，无论最终是怎样的结局，我都要维持正确。,system,02,05,Adv,04
29280,别抢我台词好吗……算了算了，为了能准时下班，赶紧搞完吧～！,warden,02,05,Adv,04
29281,如今的我心如止水。我高举仪礼剑，用剑尖指向审判庭中央。,system,02,05,Adv,05
29282,（召唤出大魔女，并审判她）,hiro,02,05,Adv,05
29283,（然后，让她把我们从诅咒中解放出来……）,hiro,02,05,Adv,05
29284,（你一直都在我们身边。你会来的，对吧，小雪……？）,hiro,02,05,Adv,05
29285,在紧绷的空气中，几秒钟过去了。,system,02,05,Adv,05
29286,……等等。感觉……有什么在看着我。有什么不妙的东西要来了。,coco,02,05,Adv,05
29287,低沉如地鸣般的闷响，隐约地在四周响起。,system,02,05,Adv,05
29288,——慢慢地，审判庭中央的处刑台上渗出了赤黑色的液体。,system,02,05,Adv,05
29289,唔唔。那不是……血吗？,sherry,02,05,Adv,05
29290,雪莉透过放大镜凝视着远处的液体。,system,02,05,Adv,05
29291,就在那一瞬间。,system,02,05,Adv,05
29292,审判庭中央像是被撕开了一个大洞，赤黑色的液体源源不断地涌出。,system,02,05,Adv,05
29293,喂喂喂……！这是什么鬼，没听说过啊！,alisa,02,05,Adv,05
29294,血柱喷涌而上。,system,02,05,Adv,05
29295,不久，液体如同洪水般开始充斥整个审判庭。,system,02,05,Adv,05
29296,等、等等，这、这样下去不妙吧！？,hanna,02,05,Adv,05
29297,没、没事的。我会保护大家的……！,leia,02,05,Adv,05
29298,少女们还在战栗不已，终于血色喷泉的势头开始有了减弱的迹象。,system,02,05,Adv,05
29299,……里面，有个人。,anan,02,05,Adv,05
29300,在逐渐减弱的血柱缝隙中，隐约可见某种【轮廓】。,system,02,05,Adv,05
29301,那是一团闪着粘稠光泽、约一人大小的肉块。,system,02,05,Adv,05
29302,啊啊……大魔女大人。终于……,備考◆恍惚,02,05,Adv,05
29303,——终于，与您相会了……！,meruru,02,05,Adv,05
29304,就在那一刻。,system,02,05,Adv,05
29305,枪声骤然响起。,system,02,05,Adv,05
29306,子弹射向肉块，却在空中化作火花，凭空消失了。,system,02,05,Adv,05
29307,……！子弹在空中燃尽了？,nanoka,02,05,Adv,05
29308,等、等等，别乱来啊！那东西不知道会对我们做什么！大、大叔我受不了了，好可怕！！,miria,02,05,Adv,05
29309,这是魔女们流的血。,月代ユキ,02,05,Adv,05
29311,有什么东西在说话？,noa,02,05,Adv,05
29312,随着诺亚一句疑问……,system,02,05,Adv,05
29313,包裹着肉块的血液，忽地化作铺天盖地的红蝶剥落下来。,system,02,05,Adv,05
29314,那就是大魔女……长得还挺可爱的嘛。,margo,02,05,Adv,05
29315,我偷偷瞥了眼身旁的艾玛。,system,02,05,Adv,05
29316,……小……雪。,ema,02,05,Adv,05
29317,终于重逢……却又不愿相信。艾玛脸上浮现出复杂纠葛的神情，轻轻唤出旧友的名字。,system,02,05,Adv,05
29318,我的复活，即意味着绝望……你们到底在指望什么呢？,yuki,02,05,Adv,05
29319,不可能会有好结局的。,yuki,02,05,Adv,05
29320,大魔女——雪，嫣然一笑。,system,02,05,Adv,05
29321,来吧，成为我的共犯吧。,yuki,02,05,Adv,05
29322,欸……？,ema,02,05,Adv,06
29323,回到……原来的地方了……？,miria,02,05,Adv,06
29324,回过神来，我们已经回到了往常的审判庭。,system,02,05,Adv,06
29325,伫立在中央的少女，直到刚才还在以压倒性的力量君临于我们面前。,system,02,05,Adv,06
29326,但现在站在我们面前的她——只不过是一个普普通通的、曾经是我的朋友的，女孩。,system,02,05,Adv,06
29327,看来她听进去我们的劝说了……,nanoka,02,05,Adv,06
29328,（对啊……我们的声音传达到了……终于传达到了！）,ema,02,05,Adv,06
29329,小雪……！,ema,02,05,Adv,06
29330,心中百感交集，我呼唤着她的名字。,system,02,05,Adv,06
29331,就像以前那样，我们三个……不，和在这里的大家一起……,ema,02,05,Adv,06
29332,一起回家吧！,ema,02,05,Adv,06
29333,我伸出手。,system,02,05,Adv,06
29334,小雪，已经没有什么好迷惘的啦。你看现在，只要把话说开了，我们之间其实根本没有什么嫌隙。,ema,02,05,Adv,06
29335,多亏了希罗，一切都化解了呀。,ema,02,05,Adv,06
29336,而且还不止这样……我还交到了这么多朋友！,ema,02,05,Adv,06
29337,我以前一直因为没有朋友而烦恼，现在却交到这么多朋友，很厉害吧！我真的真的好开心！,ema,02,05,Adv,06
29338,什么凶杀案、魔女审判、处刑……全都、全都没有发生过！,ema,02,05,Adv,06
29339,就算还有很多痛苦的记忆……但我们一定能克服的！,ema,02,05,Adv,06
29340,让我们一起，用许多快乐的回忆去覆盖它们吧！,ema,02,05,Adv,06
29341,我还有好多好多想做的事呢！,ema,02,05,Adv,06
29342,先开茶会吧！然后还想看电影、唱卡拉OK！还要去购物！,ema,02,05,Adv,06
29343,一起去海边、去游泳池……一起环游世界也不错！,ema,02,05,Adv,06
29344,啊对了，我们还约好要一起在屋顶看烟花呢。首先得实现这个约定才行——,ema,02,05,Adv,06
29345,无论我怎么呼唤，小雪只是静静地微笑着。,system,02,05,Adv,06
29346,过了许久，她缓缓地摇了摇头。,system,02,05,Adv,06
29347,……已经，太迟了。,yuki,02,05,Adv,06
29348,我们的对话正在被监听。,yuki,02,05,Adv,06
29349,所以……就算我放弃计划，我或者艾玛也无法平安回家了。,yuki,02,05,Adv,06
29350,没有人会眼睁睁地放我们这些有可能毁灭人类的魔女离开这座孤岛吧？,yuki,02,05,Adv,06
29351,…………,warden,02,05,Adv,06
29352,典狱长依旧俯视着我们，不发一语，令人毛骨悚然地沉默着。,system,02,05,Adv,06
29353,回想起来，自从审判开始，它几乎就没开过口。,system,02,05,Adv,06
29354,而现在，他甚至一动不动，仿佛已经完全停止运转一般。,system,02,05,Adv,06
29355,这座监牢的管理方……就是把我们关在这里的人类吗……,anan,02,05,Adv,06
29356,可恶，也就是说还有其他敌人吗……！,leia,02,05,Adv,06
29357,怎么会……那我们所做的一切，都是徒劳的吗……？,hanna,02,05,Adv,06
29358,谁说不能回家的！我不要、我不要我不要！！放我回去啊！！,coco,02,05,Adv,06
29359,……我们明明都这么努力了，真遗憾啊。,margo,02,05,Adv,06
29360,——所以。,yuki,02,05,Adv,06
29361,就由我来施下——【不会杀死魔女】的魔法吧。,yuki,02,05,Adv,06
29362,她的声音，温柔得仿佛能悄然融化黑暗。,system,02,05,Adv,06
29363,那温柔像是在贴近、包容着我们，令人感到温暖。,system,02,05,Adv,06
29364,不会杀死魔女的魔法……？就是能让我们免于一死的魔法吗？,noa,02,05,Adv,06
29365,大魔女，你这家伙难道……,alisa,02,05,Adv,06
29366,我会将所有的魔女因子，转化成无害的形式……然后带走。,yuki,02,05,Adv,06
29367,一定是从一开始，小雪就下定决心，选择了站在这里。,system,02,05,Adv,06
29368,即使如此，我还是没有放下伸出的手。,system,02,05,Adv,06
29369,我不想放下。我不愿放弃。,system,02,05,Adv,06
29370,即使指尖颤抖，即使距离遥远，即使我明知道不可能——,system,02,05,Adv,06
29371,——升入初中后，我一直是孤身一人。,system,02,05,Adv,06
29372,我从小就不擅长交朋友，总是跟在希罗后面。,system,02,05,Adv,06
29373,没有她，我就什么都做不好。,system,02,05,Adv,06
29374,升初中时，我和希罗分到了不同的班级——,system,02,05,Adv,06
29375,我交不到朋友，变得孤立无援。,system,02,05,Adv,06
29376,（明天真不想去上学啊……）,ema,02,05,Adv,06
29377,就在我想着这些，一个人待在屋顶的时候，那个女孩出现在了我的面前。,system,02,05,Adv,06
29378,樱羽艾玛……可以和我交个朋友吗？,yuki,02,05,Adv,06
29379,那个……我记得你是同班的，月代雪，对吧……？,ema,02,05,Adv,06
29380,班里有个和我一样孤立无援的女孩，我记得她的名字。,system,02,05,Adv,06
29381,她看起来比我更受排挤，散发着让人难以接近的气场。,system,02,05,Adv,06
29382,但正因为我们都是孤单的人，我隐约期待着，说不定我们能玩在一起。,system,02,05,Adv,06
29383,当她主动向我搭话时，我眼睛都亮了起来。,system,02,05,Adv,06
29384,你说要和我交朋友……真的！？,ema,02,05,Adv,06
29385,嗯。同是天涯沦落人，好好相处吧。,yuki,02,05,Adv,06
29386,太好了！请多指教啦，小雪！,ema,02,05,Adv,06
29387,明明是小雪自己主动向我搭话的，她却像是有些意外似的，睁大了眼睛。,system,02,05,Adv,06
29388,然后稍稍低下头，害羞地轻声说道。,system,02,05,Adv,06
29389,……你的笑容，我真的很喜欢。,yuki,02,05,Adv,06
29390,……艾玛，我啊。,yuki,02,05,Adv,06
29391,能遇见你，真的很幸福。,yuki,02,05,Adv,06
29392,不要说了……,備考◆涙声,02,05,Adv,06
29393,你善良、坦率、美丽……,yuki,02,05,Adv,06
29394,让我……想起岛上的大家……,yuki,02,05,Adv,06
29395,不要说了……,ema,02,05,Adv,06
29396,甚至让我觉得……毁灭人类这件事……似乎也没那么重要了。,yuki,02,05,Adv,06
29397,一定是从第一次看到你的笑容时起，从喜欢上你的笑容那一刻起——,yuki,02,05,Adv,06
29398,我就已经，输给你了。,yuki,02,05,Adv,06
29399,不要再说了！！,ema,02,05,Adv,06
29400,我再也忍不住了。我想要冲向小雪。但手腕却被牢牢抓住，遭到制止。,system,02,05,Adv,06
29401,……！,ema,02,05,Adv,06
29402,阻止也没用的。小雪已经……,hiro,02,05,Adv,06
29403,可是这太奇怪了！！,ema,02,05,Adv,06
29404,魔女和人类……非得消灭其中一方才行吗……？,ema,02,05,Adv,06
29405,这根本就不对啊！！,ema,02,05,Adv,06
29406,是我们把小雪逼到这一步的，结果却要小雪牺牲！！,ema,02,05,Adv,06
29407,这样不行！！这是错的！！我一定要带她回家！！,ema,02,05,Adv,06
29408,就算我如此争辩，希罗还是不肯放开我。我被希罗抓得手腕发烫。,system,02,05,Adv,06
29409,为什么拦着我！？希罗难道不把小雪当朋友吗！？,ema,02,05,Adv,06
29410,我任由情绪爆发大喊着，狠狠瞪着希罗——才终于注意到。,system,02,05,Adv,06
29411,希罗正在静静哭泣。,system,02,05,Adv,06
29412,没有声音，只有透明的泪珠划过她的脸颊。,system,02,05,Adv,06
29413,泪珠滴落在我的手上。,system,02,05,Adv,06
29414,抓住我的手也在颤抖，她任由泪水簌簌落下，只是直直地看着我。,system,02,05,Adv,06
29415,正因为是朋友……！,hiro,02,05,Adv,06
29416,所以要理解小雪的心情啊……！,hiro,02,05,Adv,06
29417,希罗……,ema,02,05,Adv,06
29418,希罗转头看向小雪。,system,02,05,Adv,06
29419,雪，你做了不正确的事。所以你必须离开。,hiro,02,05,Adv,06
29420,但请允许我说一句。在我们之中，没有任何一个人是罪该处死的【魔女】。,hiro,02,05,Adv,06
29421,一个都没有……！,hiro,02,05,Adv,06
29422,你是错的。你终究还是不正确……！,hiro,02,05,Adv,06
29423,……希罗。你是尊重我、引导我、保护我的存在……,yuki,02,05,Adv,06
29424,我总是被你所拯救。,yuki,02,05,Adv,06
29425,你送我钢笔的时候，让我的心变得好温暖。所以——,yuki,02,05,Adv,06
29426,向你寻求救赎的，其实是我啊。,yuki,02,05,Adv,06
29427,谢谢你，希罗。,yuki,02,05,Adv,06
29428,竟然要第二次失去你……这内心的伤口，恐怕到死也无法痊愈。,備考◆涙を堪える,02,05,Adv,06
29429,我会一直记得你。永远不会忘记你。永远、永远、永远！,hiro,02,05,Adv,06
29430,我会永远记得的！！,hiro,02,05,Adv,06
29431,——就在这时。落在地上的仪礼剑，悄然飘浮了起来。,system,02,05,Adv,06
29432,我会将所有的魔女因子收回体内。这样一来，大魔女将会消失，魔女因子的诅咒也会从这个世界上彻底抹去……,yuki,02,05,Adv,06
29433,这样的话……就再也没有人，有理由伤害你们了。,yuki,02,05,Adv,06
29434,剑刃发出暗淡的光芒，在空中飘浮，如同被无形之手操控一般，剑柄缓缓旋转。,system,02,05,Adv,06
29435,剑尖指向小雪的瞬间——仪礼剑竟化作一柄长枪。,system,02,05,Adv,06
29436,小雪轻轻地笑了，那笑容无比虚幻。,system,02,05,Adv,06
29437,应该被处刑的，不是人类……,yuki,02,05,Adv,06
29438,而是在漫长岁月中被复仇心束缚，最终变为怪物的——,yuki,02,05,Adv,06
29439,——作恶的【魔女】一方，也说不定呢。,yuki,02,05,Adv,06
29440,所以……永别了。,yuki,02,05,Adv,06
29441,——小雪！！,ema,02,05,Adv,06
29442,伴随着刺耳的破空声，长枪径直飞向小雪。,system,02,05,Adv,06
29443,——被长枪贯穿的，不仅只有小雪的身体。,system,02,05,Adv,06
29444,……啊啊。,yuki,02,05,Adv,06
29445,小雪缓缓吐出一口气，口中随之汩汩溢出鲜血。,system,02,05,Adv,06
29446,——就在长枪即将贯穿小雪前，梅露露冲了过去。,system,02,05,Adv,06
29447,于是，两人像相拥一般，被长枪贯穿了身体。,system,02,05,Adv,06
29448,……梅露露，你为什么要……,yuki,02,05,Adv,06
29449,如小雪先前所说的那样——,system,02,05,Adv,06
29450,由于魔女因子得以收回，梅露露似乎也失去了不死的能力。,system,02,05,Adv,06
29451,失去魔女的力量，回归普通少女的梅露露，脸上却带着幸福的笑容。,system,02,05,Adv,06
29452,……我不是、说过了吗……,meruru,02,05,Adv,06
29453,就算到地狱的尽头，也会陪伴着您……,meruru,02,05,Adv,06
29454,……是啊。,yuki,02,05,Adv,06
29455,仔细回想起来……,yuki,02,05,Adv,06
29456,有些事对岛上的大家都无法倾诉……我唯一能倾诉的人……只有你。,yuki,02,05,Adv,06
29457,……其实……我有句话……一直没机会说出口……,yuki,02,05,Adv,06
29458,……梅露露。把你也牵扯进这种事……,yuki,02,05,Adv,06
29459,……对不起。,yuki,02,05,Adv,06
29460,忽然间，小雪和梅露露的身体逐渐被柔和的光芒包裹。,system,02,05,Adv,06
29461,那是仿佛要将历经悠久时光的她们升华一般柔和的光芒。,system,02,05,Adv,06
29462,光芒逐渐扩散，将两人彻底包裹。,system,02,05,Adv,06
29463,……我很高兴。有您这句话……就足够了……,meruru,02,05,Adv,06
29464,梅露露……明明让你……吃了这么多苦……,yuki,02,05,Adv,06
29465,你却……做得这么好。,yuki,02,05,Adv,06
29466,那凄美而虚幻的光芒，,system,02,05,Adv,06
29467,连同最后的一点余晖——悄然消散了。,system,02,05,Adv,06
29468,那天，我独自站在监牢门前。,system,02,05,Adv,07
29469,（真够慢的……）,hiro,02,05,Adv,07
29470,不守时是错误的。焦躁使我忍不住用脚尖不断敲击地面。,system,02,05,Adv,07
29471,（再不快点就要被大家发现了——）,hiro,02,05,Adv,07
29472,嗨，希罗。你看起来很焦急的样子，发生什么事了吗？,leia,02,05,Adv,07
29473,——啧。我不禁咂嘴。,system,02,05,Adv,07
29474,（怎么偏偏是蕾雅）,hiro,02,05,Adv,07
29475,没什么。我不过是今天也在堂堂正正地活着罢了。,hiro,02,05,Adv,07
29476,话虽如此，但平时希罗你这个时候应该正在打扫宅邸才对。,leia,02,05,Adv,07
29477,……你知道得还真清楚啊。,hiro,02,05,Adv,07
29478,距离最后的审判……小雪和梅露露消失之后，已经过去数日。,system,02,05,Adv,07
29479,我们从魔女的诅咒因子中解放出来，原以为能马上就能回家了……,system,02,05,Adv,07
29480,据典狱长说，我们已经从社会意义上被抹杀了，是特例中的特例。,system,02,05,Adv,07
29481,所以办理我们回去的手续，需要好几天时间。,system,02,05,Adv,07
29482,无奈之下，我们只好继续留在监牢，已经一个星期了。,system,02,05,Adv,07
29483,当然，在此期间我们并没有睡在地下牢房，而是各自住在自己喜欢的地方。,system,02,05,Adv,07
29484,虽然相处的时间不长，但我心中却有很多很多与你共度的回忆呢。,leia,02,05,Adv,07
29485,就算你用帅气的表情跟我说这个……简而言之，你是我的跟踪狂还是什么吗？,hiro,02,05,Adv,07
29486,就这样，正当我和蕾雅在宅邸前有一搭没一搭地聊着——,system,02,05,Adv,07
29487,远处传来如同地鸣般的低沉声响。,system,02,05,Adv,07
29488,声音逐渐变大，风也开始呼啸。抬头望向天空，不知何时出现了一个黑影。,system,02,05,Adv,07
29489,（总算来了吗。降落地点还真远啊）,hiro,02,05,Adv,07
29490,从山丘上俯瞰，可以看到机体缓缓降落在山谷间的开阔地带。,system,02,05,Adv,07
29491,那不是直升机吗！？,sherry,02,05,Adv,07
29492,终于来接我们了吗！？,hanna,02,05,Adv,07
29493,（又被麻烦的家伙发现了……）,hiro,02,05,Adv,07
29494,不只是雪莉和汉娜。注意到骚动的少女们，全都吵吵嚷嚷地跑了出来。,system,02,05,Adv,07
29495,面对这意料之外的状况，我重重叹了口气。,system,02,05,Adv,07
29496,……典狱长通知我，让我第一个回去。,hiro,02,05,Adv,07
29497,哎呀，一次只能接一个人走吗？,margo,02,05,Adv,07
29498,欸～搞什么嘛～。太狡猾了吧？也带上我一起嘛。人家想早点回去啦！,coco,02,05,Adv,07
29499,因为我们的情况从各种意义上来说都是特例，他们大概也在警惕我们吧。回去后短时间内，也可能会被一定程度上禁足。,hiro,02,05,Adv,07
29500,说得也是呢……也许能允许我们回家就该谢天谢地了。,miria,02,05,Adv,07
29501,希罗……你要先走了吗？,ema,02,05,Adv,07
29502,听到艾玛的声音，我略微一惊。,system,02,05,Adv,07
29503,嗯……我先走了。,hiro,02,05,Adv,07
29504,为什么不告诉我们呀？早知道就给你开告别派对了。,noa,02,05,Adv,07
29505,……我不喜欢那种伤感的场面。,hiro,02,05,Adv,07
29506,其实，我本打算不惊动任何人，悄悄离开这里。,system,02,05,Adv,07
29507,可是……用这种方式告别，诺亚好寂寞哦。,noa,02,05,Adv,07
29508,看着快要哭出来的诺亚，我走上前，轻轻地把手放在她的头上。,system,02,05,Adv,07
29509,我们不是都交换了联系方式吗，很快就能再见面的。,hiro,02,05,Adv,07
29510,我一定会来见你的。,hiro,02,05,Adv,07
29511,……嗯！诺亚会在希罗来之前，把这座宅邸变成彩虹色的！,noa,02,05,Adv,07
29512,……吾辈要求的不是彩虹色，应该是暗黑城堡才对。,anan,02,05,Adv,07
29513,彩虹色比较漂亮，所以诺亚就自己定为彩虹色啦！,noa,02,05,Adv,07
29514,『坚决斗争』,anan,02,05,Adv,07
29515,……诺亚和安安，决定留在这座宅邸。,system,02,05,Adv,07
29516,画画是挺好的，但你们俩也要记得每天好好洗澡哦？,margo,02,05,Adv,07
29517,我陪你们一起洗也可以的♡,margo,02,05,Adv,07
29518,玛格也同样选择留下。,system,02,05,Adv,07
29519,诺亚、安安和玛格，各自都有选择留在这里而不回去的理由。所以我不会阻止她们。,system,02,05,Adv,07
29520,只是，还是有些放心不下，我看向玛格。,system,02,05,Adv,07
29521,玛格，我必须向你道歉。,hiro,02,05,Adv,07
29522,我中途离开，相当于增加了你的负担。,hiro,02,05,Adv,07
29523,这不是希罗需要担心的问题。,margo,02,05,Adv,07
29524,我啊。……我讨厌外面的世界。这是我的真心话，绝无虚假。,margo,02,05,Adv,07
29525,能在这里找到自己力所能及的事，我想，这就是我的幸福了。,margo,02,05,Adv,07
29526,……我也会再在这里留一段时间，继续照顾大家的。希罗就别担心了。,nanoka,02,05,Adv,07
29527,不过，我也总有一天会回去的。因为这里……有太多、太痛苦的回忆了。,nanoka,02,05,Adv,07
29528,……是啊。,hiro,02,05,Adv,07
29529,从大魔女的诅咒因子中解放出来的，不仅仅只有我们。,system,02,05,Adv,07
29530,保存在冷冻室里的魔女们，也陆陆续续从诅咒中苏醒了过来。——看守们，也是如此。,system,02,05,Adv,07
29531,但并不是所有人都处于谈得上是幸福的状态。许多少女在混乱中留下了深深的心灵创伤，需要漫长的时间去疗愈。,system,02,05,Adv,07
29532,也有很多少女无家可归。玛格决定留在这座监牢，也是因为需要有人来照顾她们。,system,02,05,Adv,07
29533,奈叶香向前迈出一步。,system,02,05,Adv,07
29534,我由衷地感谢你。真的非常感谢……二阶堂希罗。,nanoka,02,05,Adv,07
29535,我并没有资格接受感谢。但是，能遇见你们真是太好了，真的。,hiro,02,05,Adv,07
29536,嗯。,nanoka,02,05,Adv,07
29537,奈叶香露出天真无邪的笑容，点了点头。或许这才是她本来的样子吧。,system,02,05,Adv,07
29538,因为我曾好几次看到她在医务室的病床旁，和姐姐说话时纯真地笑着的样子。,system,02,05,Adv,07
29539,呜……你赶紧走吧二阶堂。气氛都奇怪起来了。,alisa,02,05,Adv,07
29540,亚里沙。你要好好回家才行。,hiro,02,05,Adv,07
29541,我知道啦！到最后了还像个班长一样说教！,alisa,02,05,Adv,07
29542,我一定会回去的。因为现在的我已经变了，我想见到亲人。,alisa,02,05,Adv,07
29543,说得对呢。我也是，在这里经历了很多很多事情，总觉得好像体会到了亲人的珍贵！,sherry,02,05,Adv,07
29544,所以，回去之后，我想好好地跟家里人撒撒娇。,sherry,02,05,Adv,07
29545,不是撒娇，是好好报答家人吧我说。啊啊，怎么还不来接人家啊～终于能见到我推了！！,coco,02,05,Adv,07
29546,小可真了不起呢。大叔我也是，回去之后有想要亲自传达感谢的人呢。还有……,miria,02,05,Adv,07
29547,回去之后，我们也还是朋友吧？,miria,02,05,Adv,07
29548,当然！大家一定要出来聚哦！,sherry,02,05,Adv,07
29549,约好了要开茶会的哇！在我那豪华的宅邸……不对，是在蕾雅家！,hanna,02,05,Adv,07
29550,哈哈哈哈，随时欢迎你们，当自己家就行。,leia,02,05,Adv,07
29551,看着大家这样你一言我一语的，感觉好像永远也离不开这里了。,system,02,05,Adv,07
29552,我转过身，趁大家不注意，悄悄迈开脚步。我打算前往直升机的降落地点。,system,02,05,Adv,07
29553,（大家……再见了）,hiro,02,05,Adv,07
29554,（再见了，艾玛）,hiro,02,05,Adv,07
29555,不知不觉间，希罗的身影消失了。,system,02,05,Adv,08
29556,（希罗……？）,ema,02,05,Adv,08
29557,大家还在叽叽喳喳，似乎没人注意到希罗已经离开了。,system,02,05,Adv,08
29558,（真像希罗的作风啊……）,ema,02,05,Adv,08
29559,这样想着的同时，胸口一阵抽痛。,system,02,05,Adv,08
29560,从那件事至今已经过了一个星期。在这座宅邸度过的这段时间，希罗一直刻意躲着我。,system,02,05,Adv,08
29561,初中时，我和希罗关系变差那阵子，和在监牢里度过的这段时间所见的希罗……,system,02,05,Adv,08
29562,没有任何不同。,system,02,05,Adv,08
29563,你改变了，跟我有什么关系？,hiro,02,05,Adv,08
29564,我讨厌你的事实不会改变。永远不会。,hiro,02,05,Adv,08
29565,（我们已经，回不到从前了……）,ema,02,05,Adv,08
29566,仅仅只是将这个现实，再次摆在了我的面前。,system,02,05,Adv,08
29567,…………,ema,02,05,Adv,08
29568,我握紧拳头，低下头。,system,02,05,Adv,08
29569,……樱羽艾玛。,nanoka,02,05,Adv,08
29570,小艾。,miria,02,05,Adv,08
29571,艾玛。,leia,02,05,Adv,08
29572,艾玛亲啊～,coco,02,05,Adv,08
29573,艾玛！,noa,02,05,Adv,08
29574,……艾玛。,anan,02,05,Adv,08
29575,艾～玛♡,margo,02,05,Adv,08
29576,喂，樱羽！！,alisa,02,05,Adv,08
29577,艾玛。,hanna,02,05,Adv,08
29578,这是我们大家作为朋友，给你的建议。,hanna,02,05,Adv,08
29579,去吧，艾玛！！,sherry,02,05,Adv,08
29580,我抬起头。面前是大家的笑脸。,system,02,05,Adv,08
29581,——！,ema,02,05,Adv,08
29582,于是我奔跑起来。,system,02,05,Adv,08
29583,哈啊、哈啊、哈啊……！,ema,02,05,Adv,08
29584,（居然要靠人推一把，才终于能动起来……）,ema,02,05,Adv,08
29585,（我还是一如既往地没出息）,ema,02,05,Adv,08
29586,哈啊、哈啊……！啊！,ema,02,05,Adv,08
29587,脚下一绊，我摔倒在地。疼痛让我差点哭出来，五官皱成一团。,system,02,05,Adv,08
29588,呜、呜呜……,ema,02,05,Adv,08
29589,（我总是那么依赖希罗……！）,ema,02,05,Adv,08
29590,（所以，不能再依赖希罗了，必须离开她才行……！）,ema,02,05,Adv,08
29591,我摇摇晃晃地站起来。擦掉眼角涌出的泪水。,system,02,05,Adv,08
29592,（但是……）,ema,02,05,Adv,08
29593,（即使如此，我还是……！）,ema,02,05,Adv,08
29594,——等等我，希罗！,ema,02,05,Adv,08
29595,视野里终于出现希罗的背影，我忍不住大喊起来。,system,02,05,Adv,08
29596,…………,hiro,02,05,Adv,08
29597,希罗没有回头。,system,02,05,Adv,08
29598,我不要就这样和你分别！！,ema,02,05,Adv,08
29599,……我做了很多对不起你的事。我打算用一生去补偿。,hiro,02,05,Adv,08
29600,希罗仍然背对着我，抛下这句话。,system,02,05,Adv,08
29601,我真的由衷感到非常对不起你……,hiro,02,05,Adv,08
29602,我不想听这个！,ema,02,05,Adv,08
29603,我不需要这种话！,ema,02,05,Adv,08
29604,…………,hiro,02,05,Adv,08
29605,希罗的背影颤抖起来。,system,02,05,Adv,08
29606,我知道我的所作所为，即使道歉也不应该得到原谅，更没有期望你的原谅。,hiro,02,05,Adv,08
29607,我做了错误的事，所以，已经……,hiro,02,05,Adv,08
29608,那种事无所谓啦！,ema,02,05,Adv,08
29609,怎么可能无所谓！？,hiro,02,05,Adv,08
29610,初中的时候，是我，伤透了你的心！,hiro,02,05,Adv,08
29611,因为我自以为是的嫉妒、自以为是的误解，把你逼到绝境……,hiro,02,05,Adv,08
29612,就算那是小雪计划的一部分，也不足以构成借口！,hiro,02,05,Adv,08
29613,我们已经回不到从前了！,hiro,02,05,Adv,08
29614,面对坚持不肯回头的希罗……我深吸一口气。,system,02,05,Adv,08
29615,你知道吗？我啊，,ema,02,05,Adv,08
29616,从小就为了吸引希罗的注意，故意净做些失败的事。,ema,02,05,Adv,08
29617,有时给希罗添麻烦，有时让希罗担心，我总是只会用这种方式来吸引你的注意……,ema,02,05,Adv,08
29618,其实，先束缚住希罗的心的，应该是我才对。,ema,02,05,Adv,08
29619,所以——我们就扯平啦！,ema,02,05,Adv,08
29620,——！,hiro,02,05,Adv,08
29621,虽然我确实也有过很多生气的时候，也有原谅不了的时候。,ema,02,05,Adv,08
29622,虽然很不甘心，但我还是最喜欢希罗了！！,ema,02,05,Adv,08
29623,……,hiro,02,05,Adv,08
29624,希罗终于回头。,system,02,05,Adv,08
29625,不出意料，我们两人都哭得一塌糊涂——,system,02,05,Adv,08
29626,我奔向希罗。,system,02,05,Adv,08
29627,希罗，我们还能再见面的吧？,ema,02,05,Adv,08
29628,因为你都哭得稀里哗啦的了。没办法，就待在你身边吧。,hiro,02,05,Adv,08
29629,明明希罗自己也在哭，还说我。,ema,02,05,Adv,08
29630,……你好烦。,hiro,02,05,Adv,08
29631,我想跟希罗一直聊下去，聊好多好多呢。毕竟，属于我们两个人的时间，现在才刚刚开始。,ema,02,05,Adv,08
29632,啊——那边的典狱长，最近怎么样？,warden,02,05,Adv,09
29633,还算凑合吧。真是的，他们使唤鸟太狠了，好想放个长假啊。,warden,02,05,Adv,09
29634,我这边呢，说来惊人，诅咒居然解除了，人几乎都走得差不多了……所以一下就清闲多了。,warden,02,05,Adv,09
29635,嗬，还有这种情况啊。,warden,02,05,Adv,09
29636,感觉还是挺稀奇的吧。毕竟大家基本上都在互相残杀嘛。,warden,02,05,Adv,09
29637,最近听其他监狱岛那边说，他们那好像从第一天开始就杀得昏天黑地的样子……你们那边呢，是在找【下一批预备魔女】吗？,warden,02,05,Adv,09
29638,可不是嘛……毕竟魔女因子还在全世界持续扩散呢。,warden,02,05,Adv,09
29639,祝您事立功成。我们都不能松懈啊。,warden,02,05,Adv,09
29640,是啊。都是为了驱逐魔女。这就是我们的工作嘛。,warden,02,05,Adv,09
29641,——不举行仪式了。我如此下定了决心。,system,02,05,Bad,01
29642,召唤大魔女需要【13名魔女】。,system,02,05,Bad,01
29643,包括我在内，所有人都必须完全魔女化。,system,02,05,Bad,01
29644,这意味着，必须将艾玛她们的心理创伤强行揭开，逼迫她们堕为魔女。,system,02,05,Bad,01
29645,这就是梅露露犯下的暴行……不，比那更加残酷。,system,02,05,Bad,01
29646,希罗……？,ema,02,05,Bad,01
29647,尽管她看起来惊讶、害怕，又困惑，但艾玛还是在担心我。,system,02,05,Bad,01
29648,而她的温柔，反而使我的决心更加坚定。,system,02,05,Bad,01
29649,果然，我没办法举行仪式。,system,02,05,Bad,01
29650,毕竟，根本没有任何成功的保证。有可能所有人只是纯粹化作【残骸】，什么事都不会发生。,system,02,05,Bad,01
29651,若真落得如此下场，那么不是被处理掉，就是被当作看守奴役……等待着我们的无疑会是最坏的结局。,system,02,05,Bad,01
29652,——唯独这一点，我无法容忍。,system,02,05,Bad,01
29653,……呜,hiro,02,05,Bad,01
29654,情感的波澜，刺激着魔女的杀戮冲动。,system,02,05,Bad,01
29655,一旦试图抵抗，痛苦便会袭来。在脑海里，有个声音在回响。,system,02,05,Bad,01
29656,——破坏吧。碾碎吧。,system,02,05,Bad,01
29657,仿佛每一个细胞，都在催促着我一般，激烈地翻腾搅动。,system,02,05,Bad,01
29658,——杀死吧。杀死吧。,system,02,05,Bad,01
29659,好痛苦。好想解脱。,system,02,05,Bad,01
29660,不经意间回过神，我发现自己正像寻求救赎一般，向艾玛伸出手。,system,02,05,Bad,01
29661,没、没事吧……！？,ema,02,05,Bad,01
29662,……！,hiro,02,05,Bad,01
29663,我甩开了她想要抓住我的手。,system,02,05,Bad,01
29664,对刚才闪过脑海的念头，我感到一阵恶心与寒意。,system,02,05,Bad,01
29665,——若是在这里杀了艾玛，是不是就能稍微变轻松一些了呢。,system,02,05,Bad,01
29666,……你别管我。,hiro,02,05,Bad,01
29667,说完，我便背对着艾玛。,system,02,05,Bad,01
29668,我怎能去寻求救赎。,system,02,05,Bad,01
29669,必须由我来拯救她们才行。将她们，解放出来。,system,02,05,Bad,01
29670,我紧紧握住正逐渐异变的拳头。,system,02,05,Bad,01
29671,然后。,system,02,05,Bad,01
29672,我使出蛮力破坏了铁栅栏，独自一人逃出了牢房。,system,02,05,Bad,01
29673,刚一离开牢房，看守便理所当然地追了上来。,system,02,05,Bad,01
29674,我乘势甩开追兵，冲出了监牢。,system,02,05,Bad,01
29675,然后从招待所，前往地下的冷冻室。,system,02,05,Bad,01
29676,我打开保险箱，取出了收藏在里面的剑和【杀死魔女的药】。,system,02,05,Bad,01
29677,这是为了救赎艾玛她们，所必需的物品。,system,02,05,Bad,01
29678,我手持利剑，正要返回监牢时，一个看守挡在了我的面前。,system,02,05,Bad,01
29679,……正好，用来试试药效。我打开瓶子，将药液滴在了剑刃上。,system,02,05,Bad,01
29680,它大概是将手持武器的我视作了敌人。看守举起镰刀，以骇人的速度逼近。,system,02,05,Bad,01
29681,我用剑挡住了挥下的镰刀。,system,02,05,Bad,01
29682,好惊人的力道。若非我的魔女化已进展到这个地步，恐怕早已被轻易压垮了。,system,02,05,Bad,01
29683,但现在的我，足以对抗——,system,02,05,Bad,01
29684,我奋力推开镰刀。趁着看守失去平衡，我当即一脚将其踢飞。,system,02,05,Bad,01
29685,然后将剑尖指向倒地的看守。,system,02,05,Bad,01
29686,——破坏吧。,system,02,05,Bad,01
29687,脑海里声音响起。,system,02,05,Bad,01
29688,——碾碎吧。,system,02,05,Bad,01
29689,吵死了，闭嘴。,hiro,02,05,Bad,01
29690,我对着这股不快的冲动啐了一句。不过……,system,02,05,Bad,01
29691,现在……短暂顺从一下这股冲动也无妨吧。,system,02,05,Bad,01
29692,说起来……,hiro,02,05,Bad,01
29693,上上次，我好像就是被砍了头吧。,hiro,02,05,Bad,01
29694,权当是小小的报复，我挥剑砍飞了看守的头颅。,system,02,05,Bad,01
29695,我手持利剑，回到了监牢。,system,02,05,Bad,01
29696,为了解放少女们。我，要将她们所有人——,system,02,05,Bad,01
29697,欢迎回来，二阶堂希罗小姐。,warden,02,05,Bad,01
29698,当我踏入玄关大厅时，典狱长便前来迎接我。,system,02,05,Bad,01
29699,关于被召集到这里的理由等等事项，已经向其他各位说明过了……而你不需要说明，对吗？,warden,02,05,Bad,01
29700,我什么也没回答，走近了典狱长。,system,02,05,Bad,01
29701,然后拳打脚踢，将典狱长的身体彻底打烂。,system,02,05,Bad,01
29702,因为典狱长本身就是错误的存在。,system,02,05,Bad,01
29703,我经历过了种种。有过变化，也有复杂的原委。,system,02,05,Bad,01
29704,即便如此，在我心中，“不正确之物”始终是不可容忍的。,system,02,05,Bad,01
29705,但这终究是毫无意义的行为。我对无法根除邪恶的自己，感到愤怒。,system,02,05,Bad,01
29706,仿佛要昭示此举的徒劳一般，一只新的典狱长飞来，停在了楼梯扶手上。,system,02,05,Bad,01
29707,我饱含杀意地瞪着典狱长，宣告道。,system,02,05,Bad,01
29708,我会拯救大家。别来碍事。,hiro,02,05,Bad,01
29709,……嗯，那就随你吧。,warden,02,05,Bad,01
29710,回答得倒是干脆利落。,system,02,05,Bad,01
29711,我感觉，典狱长似乎察觉到了一切。,system,02,05,Bad,01
29712,我的死亡回溯。以及我接下来打算做的事。,system,02,05,Bad,01
29713,那仿佛洞悉一切的样子令人不寒而栗。果然，这家伙深不可测。,system,02,05,Bad,01
29714,倒不如说，这样子或许还能替我们省点事。毕竟还是尽早处理掉比较好呢。……嗯，请加油吧。,warden,02,05,Bad,01
29715,留下这句话，典狱长便飞走了。,system,02,05,Bad,01
29716,我在中庭藏起身影，等待着夜晚的放风时间。,system,02,05,Bad,01
29717,因为我想尽量避免少女们全员聚集在一起的情况。,system,02,05,Bad,01
29718,否则在某些情况下，目的的达成可能会变得困难。,system,02,05,Bad,01
29719,放风时间的话，大家应该会各自随意行动。就算在一起，最多也就两三个人。,system,02,05,Bad,01
29720,（……开始吧）,hiro,02,05,Bad,01
29721,我拿起剑，迈出一步。,system,02,05,Bad,01
29722,——就在那时。,system,02,05,Bad,01
29723,哎呀？那里好像有人。,noa,02,05,Bad,01
29724,等等诺亚，停下。,leia,02,05,Bad,01
29725,两位少女，出现在我的面前。,system,02,05,Bad,01
29726,看到她们，我的胸口一阵灼热。上个轮回发生的事，正清晰地浮现在脑海中。,system,02,05,Bad,01
29727,典狱长之前说……有囚犯从牢房逃出来了。,leia,02,05,Bad,01
29728,难道说，你就是那个逃犯？,leia,02,05,Bad,01
29729,蕾雅一边警惕着我，一边问道。看到我的样子，这是理所当然的反应。,system,02,05,Bad,01
29730,…………,hiro,02,05,Bad,01
29731,我什么都没回答。,system,02,05,Bad,01
29732,因为一旦交谈，内心必定会动摇。,system,02,05,Bad,01
29733,大概是觉得沉默的我令人毛骨悚然吧。蕾雅更加强了警惕，手放在了腰间的刺剑上。,system,02,05,Bad,01
29734,跟典狱长说的一样……魔女化……真的在加深……,leia,02,05,Bad,01
29735,蕾雅……,noa,02,05,Bad,01
29736,诺亚害怕地躲到了蕾雅的身后。,system,02,05,Bad,01
29737,现在的我对她们来说，和看守没什么两样。她们那如同看着可憎怪物的眼神，揪紧了我的心口。,system,02,05,Bad,01
29738,我咬紧牙关，扼杀了这份感情。,system,02,05,Bad,01
29739,——没关系，我是正确的。,system,02,05,Bad,01
29740,我要拯救她们。从大魔女的诅咒中，解放出来。为此，我要——,system,02,05,Bad,01
29741,杀了她们。,system,02,05,Bad,01
29742,！？,leia,02,05,Bad,01
29743,蕾雅挡下了我从正面发起的一击。,system,02,05,Bad,01
29744,……诺亚，快逃！,leia,02,05,Bad,01
29745,可是……,noa,02,05,Bad,01
29746,别管了，快跑！,leia,02,05,Bad,01
29747,！,noa,02,05,Bad,01
29748,——不能让她逃掉。我将蕾雅用力甩向一旁。,system,02,05,Bad,01
29749,呃……！,leia,02,05,Bad,01
29750,哇……！？,noa,02,05,Bad,01
29751,我用剑指着诺亚，一步步朝她逼近。,system,02,05,Bad,01
29752,噫……,noa,02,05,Bad,01
29753,面对她那充满恐惧的眼神，我定在了原地。,system,02,05,Bad,01
29754,脑海中浮现的，是上个轮回与她共度的记忆。,system,02,05,Bad,01
29755,诺亚的笑容。她为我画的肖像画。,system,02,05,Bad,01
29756,这些，都让我犹豫。但是，我必须要做。,system,02,05,Bad,01
29757,没关系，这是正确的。是救赎。所以，我能做到。,system,02,05,Bad,01
29758,诺亚……你的真正的画作，我真的很喜欢啊。,hiro,02,05,Bad,01
29759,……？,noa,02,05,Bad,01
29760,啊……？,noa,02,05,Bad,01
29761,令人不悦。,system,02,05,Bad,01
29762,手中传来的触感、声响、气味。与对看守或典狱长下手时，截然不同。,system,02,05,Bad,01
29763,我能感觉到，自己心中某种重要的东西正在渐渐消失。,system,02,05,Bad,01
29764,忽然，脚下踩到了什么东西。我看了一眼……原来是诺亚的画笔。,system,02,05,Bad,01
29765,不知为何，现实感骤然加剧。我，杀死了诺亚——,system,02,05,Bad,01
29766,啊、啊啊啊啊啊啊！,leia,02,05,Bad,01
29767,背后，传来了蕾雅悲痛的叫喊。回头一看，蕾雅正将武器对准我。,system,02,05,Bad,01
29768,大家合力完成的舞台剧……我真想亲眼看看啊。,hiro,02,05,Bad,01
29769,蕾雅的冷傲举止。还有责任感、温柔……,system,02,05,Bad,01
29770,最重要的是，她对舞台的热情。这些全都是真实的，是正确且美丽的。,system,02,05,Bad,01
29771,呜啊啊啊啊啊啊啊啊啊！,leia,02,05,Bad,01
29772,蕾雅举起武器，朝我冲来。,system,02,05,Bad,01
29773,我挥动剑，从下往上斩向蕾雅。,system,02,05,Bad,01
29774,我不会奢求你的原谅。这只是为了让你们得到解脱而已。,hiro,02,05,Bad,01
29775,你这怪物……,leia,02,05,Bad,01
29776,我杀了她们。,system,02,05,Bad,01
29777,不对。是拯救了她们。,system,02,05,Bad,01
29778,诺亚和蕾雅，已经没事了。好了，必须继续解放其他人才行。,system,02,05,Bad,01
29779,！？,anan,02,05,Bad,01
29780,噫、噫呜！？,miria,02,05,Bad,01
29781,我一个箭步窜到安安面前，掐住了她的脖子。,system,02,05,Bad,01
29782,……！,anan,02,05,Bad,01
29783,安安的魔法很棘手。必须在她开口之前，了结她。,system,02,05,Bad,01
29784,……住手！,miria,02,05,Bad,01
29785,头部感到一阵冲击。啪嗒、啪嗒，血滴落在地毯上。那是我的血。,system,02,05,Bad,01
29786,我抬起头。米莉亚手里拿着拨火棍，颤抖地站着。我明白我被她打了。,system,02,05,Bad,01
29787,我松开掐住安安脖子的手。,system,02,05,Bad,01
29788,咳咳、咳咳……！,anan,02,05,Bad,01
29789,然后夺过米莉亚的拨火棍——,system,02,05,Bad,01
29790,啊！？,miria,02,05,Bad,01
29791,用力殴打了她的头部。,system,02,05,Bad,01
29792,噫……啊啊啊……！,anan,02,05,Bad,01
29793,安安后退了几步。我毫不犹豫地将剑刃对准她的心脏刺去。,system,02,05,Bad,01
29794,嘎……哈……,anan,02,05,Bad,01
29795,夏目安安惊恐地瞪圆双眼，断了气。,system,02,05,Bad,01
29796,这下，解决4个人了……,hiro,02,05,Bad,01
29797,呀啊啊啊啊！怪物、怪物来了啊啊啊！？,coco,02,05,Bad,01
29798,还不是你这家伙弄出声音，才被发现的！,alisa,02,05,Bad,01
29799,哈啊？明明是你撞过来的好不好！又不是人家的错！,coco,02,05,Bad,01
29800,现在可不是吵架的时候哦。眼下必须同心协力才行。毕竟她，脸上都写明了要把我们都杀光呢。,margo,02,05,Bad,01
29801,……明明有逃脱囚犯，为什么典狱长和看守却不来处理？,nanoka,02,05,Bad,01
29802,！！,hiro,02,05,Bad,01
29803,枪声响起，我的肩膀应声爆开一团血雾。开枪的是黑部奈叶香。她举着枪，直勾勾地盯着我。,system,02,05,Bad,01
29804,我还不能死。抱歉，但我不会手下留情的。,nanoka,02,05,Bad,01
29805,我也不想不明不白地被杀掉啊。,alisa,02,05,Bad,01
29806,呵呵，你们两个真是可靠。,margo,02,05,Bad,01
29807,话说那家伙中枪的伤口已经好了欸！？恶心死！,coco,02,05,Bad,01
29808,我深深吸了一口气，然后举起了剑。……啊啊，不过。在解放她们之前，还有一件事。,system,02,05,Bad,01
29809,奈叶香，谢谢你。还有，对不起。,hiro,02,05,Bad,01
29810,谢谢你愿意相信我。对不起，没能替你实现不让任何人牺牲的心愿。,system,02,05,Bad,01
29811,……？,nanoka,02,05,Bad,01
29812,严格来说，不是这个奈叶香。即使明白这一点，我还是想说出来。,system,02,05,Bad,01
29813,已经没事了。因为，我会拯救你们的。,hiro,02,05,Bad,01
29814,噫，这究竟怎么一回事……！,hanna,02,05,Bad,01
29815,唔。这不就是典狱长和艾玛提到过的那个人吗？,sherry,02,05,Bad,01
29816,——！！,sherry,02,05,Bad,01
29817,啊、呜……,hanna,02,05,Bad,01
29818,汉娜！？,sherry,02,05,Bad,01
29819,我的剑斩裂了汉娜的身体。,system,02,05,Bad,01
29820,恐怕连理解状况的时间都没有吧。汉娜带着茫然的表情瘫倒在地，身下蔓延开一摊血泊。,system,02,05,Bad,01
29821,啊啊啊啊啊！,sherry,02,05,Bad,01
29822,我挥剑斩断了雪莉冲来的手臂。顺势翻转剑刃，从肩头处劈开她的身体。,system,02,05,Bad,01
29823,啊……啊哈哈……被干掉了呢。,sherry,02,05,Bad,01
29824,雪莉她微笑着咽了气。,system,02,05,Bad,01
29825,呃……,hiro,02,05,Bad,01
29826,全身血液仿佛都在沸腾的感觉袭来。脑海中，烦人的声音正在响起。,system,02,05,Bad,01
29827,杀害吧，杀害吧，破坏一切吧——,system,02,05,Bad,01
29828,——你其实正沉浸在愉悦之中吧。沉浸在用压倒性的力量，蹂躏无力事物的快感里。,yuki,02,05,Bad,01
29829,……吵死了！,hiro,02,05,Bad,01
29830,不对！,hiro,02,05,Bad,01
29831,不对不对不对不对！我……！,hiro,02,05,Bad,01
29832,我根本没有感到愉悦。这都是为了拯救她们！,system,02,05,Bad,01
29833,为什么……！为什么典狱长先生不回应我啊……！,meruru,02,05,Bad,01
29834,原来你在这里啊。,hiro,02,05,Bad,01
29835,噫……！？,meruru,02,05,Bad,01
29836,我就知道你会逃到这里。,hiro,02,05,Bad,01
29837,原来你知道这个地方啊。希罗小姐，你究竟是……？,meruru,02,05,Bad,01
29838,我还知道很多其他事哦。当然，也包括你的真实身份和目的。,hiro,02,05,Bad,01
29839,你想见大魔女，对吧？,hiro,02,05,Bad,01
29840,……！？,meruru,02,05,Bad,01
29841,面对因惊愕而睁大眼睛的梅露露，我继续说道。,system,02,05,Bad,01
29842,我也知道该怎么做才能见到她。,hiro,02,05,Bad,01
29843,真、真的吗！？,meruru,02,05,Bad,01
29844,嗯。,hiro,02,05,Bad,01
29845,但是。,system,02,05,Bad,01
29846,欸……,meruru,02,05,Bad,01
29847,我不会告诉你。,hiro,02,05,Bad,01
29848,梅露露双眼闪耀着期待，像是抓到救命稻草一般向我靠近。而我则挥剑砍下她的头颅。,system,02,05,Bad,01
29849,你是恶。是彻头彻尾的不正确。,hiro,02,05,Bad,01
29850,但是，你也是被大魔女囚禁的可怜之人。所以，由我来将你解放。,hiro,02,05,Bad,01
29851,……啊啊，怎么会……那把剑上，涂了【特雷德基姆】……,meruru,02,05,Bad,01
29852,滚落在地板上的梅露露的头颅，吐出话语。,system,02,05,Bad,01
29853,不要啊……我不想死……救救我……大魔女大人……！,meruru,02,05,Bad,01
29854,不，你会死。而且再也见不到大魔女了。,hiro,02,05,Bad,01
29855,！！,meruru,02,05,Bad,01
29856,听见我的话，梅露露的表情骤然扭作一团。,system,02,05,Bad,01
29857,我来到了审判庭。艾玛正静静地伫立在那里。她站在这片寂静之中，简直就像是特意在等着我一般。,system,02,05,Bad,01
29858,我缓缓迈步，走向艾玛。,system,02,05,Bad,01
29859,在彼此伸手可及的距离处，我停下脚步。我和她沉默地对视了片刻。,system,02,05,Bad,01
29860,希罗……你肯定是在开什么玩笑吧？,ema,02,05,Bad,01
29861,先开口的是，艾玛。,system,02,05,Bad,01
29862,一切，都是骗人的……其实根本没有人死……希罗，也根本没有杀任何人，对不对。,ema,02,05,Bad,01
29863,我说，是这样没错吧？,ema,02,05,Bad,01
29864,你快说“是”啊！,ema,02,05,Bad,01
29865,我没有回答。,system,02,05,Bad,01
29866,艾玛似乎将沉默视作肯定，露出了茫然的表情。,system,02,05,Bad,01
29867,为、什么……,ema,02,05,Bad,01
29868,果然，希罗你就是魔女吗？,ema,02,05,Bad,01
29869,是因为无法忍耐杀人的冲动，所以才杀了大家的吗……？,ema,02,05,Bad,01
29870,不是的。这是为了将大家从受诅咒的命运中拯救出来。,hiro,02,05,Bad,01
29871,为了救人，却要去杀人……这也太奇怪了啊。,ema,02,05,Bad,01
29872,艾玛的样子有些奇怪。说话的声音很空洞，眼神没有焦点。那双瞳孔，仿佛并非映照着我，而是别的什么东西。,system,02,05,Bad,01
29873,啊、啊啊啊……怎么会……【她】原来一直都近在身旁……,ema,02,05,Bad,01
29874,艾玛抱着头，痛苦地呻吟着。,system,02,05,Bad,01
29875,呜呜呜……我的……重要的朋友……是我……是我见死不救……！,ema,02,05,Bad,01
29876,！,hiro,02,05,Bad,01
29877,那句话让我确信了。艾玛现在，正取回有关【她】的记忆——,system,02,05,Bad,01
29878,突然，艾玛全身散发出光芒。,system,02,05,Bad,01
29879,啊，原来是这样。对艾玛来说，【她】是禁忌。而触碰了那个禁忌的艾玛——,system,02,05,Bad,01
29880,作为【魔女】觉醒了。,system,02,05,Bad,01
29881,希罗，你错了。,ema,02,05,Bad,01
29882,——！！,hiro,02,05,Bad,01
29883,……【她】也是这么说的哦？那根本算不上什么救赎。不过，是在单纯地杀戮罢了。,ema,02,05,Bad,01
29884,啊啊，不过你放心。我并不打算否定你哦，希罗。因为啊——,ema,02,05,Bad,01
29885,艾玛带着令人不寒而栗的笑容，宣告道。,system,02,05,Bad,01
29886,只要大家全都去死不就好了嘛。,ema,02,05,Bad,01
29887,我心中，有什么东西在敲响警钟。是本能，还是潜藏于体内的那可憎的魔女因子。我不清楚，但它在告诫我。,system,02,05,Bad,01
29888,眼前的艾玛——……不，是【魔女】，是极其危险的存在。,system,02,05,Bad,01
29889,你连我，也要杀吗？,ema,02,05,Bad,01
29890,住口。,system,02,05,Bad,01
29891,太过分了，我们明明是朋友。,ema,02,05,Bad,01
29892,住口住口。,system,02,05,Bad,01
29893,难得我们三个人，又重新见面了。,ema,02,05,Bad,01
29894,休想迷惑我！,hiro,02,05,Bad,01
29895,我用剑，刺穿了艾玛的胸膛。,system,02,05,Bad,01
29896,所有的动作，都感觉变得缓慢。,system,02,05,Bad,01
29897,胸口插着剑的艾玛，仰面倒了下去。,system,02,05,Bad,01
29898,她用空洞的瞳孔捕捉着我的身影，动了动嘴唇。,system,02,05,Bad,01
29899,去   死,system,02,05,Bad,01
29900,瞬间，视野被染成黑色。,system,02,05,Bad,01
29901,身体完全动不了。意识，逐渐远去。,system,02,05,Bad,01
29902,啊啊，我好像要死了。,system,02,05,Bad,01
29903,是艾玛的魔法吗？还是单纯因为我已耗尽了力气？,system,02,05,Bad,01
29904,怎样都好。终于，结束了。,system,02,05,Bad,01
29905,我的魔法也到了极限。死亡回溯，一定不会再发动了吧。,system,02,05,Bad,01
29906,这次是真的，结束了。,system,02,05,Bad,01
29907,我很满足。因为能将大家从大魔女的诅咒中解放出来。,system,02,05,Bad,01
29908,我也该休息了。没什么好怕的。唯有平静与安宁包裹着我。,system,02,05,Bad,01
29909,我的意识沉入了名为死亡的救赎中——,system,02,05,Bad,01
29910,——希罗。,system,02,05,Bad,01
29911,（…………）,hiro,02,05,Bad,01
29912,——希罗，醒醒。,system,02,05,Bad,01
29913,（这个声音是……）,hiro,02,05,Bad,01
29914,艾玛？,hiro,02,05,Bad,01
29915,不只我一个哦。,ema,02,05,Bad,01
29916,“你看”，艾玛指向前方。在那里——,system,02,05,Bad,01
29917,是我所解放的少女们的身影。,system,02,05,Bad,01
29918,大家都背对着我们，正走向某个地方。,system,02,05,Bad,01
29919,在她们前进的方向，唯有一片光芒无尽蔓延。,system,02,05,Bad,01
29920,大家都很感谢你哦，希罗。,ema,02,05,Bad,01
29921,希罗，谢谢你。你一个人付出了那么多努力。,ema,02,05,Bad,01
29922,艾玛微笑着。光是这句话，就让我感觉得到了回报。,system,02,05,Bad,01
29923,我没有错。我用正确的方式，拯救了大家。,system,02,05,Bad,01
29924,我们走吧，希罗。,ema,02,05,Bad,01
29925,艾玛轻轻地，向我伸出手。,system,02,05,Bad,01
29926,……去哪里？,hiro,02,05,Bad,01
29927,…………,ema,02,05,Bad,01
29928,艾玛没有回答。只是温柔地笑着，催促我握住她的手。,system,02,05,Bad,01
29929,……去哪里都无所谓。只要和你在一起。,hiro,02,05,Bad,01
29930,我握住艾玛的手。握住的那只手，很温暖。,system,02,05,Bad,01
29931,我和她两个人，迈步前行。,system,02,05,Bad,01
29932,过去与未来。一切都逐渐远去。,system,02,05,Bad,01
29933,无论这条路通向何方，都没有任何恐惧。因为艾玛就在我的身边。,system,02,05,Bad,01
29934,光芒，照耀着我们。,system,02,05,Bad,01
29935,——二阶堂希罗，还有樱羽艾玛。,system,02,05,Bad,01
29936,两人脸上带着平静的表情，静静地躺在那里。,system,02,05,Bad,01
29937,这时，典狱长降落在了她们身边。,system,02,05,Bad,01
29938,在希罗和艾玛的身旁，滚落着一支钢笔。,system,02,05,Bad,01
29939,典狱长回收了钢笔，随后不知飞向了何处。,system,02,05,Bad,01
29940,——大家都死了。,yuki,02,05,Bad,01
29941,——连艾玛都死了，这倒是有些出乎我的预料了呢。,yuki,02,05,Bad,01
29942,——不过，没关系。,yuki,02,05,Bad,01
29943,——因为人类，全部都要死……,yuki,02,05,Bad,01
29944,（……魔女审判要开始了）,hiro,02,05,Trial,00
29945,（就算幕后黑手梅露露被杀，这座监牢对我们的囚禁也并未结束。而且——）,hiro,02,05,Trial,00
29946,本来按规定，国家机关会在我们完全变成魔女前把我们全部诛杀。,備考◆配信中,02,05,Trial,00
29947,可讽刺的是，正因为冰上梅露露想利用我们找到大魔女，我们才得以在夹缝中生存下来。,nanoka,02,05,Trial,00
29948,（结合之前奈叶香所说的，靠梅露露的做法，是不可能找出大魔女的——）,hiro,02,05,Trial,00
29949,（所以，就由我来代替梅露露，召唤大魔女……！）,hiro,02,05,Trial,00
29950,（虽然我不完全了解，召唤后会引发怎样的情况……）,hiro,02,05,Trial,00
29951,（但只要解决了万恶之源的大魔女，或许就能消除我们这些预备魔女身上的魔女因子）,hiro,02,05,Trial,00
29952,（这样一来，我们就不会变成魔女，这群少女也没有理由再遭囚禁了）,hiro,02,05,Trial,00
29953,（能够拯救在场所有人的人——只有我！）,hiro,02,05,Trial,00
29954,……我说啊，你把我们召集来这种地方，到底要我们干嘛？,coco,02,05,Trial,00
29955,没错！你到底打算让我们做什么！,leia,02,05,Trial,00
29956,（……要召唤大魔女，就需要令在场所有人完成魔女化）,hiro,02,05,Trial,00
29957,（魔女化是通过施加过度的心理压力引发的……）,hiro,02,05,Trial,00
29958,（但是……如果为了施加巨大的心理压力而诉诸暴力，恐怕只会招致反抗）,hiro,02,05,Trial,00
29959,（有没有什么可利用的情报呢……试着回想一下吧）,hiro,02,05,Trial,00
29960,……来吧！希罗小姐！我们把大魔女大人……召唤出来吧！,meruru,02,05,Trial,00
29961,……好啊。,hiro,02,05,Trial,00
29962,只不过，我们得按步骤来。,hiro,02,05,Trial,00
29963,……你会协助我的，对吧？,hiro,02,05,Trial,00
29964,是、是的！要做什么我都愿意帮忙……！,meruru,02,05,Trial,00
29965,……魔女审判——是叫这个吧？,alisa,02,05,Trial,00
29966,你是想从我们之中找出魔女吗？,alisa,02,05,Trial,00
29967,如果真是这样，那么大家眼前不就有一个非常显眼的【魔女】吗？,margo,02,05,Trial,00
29968,那就是希罗呢！,noa,02,05,Trial,00
29969,事到如今……你们要这么想也无妨。,hiro,02,05,Trial,00
29970,但是，除了我之外，我也要把你们之中的魔女找出来。,hiro,02,05,Trial,00
29971,………,ema,02,05,Trial,00
29972,（……我必须找出【魔女】）,hiro,02,05,Trial,00
29973,（我要将潜藏在她们内心的……【魔女因子】——）,hiro,02,05,Trial,00
29974,（将那堪称遭囚禁原因的【原罪】公之于众……）,hiro,02,05,Trial,00
29975,（这正是我在这场【魔女审判】中要达成的目标——！）,hiro,02,05,Trial,00
29976,我要揭发——,hiro,02,05,Trial,00
29977,在我们之中，除了我以外，还有别的魔女！,hiro,02,05,Trial,00
29978,…………,nanoka,02,05,Trial,00
29979,魔、魔女……！究竟谁是魔女！？,hanna,02,05,Trial,00
29980,……话说刚才，你不是跟什么怪物叽里咕噜说了一通吗。,coco,02,05,Trial,00
29981,那边的梅露亲才可疑吧！,coco,02,05,Trial,00
29982,欸！？啊、这、这个嘛……！,meruru,02,05,Trial,00
29983,……你说得没错。事到如今好像也没必要隐瞒了……,meruru,02,05,Trial,00
29984,我……是魔女。我一直在这座监牢里等待各位的到来。,meruru,02,05,Trial,00
29985,简单来说……算是，【幕后黑手】……吧……？,meruru,02,05,Trial,00
29986,幕、幕后黑手……！？,ema,02,05,Trial,00
29987,……不好意思，我有一个问题想问你一下。,hiro,02,05,Trial,00
29988,你明明是魔女，外形却和普通人没什么两样。,hiro,02,05,Trial,00
29989,……难道你没有像我一样产生【魔女化】吗？,hiro,02,05,Trial,00
29990,……那就请允许我稍微说明一下……,meruru,02,05,Trial,00
29991,——有关魔女化的详情。,meruru,02,05,Trial,00
29992,魔、魔女化是指……大魔女大人所赋予的【魔女因子】激活的过程。,meruru,02,05,Trial,01
29993,天生携带魔女因子的少女，只要体质匹配，就能使出魔法。,meruru,02,05,Trial,01
29994,"随着少女的<link=""Objection_02_05_01_01"">精神产生魔女化</link>，<link=""Objection_02_05_01_02"">肉体也会随之转化为魔女</link>。",meruru,02,05,Trial,01
29995,其最终结果就是转变成【残骸】……,meruru,02,05,Trial,01
29996,【残骸】是指，魔女因子将灵魂吞噬殆尽后，遗留下的魔女的空壳。,meruru,02,05,Trial,01
29997,残骸不能使用魔法，纯粹只是个空洞的人偶……,meruru,02,05,Trial,01
29998,魔女因子将灵魂吞噬殆尽后，会主动剥离因魔女化固定下来的一部分因子，离开那个肉体。,meruru,02,05,Trial,01
29999,而离开的魔女因子会像轮回转世一样，转移到新的少女身上。,meruru,02,05,Trial,01
30000,……但、但是，我……和那种因魔女化转化而成的魔女，是不同的造物——,meruru,02,05,Trial,01
30001,"——我是仅存的<link=""Objection_02_05_01_03"">【原初的魔女】</link>。",meruru,02,05,Trial,01
30002,【原初的魔女】……？,hiro,02,05,Trial,01
30003,很久以前，有许多所谓的【原初的魔女】和大魔女大人一起共同住在这座岛上。,meruru,02,05,Trial,01
30004,"【原初的魔女】就是指，这座岛的原<link=""Objection_02_05_01_04"">住民</link>……",meruru,02,05,Trial,01
30005,"是能够施展魔法的，<link=""Objection_02_05_01_05"">高等的造物</link>……",meruru,02,05,Trial,01
30006,（……简直像神话一样。专有名词太多，有些地方难以理解……）,hiro,02,05,Trial,01
30007,（但结合我至今为止的所见所闻来判断，她说的话是真实的）,hiro,02,05,Trial,01
30008,（……除了其中一部分）,hiro,02,05,Trial,01
30009,（就让我来当面指出吧。她说的话与我所知信息之间存在的差异……！）,hiro,02,05,Trial,01
30010,精神的魔女化是指？,hiro,02,05,Trial,01
30011,返回,hiro,02,05,Trial,01
30012,肉体的魔女化是指？,hiro,02,05,Trial,01
30013,梅露露是人类,hiro,02,05,Trial,01
30014,无法自然出现,hiro,02,05,Trial,01
30015,我们也能用魔法,hiro,02,05,Trial,01
30016,精神的魔女化……,hiro,02,05,Trial,01
30017,具体来说是指什么呢？,hiro,02,05,Trial,01
30018,呃……那是指，精神的凶暴化。,meruru,02,05,Trial,01
30019,一旦开始魔女化，就会产生杀人冲动……,meruru,02,05,Trial,01
30020,这就是大魔女大人留下的诅咒……,meruru,02,05,Trial,01
30021,（杀人冲动的增加……）,hiro,02,05,Trial,01
30022,（看来我剩下的时间也不多了……）,hiro,02,05,Trial,01
30023,肉体的魔女化……具体来说，会发生什么事呢？,hiro,02,05,Trial,01
30024,一开始程度不深，只会出现手指甲变长一类的情况……,meruru,02,05,Trial,01
30025,但只要超过某个程度，就会变得长生不死……,meruru,02,05,Trial,01
30026,这时候就算受了重伤，也能随着时间流逝而痊愈……,meruru,02,05,Trial,01
30027,过去，【貌似丑陋怪物的魔女形象】在人类之间口耳相传……,meruru,02,05,Trial,01
30028,而魔女化正是重现了那虚构形象中的怪物。,meruru,02,05,Trial,01
30029,非常讽刺……对吧……真可怜……,meruru,02,05,Trial,01
30030,（……没错。这就是魔女化）,hiro,02,05,Trial,01
30031,（这就是目前正发生在我身上的现象……）,hiro,02,05,Trial,01
30032,（就算我去求别人说【请变成像我这样的怪物吧】，她们也绝不可能答应……）,hiro,02,05,Trial,01
30033,……这很奇怪啊。,hiro,02,05,Trial,01
30034,这里是与世隔绝的孤岛。,hiro,02,05,Trial,01
30035,难不成你想说，魔女是无中生有自然产生的吗？,hiro,02,05,Trial,01
30036,说到魔女究竟是怎么来的，详情我也不是很清楚……,meruru,02,05,Trial,01
30037,不过，的确难以想像她们是在岛上自然产生的呢……？,meruru,02,05,Trial,01
30038,我想……她们大概是从其他地方移居过来的……吧……,meruru,02,05,Trial,01
30039,……是这样啊。,hiro,02,05,Trial,01
30040,那个……我可以继续说明了吗……？,meruru,02,05,Trial,01
30041,想深入探讨魔女的话题的话，我可以之后再陪你聊个够……！,meruru,02,05,Trial,01
30042,（被人当成魔女宅了……）,hiro,02,05,Trial,01
30043,（我现在该完成的任务是所有人的魔女化）,hiro,02,05,Trial,01
30044,（但为什么梅露露并没有像我一样出现明显的魔女化特征？明明她应该活了有几百年了……）,hiro,02,05,Trial,01
30045,（为了查明这一点，首先得收集有关她本人的情报……）,hiro,02,05,Trial,01
30046,……不。我们也能使用魔法。,hiro,02,05,Trial,01
30047,岛上的魔女未必就比人类更高等！,hiro,02,05,Trial,01
30048,说、说到底……！各位的魔法，都是大魔女大人赐予的……！,meruru,02,05,Trial,01
30049,所以，不要再说什么大魔女大人和人类是平等的了……！,meruru,02,05,Trial,01
30050,（……好像惹梅露露不高兴了）,hiro,02,05,Trial,01
30051,（虽然我必须促进她们的魔女化，但也得注意不能害讨论中途打断……）,hiro,02,05,Trial,01
30052,（我现在该完成的任务是所有人的魔女化）,hiro,02,05,Trial,01
30053,（但为什么梅露露并没有像我一样出现明显的魔女化特征？明明她应该活了有几百年了……）,hiro,02,05,Trial,01
30054,（为了查明这一点，首先得收集有关她本人的情报……）,hiro,02,05,Trial,01
30055,……那可未必。,hiro,02,05,Trial,01
30056,欸……！？,meruru,02,05,Trial,01
30057,我知道某个事实。,hiro,02,05,Trial,01
30058,那是写在一封信上的。我在某个地方找到了这封信。,hiro,02,05,Trial,01
30059,写这封信的人，就是这座岛的居民……,hiro,02,05,Trial,01
30060,也就是你称为【原初的魔女】的那些人。,hiro,02,05,Trial,01
30061,……那是……！,meruru,02,05,Trial,01
30062,信里面有一段很有趣的表述……,hiro,02,05,Trial,01
30063,上面说，大魔女曾经收养了一位人类少女。,hiro,02,05,Trial,01
30064,在岛上的魔女们相继被抓走后，最后剩下的便是大魔女，以及另外一位……,hiro,02,05,Trial,01
30065,……【人类少女】。,hiro,02,05,Trial,01
30066,………！,meruru,02,05,Trial,01
30067,你说你自己是最后仅存的原初的魔女。,hiro,02,05,Trial,01
30068,但是，按那封信的内容来看，最后仅存的并非原初的魔女，而是大魔女抚养的普通人类……,hiro,02,05,Trial,01
30069,……梅露露，这份描述与你的证词存在矛盾。,hiro,02,05,Trial,01
30070,那么你到底，是什么人呢？,hiro,02,05,Trial,01
30071,……那、那个……我……！,meruru,02,05,Trial,01
30072,……我是被大魔女大人认可，且被赋予了力量的魔女……！,meruru,02,05,Trial,01
30073,并没有什么……奇怪的地方！,meruru,02,05,Trial,01
30074,我承认，我……原本是人类……,meruru,02,05,Trial,02
30075,但是我生活在这座岛上，并且得到了大魔女大人的认可……！,meruru,02,05,Trial,02
30076,大魔女大人担心我的安危，为了让我能保护自己，于是赐予了我魔法……,meruru,02,05,Trial,02
30077,"之后我成为了魔女，成为了<link=""Objection_02_05_02_01"">大魔女大人的家人</link>！",meruru,02,05,Trial,02
30078,……那之后，大魔女大人她向世界散布了诅咒。,meruru,02,05,Trial,02
30079,"为了让人类们永远互相争斗……对他们<link=""Objection_02_05_02_02"">移植</link>了自身的魔女因子。",meruru,02,05,Trial,02
30080,实在是……太可怜了。她走后只剩我一个人……我感到很孤独……,meruru,02,05,Trial,02
30081,但是大魔女大人在即将消失前，给我留下了遗言……她说【要将自身转化为魔女因子】……,meruru,02,05,Trial,02
30082,"所以我认为……大魔女大人她化作了魔女因子，<link=""Objection_02_05_02_03"">藏匿</link>在人类之中……所以我现在也一直在找她。",meruru,02,05,Trial,02
30083,（梅露露的话听起来不像在撒谎）,hiro,02,05,Trial,02
30084,（只不过……她的所见所闻未必就是真相）,hiro,02,05,Trial,02
30085,（趁现在其他人还在静观事态发展……我要把真相摆在她面前，让她不得不认！）,hiro,02,05,Trial,02
30086,你其实是实验体,hiro,02,05,Trial,02
30087,返回,hiro,02,05,Trial,02
30088,你也是牺牲者之一,hiro,02,05,Trial,02
30089,大魔女已经死了,hiro,02,05,Trial,02
30090,大魔女想让人类互相争斗……,hiro,02,05,Trial,02
30091,也就是说，你也是受大魔女的操纵的牺牲者之一。,hiro,02,05,Trial,02
30092,而证据就是，你在这里一直扮演幕后黑手的身份，让身为预备魔女的少女们互相残杀。,hiro,02,05,Trial,02
30093,我、我觉得你说得不对……！,meruru,02,05,Trial,02
30094,我已经……不是人类了……,meruru,02,05,Trial,02
30095,我和大魔女大人一样是魔女……,meruru,02,05,Trial,02
30096,虽然我觉得大家很可怜……但那终究只是处于同情……,meruru,02,05,Trial,02
30097,我们根本不一样，希望你们不要再把我们和你们归为一类了。,meruru,02,05,Trial,02
30098,（我话语的分量似乎还不足以动摇梅露露的信念……）,hiro,02,05,Trial,02
30099,（她还在把自己比作是上天派来的使者，认为自己与众不同……）,hiro,02,05,Trial,02
30100,（那就让我来扯下她那傲慢天使的羽翼，将她打落凡间吧……）,hiro,02,05,Trial,02
30101,【大魔女藏匿起来了】……事实真的如此吗。,hiro,02,05,Trial,02
30102,大魔女其实已经死了。,hiro,02,05,Trial,02
30103,一切只不过是你的妄想！,hiro,02,05,Trial,02
30104,呵呵……即便如此……,meruru,02,05,Trial,02
30105,情况又有什么改变呢？,meruru,02,05,Trial,02
30106,什么……！？,hiro,02,05,Trial,02
30107,就算大魔女大人真的死了……,meruru,02,05,Trial,02
30108,只要还有可能性，我就不会放弃……,meruru,02,05,Trial,02
30109,直到能与大魔女大人相见的那一天……我都会一直在这里等待着她！,meruru,02,05,Trial,02
30110,（我话语的分量似乎还不足以动摇梅露露的信念……）,hiro,02,05,Trial,02
30111,（她还在把自己比作是上天派来的使者，认为自己与众不同……）,hiro,02,05,Trial,02
30112,（那就让我来扯下她那傲慢天使的羽翼，将她打落凡间吧……）,hiro,02,05,Trial,02
30113,【大魔女把你变成了魔女】……,hiro,02,05,Trial,02
30114,我明白了，或许情况确实如此。你确实是长生不死的魔女。,hiro,02,05,Trial,02
30115,不过……不知道你有没有注意到。,hiro,02,05,Trial,02
30116,【魔女】这个词，其实有两种含义。,hiro,02,05,Trial,02
30117,………！,meruru,02,05,Trial,02
30118,一种是指曾住在这座岛上，能够运用魔法的种族。而另一种则是……,hiro,02,05,Trial,02
30119,……和我们一样，受到魔女因子的植入而产生魔女化的【怪物】。,hiro,02,05,Trial,02
30120,……你、你想说什么……！？,meruru,02,05,Trial,02
30121,……我所知道的资料还有一份。,hiro,02,05,Trial,02
30122,让我告诉你上面写着的，大魔女所做的事情吧。,hiro,02,05,Trial,02
30123,大魔女的同胞被赶尽杀绝，她发誓要向人类复仇。,hiro,02,05,Trial,02
30124,……而复仇的方法，就是把人类变成怪物。,hiro,02,05,Trial,02
30125,将他们变成【操纵魔法且无恶不作的异形】……也就是，变成想像中的【魔女】形象。,hiro,02,05,Trial,02
30126,这种咒术，就是【魔女因子】。,hiro,02,05,Trial,02
30127,不觉得它简直就像改写人类基因的病毒一样……跟生物武器一样棘手吗。,hiro,02,05,Trial,02
30128,而大魔女为了测试其效果，将某个少女当作了实验体。,hiro,02,05,Trial,02
30129,…………！,meruru,02,05,Trial,02
30130,……我换个问法吧。,hiro,02,05,Trial,02
30131,魔女这个词，可以指【曾住在这座岛上，能使用魔法的种族】，也可以指【人类被植入魔女因子后转变成的怪物】。,hiro,02,05,Trial,02
30132,……梅露露，你到底是哪种【魔女】呢？,hiro,02,05,Trial,02
30133,不、不对……！不是这样的……！,meruru,02,05,Trial,02
30134,因为，大魔女大人……说我是【家人】……！她是……这么说的……！,meruru,02,05,Trial,02
30135,……如果真的把你当作家人来爱，那她怎么会把你用作屠杀人类的诅咒的实验体呢？,hiro,02,05,Trial,02
30136,大、大魔女大人她是信任我……！怎么会……是实验……不可能……！,meruru,02,05,Trial,02
30137,所以我才会，为了大魔女大人……一直在召集魔女……！,meruru,02,05,Trial,02
30138,【信任】吗……,hiro,02,05,Trial,02
30139,但这真的是大魔女期望你做到的事吗？,hiro,02,05,Trial,02
30140,欸……？,meruru,02,05,Trial,02
30141,……原本，“魔女因子”这道咒术会让你变成【残骸】，然后将自身转移到新少女身上。,hiro,02,05,Trial,02
30142,可是你却失败了，没有成功变成【残骸】。,hiro,02,05,Trial,02
30143,在此之上，你没有向其他人散播魔女因子，而是在这座与世隔绝的孤岛在安静地生活着……,hiro,02,05,Trial,02
30144,站在大魔女的角度来看……你根本就是个彻头彻尾的失败作品，不是吗？,hiro,02,05,Trial,02
30145,怎、怎么会……！,meruru,02,05,Trial,02
30146,……大魔女她真的会将她的爱，分给一个残次品小白鼠吗？,hiro,02,05,Trial,02
30147,我……我不听……！怎、怎么会……！,meruru,02,05,Trial,02
30148,——怎么样，是时候该承认了吧。,hiro,02,05,Trial,02
30149,你……被大魔女利用了。,hiro,02,05,Trial,02
30150,所谓来自大魔女的爱，根本就不存在。你只是产生了误解，并且失控了而已……,hiro,02,05,Trial,02
30151,你只是纯粹的实验材料……从始至终，你都没有从她身上得到爱的权利。,hiro,02,05,Trial,02
30152,怎、怎么会这样……！我……！长久以来，为了大魔女大人……！,meruru,02,05,Trial,02
30153,这不是真的……你在骗我！大魔女大人，其实对我……,meruru,02,05,Trial,02
30154,……那我问你。,hiro,02,05,Trial,02
30155,和大魔女分别的时候……她有没有对你说过什么话？,hiro,02,05,Trial,02
30156,【永别了】？【有缘再见】？【保重身体】……？,hiro,02,05,Trial,02
30157,这些话，你有没有听到过哪怕一句呢。,hiro,02,05,Trial,02
30158,……！,meruru,02,05,Trial,02
30159,如果是真的关系亲密，那怎么都会留一句离别的赠言的。……不，说到底——,hiro,02,05,Trial,02
30160,你听到的最后那句大魔女的话……真的是说给你听的吗？,hiro,02,05,Trial,02
30161,啊……啊…………那是……,meruru,02,05,Trial,02
30162,——你只是一厢情愿地将大魔女当作家人而已。,hiro,02,05,Trial,02
30163,对她来说，你不过是刚好在手边，听话又好用的实验材料而已，不是吗？,hiro,02,05,Trial,02
30164,………啊……啊啊啊啊啊啊啊！！,meruru,02,05,Trial,02
30165,怎么会……怎么会这样……,meruru,02,05,Trial,02
30166,那、那是什么鬼啊……！,alisa,02,05,Trial,02
30167,那个样子是……！？,hanna,02,05,Trial,02
30168,……你对梅露露做了什么！,leia,02,05,Trial,02
30169,这就是……【魔女化】。,hiro,02,05,Trial,02
30170,……呜……！,meruru,02,05,Trial,02
30171,（……梅露露她虽然一直保持着人类的外形……）,hiro,02,05,Trial,02
30172,（但她其实早就完成魔女化了）,hiro,02,05,Trial,02
30173,魔女图鉴 更新…,"@toast ""|#Toast_001|""",02,05,Trial,02
30174,（究竟是因为梅露露的精神力特别强大……还是因为诅咒仍处于试验阶段，导致产生了缺陷……）,hiro,02,05,Trial,02
30175,（这无从得知）,hiro,02,05,Trial,02
30176,（不过可以确定的是，就像梅露露那样，只要对其进行精神施压，是能够强行诱发魔女化的）,hiro,02,05,Trial,02
30177,（那么，只要让其他人也都产生魔女化……）,hiro,02,05,Trial,02
30178,——梅露露！你没事吧！,leia,02,05,Trial,02
30179,你这家伙……！不管你是什么魔女还是恶魔，你竟然害她变成这副样子……！,leia,02,05,Trial,02
30180,……呜、呜呜……！啊啊啊啊！,meruru,02,05,Trial,02
30181,这、这是……！？,leia,02,05,Trial,02
30182,没……事……,meruru,02,05,Trial,02
30183,……因为我【治好】了……！,meruru,02,05,Trial,02
30184,（那难道是……【治疗】的魔法……！？）,hiro,02,05,Trial,02
30185,啊，啊啊，怎么会受这么重的伤……我不要这样，不可以，绝对不会让你丧命的……,meruru,02,05,Trial,02
30186,坚持住，玛格小姐……！,meruru,02,05,Trial,02
30187,（可是我所见的梅露露的魔法，应该只是治疗伤口的魔法……）,hiro,02,05,Trial,02
30188,（难道她把它用在了【心灵创伤】上……？怎么可能……？）,hiro,02,05,Trial,02
30189,（不，这难道是……伴随魔女化加深，魔法得到了成长吗……！）,hiro,02,05,Trial,02
30190,呼……呵呵……真是残酷的绝望。感觉我的心，或许在下一刻就会轰然崩塌……,meruru,02,05,Trial,02
30191,但是……事到如今，我怎么可能临阵退缩……！,meruru,02,05,Trial,02
30192,…………！,hiro,02,05,Trial,02
30193,就算……我只是个实验动物……,meruru,02,05,Trial,02
30194,在这漫长的时间……如同永远一般漫长的时间里，我始终未放弃等待……,meruru,02,05,Trial,02
30195,在我心中，有必须与大魔女相见的理由……哪怕我的身心要因痛苦与绝望而四分五裂，我也必须见到她……,meruru,02,05,Trial,02
30196,这就是我现在，存在于此的意义……,meruru,02,05,Trial,02
30197,如果连这个理由都消失了……我就真的崩溃了。,meruru,02,05,Trial,02
30198,所以我……不会放弃。直到再次与大魔女大人相见……！,meruru,02,05,Trial,02
30199,…………,hiro,02,05,Trial,02
30200,希罗小姐，我们继续吧。,meruru,02,05,Trial,02
30201,继续这场，召唤大魔女大人的仪式……！,meruru,02,05,Trial,02
30202,（……看她这股劲头，感觉中途放弃的话会被她杀死啊）,hiro,02,05,Trial,02
30203,（不过……方向已经很明确了）,hiro,02,05,Trial,02
30204,（我要激活残留在我们体内的魔女因子……把大魔女揪出来……！）,hiro,02,05,Trial,02
30205,……虽然我从刚才起就一直默不作声地看着……,leia,02,05,Trial,02
30206,可就算梅露露是魔女，那又怎么样！,leia,02,05,Trial,02
30207,……我觉得在这种状况下，说明魔女是什么情况是相当重要的耶。,sherry,02,05,Trial,02
30208,诺亚也同意——,noa,02,05,Trial,02
30209,…………,leia,02,05,Trial,02
30210,……总之！,leia,02,05,Trial,02
30211,不许你继续作出暴行！,leia,02,05,Trial,02
30212,（……你真是老样子啊，蕾雅）,hiro,02,05,Trial,02
30213,（思维过于跳跃，得不到身边其他人的认同……）,hiro,02,05,Trial,02
30214,（只不过……这也算是有她个人风格的正义。勇气和鲁莽之间只隔一线）,hiro,02,05,Trial,02
30215,（她一开口，我就知道她下一句会讲什么……那么有没有可能直接【说服】她呢？）,hiro,02,05,Trial,02
30216,（不对……魔女化才不是什么靠说服这种温和的方法就能办成的事）,hiro,02,05,Trial,02
30217,……我知道了。那我就来听听你的意见吧。,hiro,02,05,Trial,02
30218,……怎、怎么回事，怎么突然就听人说话了……！,leia,02,05,Trial,02
30219,我想要进行的是讨论，是对话。,hiro,02,05,Trial,02
30220,我的目的是带领所有人逃出这座监牢，拯救大家……,hiro,02,05,Trial,02
30221,如果对我的做法有意见……那就请你亲口说出自己的看法。,hiro,02,05,Trial,02
30222,……知、知道了。我同意你的建议。,leia,02,05,Trial,02
30223,接下来……就让我们好好谈谈吧！,leia,02,05,Trial,02
30224,（……我又撒谎了啊）,hiro,02,05,Trial,02
30225,（抱歉，蕾雅……我会精准击溃你的心灵，准备接招吧）,hiro,02,05,Trial,02
30226,说到底，我根本就没听明白，你说的那“魔女”究竟是怎么一回事！,leia,02,05,Trial,03
30227,……可、可是能使出魔法的人的确存在啊？比如我就是……,hanna,02,05,Trial,03
30228,那、那我也一样……！,leia,02,05,Trial,03
30229,……再说了，什么逃离这座监牢，根本就是希罗你单方面的说法！,leia,02,05,Trial,03
30230,"说不定希罗你才是<link=""Objection_02_05_03_01"">真正的幕后黑手</link>，不是吗！？",leia,02,05,Trial,03
30231,……我、我觉得……,ema,02,05,Trial,03
30232,希罗她才，不会做那种坏事……！,ema,02,05,Trial,03
30233,就算她真的做了……我也觉得她一定有相应的正当理由……,ema,02,05,Trial,03
30234,（艾玛……）,hiro,02,05,Trial,03
30235,什么叫【正当理由】……？,leia,02,05,Trial,03
30236,"我也有正当理由啊！我的<link=""Objection_02_05_03_02"">目的</link>就是拯救大家啊！",leia,02,05,Trial,03
30237,"只有我<link=""Objection_02_05_03_03"">能守护</link>在场的所有人……！",leia,02,05,Trial,03
30238,我一定能守护大家！相信我吧！,leia,02,05,Trial,03
30239,（……蕾雅的行事方式还真是万年不变啊）,hiro,02,05,Trial,03
30240,（不过，我已经十分了解她的为人了）,hiro,02,05,Trial,03
30241,（……当然也包括她隐藏起来的真实想法）,hiro,02,05,Trial,03
30242,（就让我来揭穿她的谎言吧）,hiro,02,05,Trial,03
30243,不许妨碍团结,hiro,02,05,Trial,03
30244,返回,hiro,02,05,Trial,03
30245,你只是想出风头罢了,hiro,02,05,Trial,03
30246,你根本没打算守护他人,hiro,02,05,Trial,03
30247,我只是想弄清真相而已。,hiro,02,05,Trial,03
30248,为了找出潜藏在所有人当中的魔女，我希望进行平等的讨论。,hiro,02,05,Trial,03
30249,为此，我需要得到大家的协助。,hiro,02,05,Trial,03
30250,能不能请你不要随意把人当作幕后黑手，妨碍大家的团结呢？,hiro,02,05,Trial,03
30251,我、我也只是在号召大家团结啊！,leia,02,05,Trial,03
30252,可是你明显很异常啊，希罗……！,leia,02,05,Trial,03
30253,明明一副知道很多事情的样子，却不见有什么说明，自顾自地推进讨论——,leia,02,05,Trial,03
30254,怀疑你是幕后黑手也很正常！,leia,02,05,Trial,03
30255,（就算坦白说明，以目前的状态而言，她们也不太可能会信……）,hiro,02,05,Trial,03
30256,（……该怎么做才能对蕾雅的心灵造成伤害呢）,hiro,02,05,Trial,03
30257,（……和蕾雅相处至今，我注意到了一些事）,hiro,02,05,Trial,03
30258,（她是为了让自己受到瞩目而行动的）,hiro,02,05,Trial,03
30259,（如果能指出潜藏在她内心深处的自我中心主义，或许就——）,hiro,02,05,Trial,03
30260,（……没错，蕾雅的正义感是真实的）,hiro,02,05,Trial,03
30261,（但……正因如此，她的正义感很有可能就是她的压力来源）,hiro,02,05,Trial,03
30262,（虽然很对不住蕾雅……就让我瞄准这点发起进攻吧）,hiro,02,05,Trial,03
30263,……蕾雅，你是个只考虑自己的伪善者。,hiro,02,05,Trial,03
30264,你、你突然在说什么……！？,leia,02,05,Trial,03
30265,一出现问题，你就只顾着独善其身……,hiro,02,05,Trial,03
30266,你根本就没打算守护任何人。,hiro,02,05,Trial,03
30267,……为什么。,leia,02,05,Trial,03
30268,为什么，要说这么过分的话？,leia,02,05,Trial,03
30269,我……在集体中遇到问题时，都是挺身守护大家，和大家一起解决的。,leia,02,05,Trial,03
30270,制作舞台剧的时候也是，我一直以来都是和团队——也就是参加成员们共同进步的。,leia,02,05,Trial,03
30271,我目前在演艺圈的地位，就是最好的证明。,leia,02,05,Trial,03
30272,所以我能确信地说，能守护大家的……只有我！,leia,02,05,Trial,03
30273,（反而让她产生确信了……！）,hiro,02,05,Trial,03
30274,（……该怎么做才能对蕾雅的心灵造成伤害呢）,hiro,02,05,Trial,03
30275,（……和蕾雅相处至今，我注意到了一些事）,hiro,02,05,Trial,03
30276,（她是为了让自己受到瞩目而行动的）,hiro,02,05,Trial,03
30277,（如果能指出潜藏在她内心深处的自我中心主义，或许就——）,hiro,02,05,Trial,03
30278,你在说谎。,hiro,02,05,Trial,03
30279,所谓的守护同伴，不过是你找来的冠冕堂皇的理由罢了。,hiro,02,05,Trial,03
30280,你、你说什么！？,leia,02,05,Trial,03
30281,你真正想守护的，是自己的地位和面子。,hiro,02,05,Trial,03
30282,你只是单纯想引人注目……,hiro,02,05,Trial,03
30283,你就是个渴望受认可的怪物。,hiro,02,05,Trial,03
30284,什、什么……！,leia,02,05,Trial,03
30285,你凭什么，这么说！,leia,02,05,Trial,03
30286,（光看她反应，我就知道我戳中她的弱点了……）,hiro,02,05,Trial,03
30287,（只不过我得注意不能过于拖沓，以免打断了讨论）,hiro,02,05,Trial,03
30288,（我必须震撼她的深层内心……！）,hiro,02,05,Trial,03
30289,（抱歉，就让我尽快剥掉你虚伪的面具吧）,hiro,02,05,Trial,03
30290,你会守护他人？开玩笑吧？,hiro,02,05,Trial,04
30291,一直以来都执着于向世人展示自己的你，会守护他人？,hiro,02,05,Trial,04
30292,为了满足自己的认可欲，至今以来你到底除掉了多少竞争对手呢？,hiro,02,05,Trial,04
30293,"我、我没有<link=""Objection_02_05_04_01"">除掉</link>任何人！",leia,02,05,Trial,04
30294,真的吗？你到底是艺人，并且从你的言行举止也能看出，你的家境应该相当不错……,hiro,02,05,Trial,04
30295,我猜，就算亲自动手的不是你，因你而毁的人也有很多吧。,hiro,02,05,Trial,04
30296,家、家境富裕又怎样，这是两码事！,leia,02,05,Trial,04
30297,"再说了……如果受到这点打击就放弃，就证明那个人的实力<link=""Objection_02_05_04_02"">不过如此</link>……！",leia,02,05,Trial,04
30298,"我是<link=""Objection_02_05_04_03"">堂堂正正</link>地付出努力，才站上舞台的！",leia,02,05,Trial,04
30299,你说的都是毫无根据的诽谤中伤！,leia,02,05,Trial,04
30300,比起这些话题……我们更应该讨论些有建设性的事情，不是吗！,leia,02,05,Trial,04
30301,大家接下来该怎么办……要怎么逃离这座监牢……！,leia,02,05,Trial,04
30302,"希望是存在的！请大家<link=""Objection_02_05_04_04"">紧随我的脚步</link>吧！",leia,02,05,Trial,04
30303,（……没想到我的立场被曲解成阻挠别人进行建设性讨论了）,hiro,02,05,Trial,04
30304,（但我目前的优先事项是诱发她们的魔女化）,hiro,02,05,Trial,04
30305,（我得否定她的主张，掌握讨论的主导权才行……！）,hiro,02,05,Trial,04
30306,你把她们当作垫脚石了,hiro,02,05,Trial,04
30307,返回,hiro,02,05,Trial,04
30308,你太冷血了,hiro,02,05,Trial,04
30309,你有用实力以外的力量,hiro,02,05,Trial,04
30310,没人会追随你,hiro,02,05,Trial,04
30311,如果不是除掉，那就是把她们当作垫脚石了吧。,hiro,02,05,Trial,04
30312,超凡脱俗的外貌……压倒性的吸引力和演技……你凭这些魅惑了所有观众——,hiro,02,05,Trial,04
30313,对于那些想要与你并肩的人，你是不是只把她们当作让自己更显眼的台阶而已？,hiro,02,05,Trial,04
30314,而目的就是成为最显眼的明星。,hiro,02,05,Trial,04
30315,…………呵、哈哈哈……,leia,02,05,Trial,04
30316,别、别这么夸我。,leia,02,05,Trial,04
30317,（居然害羞了……）,hiro,02,05,Trial,04
30318,嗯，是啊……我承认自己确实背景条件优越。,leia,02,05,Trial,04
30319,但是，为了不让人觉得我是纯粹靠背景，我一直都付出了最大的努力。,leia,02,05,Trial,04
30320,如果有人想与我并肩而立——,leia,02,05,Trial,04
30321,我并不会将其当作垫脚石，而是视作互相竞争、共同进步的同志。一直都是这样。,leia,02,05,Trial,04
30322,（唔……我说的话没法撬开她的内心吗？）,hiro,02,05,Trial,04
30323,（……蕾雅拥有在严酷业界积累起来的显赫履历）,hiro,02,05,Trial,04
30324,（看来我这个外行人是无法打破那份自信了）,hiro,02,05,Trial,04
30325,（只不过……在那成功的背后，难道就不存在任何违心的污点了吗？）,hiro,02,05,Trial,04
30326,刚才的发言，就是蕾雅你的本性。,hiro,02,05,Trial,04
30327,对他人无情，而冷血。,hiro,02,05,Trial,04
30328,我猜应该有很多人对你有怨恨吧。,hiro,02,05,Trial,04
30329,你就是一个嘴上自恃英雄，可内心却鄙视他人的冷酷女人。,hiro,02,05,Trial,04
30330,……或许我有时候看起来很冷酷吧。,leia,02,05,Trial,04
30331,我所在的演艺圈，变幻莫测。,leia,02,05,Trial,04
30332,为了生存下去，有时也只能狠下心来。,leia,02,05,Trial,04
30333,被观众厌倦，被对手超越可谓是家常便饭。,leia,02,05,Trial,04
30334,……但，正因如此——,leia,02,05,Trial,04
30335,我根本没有闲工夫去鄙视谁。光是认真对待演艺事业就已经竭尽全力了。,leia,02,05,Trial,04
30336,没错……就算外表看似冷酷，我的演员之魂也始终在炽热地燃烧着。,leia,02,05,Trial,04
30337,（唔……我说的话没法撬开她的内心吗？）,hiro,02,05,Trial,04
30338,（……蕾雅拥有在严酷业界积累起来的显赫履历）,hiro,02,05,Trial,04
30339,（看来我这个外行人是无法打破那份自信了）,hiro,02,05,Trial,04
30340,（只不过……在那成功的背后，难道就不存在任何违心的污点了吗？）,hiro,02,05,Trial,04
30341,连逃脱方法都不知道，光宣扬希望有什么用呢。,hiro,02,05,Trial,04
30342,没人会追随你那肤浅的空想主义的。,hiro,02,05,Trial,04
30343,那总比变得悲观要来得好吧！,leia,02,05,Trial,04
30344,站在领导地位上，就有义务宣讲理想，以免追随者感到不安。,leia,02,05,Trial,04
30345,而且我有实现过诸多理想的成绩！当然了，就是舞台上得来的成绩！,leia,02,05,Trial,04
30346,这次就让我们以这座神秘宅邸为舞台，实现伟大的理想吧！,leia,02,05,Trial,04
30347,来吧各位，请追随我的脚步吧！！,leia,02,05,Trial,04
30348,（她这份自信……这就是领袖魅力吗……！）,hiro,02,05,Trial,04
30349,（……蕾雅拥有在严酷业界积累起来的显赫履历）,hiro,02,05,Trial,04
30350,（看来我这个外行人是无法打破那份自信了）,hiro,02,05,Trial,04
30351,（只不过……在那成功的背后，难道就不存在任何违心的污点了吗？）,hiro,02,05,Trial,04
30352,……真好笑啊。,hiro,02,05,Trial,04
30353,有、有什么好笑的！,leia,02,05,Trial,04
30354,这不明摆着的吗？,hiro,02,05,Trial,04
30355,你在舞台上也用了实力以外的力量，这点由【你身在这座监牢】这个事实就能证明。,hiro,02,05,Trial,04
30356,唔……！？那、那是……！？,leia,02,05,Trial,04
30357,你在舞台上使用的力量，就是——,hiro,02,05,Trial,04
30358,魔法,@choice |#0205Trial04_Choice005|,02,05,Trial,04
30359,金钱,@choice |#0205Trial04_Choice006|,02,05,Trial,04
30360,政治,@choice |#0205Trial04_Choice007|,02,05,Trial,04
30361,压倒性的财力。,hiro,02,05,Trial,04
30362,家境优渥的你，想必在各方面都容易占据优势。,hiro,02,05,Trial,04
30363,……的确，因为家境富裕的缘故，有时我会被人当成靠爸妈一族……,leia,02,05,Trial,04
30364,只不过这一行可没那么简单，光靠背景是无法长久抓住观众的心的。,leia,02,05,Trial,04
30365,虽然我很感谢父母的援助——,leia,02,05,Trial,04
30366,但我想，我至今还能站在舞台上，靠的是我自己的努力，以及身边人的支持。,leia,02,05,Trial,04
30367,（……她用的是别的力量才对）,hiro,02,05,Trial,04
30368,（……回想一下蕾雅——以及我们，为什么被带到这座监牢的【原因】吧）,hiro,02,05,Trial,04
30369,（蕾雅应该是靠【那个】得来的优势，才能源源不断接受曝光的）,hiro,02,05,Trial,04
30370,（对于以演员生涯为傲的蕾雅来说，这是她不愿被指出的事实。我必须揭穿这一点……）,hiro,02,05,Trial,04
30371,（虽然心痛，但我必须当反派当到底……！）,hiro,02,05,Trial,04
30372,政治的力量。,hiro,02,05,Trial,04
30373,既然出身富裕家庭，有大人物政治家在背后支持也不足为奇。,hiro,02,05,Trial,04
30374,……如果我的演艺能得到这个级别的大人物认可，那真是荣幸。,leia,02,05,Trial,04
30375,只不过到目前为止，我和政治还没有交集呢。,leia,02,05,Trial,04
30376,呵呵，请不要太高估我了。,leia,02,05,Trial,04
30377,（……她用的是别的力量才对）,hiro,02,05,Trial,04
30378,（……回想一下蕾雅——以及我们，为什么被带到这座监牢的【原因】吧）,hiro,02,05,Trial,04
30379,（蕾雅应该是靠【那个】得来的优势，才能源源不断接受曝光的）,hiro,02,05,Trial,04
30380,（对于以演员生涯为傲的蕾雅来说，这是她不愿被指出的事实。我必须揭穿这一点……）,hiro,02,05,Trial,04
30381,（虽然心痛，但我必须当反派当到底……！）,hiro,02,05,Trial,04
30382,我猜这一定很爽吧——,hiro,02,05,Trial,04
30383,——用【视线诱导】的魔法，令观众的视线全部集中在你一个人身上。,hiro,02,05,Trial,04
30384,唔唔……！？,leia,02,05,Trial,04
30385,你比别人更有优势。,hiro,02,05,Trial,04
30386,因为——你是【魔女】。,hiro,02,05,Trial,04
30387,不、不对……！我、我、我……！才没有……！,leia,02,05,Trial,04
30388,（……动摇了啊）,hiro,02,05,Trial,04
30389,（……就差一点了。现在蕾雅的内心毫无防备）,hiro,02,05,Trial,04
30390,（就算撒谎也没关系……我要说出能刺激她心理创伤的话，说出她最不想听到的话……！）,hiro,02,05,Trial,04
30391,让我重新宣布——,hiro,02,05,Trial,04
30392,魔女审判，现在开庭。,hiro,02,05,Trial,04
30393,你为了受人瞩目，而持续进行着活动……,hiro,02,05,Trial,05
30394,无论使出什么手段，都必须永远争到第一才甘心。,hiro,02,05,Trial,05
30395,不、不对！我，才没有……！,leia,02,05,Trial,05
30396,哪里不对了？,hiro,02,05,Trial,05
30397,还是说，你要否认你用了魔法吗？,hiro,02,05,Trial,05
30398,这、这个……,leia,02,05,Trial,05
30399,……可是，我并没有做什么不正当的事！,leia,02,05,Trial,05
30400,在试镜或者和他人竞争的时候，我并没有用魔法争取有利地位……,leia,02,05,Trial,05
30401,"只不过是……为了提升<link=""Objection_02_05_05_01"">正式演出</link>的品质……才用过……",leia,02,05,Trial,05
30402,绝、绝不是为了除掉别人才用的魔法！,leia,02,05,Trial,05
30403,"我是为了<link=""Objection_02_05_05_02"">来看我演出的观众</link>……以及为了共同演出的同伴才使用魔法的！",leia,02,05,Trial,05
30404,"请相信我……！不论是现在、过去、还是<link=""Objection_02_05_05_03"">将来</link>……我都不会做那种卑鄙的事情！",leia,02,05,Trial,05
30405,（蕾雅的话里掺杂着谎言）,hiro,02,05,Trial,05
30406,（她话语中的犹豫，大概是缺乏自信和心虚的表现吧）,hiro,02,05,Trial,05
30407,（……只不过，现在指出那一点也没什么大作用）,hiro,02,05,Trial,05
30408,（重要的是，得找到能够震撼支撑蕾雅人格根基的【心理创伤】）,hiro,02,05,Trial,05
30409,（只要对其作出刺激，说不定就能击碎她的内心）,hiro,02,05,Trial,05
30410,（……我还真够恶趣味的）,hiro,02,05,Trial,05
30411,你在正式演出之外也用过,hiro,02,05,Trial,05
30412,返回,hiro,02,05,Trial,05
30413,粉丝不会原谅你的做法,hiro,02,05,Trial,05
30414,你再也无法站在聚光灯下了,hiro,02,05,Trial,05
30415,到底是不是真的呢？,hiro,02,05,Trial,05
30416,你平时就在使用，固定视线的魔法……,hiro,02,05,Trial,05
30417,正因为你是能夺走所有人目光的顶尖明星，才能做到这种事。,hiro,02,05,Trial,05
30418,你、你说的根本没证据……！,leia,02,05,Trial,05
30419,我确实是明星！说不定在普通人看来，我简直就是用了魔法！,leia,02,05,Trial,05
30420,但是这并不对！,leia,02,05,Trial,05
30421,我，超级受欢迎！！,leia,02,05,Trial,05
30422,不论男女……受欢迎得不得了！,leia,02,05,Trial,05
30423,所以希罗……你的反驳，是错的！,leia,02,05,Trial,05
30424,（唔……！……居然脸不红心不跳……！）,hiro,02,05,Trial,05
30425,（蕾雅这份自我肯定感，无论我说什么都无法完全否定吗？）,hiro,02,05,Trial,05
30426,（看来要刺伤她的内心，得从别的角度攻击才行……）,hiro,02,05,Trial,05
30427,可是，你做出这种事，你觉得粉丝们会原谅你吗？,hiro,02,05,Trial,05
30428,什么【为了粉丝和同伴使用了魔法】……？谁信啊。,hiro,02,05,Trial,05
30429,是、是我的粉丝的话，一定会相信我的！,leia,02,05,Trial,05
30430,……我承认，我曾经误以为魔法的能力纯粹只是我的才能之一，在不知情的情况下使用过……,leia,02,05,Trial,05
30431,但我发誓，我从未夺走过同伴们出彩的机会……！,leia,02,05,Trial,05
30432,……不过，我剥夺了粉丝们视线的自由，这是事实。,leia,02,05,Trial,05
30433,如果我的信誉因此扫地的话——,leia,02,05,Trial,05
30434,我打算从零开始，重新来过……！,leia,02,05,Trial,05
30435,这也算是向粉丝赎罪……！,leia,02,05,Trial,05
30436,大家一定会选择支持我的！,leia,02,05,Trial,05
30437,怎么样！这下就没任何问题了吧！,leia,02,05,Trial,05
30438,（唔……！她很信任粉丝啊……！）,hiro,02,05,Trial,05
30439,（蕾雅这份自我肯定感，无论我说什么都无法完全否定吗？）,hiro,02,05,Trial,05
30440,（看来要刺伤她的内心，得从别的角度攻击才行……）,hiro,02,05,Trial,05
30441,我说你……是不是搞错了什么？,hiro,02,05,Trial,05
30442,什、什么……？,leia,02,05,Trial,05
30443,【将来】……？难道你以为自己还有【未来】吗？,hiro,02,05,Trial,05
30444,……欸？,leia,02,05,Trial,05
30445,既然你被囚禁在这里，就意味着你已被认定为预备魔女。,hiro,02,05,Trial,05
30446,换言之，就是携带着会毁灭人类的魔女因子的【世界之敌】……,hiro,02,05,Trial,05
30447,就算能从这里逃出去，你也无法再次站在聚光灯之下了。,hiro,02,05,Trial,05
30448,……哈哈。……怎么……可能……,leia,02,05,Trial,05
30449,是真的。,hiro,02,05,Trial,05
30450,别说电视和网络了，就连小规模的公演都办不了。,hiro,02,05,Trial,05
30451,就算你从这里逃出去，也只能一辈子活在暗处……在完全不被任何人关注的情况下苟活着。,hiro,02,05,Trial,05
30452,………！,leia,02,05,Trial,05
30453,还有就是这座监牢。这不只是个关押囚犯的地方……,hiro,02,05,Trial,05
30454,还是煽动少女们的不安，让她们互相残杀，只为制造出魔女的设施……,hiro,02,05,Trial,05
30455,简直就像把虫子放进罐子里，让它们互相争斗的蛊毒一般……,hiro,02,05,Trial,05
30456,这里根本就是地狱。,hiro,02,05,Trial,05
30457,只要身在此处，等待你的就只有死亡的命运——,hiro,02,05,Trial,05
30458,或者是互相残杀到最后，独自一人存活下来。,hiro,02,05,Trial,05
30459,只有这两种结局。,hiro,02,05,Trial,05
30460,这、这……你骗我……！,leia,02,05,Trial,05
30461,我没骗你。,hiro,02,05,Trial,05
30462,……梅露露，至今为止有人成功从这里逃出去过吗？,hiro,02,05,Trial,05
30463,没、没有……！,meruru,02,05,Trial,05
30464,尽管她们很可怜……但从未出现过被抓来的少女成功逃脱的情况……,meruru,02,05,Trial,05
30465,直到变成魔女，化作残骸，直到海枯石烂……,meruru,02,05,Trial,05
30466,少女们都无法离开这座监牢……,meruru,02,05,Trial,05
30467,包括我在内……从古至今……永远如此。,meruru,02,05,Trial,05
30468,——你骗人！！！,leia,02,05,Trial,05
30469,竟然要我……在这种狭窄、封闭的社会里……过一辈子……！？,leia,02,05,Trial,05
30470,这……我无法接受……！,leia,02,05,Trial,05
30471,我……我……！,leia,02,05,Trial,05
30472,必须更受瞩目才行……！,leia,02,05,Trial,05
30473,不然的话……活着就没有任何意义了！！,leia,02,05,Trial,05
30474,（【成了】吗……！）,hiro,02,05,Trial,05
30475,魔、魔女化……！,ema,02,05,Trial,05
30476,……没错。,leia,02,05,Trial,05
30477,根本不用想得太复杂。,leia,02,05,Trial,05
30478,如果有人碍事……只要把他杀掉就好了。,leia,02,05,Trial,05
30479,那样的话……至少在临死的那一瞬间——,leia,02,05,Trial,05
30480,那个人……会看着我吧。,leia,02,05,Trial,05
30481,（糟糕……！魔女化导致杀意失控了……！必须得制服她……！）,hiro,02,05,Trial,05
30482,……请交给我吧。,meruru,02,05,Trial,05
30483,梅露露……！,hiro,02,05,Trial,05
30484,来……蕾雅小姐没事的。,meruru,02,05,Trial,05
30485,……没事的，没事的……请你冷静下来……,meruru,02,05,Trial,05
30486,……这……是……,leia,02,05,Trial,05
30487,……总觉得……,leia,02,05,Trial,05
30488,……感觉很不舒服……,leia,02,05,Trial,05
30489,感觉几秒前的自己像是另一个人……一种自己不是自己的感觉。,leia,02,05,Trial,05
30490,虽然暖乎乎的……但非常不舒服。,leia,02,05,Trial,05
30491,……我已经冷静下来了，你能放开我了吗？,leia,02,05,Trial,05
30492,……好的。,meruru,02,05,Trial,05
30493,（这就是梅露露的魔法……【治疗】）,hiro,02,05,Trial,05
30494,（她一瞬间就让蕾雅冷静下来了）,hiro,02,05,Trial,05
30495,（这魔法就像是强力的精神药物……不，是性质更恶劣的药物……）,hiro,02,05,Trial,05
30496,（不过，正好能用来安全促进魔女化）,hiro,02,05,Trial,05
30497,……看来我还真是【魔女】呢。,leia,02,05,Trial,05
30498,还变成了与之相称的外貌……,leia,02,05,Trial,05
30499,……唔。,leia,02,05,Trial,05
30500,……等一等。,leia,02,05,Trial,05
30501,这……和我之前想的不一样……！,leia,02,05,Trial,05
30502,这、这个外貌……！,leia,02,05,Trial,05
30503,……太美了……！,leia,02,05,Trial,05
30504,…………,hiro,02,05,Trial,05
30505,呵呵……还以为会变成丑陋的怪物，结果竟然是变成这么充满个性的样子……！,leia,02,05,Trial,05
30506,（怪物般的自我肯定感，以及对自己品味的绝对自信……）,hiro,02,05,Trial,05
30507,（莲见蕾雅……在各种意义上都是怪物啊……）,hiro,02,05,Trial,05
30508,魔女图鉴 更新…,"@toast ""|#Toast_001|""",02,05,Trial,05
30509,……事已至此，再消沉下去也无济于事。,leia,02,05,Trial,05
30510,按希罗的说法，魔女化好像关系到能否逃离这座监牢。,leia,02,05,Trial,05
30511,那么我想，押宝希罗大概是最有希望的吧！,leia,02,05,Trial,05
30512,虽说成了魔女，你这是不是想得太开了啊！？,hanna,02,05,Trial,05
30513,呵呵！请不要这么夸奖我！,leia,02,05,Trial,05
30514,（她已经完成了魔女化，离变成残骸还剩多少时间，连她自己都不清楚……）,hiro,02,05,Trial,05
30515,（所以蕾雅的选择是正确的）,hiro,02,05,Trial,05
30516,（……虽然，堵死她退路的人是我）,hiro,02,05,Trial,05
30517,（总之，多一个同伴总是让人安心的……）,hiro,02,05,Trial,05
30518,（话说回来……）,hiro,02,05,Trial,05
30519,…………,alisa,02,05,Trial,05
30520,（她脸上一副【怪物又增加了】的表情）,hiro,02,05,Trial,05
30521,（我必须在不信任感加剧到讨论不下去之前，促进大家的魔女化……）,hiro,02,05,Trial,05
30522,（我依靠死亡回溯魔法获得的那些经验、知识、信息……）,hiro,02,05,Trial,05
30523,（我必须回想起来这些情报……）,hiro,02,05,Trial,05
30524,（然后利用它们，思考能否让新的魔女觉醒吧）,hiro,02,05,Trial,05
30525,（我所遭遇的五起凶杀案……）,hiro,02,05,Trial,05
30526,（在这些案件中，能够明确凶手心理创伤的案件是……）,hiro,02,05,Trial,05
30527,（玛格的心理创伤是【被温柔对待】吗……？）,hiro,02,05,Trial,05
30528,（但是……条件太模糊，范围太广了）,hiro,02,05,Trial,05
30529,（而且，大概没人能保证她说了真话……）,hiro,02,05,Trial,05
30530,（……目前还是先验证一下其他人的作案动机吧）,hiro,02,05,Trial,05
30531,（奈叶香的心理创伤是【姐姐】吗……？）,hiro,02,05,Trial,05
30532,（如果去伤害看守，或许能行……）,hiro,02,05,Trial,05
30533,（虽然她会变成魔女，但恐怕我的脑袋会掉得更快）,hiro,02,05,Trial,05
30534,（而且……我感觉触发她心理创伤的原因不仅仅是姐姐）,hiro,02,05,Trial,05
30535,（……目前还是先验证一下其他人的作案动机吧）,hiro,02,05,Trial,05
30536,（汉娜的心理创伤是【有钱人】吗……？）,hiro,02,05,Trial,05
30537,（……她假装大小姐的行为似乎与此有关……）,hiro,02,05,Trial,05
30538,（但如果真是这样，蕾雅第一次遇到她的时候就会直接被她杀了才对吧）,hiro,02,05,Trial,05
30539,（……目前还是先验证一下其他人的作案动机吧）,hiro,02,05,Trial,05
30540,（……这个应该没办法调查出作案动机和心理创伤）,hiro,02,05,Trial,05
30541,（……诺亚决心行凶的理由是——）,hiro,02,05,Trial,05
30542,因为安安她……看到了诺亚的画……,noa,02,05,Trial,05
30543,……那些啊，其实都不是诺亚画的。,noa,02,05,Trial,05
30544,对不起，诺亚骗了大家。可是呢，那都是因为，诺亚画的画其实都很难看。,noa,02,05,Trial,05
30545,（被人看到了自己画的画……）,hiro,02,05,Trial,05
30546,（那幅画本身只存在于我的记忆中）,hiro,02,05,Trial,05
30547,（只不过……如果运用得当，或许能把诺亚逼入绝境）,hiro,02,05,Trial,05
30548,……诺亚。,hiro,02,05,Trial,05
30549,哇！？,noa,02,05,Trial,05
30550,……诺、诺亚不是坏孩子哦……？,noa,02,05,Trial,05
30551,是吗……那可不好说。,hiro,02,05,Trial,05
30552,你有着不能告诉别人的秘密……对吧？,hiro,02,05,Trial,05
30553,！,noa,02,05,Trial,05
30554,什、什么事呀～……,noa,02,05,Trial,05
30555,……对我撒谎是没用的。,hiro,02,05,Trial,05
30556,……老实坦白吧。,hiro,02,05,Trial,05
30557,诺、诺亚什么都没隐瞒哦……！完全，什么都没……一点都没有！,noa,02,05,Trial,06
30558,……首先，你的真实身份是身份不明的街头艺术家，【气球】。,hiro,02,05,Trial,06
30559,呀啊！？,noa,02,05,Trial,06
30560,真、真的假的！？是那个……！？,coco,02,05,Trial,06
30561,那、那是……那个、那个……,noa,02,05,Trial,06
30562,……然后，那些被世人称赞的画作，是用魔法画出来的。,hiro,02,05,Trial,06
30563,呜呜——！？,noa,02,05,Trial,06
30564,这些画不能说是你画的……我说得没错吧。,hiro,02,05,Trial,06
30565,这、这……,noa,02,05,Trial,06
30566,"不、不对哦！？诺亚，<link=""Objection_02_05_06_01"">超喜欢画画</link>的！！",noa,02,05,Trial,06
30567,希罗……你为什么要说这么过分的话……！,noa,02,05,Trial,06
30568,（诺亚看似天然，其实相当会演戏）,hiro,02,05,Trial,06
30569,（但……那是在下定决心动手杀了人之后的事了）,hiro,02,05,Trial,06
30570,（趁她现在并不冷静，我要撼动她的感情，击垮她的内心……！）,hiro,02,05,Trial,06
30571,诺亚不会画画,hiro,02,05,Trial,06
30572,诺亚喜欢画画,hiro,02,05,Trial,06
30573,诺亚从没画过画,hiro,02,05,Trial,06
30574,返回,hiro,02,05,Trial,06
30575,未必吧？,hiro,02,05,Trial,06
30576,欸……？,noa,02,05,Trial,06
30577,我在另一个发展不同的世界亲眼见到过，所以我知道哦。,hiro,02,05,Trial,06
30578,诺亚……其实你，并【不会画画】。,hiro,02,05,Trial,06
30579,欸……！？,noa,02,05,Trial,06
30580,因为自己画不出来，所以才依赖魔法。,hiro,02,05,Trial,06
30581,才、才没有！诺亚自己能画的！,noa,02,05,Trial,06
30582,希罗在撒谎！你想给诺亚设圈套！,noa,02,05,Trial,06
30583,诺亚，才不会上当呢……！,noa,02,05,Trial,06
30584,（这么下去大概只是对牛弹琴……）,hiro,02,05,Trial,06
30585,（为了动摇诺亚的感情，看来有必要进入她的内心世界，哪怕只是一瞬间）,hiro,02,05,Trial,06
30586,（那么，否定她遭她拒绝就不太好了……）,hiro,02,05,Trial,06
30587,不，诺亚。你应该从没画过画才对。,hiro,02,05,Trial,06
30588,撒谎可不好啊。,hiro,02,05,Trial,06
30589,唔，诺亚画过！,noa,02,05,Trial,06
30590,大家都夸诺亚的画很厉害。,noa,02,05,Trial,06
30591,撒谎的是希罗你才对吧？,noa,02,05,Trial,06
30592,诺亚觉得，你这样很不好！,noa,02,05,Trial,06
30593,（好像事实并不是完全没画过……）,hiro,02,05,Trial,06
30594,（为了动摇诺亚的感情，看来有必要进入她的内心世界，哪怕只是一瞬间）,hiro,02,05,Trial,06
30595,（那么，否定她遭她拒绝就不太好了……）,hiro,02,05,Trial,06
30596,……没错。你非常喜欢画画呢。,hiro,02,05,Trial,06
30597,欸……？,noa,02,05,Trial,06
30598,那么，能不能现场画给我看看呢？,hiro,02,05,Trial,06
30599,！,noa,02,05,Trial,06
30600,你最喜欢画画了。应该能画出来吧？,hiro,02,05,Trial,06
30601,当然，不用在意画得好不好。,hiro,02,05,Trial,06
30602,只要是你亲手画的，那就行了。,hiro,02,05,Trial,06
30603,这、这个…………,noa,02,05,Trial,06
30604,……诺亚，不干！,noa,02,05,Trial,06
30605,………！,hiro,02,05,Trial,06
30606,画画是……诺亚的，自由嘛……！,noa,02,05,Trial,06
30607,为、为什么诺亚非画画不可啊……！,noa,02,05,Trial,07
30608,画画，是诺亚的自由吧……！,noa,02,05,Trial,07
30609,因为你说过你喜欢画画，我只是对这一点表达肯定而已。,hiro,02,05,Trial,07
30610,难道对你来说，画画是一件痛苦的事吗？,hiro,02,05,Trial,07
30611,才、才不是……这样的……,noa,02,05,Trial,07
30612,那画给我看看也没关系吧。,hiro,02,05,Trial,07
30613,不、不行……！这个……那个……！,noa,02,05,Trial,07
30614,"因为……谁都<link=""Objection_02_05_07_01"">不给看</link>……",noa,02,05,Trial,07
30615,"诺亚和别人<link=""Objection_02_05_07_02"">约定</link>好了……不能告诉别人……！",noa,02,05,Trial,07
30616,"所以，就算是希罗也<link=""Objection_02_05_07_03"">不许看</link>！",noa,02,05,Trial,07
30617,（诺亚在撒谎）,hiro,02,05,Trial,07
30618,（……但这只是小孩子会撒的谎。没必要纠缠这个）,hiro,02,05,Trial,07
30619,（得在她蒙混过去，架好防御之前……给予她意料之外的一击！）,hiro,02,05,Trial,07
30620,已经看到过了,hiro,02,05,Trial,07
30621,返回,hiro,02,05,Trial,07
30622,没有这种约定,hiro,02,05,Trial,07
30623,你只是不愿给人看而已,hiro,02,05,Trial,07
30624,没听说过有这种约定啊？,hiro,02,05,Trial,07
30625,呃、呃……好像是，独占协议？……,noa,02,05,Trial,07
30626,——对！诺亚签过协议，不能把画给别人看的！,noa,02,05,Trial,07
30627,你有证据能证明这个吗？,hiro,02,05,Trial,07
30628,那、那希罗你不也是吗！？,noa,02,05,Trial,07
30629,说诺亚没有做那种约定……你也没有证据吧！,noa,02,05,Trial,07
30630,没有证据就怀疑别人，是不对的！,noa,02,05,Trial,07
30631,（看来再争下去也只会没完没了……）,hiro,02,05,Trial,07
30632,（诺亚【不想给人看画】的意志很坚决）,hiro,02,05,Trial,07
30633,（想让她拿出画来，实在不容易）,hiro,02,05,Trial,07
30634,（刺激她心理创伤的方法……我应该已经知道了才对）,hiro,02,05,Trial,07
30635,虽然你找了无数理由……,hiro,02,05,Trial,07
30636,但不是【不能给人看】，只是诺亚你单纯【不想给人看】吧？,hiro,02,05,Trial,07
30637,才、才不是那样……！,noa,02,05,Trial,07
30638,那么，在这里画给我看也没关系吧。,hiro,02,05,Trial,07
30639,为、为什么要现在画啊！？,noa,02,05,Trial,07
30640,诺亚要在诺亚想画画的时候才画！,noa,02,05,Trial,07
30641,诺亚，现在没那种心情……,noa,02,05,Trial,07
30642,不想被希罗擅自决定！,noa,02,05,Trial,07
30643,（被顶嘴了……看来光求她画是没有用的）,hiro,02,05,Trial,07
30644,（诺亚【不想给人看画】的意志很坚决）,hiro,02,05,Trial,07
30645,（想让她拿出画来，实在不容易）,hiro,02,05,Trial,07
30646,（刺激她心理创伤的方法……我应该已经知道了才对）,hiro,02,05,Trial,07
30647,啊，虽然很抱歉……,hiro,02,05,Trial,07
30648,诺亚。你的画，我已经看过了。,hiro,02,05,Trial,07
30649,欸。,noa,02,05,Trial,07
30650,我拥有【死亡回溯】的魔法……,hiro,02,05,Trial,07
30651,我有机会看到你亲手画的画。,hiro,02,05,Trial,07
30652,……！,noa,02,05,Trial,07
30653,……你的画——,hiro,02,05,Trial,07
30654,画得很烂,@choice |#0205Trial07_Choice004|,02,05,Trial,07
30655,根本看不懂,@choice |#0205Trial07_Choice005|,02,05,Trial,07
30656,太丑了,@choice |#0205Trial07_Choice006|,02,05,Trial,07
30657,……画得很烂。简直没眼看。,hiro,02,05,Trial,07
30658,难怪诺亚你想藏起来……,hiro,02,05,Trial,07
30659,我发自内心地，这么认为哦。,hiro,02,05,Trial,07
30660,……根本看不懂啊。,hiro,02,05,Trial,07
30661,完全看不出你的画要表达什么。热情、技巧……什么都没有。,hiro,02,05,Trial,07
30662,这大概就是所谓的【没有才能】吧。,hiro,02,05,Trial,07
30663,……一言以蔽之，很丑哦。,hiro,02,05,Trial,07
30664,乱七八糟的，根本不像是认真想画的样子。,hiro,02,05,Trial,07
30665,【脏东西】……这是对你的画最合适的评价。,hiro,02,05,Trial,07
30666,（……说出并非本心的话，果然还是有点抵触）,hiro,02,05,Trial,07
30667,（抱歉，诺亚……不过我不会求你原谅……）,hiro,02,05,Trial,07
30668,（现在……请你承受这份痛苦吧……！）,hiro,02,05,Trial,07
30669,呜……啊……,noa,02,05,Trial,07
30670,啊啊啊啊啊啊～～！！！,noa,02,05,Trial,07
30671,呜嘤嘤嘤嘤嘤嘤！！,noa,02,05,Trial,07
30672,希、希罗……！不管你出于什么目的都好，你说得也太过分了……！,ema,02,05,Trial,07
30673,你、你难道没有人心吗……！？,leia,02,05,Trial,07
30674,（……就让我坦然接受一切批评吧）,hiro,02,05,Trial,07
30675,（但如果只需要这么点代价就能换到结果……那就太划算了！）,hiro,02,05,Trial,07
30676,呜呜……！啊呜……！,noa,02,05,Trial,07
30677,已经……受够了啊啊啊！！,noa,02,05,Trial,07
30678,诺亚的魔法……！,hiro,02,05,Trial,07
30679,呜啊啊啊啊啊啊！！,noa,02,05,Trial,07
30680,诺、诺亚的眼泪，变成彩色的了……！,miria,02,05,Trial,07
30681,……梅露露！,hiro,02,05,Trial,07
30682,好、好的……！,meruru,02,05,Trial,07
30683,诺亚小姐～，已经没事了哦～……,meruru,02,05,Trial,07
30684,呜呜～！,noa,02,05,Trial,07
30685,呜、呜……噎……咕……,noa,02,05,Trial,07
30686,（……诺亚的魔女化也成功达成了）,hiro,02,05,Trial,07
30687,（看来只要刺激【心理创伤】，就能高效地促进魔女化——）,hiro,02,05,Trial,07
30688,魔女图鉴 更新…,"@toast ""|#Toast_001|""",02,05,Trial,07
30689,——真是场有趣的表演啊，希罗。,margo,02,05,Trial,07
30690,……！……玛格。,hiro,02,05,Trial,07
30691,这是用魔法进行的变身秀？还是骗人眼泪的三流戏码呢？,margo,02,05,Trial,07
30692,不管怎样……我差不多都看腻了。,margo,02,05,Trial,07
30693,不惜把我们都牵扯进来，也要做这种事……这真的有意义吗？,margo,02,05,Trial,07
30694,（……玛格这人很奇怪啊）,hiro,02,05,Trial,07
30695,（尽管我和她相处的时间很短，不过她的确是个反复无常的人）,hiro,02,05,Trial,07
30696,（当然我也并非完全掌握了她的为人。只不过……）,hiro,02,05,Trial,07
30697,（我从刚才开始就一直在强调我掌握着情报这一点）,hiro,02,05,Trial,07
30698,（玛格她不至于蠢到连这个都看不出来）,hiro,02,05,Trial,07
30699,（……我该认为她的发言，全都有隐藏的用意吗？）,hiro,02,05,Trial,07
30700,（那说不定她的发言——）,hiro,02,05,Trial,07
30701,……你说得对，玛格。,hiro,02,05,Trial,07
30702,光看着也只会感到无聊吧。,hiro,02,05,Trial,07
30703,……要来一起跳舞吗？,hiro,02,05,Trial,07
30704,……你真是个有趣的孩子，希罗。,margo,02,05,Trial,07
30705,不过呢，对于邀约一位女士的台词，我会喜欢更有风情的措辞哦♡,margo,02,05,Trial,07
30706,（……也就是说，我目前算及格了？）,hiro,02,05,Trial,07
30707,（——没错。她至今为止的话语，都是对我的挑衅。更进一步说……）,hiro,02,05,Trial,07
30708,（是邀请我参加名为讨论的战场……！）,hiro,02,05,Trial,07
30709,（玛格想要套出我掌握的情报，来决定自身的立场……）,hiro,02,05,Trial,07
30710,（反过来说，她还在犹豫是否应该和我联手合作）,hiro,02,05,Trial,07
30711,（那么……）,hiro,02,05,Trial,07
30712,……你能为我引路吗？希罗。,margo,02,05,Trial,07
30713,……当然。,hiro,02,05,Trial,07
30714,我会提供你所期望的东西。,hiro,02,05,Trial,07
30715,（……玛格她现在，正在试探我）,hiro,02,05,Trial,07
30716,（那么……无论对方是欺诈师还是什么人，都得让她相信我）,hiro,02,05,Trial,07
30717,（然后……不管愿不愿意都要让你协助我！宝生玛格！）,hiro,02,05,Trial,07
30718,【魔女】……【魔女审判】……【大魔女】……,margo,02,05,Trial,08
30719,大致的情况，从之前的对话也能推测得出来哦？,margo,02,05,Trial,08
30720,……不过我想要向希罗确认的是【真实的保证】呢。,margo,02,05,Trial,08
30721,"你凭什么<link=""Objection_02_05_08_01"">保证</link>自己的话是真实的呢？",margo,02,05,Trial,08
30722,你的意思是，至今为止你在这场审判中的所见所闻，还不足以让你满意吗？,hiro,02,05,Trial,08
30723,……倒也不是完全不信。毕竟至今为止，我也见识了各种各样的现象。,margo,02,05,Trial,08
30724,"只不过……还没信任到能<link=""Objection_02_05_08_02"">全押</link>的程度。",margo,02,05,Trial,08
30725,"说得极端一点，说不定至今为止的一切全都是<link=""Objection_02_05_08_03"">整人节目</link>哦。",margo,02,05,Trial,08
30726,……我觉得你应该能理解，这是不可能的。,hiro,02,05,Trial,08
30727,"你又<link=""Objection_02_05_08_04"">懂我的什么</link>呢？",margo,02,05,Trial,08
30728,我……是想要相信的。,margo,02,05,Trial,08
30729,你能做到吗？希罗。,margo,02,05,Trial,08
30730,（如果这不是现实，那该有多好啊）,hiro,02,05,Trial,08
30731,（可是……我之前的经历是真实的）,hiro,02,05,Trial,08
30732,（我必须让玛格理解这一点……就利用我知道的信息……！）,hiro,02,05,Trial,08
30733,魔女化就是证据,hiro,02,05,Trial,08
30734,返回,hiro,02,05,Trial,08
30735,我已经下注了,hiro,02,05,Trial,08
30736,就是整人节目,hiro,02,05,Trial,08
30737,你因爱杀了人,hiro,02,05,Trial,08
30738,……这副异形的相貌——【魔女化】本身就是全部的证据。,hiro,02,05,Trial,08
30739,魔法少女、魔女、大魔女……这是证明其存在的现象。我说得没错吧？,hiro,02,05,Trial,08
30740,就假设那些东西都是真实存在的吧。,margo,02,05,Trial,08
30741,但我无法完全赞同不说出明确理由就试图让大家魔女化的行为，,margo,02,05,Trial,08
30742,说不定，希罗你拥有【异形化】的魔法——,margo,02,05,Trial,08
30743,为了制造自己的同伴而欺骗大家，这个可能性也是有的吧？,margo,02,05,Trial,08
30744,所以……我完全不认为【魔女化】这个现象本身，跟是否能逃离这座监牢有关。,margo,02,05,Trial,08
30745,我的感觉，很奇怪吗？,margo,02,05,Trial,08
30746,（从旁观者角度看，那的确是异常的光景……我也能理解玛格怀抱的厌恶感……）,hiro,02,05,Trial,08
30747,（……目前首先必须让玛格相信我的发言）,hiro,02,05,Trial,08
30748,（在以往世界的经历当中，有没有对玛格来说无法完全否认的事实……？）,hiro,02,05,Trial,08
30749,（如果能拿出只有她自己才知道的信息，她就会愿意听我的意见了……！）,hiro,02,05,Trial,08
30750,我……已经赌上了一切。,hiro,02,05,Trial,08
30751,为了阻止这里发生的惨剧，我已经走到了无法回头的地步。,hiro,02,05,Trial,08
30752,（……我已经字面意义上的无法再【死亡回溯】了）,hiro,02,05,Trial,08
30753,下注的时机只有现在了，玛格。,hiro,02,05,Trial,08
30754,拜托了，请你相信我……！,hiro,02,05,Trial,08
30755,……真是拼命啊。,margo,02,05,Trial,08
30756,不过，这可是欺诈的常用手段哦？,margo,02,05,Trial,08
30757,用拼命的样子劝说【只有现在】，说【之后后悔就晚了】【我已经下注了】【接下来轮到你了】……,margo,02,05,Trial,08
30758,这种话我听得耳朵都要长茧了。,margo,02,05,Trial,08
30759,嘴上爱怎么说都行，根本不值得相信。,margo,02,05,Trial,08
30760,（看来感情牌没什么意义……）,hiro,02,05,Trial,08
30761,（……目前首先必须让玛格相信我的发言）,hiro,02,05,Trial,08
30762,（在以往世界的经历当中，有没有对玛格来说无法完全否认的事实……？）,hiro,02,05,Trial,08
30763,（如果能拿出只有她自己才知道的信息，她就会愿意听我的意见了……！）,hiro,02,05,Trial,08
30764,没错，虽然不太好意思说……这其实是整人节目。,hiro,02,05,Trial,08
30765,哦是吗？听起来是个很有趣的活动呢。,margo,02,05,Trial,08
30766,……是邀请了明星演员莲见蕾雅的整人节目。,hiro,02,05,Trial,08
30767,你会让观众扫兴的，能否请你配合一下？,hiro,02,05,Trial,08
30768,……那这剧本也太糟糕了吧？,margo,02,05,Trial,08
30769,曝光【气球】的真身，揭露蕾雅的魔法……,margo,02,05,Trial,08
30770,这简直是妨碍他人经营。这种东西根本不可能播出。,margo,02,05,Trial,08
30771,就算真的是整人节目，那也太恶趣味了。就算是假装配合也请容我拒绝哦♡,margo,02,05,Trial,08
30772,（看来说是整人节目的确有点牵强……）,hiro,02,05,Trial,08
30773,（……目前首先必须让玛格相信我的发言）,hiro,02,05,Trial,08
30774,（在以往世界的经历当中，有没有对玛格来说无法完全否认的事实……？）,hiro,02,05,Trial,08
30775,（如果能拿出只有她自己才知道的信息，她就会愿意听我的意见了……！）,hiro,02,05,Trial,08
30776,你……因爱而杀人。,hiro,02,05,Trial,08
30777,……什么意思？,margo,02,05,Trial,08
30778,是我之前经历过的世界里发生的事。,hiro,02,05,Trial,08
30779,在那里，你杀了一个人。,hiro,02,05,Trial,08
30780,然后你在被处刑前，是这么回答的。,hiro,02,05,Trial,08
30781,【正因为爱她才杀了她】。,hiro,02,05,Trial,08
30782,……原来如此。,margo,02,05,Trial,08
30783,的确……像是我会说的话呢♡,margo,02,05,Trial,08
30784,"不过……你的主张还没超出<ruby=""Cold reading"">冷读法</ruby>的范畴哦。",margo,02,05,Trial,08
30785,爱恨情感与杀人本就密切相关。,margo,02,05,Trial,08
30786,爱能够杀人……说到底也只是常见理论。,margo,02,05,Trial,08
30787,……你还是不肯相信吗。,hiro,02,05,Trial,08
30788,不过……我也在想。,margo,02,05,Trial,08
30789,我也觉得希罗的话并非谎言。因为人撒谎的时候，是会有习惯动作的。,margo,02,05,Trial,08
30790,所以……我想详细听听看希罗怎么说哦。,margo,02,05,Trial,08
30791,你所知道的事情，可不可以再多告诉我一些呢？,margo,02,05,Trial,08
30792,（……的确，我所知道和经历过的事，这些情报最好在一定程度上和大家共享）,hiro,02,05,Trial,08
30793,（而且……在我透露信息的时候，玛格或许也会放松警惕）,hiro,02,05,Trial,08
30794,（虽然很难说服性格捉摸不透的玛格，但在她收集情报的时候，或许我有机会能乘虚而入）,hiro,02,05,Trial,08
30795,……明白了。那我就来说明一下吧。,hiro,02,05,Trial,08
30796,说一说我所经历的记忆。,hiro,02,05,Trial,08
30797,其实在今天早上醒来之前，我就一直在这座监牢里和你们一起生活过了……,hiro,02,05,Trial,09
30798,就像现在一样，之前我也是个被押送到这里的俘虏。,hiro,02,05,Trial,09
30799,然后我引发了凶杀案……你是这么主张的，对吧。,margo,02,05,Trial,09
30800,……是的。,hiro,02,05,Trial,09
30801,在我的经历当中，一共发生了4起事件……死了5个人。,hiro,02,05,Trial,09
30802,而且……引发过凶杀案的其中一人就是你，玛格。,hiro,02,05,Trial,09
30803,……被害人的身份，是出于顾虑感受才隐瞒的吗？,margo,02,05,Trial,09
30804,就算那是与现在的自己无关的另一个世界的自己，如果知道自己被我杀了也会多少有所防备吧♡,margo,02,05,Trial,09
30805,……非常感谢你能理解。,hiro,02,05,Trial,09
30806,我们这些身为预备魔女的少女，思考会逐渐变得凶暴化、排他化……,hiro,02,05,Trial,09
30807,是、是不是经常吵架……之类的……？,ema,02,05,Trial,09
30808,能摆在明面上争吵还算好的。,hiro,02,05,Trial,09
30809,大多数情况是人死了，再也无可挽回之后，才意识到这一点。,hiro,02,05,Trial,09
30810,当事人连产生自觉的时间都没有……我们这些人就会磨砺起准备杀害他人的刀刃。,hiro,02,05,Trial,09
30811,……但是，这样是不对的。,hiro,02,05,Trial,09
30812,我们全部人都必须得活着成为魔女。否则，我们就无法存活下去。,hiro,02,05,Trial,09
30813,所以我希望你们能协助我。,hiro,02,05,Trial,09
30814,……这话可不能轻易相信呢。,margo,02,05,Trial,09
30815,如果事实正如你所说，那你自己又是怎样的情况呢？,margo,02,05,Trial,09
30816,"如果人人都会产生杀人冲动，那你也应该曾经<link=""Objection_02_05_09_01"">想过杀人</link>，不是吗？",margo,02,05,Trial,09
30817,……我，没有发展到杀人的地步。,hiro,02,05,Trial,09
30818,并且在最后，我亲手结束了自己的生命。,hiro,02,05,Trial,09
30819,……就是为了能再次见到还活着的大家……！,hiro,02,05,Trial,09
30820,自杀……吗。,margo,02,05,Trial,09
30821,照你的说法，我们之前是在互相残杀吧？,margo,02,05,Trial,09
30822,"那么，我们之间只该存在怨恨，不该存在丝毫<link=""Objection_02_05_09_02"">信赖</link>关系才对……",margo,02,05,Trial,09
30823,那为什么还要提什么【大家友好地一起离开这里吧】……这种幼稚的主张呢？,margo,02,05,Trial,09
30824,……我没法相信。你的话根本不合逻辑。,margo,02,05,Trial,09
30825,（她的话很有道理）,hiro,02,05,Trial,09
30826,（如果我站在相反的立场，大概也会这么想吧）,hiro,02,05,Trial,09
30827,（只不过……我现在应该打出的牌是真相）,hiro,02,05,Trial,09
30828,（即使是面对玛格……不，正因为是面对玛格）,hiro,02,05,Trial,09
30829,（……有时候也需要正面诉诸情感吧）,hiro,02,05,Trial,09
30830,从未想过杀人,hiro,02,05,Trial,09
30831,已经杀过人了,hiro,02,05,Trial,09
30832,返回,hiro,02,05,Trial,09
30833,我相信大家,hiro,02,05,Trial,09
30834,我们一直互相信任着,hiro,02,05,Trial,09
30835,我……从未想过要杀人。,hiro,02,05,Trial,09
30836,你在撒谎。,margo,02,05,Trial,09
30837,……我一直都力求采取正确的行动。我一直在思考全员存活的方法。,hiro,02,05,Trial,09
30838,但在过去的世界，我没能实现……所以这次，一定要和大家一起活下去。,hiro,02,05,Trial,09
30839,跟你稍微聊过之后我就明白了。你是个感情用事、重视正义的人——,margo,02,05,Trial,09
30840,为达目的，会笔直向前冲……而有时也会犯错。,margo,02,05,Trial,09
30841,……结果，为了贯彻自己的正义，于是曾试图杀死某个人……没说错吧？,margo,02,05,Trial,09
30842,…………,hiro,02,05,Trial,09
30843,……看来说中了呢。,margo,02,05,Trial,09
30844,你正试图欺骗我们……你不是值得信赖的人物。,margo,02,05,Trial,09
30845,（看来谎言被看穿了……）,hiro,02,05,Trial,09
30846,（……对玛格耍小聪明是行不通的）,hiro,02,05,Trial,09
30847,（既然如此，我只能试着坦诚相待了）,hiro,02,05,Trial,09
30848,（就用毫无谎言的真心，去直面她）,hiro,02,05,Trial,09
30849,……啊，我确实杀过人哦。,hiro,02,05,Trial,09
30850,希罗，怎么会……！？,ema,02,05,Trial,09
30851,我没能抵抗住杀人的冲动。就算后悔也无法弥补。,hiro,02,05,Trial,09
30852,正因为如此，我才不希望大家也变成我那样。,hiro,02,05,Trial,09
30853,……你的话语以及后悔的感情本身看起来并不像谎言。,margo,02,05,Trial,09
30854,可是，你没有杀人犯该有的眼神哦？,margo,02,05,Trial,09
30855,…………,hiro,02,05,Trial,09
30856,是杀人未遂吗？那么，是不是意味着——,margo,02,05,Trial,09
30857,你这一次，终于准备要杀人了？,margo,02,05,Trial,09
30858,（看来我自称杀人魔也没什么作用啊……）,hiro,02,05,Trial,09
30859,（……对玛格耍小聪明是行不通的）,hiro,02,05,Trial,09
30860,（既然如此，我只能试着坦诚相待了）,hiro,02,05,Trial,09
30861,（就用毫无谎言的真心，去直面她）,hiro,02,05,Trial,09
30862,怎么可能会怨恨呢，我们到最后都一直互相信任着的哦。,hiro,02,05,Trial,09
30863,都是魔女之力的错。,hiro,02,05,Trial,09
30864,都怪它，同伴之间互相信任的牵绊才会被撕裂。,hiro,02,05,Trial,09
30865,……呵呵呵♡,margo,02,05,Trial,09
30866,我想共同生活的友情应该多多少少会有的，但在发生凶杀案后，不可能还继续互相信任吧。,margo,02,05,Trial,09
30867,真会逗人笑啊，说什么牵绊——,margo,02,05,Trial,09
30868,连你自己都不信的话，能不能请你不要再说了？,margo,02,05,Trial,09
30869,（看来谎言被看穿了……）,hiro,02,05,Trial,09
30870,（……对玛格耍小聪明是行不通的）,hiro,02,05,Trial,09
30871,（既然如此，我只能试着坦诚相待了）,hiro,02,05,Trial,09
30872,（就用毫无谎言的真心，去直面她）,hiro,02,05,Trial,09
30873,玛格……你是个骗子。,hiro,02,05,Trial,09
30874,……！,margo,02,05,Trial,09
30875,奈叶香脑子里在想什么，根本搞不清楚。亚里沙也很冷淡，而且还叛逆。,hiro,02,05,Trial,09
30876,……啊啊！？你说什么……！？,alisa,02,05,Trial,09
30877,可可嘴巴很毒，雪莉不听人讲话。汉娜很冲动，蕾雅也自私得不行……,hiro,02,05,Trial,09
30878,哈？感觉你是在鄙视我吧！,coco,02,05,Trial,09
30879,……每个人都真的很让人费心。,hiro,02,05,Trial,09
30880,……但是。,hiro,02,05,Trial,09
30881,即便如此，也没有任何一个人应该死在这里。,hiro,02,05,Trial,09
30882,我们没有必要成为牺牲品。,hiro,02,05,Trial,09
30883,我们……想要自由地活下去的话，只要离开这里就好。,hiro,02,05,Trial,09
30884,为此，大家的协助是不可或缺的……,hiro,02,05,Trial,09
30885,而且我相信，只要能直接对话，就能得到协助。,hiro,02,05,Trial,09
30886,我——,hiro,02,05,Trial,09
30887,——是相信着大家的。,hiro,02,05,Trial,09
30888,……希罗。,ema,02,05,Trial,09
30889,……你说的话，就是欺骗。,margo,02,05,Trial,09
30890,无论内心真实想法如何，只要有一张嘴，想说什么都可以。,margo,02,05,Trial,09
30891,就连你也可能会背叛。,margo,02,05,Trial,09
30892,……当然，我也一样。,margo,02,05,Trial,09
30893,你说你信任我们……这是谎言。,margo,02,05,Trial,09
30894,…………,hiro,02,05,Trial,09
30895,（……果然如此）,hiro,02,05,Trial,09
30896,（玛格一旦被逼到绝境，就会无法看穿他人的谎言……）,hiro,02,05,Trial,09
30897,（我这次，是发自内心地……作出了【相信大家】的宣言）,hiro,02,05,Trial,09
30898,（而现在的玛格，无法判断这是否是真相）,hiro,02,05,Trial,09
30899,（换言之……现在她的内心已被搅乱，正在动摇）,hiro,02,05,Trial,09
30900,（说不定，她在得到他人亲近时……会变得不知所措）,hiro,02,05,Trial,09
30901,（……现在正是进攻的时机）,hiro,02,05,Trial,09
30902,（回想起来吧……让玛格觉醒成为魔女的那句话——就是）,hiro,02,05,Trial,09
30903,我爱你,@choice |#0205Trial09_Choice005|,02,05,Trial,09
30904,你很扭曲,@choice |#0205Trial09_Choice006|,02,05,Trial,09
30905,你的爱是谎言,@choice |#0205Trial09_Choice007|,02,05,Trial,09
30906,……看来你无法坦率地接受他人的好意呢。,hiro,02,05,Trial,09
30907,【你很扭曲】，玛格。,hiro,02,05,Trial,09
30908,……这话说得好像你很了解我似的。,margo,02,05,Trial,09
30909,你确定，你要一直无法相信任何人的话语——,hiro,02,05,Trial,09
30910,从今往后也要继续去怀疑所有遇到的人，以这样的状态活下去吗？,hiro,02,05,Trial,09
30911,那样的人生，太令人窒息了。,hiro,02,05,Trial,09
30912,……与其被他人背叛，还不如让我独自窒息好了。,margo,02,05,Trial,09
30913,人或多或少都是扭曲的。,margo,02,05,Trial,09
30914,既然有能相信他人的人，那也就有做不到的人……仅此而已。,margo,02,05,Trial,09
30915,就算你把你的正义强加给我——,margo,02,05,Trial,09
30916,也只会让我感到窒息哦，希罗。,margo,02,05,Trial,09
30917,（结果只是单纯地伤害了玛格啊……）,hiro,02,05,Trial,09
30918,（……我得认真回想起来）,hiro,02,05,Trial,09
30919,（我在过去的世界中听到的，玛格临终前的呐喊……！）,hiro,02,05,Trial,09
30920,（她最【不想听人对她说】的话……就是——）,hiro,02,05,Trial,09
30921,……你无法相信他人的理由，我十分清楚。,hiro,02,05,Trial,09
30922,因为【你的爱是谎言】。,hiro,02,05,Trial,09
30923,在我所见的过去世界里，你曾谈论过爱。,hiro,02,05,Trial,09
30924,但玛格你所认为的爱，就好像是【疯狂的执念】一样。,hiro,02,05,Trial,09
30925,执念……？,margo,02,05,Trial,09
30926,因为你不懂正确的爱的形式，……所以你才会觉得所有人的话都是欺骗。,hiro,02,05,Trial,09
30927,爱的形式，因人而异哦。,margo,02,05,Trial,09
30928,从未与我相爱过的你，是不可能理解的。,margo,02,05,Trial,09
30929,不要否定我的爱。你以为你是谁？,margo,02,05,Trial,09
30930,（结果只是单纯地伤害了玛格啊……）,hiro,02,05,Trial,09
30931,（……我得认真回想起来）,hiro,02,05,Trial,09
30932,（我在过去的世界中听到的，玛格临终前的呐喊……！）,hiro,02,05,Trial,09
30933,（她最【不想听人对她说】的话……就是——）,hiro,02,05,Trial,09
30934,（玛格在被处刑前……完成了魔女化）,hiro,02,05,Trial,09
30935,我懂得爱！！这就是爱！！,margo,02,05,Trial,09
30936,够了！！不要否定我的爱！！,margo,02,05,Trial,09
30937,【不要爱我】——！,margo,02,05,Trial,09
30938,（既然如此……）,hiro,02,05,Trial,09
30939,…………,hiro,02,05,Trial,09
30940,（呃……要当面说出来的话，我实在是有些犹豫）,hiro,02,05,Trial,09
30941,……玛格。,hiro,02,05,Trial,09
30942,你无法信任他人的心情，我也明白。,hiro,02,05,Trial,09
30943,你被许多人背叛过，所以无法信任他人。这是从自身经验得出的道理。,hiro,02,05,Trial,09
30944,但是……世上也有不讲道理的感情。,hiro,02,05,Trial,09
30945,我……很重视大家。一个人我都不愿意失去。,hiro,02,05,Trial,09
30946,这种感情，人们都会称之为……【博爱】，不是吗。,hiro,02,05,Trial,09
30947,——！,margo,02,05,Trial,09
30948,当然，其中的对象……也包括你。,hiro,02,05,Trial,09
30949,……住口。,margo,02,05,Trial,09
30950,我希望你，能跟我一起同行。,hiro,02,05,Trial,09
30951,……住口！,margo,02,05,Trial,09
30952,……【我爱你】，玛格。,hiro,02,05,Trial,09
30953,……住口啊！！,margo,02,05,Trial,09
30954,（……我这台词真够肉麻的）,hiro,02,05,Trial,09
30955,（如果是平时的玛格，说不定就能看穿这种伪证了……）,hiro,02,05,Trial,09
30956,别……别再说了……！我……到底做错了什么……！,margo,02,05,Trial,09
30957,不要……！别自作主张了——！,margo,02,05,Trial,09
30958,——【不要爱我】！！,margo,02,05,Trial,09
30959,…………！,margo,02,05,Trial,09
30960,……玛格……！,ema,02,05,Trial,09
30961,……梅露露！玛格就拜托你……！,hiro,02,05,Trial,09
30962,好、好的……！,meruru,02,05,Trial,09
30963,——别靠近我！,margo,02,05,Trial,09
30964,……！,meruru,02,05,Trial,09
30965,……没事的。我，没事。所以……你别过来。,margo,02,05,Trial,09
30966,……玛格。,hiro,02,05,Trial,09
30967,你的精神现在正承受着巨大的负担。,hiro,02,05,Trial,09
30968,别勉强自己，快接受梅露露的治疗吧。,hiro,02,05,Trial,09
30969,我不要！,margo,02,05,Trial,09
30970,……我真的，没事。还没到无法忍受的程度……,margo,02,05,Trial,09
30971,……你真坏心眼啊，希罗。对你来说我只是达成目的的棋子……,margo,02,05,Trial,09
30972,……你从一开始，就打算用这些手段折磨我的吧？,margo,02,05,Trial,09
30973,……是的。,hiro,02,05,Trial,09
30974,我不会对你撒谎。,hiro,02,05,Trial,09
30975,……是吗。,margo,02,05,Trial,09
30976,谢谢。……刚才如果你撒谎了，那我就真的会动手把你杀了。,margo,02,05,Trial,09
30977,……这才像你，玛格。,hiro,02,05,Trial,09
30978,……呵呵。很好。就该这样。,margo,02,05,Trial,09
30979,你给我记好了？总有一天我会让你后悔的。,margo,02,05,Trial,09
30980,……嗯。到时候就麻烦你了。,hiro,02,05,Trial,09
30981,…………,margo,02,05,Trial,09
30982,（……看来她凭借自己的精神力，承受住了魔女化所需的精神负担）,hiro,02,05,Trial,09
30983,魔女图鉴 更新…,"@toast ""|#Toast_001|""",02,05,Trial,09
30984,（……梅露露、蕾雅、诺亚、玛格……加上我，一共有5人完成了魔女化）,hiro,02,05,Trial,09
30985,（差不多是时候该把我的目的摊开来讲一讲了）,hiro,02,05,Trial,09
30986,……玛格她似乎也对我的目的很在意，那我现在就把目的告诉你们吧。,hiro,02,05,Trial,09
30987,……我，正打算让你们产生魔女化。,hiro,02,05,Trial,09
30988,……！,ema,02,05,Trial,09
30989,哈啊！？什么意思！？,coco,02,05,Trial,09
30990,如果你们有听进去我至今说过的话，也许你们也能察觉到了……,hiro,02,05,Trial,09
30991,【我们为什么被带到这里】……【为什么能够使用魔法】……以及【为什么开始互相残杀】……,hiro,02,05,Trial,09
30992,这些灾难的根源，都是由幕后黑手【大魔女】引发的。,hiro,02,05,Trial,09
30993,如果再不采取行动……一切就只能听任大魔女的摆布了。,hiro,02,05,Trial,09
30994,而我是来这里拯救你们的。,hiro,02,05,Trial,09
30995,因此，召集13位完成【魔女化】的少女，并召唤出大魔女——,hiro,02,05,Trial,09
30996,就是我的目的。,hiro,02,05,Trial,09
30997,——二阶堂希罗。,nanoka,02,05,Trial,09
30998,……！,hiro,02,05,Trial,09
30999,我现在已经明白了，你掌握着非常多的情报。,nanoka,02,05,Trial,09
31000,所以……我有必要听听你是怎么说的。,nanoka,02,05,Trial,09
31001,请告诉我吧。……告诉我，你所知道的一切。,nanoka,02,05,Trial,09
31002,（奈叶香……你……）,hiro,02,05,Trial,09
31003,（………）,hiro,02,05,Trial,09
31004,我就开门见山地问了。,nanoka,02,05,Trial,10
31005,这起事件的【幕后黑手】大魔女……你有办法杀了她吗？,nanoka,02,05,Trial,10
31006,……我拥有的，只是死前所见所闻的情报，并没有到知晓一切的程度。,hiro,02,05,Trial,10
31007,所以我……没有确切的情报。,hiro,02,05,Trial,10
31008,……开什么玩笑。,nanoka,02,05,Trial,10
31009,"……那么，我就没有非得协助你的<link=""Objection_02_05_10_01"">理由</link>了。",nanoka,02,05,Trial,10
31010,尽管我没打算妨碍你……,nanoka,02,05,Trial,10
31011,……但是，如果你要妨碍我的话，我不会手下留情。,nanoka,02,05,Trial,10
31012,（奈叶香的警惕心很强）,hiro,02,05,Trial,10
31013,（看来不先解除她的警惕，她会连话都不愿意听我讲……）,hiro,02,05,Trial,10
31014,能回家,hiro,02,05,Trial,10
31015,会消除大家的魔女因子,hiro,02,05,Trial,10
31016,你的家人也能得救,hiro,02,05,Trial,10
31017,返回,hiro,02,05,Trial,10
31018,你打算一直待在这种地方吗？,hiro,02,05,Trial,10
31019,只要跟我联手，我就能把大家从这座监牢中解救出来……,hiro,02,05,Trial,10
31020,之后你也能回家了。,hiro,02,05,Trial,10
31021,……你们想回去的就回去好了。,nanoka,02,05,Trial,10
31022,你不想家吗？,hiro,02,05,Trial,10
31023,就算我一个人回去，又有什么意义呢？,nanoka,02,05,Trial,10
31024,倒不如说……被人强行带离这座宅邸，会让我感到更麻烦。,nanoka,02,05,Trial,10
31025,（看来她对外面的世界不感兴趣……）,hiro,02,05,Trial,10
31026,（……奈叶香还在警惕着我这边。她看来还不打算说出真心话）,hiro,02,05,Trial,10
31027,（我得回想起来……奈叶香她到底有什么目的）,hiro,02,05,Trial,10
31028,既然如此……你要不要来协助我？,hiro,02,05,Trial,10
31029,我正打算消除大家身上的魔女因子。,hiro,02,05,Trial,10
31030,这样我们就不会再被囚禁在这里了。,hiro,02,05,Trial,10
31031,大家都能得救！,hiro,02,05,Trial,10
31032,……救？,nanoka,02,05,Trial,10
31033,没人拜托你做那种事。,nanoka,02,05,Trial,10
31034,我不会妨碍你，但也不会协助你。,nanoka,02,05,Trial,10
31035,我只会做我该做的事。,nanoka,02,05,Trial,10
31036,（看来她并不感兴趣……）,hiro,02,05,Trial,10
31037,（……奈叶香还在警惕着我这边。她看来还不打算说出真心话）,hiro,02,05,Trial,10
31038,（我得回想起来……奈叶香她到底有什么目的）,hiro,02,05,Trial,10
31039,（……老实说）,hiro,02,05,Trial,10
31040,（现在的我，没有任何确切的把握）,hiro,02,05,Trial,10
31041,（但是，即便如此，我也不能停下脚步……！）,hiro,02,05,Trial,10
31042,（哪怕……我最终得欺骗她）,hiro,02,05,Trial,10
31043,……奈叶香。只要交给我的话……,hiro,02,05,Trial,10
31044,我能让你的家人也能得救。,hiro,02,05,Trial,10
31045,……！,nanoka,02,05,Trial,10
31046,当然，也包括成为了这座监牢的【看守】的，你的【姐姐】……,hiro,02,05,Trial,10
31047,二阶堂……希罗……！,nanoka,02,05,Trial,10
31048,既然你都这么说了，那你对于拯救的方法，应该有什么头绪了吧？,nanoka,02,05,Trial,10
31049,……对于治好变成【残骸】的魔女的方法——,hiro,02,05,Trial,10
31050,我没有头绪,@choice |#0205Trial10_Choice004|,02,05,Trial,10
31051,我有头绪,@choice |#0205Trial10_Choice005|,02,05,Trial,10
31052,这个……目前我没有头绪。,hiro,02,05,Trial,10
31053,即使看起来希望渺茫，但我并不打算放弃。,hiro,02,05,Trial,10
31054,……就是所谓的靠信念咯。,nanoka,02,05,Trial,10
31055,你不也一样。,hiro,02,05,Trial,10
31056,………！,nanoka,02,05,Trial,10
31057,你是为了向幕后黑手复仇才来到这里的吧。,hiro,02,05,Trial,10
31058,……这个……,nanoka,02,05,Trial,10
31059,……那么，我们前进的道路是相通的。,hiro,02,05,Trial,10
31060,而且，我也并非完全没有头绪。,hiro,02,05,Trial,10
31061,……我有头绪。,hiro,02,05,Trial,10
31062,……真的吗。,nanoka,02,05,Trial,10
31063,冰上梅露露说过，【残骸】是魔女的空壳……,nanoka,02,05,Trial,10
31064,即便如此……你还要主张能让她恢复原状吗？,nanoka,02,05,Trial,10
31065,我的确无法否定无法恢复的可能性。,hiro,02,05,Trial,10
31066,但是……恢复的可能性也并非为零。,hiro,02,05,Trial,10
31067,至少，你继续这么迷茫下去，问题也不会自动解决。,hiro,02,05,Trial,10
31068,……！,nanoka,02,05,Trial,10
31069,梅露露说过，【残骸】是被魔女因子侵蚀了肉体的人。,hiro,02,05,Trial,10
31070,那么，如果能去除残留的魔女因子这个毒素……,hiro,02,05,Trial,10
31071,就有可能治好【残骸】。,hiro,02,05,Trial,10
31072,所以，来助我一臂之力吧。,hiro,02,05,Trial,10
31073,我会试着让你的姐姐也一起得救的。,hiro,02,05,Trial,10
31074,…………,nanoka,02,05,Trial,10
31075,你在撒谎……,nanoka,02,05,Trial,10
31076,——不对。,hiro,02,05,Trial,10
31077,这不是谎言。这是通往最佳可能性的道路……,hiro,02,05,Trial,10
31078,是【希望】。,hiro,02,05,Trial,10
31079,……！,nanoka,02,05,Trial,10
31080,（……奈叶香的心产生了动摇）,hiro,02,05,Trial,10
31081,（我不能让我的攻势停下……！这也是为了奈叶香她自己！）,hiro,02,05,Trial,10
31082,如果因绝望而放弃，那么，在那一瞬间所有的可能性都会破灭。,hiro,02,05,Trial,11
31083,但是，只要朝着那微小的可能性前进，希望就不会破灭……！,hiro,02,05,Trial,11
31084,想要放弃的话，等你确定一切都无法挽回之后，再说放弃也不迟……,hiro,02,05,Trial,11
31085,这才是【正确的道路】！,hiro,02,05,Trial,11
31086,……那，请你告诉我具体的方法。,nanoka,02,05,Trial,11
31087,你说要去除魔女因子……,nanoka,02,05,Trial,11
31088,这真的有办法做到吗？,nanoka,02,05,Trial,11
31089,……按照梅露露所说，大魔女将自身转化为了魔女因子。,hiro,02,05,Trial,11
31090,那么，只要让大魔女再次现身于世，那构成她本质的魔女因子应该就会得到复原。,hiro,02,05,Trial,11
31091,其最终结果，你的姐姐是有可能从【残骸】恢复原状的……！,hiro,02,05,Trial,11
31092,【召集完成魔女化的少女，令大魔女复活】……,nanoka,02,05,Trial,11
31093,……简直就是邪教仪式呢。,nanoka,02,05,Trial,11
31094,"……这可是连B级恐怖片都懒得演的<link=""Objection_02_05_11_01"">老套</link>剧情啊。",nanoka,02,05,Trial,11
31095,"你也不过是受那个所谓的大魔女<link=""Objection_02_05_11_02"">操控</link>的提线木偶罢了，不是吗？",nanoka,02,05,Trial,11
31096,……大魔女的确图谋着向人类复仇。,hiro,02,05,Trial,11
31097,即便如此，我们想要得救的话，也只能选这条路了……！,hiro,02,05,Trial,11
31098,"那复活了大魔女又怎样？难道你打算<link=""Objection_02_05_11_03"">求</link>她发慈悲吗？",nanoka,02,05,Trial,11
31099,你所指引的道路……只是性质恶劣的幻觉。,nanoka,02,05,Trial,11
31100,（奈叶香疑心很重……）,hiro,02,05,Trial,11
31101,（但是她也应该注意到了，这么下去是不会有希望的……）,hiro,02,05,Trial,11
31102,（……我得说服奈叶香）,hiro,02,05,Trial,11
31103,（我得找出，说服她的正确道路……思考能让大家得救的方法……！）,hiro,02,05,Trial,11
31104,正因如此才有可信度,hiro,02,05,Trial,11
31105,返回,hiro,02,05,Trial,11
31106,我的行动出于我自己的意志,hiro,02,05,Trial,11
31107,我要打倒大魔女,hiro,02,05,Trial,11
31108,正因如此，才有可信度。,hiro,02,05,Trial,11
31109,流传下来的故事，都有其原型……,hiro,02,05,Trial,11
31110,那么【老套】且广为人知的故事类型，难道不是更贴近事实吗？,hiro,02,05,Trial,11
31111,我认为值得一试。,hiro,02,05,Trial,11
31112,……假设仪式真的成功了。,nanoka,02,05,Trial,11
31113,按照老套的剧情展开，接下来我们就会被当作祭品丢掉小命了，难道不是吗？,nanoka,02,05,Trial,11
31114,……希望和乐观根本是两码事。,nanoka,02,05,Trial,11
31115,（看来我没能向她展现出希望）,hiro,02,05,Trial,11
31116,（我得首先说服奈叶香，让她敞开心扉）,hiro,02,05,Trial,11
31117,（为此我需要展示的希望……只能是与她目的一致的那件事了！）,hiro,02,05,Trial,11
31118,……一切都是我自己作出的决定。都是为了拯救大家。,hiro,02,05,Trial,11
31119,我并没有受操纵。,hiro,02,05,Trial,11
31120,……我们身上携带着大魔女的因子，没错吧？,nanoka,02,05,Trial,11
31121,既然如此……我们根本无从判断，到底有哪些部分是出于自己的意志。,nanoka,02,05,Trial,11
31122,说不定大魔女只是玩心大发，放任我们自由行动而已。,nanoka,02,05,Trial,11
31123,同样，她也有可能利用你的意志，图谋着自己的复活。,nanoka,02,05,Trial,11
31124,有谁能保证你现在还拥有着理智呢？,nanoka,02,05,Trial,11
31125,（……看来就算我主张【我思故我在】，她也不会善罢甘休了）,hiro,02,05,Trial,11
31126,（我得首先说服奈叶香，让她敞开心扉）,hiro,02,05,Trial,11
31127,（为此我需要展示的希望……只能是与她目的一致的那件事了！）,hiro,02,05,Trial,11
31128,大魔女……由我来打倒。,hiro,02,05,Trial,11
31129,……！,nanoka,02,05,Trial,11
31130,还以为你有什么高招呢……,nanoka,02,05,Trial,11
31131,记得你的魔法是【死亡回溯】……没错吧。,nanoka,02,05,Trial,11
31132,那你打算怎么用它打倒大魔女？,nanoka,02,05,Trial,11
31133,……不知道。,hiro,02,05,Trial,11
31134,但是……知识就是力量。我可以跨越死亡，收集情报……,hiro,02,05,Trial,11
31135,【获取本不可能知道的情报】——这一点跟你的魔法是一样的。,hiro,02,05,Trial,11
31136,那么，我想你也应该明白，在战斗中，这究竟能带来多大的优势。,hiro,02,05,Trial,11
31137,…………,nanoka,02,05,Trial,11
31138,我一定会打倒大魔女。,hiro,02,05,Trial,11
31139,并且让你的姐姐得救。,hiro,02,05,Trial,11
31140,我绝不放弃。,hiro,02,05,Trial,11
31141,所以我希望……你也能够相信我。,hiro,02,05,Trial,11
31142,…………,nanoka,02,05,Trial,11
31143,……你是做不到的。,nanoka,02,05,Trial,11
31144,………！,hiro,02,05,Trial,11
31145,……因为我，用幻视看到了。,nanoka,02,05,Trial,11
31146,我看到了，大魔女的力量。,nanoka,02,05,Trial,11
31147,来到这里之后，我稍微幻视到了一些这座岛过去的景象……,nanoka,02,05,Trial,12
31148,虽然我当时并不确切明白那些景象有什么含义……,nanoka,02,05,Trial,12
31149,但结合你的话来看，我明白了那就是大魔女的力量。,nanoka,02,05,Trial,12
31150,"大魔女的力量很强大，你根本无法<link=""Objection_02_05_12_01"">战胜</link>……",nanoka,02,05,Trial,12
31151,……这也很正常。毕竟我们的魔法就是她赋予的。,nanoka,02,05,Trial,12
31152,"复制品是<link=""Objection_02_05_12_02"">打不赢</link>原版的。这是理所当然的事实。",nanoka,02,05,Trial,12
31153,我的职责正是想办法去解决这个问题。,hiro,02,05,Trial,12
31154,……够了，放弃吧。,nanoka,02,05,Trial,12
31155,你根本没什么战斗力，怎么可能战胜大魔女。,nanoka,02,05,Trial,12
31156,"这连战斗都算不上。纯粹是<link=""Objection_02_05_12_03"">白白送死</link>而已。",nanoka,02,05,Trial,12
31157,我为了战胜大魔女，做了充分的准备……,nanoka,02,05,Trial,12
31158,"……请你不要把我拖进你的<link=""Objection_02_05_12_04"">赌局</link>之中。",nanoka,02,05,Trial,12
31159,（完成魔女化的我，已经没多少时间了）,hiro,02,05,Trial,12
31160,（而且错过这次机会，恐怕也很难再次召集13位魔女了）,hiro,02,05,Trial,12
31161,（……就算会伤害到奈叶香，我……也要前进！）,hiro,02,05,Trial,12
31162,会寻求外部的协助,hiro,02,05,Trial,12
31163,返回,hiro,02,05,Trial,12
31164,以数量取胜,hiro,02,05,Trial,12
31165,我来替大家承担后果,hiro,02,05,Trial,12
31166,有赌一把的价值,hiro,02,05,Trial,12
31167,如果靠我们自己无法实现，就向外面的世界寻求协助吧。,hiro,02,05,Trial,12
31168,军队也好，现代武器也好，什么都行……我要把能用的都用上，打倒大魔女。,hiro,02,05,Trial,12
31169,这个国家的权势，正是把我们抓来监牢的家伙哦。,nanoka,02,05,Trial,12
31170,我不认为他们会出手帮我们。,nanoka,02,05,Trial,12
31171,如果那些上层大人物都是这么人格高尚的人……姐姐她就不会牺牲了。,nanoka,02,05,Trial,12
31172,（看来乐观的解决方案是没法打动她了）,hiro,02,05,Trial,12
31173,（……而且，要促进奈叶香的魔女化，需要刺激她的心理创伤）,hiro,02,05,Trial,12
31174,（思考一下奈叶香最【不希望发生的事】吧……）,hiro,02,05,Trial,12
31175,（她在临死前拒绝了什么……我应该还记得才对）,hiro,02,05,Trial,12
31176,复制品战胜原版的方法，还是有的。,hiro,02,05,Trial,12
31177,只要靠数量取胜就好。,hiro,02,05,Trial,12
31178,大魔女只有一个人……而我们有13人之多……,hiro,02,05,Trial,12
31179,胜算还是有的。,hiro,02,05,Trial,12
31180,……就算我们联合起来，也只有那几个人的魔法能在战斗中派上用场，不是吗。,nanoka,02,05,Trial,12
31181,而相对的，大魔女的力量十分强大。,nanoka,02,05,Trial,12
31182,你的主张完全没有说服力。,nanoka,02,05,Trial,12
31183,（看来乐观的解决方案是没法打动她了）,hiro,02,05,Trial,12
31184,（……而且，要促进奈叶香的魔女化，需要刺激她的心理创伤）,hiro,02,05,Trial,12
31185,（思考一下奈叶香最【不希望发生的事】吧……）,hiro,02,05,Trial,12
31186,（她在临死前拒绝了什么……我应该还记得才对）,hiro,02,05,Trial,12
31187,就算是赌局，不下注的话，一切都不会有改变……！,hiro,02,05,Trial,12
31188,既然你也打算跟大魔女硬碰硬——,hiro,02,05,Trial,12
31189,不如我们一起并肩作战吧……！,hiro,02,05,Trial,12
31190,你的计划缺乏具体性。,nanoka,02,05,Trial,12
31191,总有一天……我会打倒大魔女。,nanoka,02,05,Trial,12
31192,我不打算跟你们玩友情游戏。,nanoka,02,05,Trial,12
31193,（看来乐观的解决方案是没法打动她了）,hiro,02,05,Trial,12
31194,（……而且，要促进奈叶香的魔女化，需要刺激她的心理创伤）,hiro,02,05,Trial,12
31195,（思考一下奈叶香最【不希望发生的事】吧……）,hiro,02,05,Trial,12
31196,（她在临死前拒绝了什么……我应该还记得才对）,hiro,02,05,Trial,12
31197,（……记得当时奈叶香被处刑的时候，发生了一件事）,hiro,02,05,Trial,12
31198,别再保护我了……！！,nanoka,02,05,Trial,12
31199,（而这件事……成为了诱发她魔女化的契机）,hiro,02,05,Trial,12
31200,（当时发生的那件事就是——！）,hiro,02,05,Trial,12
31201,……之后万一出了什么事。,hiro,02,05,Trial,12
31202,到时候，我会做大家的替身，承担不利的后果。,hiro,02,05,Trial,12
31203,………！,nanoka,02,05,Trial,12
31204,就像你姐姐当初做的那样……,hiro,02,05,Trial,12
31205,——住口！！,nanoka,02,05,Trial,12
31206,为什么……为什么你们都喜欢这样！？,nanoka,02,05,Trial,12
31207,谁说过要你们帮了！？我什么时候拜托过你们了！？,nanoka,02,05,Trial,12
31208,自作主张地来保护我，自作主张地来帮助我，最后自作主张地牺牲掉……！,nanoka,02,05,Trial,12
31209,我有那么靠不住吗！？,nanoka,02,05,Trial,12
31210,我就一点用处都派不上吗！？,nanoka,02,05,Trial,12
31211,（她现在将她姐姐的形象投射在了我身上）,hiro,02,05,Trial,12
31212,（现在的话，说不定就能诱发她的魔女化了）,hiro,02,05,Trial,12
31213,（……她姐姐做了一件事，造成了奈叶香的心理创伤……要重现那件事，我需要——）,hiro,02,05,Trial,12
31214,轻声道出爱,@choice |#0205Trial12_Choice005|,02,05,Trial,12
31215,紧紧拥抱她,@choice |#0205Trial12_Choice006|,02,05,Trial,12
31216,牺牲自己,@choice |#0205Trial12_Choice007|,02,05,Trial,12
31217,你不必自责。,hiro,02,05,Trial,12
31218,在上一个世界……多亏你向我托付了遗言，我才能来到这里！,hiro,02,05,Trial,12
31219,这全都靠你的力量。,hiro,02,05,Trial,12
31220,……………我爱你哦，奈叶香。,hiro,02,05,Trial,12
31221,……,nanoka,02,05,Trial,12
31222,别拿我开玩笑了……,nanoka,02,05,Trial,12
31223,（……这好像是玛格的心理创伤……）,hiro,02,05,Trial,12
31224,（总感觉现在离魔女化的目标更遥远了）,hiro,02,05,Trial,12
31225,（……要让奈叶香魔女化，我有必要做出她最【不希望发生的事】）,hiro,02,05,Trial,12
31226,（奈叶香在她留给我的遗言中，提到过【不希望再有任何人牺牲】）,hiro,02,05,Trial,12
31227,（……我也很不愿意践踏她的愿望，但为了刺激奈叶香的心理创伤，我需要——）,hiro,02,05,Trial,12
31228,（……我还记得奈叶香被处刑之后的样子）,hiro,02,05,Trial,12
31229,（化为异形的她最后和姐姐互相拥抱在一起）,hiro,02,05,Trial,12
31230,（也就是说……我应该做的是——）,hiro,02,05,Trial,12
31231,奈叶香，没事的。交给我吧——,hiro,02,05,Trial,12
31232,——不要再靠近我。,nanoka,02,05,Trial,12
31233,不想挨子弹的话，就离我远点。,nanoka,02,05,Trial,12
31234,（看来我引起她的戒备了……）,hiro,02,05,Trial,12
31235,（……要让奈叶香魔女化，我有必要做出她最【不希望发生的事】）,hiro,02,05,Trial,12
31236,（奈叶香在她留给我的遗言中，提到过【不希望再有任何人牺牲】）,hiro,02,05,Trial,12
31237,（……我也很不愿意践踏她的愿望，但为了刺激奈叶香的心理创伤，我需要——）,hiro,02,05,Trial,12
31238,（他人的【自我牺牲】……）,hiro,02,05,Trial,12
31239,（这大概正是奈叶香的心理创伤）,hiro,02,05,Trial,12
31240,（那么……接下来我该做的就是——）,hiro,02,05,Trial,12
31241,……我明白了。,hiro,02,05,Trial,12
31242,看来我最终没能说服你。,hiro,02,05,Trial,12
31243,…………？,nanoka,02,05,Trial,12
31244,抱歉，既然到了这个地步，我只能不择手段了。,hiro,02,05,Trial,12
31245,为了保护你——,hiro,02,05,Trial,12
31246,——我只能【死亡回溯】了。,hiro,02,05,Trial,12
31247,……！,nanoka,02,05,Trial,12
31248,（……我现在是魔女。受一点半点的伤是死不掉的……）,hiro,02,05,Trial,12
31249,（话虽如此，一想到【自杀】我还是会很难受）,hiro,02,05,Trial,12
31250,（不过这终究只能算是【自残】……我没打算真的去死……！）,hiro,02,05,Trial,12
31251,（既然没有其他手段……只能下定决心了！二阶堂希罗！）,hiro,02,05,Trial,12
31252,咕唔……！？,hiro,02,05,Trial,12
31253,——住手！！,nanoka,02,05,Trial,12
31254,希、希罗小姐……！,meruru,02,05,Trial,12
31255,为什么……为什么……！,nanoka,02,05,Trial,12
31256,走得倒是轻松——能不能考虑下，被留下的人是什么心情啊！,nanoka,02,05,Trial,12
31257,（……奈叶香她，变成魔女了……！）,hiro,02,05,Trial,12
31258,呜、呜呜……！,nanoka,02,05,Trial,12
31259,我是魔女。……这么点伤死不了。,hiro,02,05,Trial,12
31260,为了促成你的魔女化……我是故意让你看到，有人为你牺牲的样子。,hiro,02,05,Trial,12
31261,……你真卑鄙。,nanoka,02,05,Trial,12
31262,……抱歉了。但正如我刚才所说，我不在乎我要采取怎样的手段。,hiro,02,05,Trial,12
31263,我一定要……拯救大家。,hiro,02,05,Trial,12
31264,…………,nanoka,02,05,Trial,12
31265,魔女图鉴 更新…,"@toast ""|#Toast_001|""",02,05,Trial,12
31266,……不好意思，梅露露。拜托你帮忙治疗了。,hiro,02,05,Trial,12
31267,好、好的！,meruru,02,05,Trial,12
31268,（……感觉都不需要梅露露治疗了，我捅了肚子却没怎么出血）,hiro,02,05,Trial,12
31269,（整个身体已经完全变成怪物了）,hiro,02,05,Trial,12
31270,（但我的内心还没有完全变成魔女）,hiro,02,05,Trial,12
31271,（我要趁现在……开辟出一条通往大魔女的道路……！）,hiro,02,05,Trial,12
31272,……希罗小姐，你觉得好些了吗……？,meruru,02,05,Trial,12
31273,……谢谢。已经不痛了。,hiro,02,05,Trial,12
31274,（看来伤口完全愈合了）,hiro,02,05,Trial,12
31275,……我说啊。,coco,02,05,Trial,12
31276,那个大魔女什么的……到底是什么鬼啊！,coco,02,05,Trial,12
31277,人家完全没听说过欸！？,coco,02,05,Trial,12
31278,总觉得像那个什么……【打倒魔王的勇者】之类的故事？,coco,02,05,Trial,12
31279,这种尬得头皮发麻的事情，就别算上我了啦！,coco,02,05,Trial,12
31280,再说这些事不该是警察来干吗！？跟我们完全没关系吧！？,coco,02,05,Trial,12
31281,……快放我回家啊！,coco,02,05,Trial,12
31282,（……烦人的家伙也开始骚动起来了）,hiro,02,05,Trial,12
31283,……她在【逃避】哦。,margo,02,05,Trial,12
31284,……！,hiro,02,05,Trial,12
31285,能看得出来吗？希罗。,margo,02,05,Trial,12
31286,她在采取逃避行动……这是为了逃避恐惧和不安的，心灵的防御机制哦。,margo,02,05,Trial,12
31287,……可可她自己也明白，目前的情况是异常的。,margo,02,05,Trial,12
31288,但是她并不愿意去理解。明明脑子里能想明白，也会不自觉地【假装】无法认知……,margo,02,05,Trial,12
31289,她正在持续地逃避现实，正在走向毁灭。这就是她目前的情况。,margo,02,05,Trial,12
31290,……既然如此，那就算硬来也得掰开她的眼皮，让她好好看清面前的现实才行呢♡,margo,02,05,Trial,12
31291,……你是在给我建议吗。那我还是给你道个谢好了。,hiro,02,05,Trial,12
31292,哎呀，我可没那个意思。,margo,02,05,Trial,12
31293,我只是想看看可可被你弄哭的样子♡,margo,02,05,Trial,12
31294,（她还是老样子，充满了恶趣味……),hiro,02,05,Trial,12
31295,而且……不管我们是否配合希罗你的计划，如果逃避的话，等待我们的就只有【失败】了。,margo,02,05,Trial,12
31296,希罗你知道扑克牌吗？,margo,02,05,Trial,12
31297,……规则我还是知道的。,hiro,02,05,Trial,12
31298,那么，我想你应该明白。,margo,02,05,Trial,12
31299,我们能选的选项，要么是在希罗的计划上押注……要么是思考其他的方法。,margo,02,05,Trial,12
31300,但是，在目前的局面下，我们没有办法选择“弃牌”。……而且是绝对不可以选。,margo,02,05,Trial,12
31301,……那就把筹码压在我身上，怎么样。,hiro,02,05,Trial,12
31302,我保证不会让你后悔。,hiro,02,05,Trial,12
31303,……呵呵，我会考虑的。,margo,02,05,Trial,12
31304,你们两个怪物，凑在一起叽里咕噜讲什么呢！,coco,02,05,Trial,12
31305,总之……我绝对不会听你们这种家伙的话！！,coco,02,05,Trial,12
31306,什么魔女，什么魔法……我已经受够了！,coco,02,05,Trial,13
31307,我要回家了！这种地方我根本待不下去！,coco,02,05,Trial,13
31308,我觉得根本就没有办法能逃出去……,hiro,02,05,Trial,13
31309,"怎么可能没有！肯定会<link=""Objection_02_05_13_01"">有什么</link>办法的！",coco,02,05,Trial,13
31310,我必须得回家！才没空跟你们这帮家伙瞎闹！,coco,02,05,Trial,13
31311,我才不管你们是不是在整蛊，别跟我开玩笑了！,coco,02,05,Trial,13
31312,"你们真的超恶心！别再盯着我<link=""Objection_02_05_13_02"">看</link>了！！",coco,02,05,Trial,13
31313,"……快……<link=""Objection_02_05_13_03"">放我回家</link>啊……！",coco,02,05,Trial,13
31314,（可可的精神已经相当疲惫了……看来她离魔女化不远了）,hiro,02,05,Trial,13
31315,（不过她的防御机制正在起作用，保护着她的心灵）,hiro,02,05,Trial,13
31316,（哪怕要硬来，只要能让她停止逃避，应该就能加快可可的魔女化进程了……）,hiro,02,05,Trial,13
31317,（想想看……有没有什么相应的办法呢？）,hiro,02,05,Trial,13
31318,没有就是没有,hiro,02,05,Trial,13
31319,返回,hiro,02,05,Trial,13
31320,看清现实吧,hiro,02,05,Trial,13
31321,哭也解决不了问题！,hiro,02,05,Trial,13
31322,放弃吧，可可……！没有的东西就是没有……！,hiro,02,05,Trial,13
31323,我体验过不同分支的世界，所以已经深刻地明白了。,hiro,02,05,Trial,13
31324,别说得你好像很懂的样子！,coco,02,05,Trial,13
31325,只是因为你太迟钝才看漏了而已，不是吗！？,coco,02,05,Trial,13
31326,那就不能断言【完全没有】了吧！,coco,02,05,Trial,13
31327,才不管你怎么说，我绝对会找到办法的……！,coco,02,05,Trial,13
31328,别碍我的事！！,coco,02,05,Trial,13
31329,（可可固执地想要逃跑……）,hiro,02,05,Trial,13
31330,（只要她继续逃避现实，情况就不会有进展）,hiro,02,05,Trial,13
31331,（尽管如此，只是单纯作出否定的话，现在的可可估计是听不进去的……）,hiro,02,05,Trial,13
31332,（如果我能展现出具体的方向，或许就……）,hiro,02,05,Trial,13
31333,哭也改变不了状况，谁也不会来救你的。,hiro,02,05,Trial,13
31334,办法只能靠自己想。,hiro,02,05,Trial,13
31335,……为什么你从刚才开始就那么冷静啊？,coco,02,05,Trial,13
31336,被拐来这种莫名其妙的地方，一点都不慌张才奇怪吧……,coco,02,05,Trial,13
31337,——我知道了！你就是幕后黑手吧！,coco,02,05,Trial,13
31338,你在说什么……,hiro,02,05,Trial,13
31339,什么重来啊，什么魔女啊，全都是为了骗我们而撒的谎吧！？,coco,02,05,Trial,13
31340,饶了我吧……！我到底做错了什么啊！,coco,02,05,Trial,13
31341,（再继续说下去也没用，现在的她，根本不会冷静听我讲完……）,hiro,02,05,Trial,13
31342,（只要她继续逃避现实，情况就不会有进展）,hiro,02,05,Trial,13
31343,（尽管如此，只是单纯作出否定的话，现在的可可估计是听不进去的）,hiro,02,05,Trial,13
31344,（如果我能展现出具体的方向，或许就……）,hiro,02,05,Trial,13
31345,快看清现实吧！,hiro,02,05,Trial,13
31346,吵死了！我看什么关你屁事！,coco,02,05,Trial,13
31347,看我自己想看的东西有什么错！,coco,02,05,Trial,13
31348,即使如此……也不能逃避现实！,hiro,02,05,Trial,13
31349,……我不要！！,coco,02,05,Trial,13
31350,（唔……！果然光讲道理是行不通的吗……！？）,hiro,02,05,Trial,13
31351,……那么，让我来帮你看清楚吧。,leia,02,05,Trial,13
31352,……蕾雅……？,hiro,02,05,Trial,13
31353,来吧可可……,leia,02,05,Trial,13
31354,【看这边】。,leia,02,05,Trial,13
31355,……！？,coco,02,05,Trial,13
31356,这……这是……怎么回事……！,coco,02,05,Trial,13
31357,【视线诱导】……,leia,02,05,Trial,13
31358,这就是我掌握的魔法。,leia,02,05,Trial,13
31359,哈、哈啊……！？,coco,02,05,Trial,13
31360,（……强制让她向前看了……！？）,hiro,02,05,Trial,13
31361,喂……！你、你这家伙搞什么鬼！恶心！,coco,02,05,Trial,13
31362,不许对我指手画脚……！,coco,02,05,Trial,13
31363,这不是指手画脚哦。,leia,02,05,Trial,13
31364,……我能做的，只是引导你而已。,leia,02,05,Trial,13
31365,抬起头，看向前方，然后朝着未来前进……,leia,02,05,Trial,13
31366,这才是面对人生的正确方式。,leia,02,05,Trial,13
31367,你眼前的视野，已经为你敞开……,leia,02,05,Trial,13
31368,绝不能永远都回头看着过去！,leia,02,05,Trial,13
31369,咕……！？,coco,02,05,Trial,13
31370,来吧，面对现实吧，可可！,leia,02,05,Trial,13
31371,呜、呜……！,coco,02,05,Trial,13
31372,我当然……知道啊……！,coco,02,05,Trial,13
31373,我也觉得……你们说的话，肯定也都对……,coco,02,05,Trial,13
31374,可是……我又能怎么办啊！,coco,02,05,Trial,13
31375,我到底该怎么办啊！喂！告诉我啊！,coco,02,05,Trial,13
31376,（……看来她终于愿意听我们讲话了）,hiro,02,05,Trial,13
31377,（可可已经将【视点】转移到了眼前的现实……）,hiro,02,05,Trial,13
31378,（不仅是物理上的【视线】，竟然连抽象概念的【视野】都拓宽了）,hiro,02,05,Trial,13
31379,（蕾雅的魔法，也因为魔女化而增强了吗……？）,hiro,02,05,Trial,13
31380,魔女图鉴 更新…,"@toast ""|#Toast_001|""",02,05,Trial,13
31381,（总之……现在已经进入能够对话的状态了）,hiro,02,05,Trial,13
31382,（我得注意不让对话中断……同时找出她内心的弱点……！）,hiro,02,05,Trial,13
31383,突然间就被带到了莫名其妙的地方！,coco,02,05,Trial,14
31384,然后还要和那什么，【大魔女】？……那什么东西，战斗！？,coco,02,05,Trial,14
31385,"你突然跟我说情况就是这样，那我又能怎样！你说我要怎么<link=""Objection_02_05_14_01"">战斗</link>啊！",coco,02,05,Trial,14
31386,"我只是个普通学生而已，除了直播什么都<link=""Objection_02_05_14_03"">不会</link>啊！",coco,02,05,Trial,14
31387,"还轻飘飘地跟我说什么面对现实，所谓的<link=""Objection_02_05_14_02"">现实</link>……根本就没什么好事吧！",coco,02,05,Trial,14
31388,我只要能看见我推，我就心满意足了啊！,coco,02,05,Trial,14
31389,不许对别人的兴趣指手画脚！！,coco,02,05,Trial,14
31390,（我并没有否定她的兴趣……）,hiro,02,05,Trial,14
31391,（话说，她刚说的话……我好像之前从可可本人那里听说过）,hiro,02,05,Trial,14
31392,（她亲身经历过的事……或许就和她内心的黑暗有关）,hiro,02,05,Trial,14
31393,不战斗也没关系,hiro,02,05,Trial,14
31394,逃跑也没关系,hiro,02,05,Trial,14
31395,返回,hiro,02,05,Trial,14
31396,告诉我过去发生过什么吧,hiro,02,05,Trial,14
31397,只要藏起来就好,IF 10-14-3通過済のとき、選択肢を追加する。,02,05,Trial,14
31398,不，你不需要直接战斗。,hiro,02,05,Trial,14
31399,你的魔法是【千里眼】，你只要负责辅助就好了。,hiro,02,05,Trial,14
31400,……什么意思啊。,coco,02,05,Trial,14
31401,是想说我算不上战力吗！,coco,02,05,Trial,14
31402,……再说了，你们这些人根本就不像是能打的样子……！,coco,02,05,Trial,14
31403,反正冲上去肯定会输！,coco,02,05,Trial,14
31404,老实投降要好一百倍……,coco,02,05,Trial,14
31405,……对了，大家一起投降吧。这才是最现实的啦……！,coco,02,05,Trial,14
31406,（结果给她创造了新的逃避路线……）,hiro,02,05,Trial,14
31407,（现在可可的心，大概正夹在【想面对现实】和【想逃避现实】之间，还在摇摆不定吧）,hiro,02,05,Trial,14
31408,（看她的样子，她的精神就快崩溃了……）,hiro,02,05,Trial,14
31409,（虽然有些残酷，但我得揭露并刺激她的心理创伤……！）,hiro,02,05,Trial,14
31410,我明白你害怕的心情。,hiro,02,05,Trial,14
31411,所以，万一出了什么情况，你只要逃跑就好了。,hiro,02,05,Trial,14
31412,……哈？,coco,02,05,Trial,14
31413,不是你让我别逃避现实的吗……,coco,02,05,Trial,14
31414,那从一开始，就别让我看现实啊！！,coco,02,05,Trial,14
31415,（看来我害可可混乱了……）,hiro,02,05,Trial,14
31416,（现在可可的心，大概正夹在【想面对现实】和【想逃避现实】之间，还在摇摆不定吧）,hiro,02,05,Trial,14
31417,（看她的样子，她的精神就快崩溃了……）,hiro,02,05,Trial,14
31418,（虽然有些残酷，但我得揭露并刺激她的心理创伤……！）,hiro,02,05,Trial,14
31419,【现实没什么好事】……,hiro,02,05,Trial,14
31420,看来，你过去遭遇过不公。,hiro,02,05,Trial,14
31421,能告诉我以前发生了什么吗？,hiro,02,05,Trial,14
31422,哈啊！？为什么非得告诉你不可！？,coco,02,05,Trial,14
31423,这些事跟你们没关系吧！,coco,02,05,Trial,14
31424,（……还是遭拒绝了啊）,hiro,02,05,Trial,14
31425,…………,nanoka,02,05,Trial,14
31426,……【除夕夜连续无差别杀伤案】。,nanoka,02,05,Trial,14
31427,…………！,coco,02,05,Trial,14
31428,『那是什么？』,anan,02,05,Trial,14
31429,那是五年前发生的凶杀案。,nanoka,02,05,Trial,14
31430,凶手连续闯入数户人家。用随身携带的菜刀接连刺杀了居民……,nanoka,02,05,Trial,14
31431,在重复对几户人家作案后，被逼到绝路的凶手当场自杀……其动机不明。,nanoka,02,05,Trial,14
31432,唯一的生还者，是一个躲藏起来逃过一劫的少女……当时闹得沸沸扬扬，成了大新闻呢。,nanoka,02,05,Trial,14
31433,为、为什么你……！,coco,02,05,Trial,14
31434,……抱歉。我稍微……用魔法窥视了一下。,nanoka,02,05,Trial,14
31435,你这家伙……！,coco,02,05,Trial,14
31436,（是奈叶香的【幻视】魔法吗）,hiro,02,05,Trial,14
31437,（看来它因为魔女化增强了）,hiro,02,05,Trial,14
31438,魔女图鉴 更新…,"@toast ""|#Toast_001|""",02,05,Trial,14
31439,（不过……可可竟然是那个事件的生存者啊）,hiro,02,05,Trial,14
31440,（……记得可可聊到【自推】的内容是……）,hiro,02,05,Trial,14
31441,会的，我一定会回去的。哎呀，都说了不要再担心人家啦！,coco,02,05,Trial,14
31442,我更担心你啊爷爷！整个人都虚弱了那么多……别那么难过啦……,coco,02,05,Trial,14
31443,（……假设可可在那个事件中失去了双亲，那我就能理解她对【自推】的极度依赖了）,hiro,02,05,Trial,14
31444,（接下来，她的心理创伤究竟是什么……应该能从案件中推理出来……）,hiro,02,05,Trial,14
31445,讨论前进…,@toast |#Toast_002|,02,05,Trial,14
31446,……你根本没必要战斗。,hiro,02,05,Trial,14
31447,只要【躲】在某个角落里就好了。,hiro,02,05,Trial,14
31448,………！,coco,02,05,Trial,14
31449,在我们与大魔女对峙的期间——,hiro,02,05,Trial,14
31450,……不要。,coco,02,05,Trial,14
31451,——一个人……藏在谁也找不到的地方。,hiro,02,05,Trial,14
31452,……不要……！,coco,02,05,Trial,14
31453,你只要看着就好……看着我们被杀的样子……,hiro,02,05,Trial,14
31454,——我已经受够了，什么都做不到的现状了！！,coco,02,05,Trial,14
31455,……那天也是，我……只能眼睁睁看着。,coco,02,05,Trial,14
31456,当时杀人犯走了过来，我感到很害怕……但是……,coco,02,05,Trial,14
31457,我，最讨厌的是……,coco,02,05,Trial,14
31458,只能眼睁睁看着……什么都做不了……,coco,02,05,Trial,14
31459,不管是爸爸，还是妈妈……,coco,02,05,Trial,14
31460,还有我唯一的弟弟！,coco,02,05,Trial,14
31461,他们都死了！是我害死了他们！,coco,02,05,Trial,14
31462,因为我太弱了！什么……都做不到！,coco,02,05,Trial,14
31463,我那时，就应该死在那里！！,coco,02,05,Trial,14
31464,…………,hiro,02,05,Trial,14
31465,……梅露露，接下来就拜托你了。,hiro,02,05,Trial,14
31466,……好的。,meruru,02,05,Trial,14
31467,可可小姐……没事的。现在就帮你治好……,meruru,02,05,Trial,14
31468,呜……呜呜……！,coco,02,05,Trial,14
31469,（……可可也完成了魔女化）,hiro,02,05,Trial,14
31470,（无论过程怎样，她接下来应该不会再想着躲藏了）,hiro,02,05,Trial,14
31471,（虽然我明白这很没人性……但这样就好）,hiro,02,05,Trial,14
31472,（……说起来）,hiro,02,05,Trial,14
31473,（蕾雅的【视线诱导】，还有奈叶香的【幻视】……）,hiro,02,05,Trial,14
31474,（我们的【魔法】……或许也能在讨论中派上用场）,hiro,02,05,Trial,14
31475,……总之，想要从这里出去，我们需要齐心协力。,hiro,02,05,Trial,14
31476,再次拜托大家……我需要你们的帮助。,hiro,02,05,Trial,14
31477,…………,anan,02,05,Trial,14
31478,……吾辈拒绝。,anan,02,05,Trial,14
31479,……！,hiro,02,05,Trial,14
31480,能告诉我理由吗？,hiro,02,05,Trial,14
31481,……正好相反。,anan,02,05,Trial,14
31482,『吾辈没有协助的理由』,anan,02,05,Trial,14
31483,原本的生活……外面的世界……,anan,02,05,Trial,14
31484,这些东西……真的重要吗？,anan,02,05,Trial,14
31485,的确，这里看上去也不是什么正经的地方。,anan,02,05,Trial,15
31486,"但是……尽管如此，我们真的有必要<link=""Objection_02_05_15_01"">回去</link>吗……？",anan,02,05,Trial,15
31487,"在这里，就算能使用魔法也不会引来异样的目光，另外也没有麻烦的<link=""Objection_02_05_15_02"">人际关系</link>……",anan,02,05,Trial,15
31488,"……说不定，在这里生活反而更<link=""Objection_02_05_15_03"">轻松</link>。",anan,02,05,Trial,15
31489,"所以吾辈并<link=""Objection_02_05_15_04"">没有意愿</link>离开这里。",anan,02,05,Trial,15
31490,你说要【拯救我们】？,anan,02,05,Trial,15
31491,你自作主张地想帮吾辈……只会让吾辈感到困扰！,anan,02,05,Trial,15
31492,（安安似乎对外部世界没有留恋）,hiro,02,05,Trial,15
31493,（那么我也能理解，她没有协助我的动机）,hiro,02,05,Trial,15
31494,（……但是，也不能就这样不做挣扎地等待毁灭）,hiro,02,05,Trial,15
31495,（我要向她指出，她个人的乐观，跟实际发生的现实是不同的……）,hiro,02,05,Trial,15
31496,不能待在这种环境里,hiro,02,05,Trial,15
31497,返回,hiro,02,05,Trial,15
31498,不能逃离社会,hiro,02,05,Trial,15
31499,会出杀人案,hiro,02,05,Trial,15
31500,这不是你的真心,hiro,02,05,Trial,15
31501,不，不行。,hiro,02,05,Trial,15
31502,不能待在这样的环境里。,hiro,02,05,Trial,15
31503,这里连像样的饭菜都吃不到，精神只会越来越差。,hiro,02,05,Trial,15
31504,跟我一起，回家吧！,hiro,02,05,Trial,15
31505,吾辈都说了不想回去，你听不懂吗！,anan,02,05,Trial,15
31506,吾辈和你们不同，吾辈对自己的家毫无留恋！,anan,02,05,Trial,15
31507,……令人不快！你的话，吾辈不想再听了！,anan,02,05,Trial,15
31508,（唔……！看来她不肯听……！）,hiro,02,05,Trial,15
31509,（……她误解了这个地方）,hiro,02,05,Trial,15
31510,（在这里待下去会变成什么样……我应该都经历过了！）,hiro,02,05,Trial,15
31511,（我得告诉安安……这座监牢的现实！）,hiro,02,05,Trial,15
31512,你或许觉得与他人来往很麻烦。,hiro,02,05,Trial,15
31513,但人是无法独自生存的。必须依赖他人！,hiro,02,05,Trial,15
31514,这吾辈早就知道了！,anan,02,05,Trial,15
31515,人只要活着就会依赖他人……会【不由自主地】依赖……！,anan,02,05,Trial,15
31516,……正因如此，吾辈才应该被关在这种监狱里！,anan,02,05,Trial,15
31517,为了其他人类……【别妨碍吾辈】！,anan,02,05,Trial,15
31518,（唔……！看来安安的意志很坚定……！）,hiro,02,05,Trial,15
31519,（……她误解了这个地方）,hiro,02,05,Trial,15
31520,（在这里待下去会变成什么样……我应该都经历过了！）,hiro,02,05,Trial,15
31521,（我得告诉安安……这座监牢的现实！）,hiro,02,05,Trial,15
31522,那不是你的真心话！,hiro,02,05,Trial,15
31523,任何人都应该会想回到自己的故乡才对！,hiro,02,05,Trial,15
31524,开什么玩笑！吾辈才没那么想！那是吾辈的真心话！,anan,02,05,Trial,15
31525,别自作主张替人作主了！你这无礼之徒！！,anan,02,05,Trial,15
31526,（……被她当作无礼之徒了……）,hiro,02,05,Trial,15
31527,（……她误解了这个地方）,hiro,02,05,Trial,15
31528,（在这里待下去会变成什么样……我应该都经历过了！）,hiro,02,05,Trial,15
31529,（我得告诉安安……这座监牢的现实！）,hiro,02,05,Trial,15
31530,……问题并没那么简单。,hiro,02,05,Trial,15
31531,只要在这座监牢待久了，凶杀案就必定会发生……,hiro,02,05,Trial,15
31532,事实上，在我所知的过去中，你就被杀了。,hiro,02,05,Trial,15
31533,………,anan,02,05,Trial,15
31534,可、可是……你也无法保证你的话是真实的。,anan,02,05,Trial,15
31535,你有可能在撒谎！,anan,02,05,Trial,15
31536,……我没有撒谎这件事，的确无法证明。,hiro,02,05,Trial,15
31537,——但是，我有证人。,hiro,02,05,Trial,15
31538,什么……？,anan,02,05,Trial,15
31539,有人能够作证，我经历的过去是真实的……这个人就是——,hiro,02,05,Trial,15
31540,梅露露。,hiro,02,05,Trial,15
31541,你应该能明白我说的话是正确的吧。,hiro,02,05,Trial,15
31542,是、是的。的确希罗小姐说的话具有可信度……！,meruru,02,05,Trial,15
31543,不过那只是有关这座监牢的知识……,meruru,02,05,Trial,15
31544,至于希罗小姐是否真的经历了另一个世界……我有些不太清楚……,meruru,02,05,Trial,15
31545,……看啊！你这不是在撒谎吗！,anan,02,05,Trial,15
31546,（唔……！她当不了证人吗……）,hiro,02,05,Trial,15
31547,（但是……应该有人能够作证）,hiro,02,05,Trial,15
31548,……艾玛应该能证明我是对的。,hiro,02,05,Trial,15
31549,这、这个……,ema,02,05,Trial,15
31550,我确实觉得希罗她，不会无缘无故撒谎……,ema,02,05,Trial,15
31551,但是她这时候自称经历了另一个世界……,ema,02,05,Trial,15
31552,说真的，我也有些半信半疑……,ema,02,05,Trial,15
31553,……看啊！你这不是在撒谎吗！,anan,02,05,Trial,15
31554,（唔……！她当不了证人吗……）,hiro,02,05,Trial,15
31555,（但是……应该有人能够作证）,hiro,02,05,Trial,15
31556,……你说这个人要怎样替你作证！,anan,02,05,Trial,15
31557,让一无所知的他人来给自己话语的可信度作担保……真是恬不知耻！,anan,02,05,Trial,15
31558,（看来这个人当不了证人）,hiro,02,05,Trial,15
31559,（但是……应该有人能够作证）,hiro,02,05,Trial,15
31560,泽渡可可……她应该能替我作证。,hiro,02,05,Trial,15
31561,哈……！？我吗……！？,coco,02,05,Trial,15
31562,没错。,hiro,02,05,Trial,15
31563,我只要在直播中露脸，就能和那边的我自己连接在一起。,coco,02,05,Trial,15
31564,不过，这好像是只有在我魔女化进行到一定程度才能使用的能力。,coco,02,05,Trial,15
31565,现在的我只能从那边的我那里获得有限的信息。,coco,02,05,Trial,15
31566,魔女化的少女，其魔法会得到强化……,hiro,02,05,Trial,15
31567,之前的你，利用直播获取了另一个时间轴上【魔女化的泽渡可可】的情报。,hiro,02,05,Trial,15
31568,那么现在的你，至少应该能获得同等或以上的情报才对。,hiro,02,05,Trial,15
31569,【另一个世界的我】……？,coco,02,05,Trial,15
31570,……虽然搞不太懂，但我也不想一辈子当窝囊废啦——,coco,02,05,Trial,15
31571,——试试看就好了吧，试试就试试！,coco,02,05,Trial,15
31572,好，用前置镜头开始直——,coco,02,05,Trial,15
31573,——呜呕……！呕欸欸欸……！！,coco,02,05,Trial,15
31574,没、没事吧，可可小姐……！？,meruru,02,05,Trial,15
31575,呜噗……！等……等等……那些玩意可没法一下子全塞进脑子里……啦……,coco,02,05,Trial,15
31576,呜呃……咕呕……！,coco,02,05,Trial,15
31577,可可小姐！,meruru,02,05,Trial,15
31578,（……跟之前我看见可可使用魔法时相比，她现在的样子明显不对劲）,hiro,02,05,Trial,15
31579,（虽然我不清楚【千里眼】的原理……但恐怕是可可肉体需承受的魔法负担增加了）,hiro,02,05,Trial,15
31580,（假设真的存在分支无数的平行世界……）,hiro,02,05,Trial,15
31581,（那么很显然，分支数量越多，大脑必须处理的情报也会随之增长）,hiro,02,05,Trial,15
31582,……可可，抱歉勉强你了。你去休息吧。,hiro,02,05,Trial,15
31583,……哈哈，哈哈哈哈……,coco,02,05,Trial,15
31584,……哈啊？这种程度……根本不算什么。,coco,02,05,Trial,15
31585,我都说了……别光把人家排除在外啊！,coco,02,05,Trial,15
31586,……可可。,hiro,02,05,Trial,15
31587,……确实像希罗亲说的那样，这里好像是个鬼地方……,coco,02,05,Trial,15
31588,不知道是这里的气氛不好还是怎样。那边的家里蹲在别的世界里又是杀人又是被人杀的欸。,coco,02,05,Trial,15
31589,………！,anan,02,05,Trial,15
31590,你啊……！待在这里的话，绝对马上就会丢掉小命……！,coco,02,05,Trial,15
31591,随便被人怨恨然后被杀，随便怨恨别人然后杀人……！,coco,02,05,Trial,15
31592,我刚刚可是全都看见了！,coco,02,05,Trial,15
31593,不管是希罗亲的证人也好还是什么都好……我来当就是！,coco,02,05,Trial,15
31594,呜呜……！,anan,02,05,Trial,15
31595,这……说不定下次吾辈就能活得久一点……！,anan,02,05,Trial,15
31596,不行不行！绝对不行！,coco,02,05,Trial,15
31597,像你这种一碰就碎的郁娇豆芽菜地雷女，不管是物理上还是精神上都搞不定啦！像米莉亚大叔那种拆弹专家也都搞不定！,coco,02,05,Trial,15
31598,呜……！？,anan,02,05,Trial,15
31599,大、大叔我对炸弹什么的也不是很懂……！,miria,02,05,Trial,15
31600,是比喻啦！能不能机灵一点！,coco,02,05,Trial,15
31601,（……她的嘴炮攻击力真高……）,hiro,02,05,Trial,15
31602,吵、吵死了……！你又懂吾辈的什么了……！,anan,02,05,Trial,15
31603,闭嘴、闭嘴……闭嘴闭嘴闭嘴……！！,anan,02,05,Trial,15
31604,吾辈的命令……<color=#9c8eff><b>【听好了】</b></color>！,anan,02,05,Trial,15
31605,呜……！？,coco,02,05,Trial,15
31606,糟糕，她的魔法是【洗脑】……！是语言暗示！大家快把耳朵——！,hiro,02,05,Trial,15
31607,<color=#9c8eff><b>【闭嘴】</b></color>！,anan,02,05,Trial,15
31608,唔……！？,hiro,02,05,Trial,15
31609,（这样下去，讨论会……！）,hiro,02,05,Trial,15
31611,……！这是……,hiro,02,05,Trial,15
31612,你这家伙……！,anan,02,05,Trial,15
31613,没必要被他人的话语左右行动！随心所欲地讨论吧！,margo,02,05,Trial,15
31614,宝生玛格……！,anan,02,05,Trial,15
31615,是【模仿】吗……！,hiro,02,05,Trial,15
31616,我想，我的魔法当然无法重现安安的魔法本身……,margo,02,05,Trial,15
31617,但毕竟是同样的【声音】嘛。应该能够【抵消】暗示吧？,margo,02,05,Trial,15
31618,抱歉啦，什么暗示啦催眠啦洗脑啦心理学啦……,margo,02,05,Trial,15
31619,我对那些东西，稍微有些了解哦♡,margo,02,05,Trial,15
31620,……怎么了？安安。我们继续讨论吧？还是说……,margo,02,05,Trial,15
31621,如果没有魔法，就连和别人说话都做不到吗？,margo,02,05,Trial,15
31622,唔……！……你们的所谓处境，和吾辈无关……！,anan,02,05,Trial,15
31623,……<color=#9c8eff><b>【不许牵扯】</b></color>吾辈进来！！,anan,02,05,Trial,15
31624,"反正就算出去了，<link=""Objection_02_05_16_01"">也不会有任何改变</link>。",anan,02,05,Trial,16
31625,你们也一样吧！仅仅因为能使用魔法就曾遭受过压迫和歧视！,anan,02,05,Trial,16
31626,"明明只是比别人稍微<link=""Objection_02_05_16_02"">优秀</link>一点而已，为什么我们就必须受到迫害！",anan,02,05,Trial,16
31627,"既然如此，在那些愚蠢家伙的目光看不到的监狱里待着反而会<link=""Objection_02_05_16_03"">更好</link>，不是吗？",anan,02,05,Trial,16
31628,"对外面的留恋只不过是被<link=""Objection_02_05_16_04"">过去</link>束缚之人的妄言罢了！",anan,02,05,Trial,16
31629,"只要<link=""Objection_02_05_16_05"">忘掉</link>一切就好！没必要<link=""Objection_02_05_16_06"">看</link>外面的世界！吾辈就在这里！",anan,02,05,Trial,16
31630,（安安的话，听起来更像是在对她自己说的）,hiro,02,05,Trial,16
31631,（她话语的背后潜藏着内心的黑暗……）,hiro,02,05,Trial,16
31632,（……如果要为魔女化而撕开她心灵的创伤，那揭穿这个就是最快的捷径了）,hiro,02,05,Trial,16
31633,未来是可以改变的,hiro,02,05,Trial,16
31634,返回,hiro,02,05,Trial,16
31635,其他人也一样,hiro,02,05,Trial,16
31636,外面更好,hiro,02,05,Trial,16
31637,【幻视】,hiro,02,05,Trial,16
31638,不可以忘记,hiro,02,05,Trial,16
31639,【视线诱导】,hiro,02,05,Trial,16
31640,你不必自责。,hiro,02,05,Trial,16
31641,只要走出去，用自己的双脚迈出步伐，未来就能改变。,hiro,02,05,Trial,16
31642,但是待在这里只会停滞不前！,hiro,02,05,Trial,16
31643,……你们或许有未来。,anan,02,05,Trial,16
31644,但吾辈不存在幸福！,anan,02,05,Trial,16
31645,未来只有张开大口的绝望在前方等待……,anan,02,05,Trial,16
31646,所以在绝望到来前，吾辈无论做什么都只是徒劳！,anan,02,05,Trial,16
31647,你……是不会懂的吧……,anan,02,05,Trial,16
31648,——被上天眷顾的你，怎么会懂！！,anan,02,05,Trial,16
31649,（唔……！看来安安正悲观地看待将来）,hiro,02,05,Trial,16
31650,（现在的安安，可以说是被顽固的妄想束缚住了）,hiro,02,05,Trial,16
31651,（为了说服她……就算硬来，也有必要让她【向前看】吗）,hiro,02,05,Trial,16
31652,其他人也一样。,hiro,02,05,Trial,16
31653,不是只有我们这些预备魔女才是特别。,hiro,02,05,Trial,16
31654,再说了，根本不用理会那些排挤他人的人……,hiro,02,05,Trial,16
31655,应该关注的是那些珍视自己的人才对！,hiro,02,05,Trial,16
31656,吾辈的魔法……是最终连珍视自己的人的意志也会剥夺的魔法。,anan,02,05,Trial,16
31657,……！,hiro,02,05,Trial,16
31658,你也一样，是无法理解吾辈苦恼的人之一。,anan,02,05,Trial,16
31659,从吾辈面前<color=#9c8eff><b>【消失】</b></color>！吾辈不想听你的话！,anan,02,05,Trial,16
31660,（唔……！这样下去对话也会中断……！）,hiro,02,05,Trial,16
31661,（现在的安安，可以说是被顽固的妄想束缚住了）,hiro,02,05,Trial,16
31662,（为了说服她……就算硬来，也有必要让她【向前看】吗）,hiro,02,05,Trial,16
31663,不，外面会更好。,hiro,02,05,Trial,16
31664,待在这种地方，精神也会变衰弱的。,hiro,02,05,Trial,16
31665,去外面的世界吧！,hiro,02,05,Trial,16
31666,……这座宅邸里也有天空。,anan,02,05,Trial,16
31667,同样能沐浴到阳光，世界是相连的……！,anan,02,05,Trial,16
31668,……这样不就足够了吗……,anan,02,05,Trial,16
31669,吾辈不需要外面的世界。……待在这里就足够了！,anan,02,05,Trial,16
31670,（唔……！她正缩在自己的壳里……）,hiro,02,05,Trial,16
31671,（现在的安安，可以说是被顽固的妄想束缚住了）,hiro,02,05,Trial,16
31672,（为了说服她……就算硬来，也有必要让她【向前看】吗）,hiro,02,05,Trial,16
31673,过去发生的事，正是组成如今的你的一部分……,hiro,02,05,Trial,16
31674,不能忘记过去，不能当作没发生过！,hiro,02,05,Trial,16
31675,如果说组成吾辈的就是过去，那这些过去就应该烧毁忘却！,anan,02,05,Trial,16
31676,吾辈不需要组成这种失败品的过去！,anan,02,05,Trial,16
31677,（要否定过去的自己吗，安安……！）,hiro,02,05,Trial,16
31678,（现在的安安，可以说是被顽固的妄想束缚住了）,hiro,02,05,Trial,16
31679,（为了说服她……就算硬来，也有必要让她【向前看】吗）,hiro,02,05,Trial,16
31680,（……安安之所以执着于这座监牢）,hiro,02,05,Trial,16
31681,（大概是因为某种过去正束缚着她）,hiro,02,05,Trial,16
31682,（那么……我能了解她过去的方法就是——）,hiro,02,05,Trial,16
31683,……奈叶香，我有事拜托你。,hiro,02,05,Trial,16
31684,…………,nanoka,02,05,Trial,16
31685,能不能幻视一下安安的过去？,hiro,02,05,Trial,16
31686,……可以。,nanoka,02,05,Trial,16
31687,我变成这副样子后，感觉能某种程度上自由地使用魔法了……,nanoka,02,05,Trial,16
31688,虽然用魔法窥视他人的过去很没品。,nanoka,02,05,Trial,16
31689,但是……如果为了打倒大魔女有必要这么做的话……,nanoka,02,05,Trial,16
31690,你这家伙……住手！你想干什么……！,anan,02,05,Trial,16
31691,……！,nanoka,02,05,Trial,16
31692,唔……！？,anan,02,05,Trial,16
31693,……是【魔法的失控】。,nanoka,02,05,Trial,16
31694,唔……！？,anan,02,05,Trial,16
31695,你……很害怕。,nanoka,02,05,Trial,16
31696,……不对。,anan,02,05,Trial,16
31697,你的家人一直持续暴露在洗脑魔法下，全都失去了自我，变成了提线木偶……,nanoka,02,05,Trial,16
31698,不对！吾辈是自愿将他们变成傀儡的！那对大家来说才是幸福！,anan,02,05,Trial,16
31699,看到双亲变成了没有意志的人偶，你放弃了与人来往。,nanoka,02,05,Trial,16
31700,的确……可以说是明智的判断。,nanoka,02,05,Trial,16
31701,吵死了……！闭嘴！,anan,02,05,Trial,16
31702,别装出一副……很了解吾辈的样子！！,anan,02,05,Trial,16
31703,魔女图鉴 更新…,"@toast ""|#Toast_001|""",02,05,Trial,16
31704,讨论前进…,@toast |#Toast_002|,02,05,Trial,16
31705,……罪孽是无法消除的。,hiro,02,05,Trial,16
31706,你或许想忘记，但你毁掉了双亲的事实会一直存在。,hiro,02,05,Trial,16
31707,吵死了！那种事……吾辈才不管……！,anan,02,05,Trial,16
31708,你必须去面对。去面对自己的罪孽……,hiro,02,05,Trial,16
31709,……不要逃避自己的罪孽！安安！,hiro,02,05,Trial,16
31710,唔……！？,anan,02,05,Trial,16
31711,……说得对。,leia,02,05,Trial,16
31712,你就应该好好【直视】一下自己的内心啊！,leia,02,05,Trial,16
31713,唔……！？,anan,02,05,Trial,16
31714,（……不用我说，你也会来配合啊。蕾雅）,hiro,02,05,Trial,16
31715,……呵呵。,leia,02,05,Trial,16
31716,（…………我还是表达一下感谢吧）,hiro,02,05,Trial,16
31717,呜……呜呜………！,anan,02,05,Trial,16
31718,不对……！吾辈……吾辈，只是……！！,anan,02,05,Trial,16
31719,吾辈只是想安静地生活！,anan,02,05,Trial,17
31720,"既不需要被大众<link=""Objection_02_05_17_01"">理解</link>，也不需要去理解他们！",anan,02,05,Trial,17
31721,吾辈不需要同伴、幸福、温暖……什么都不需要！,anan,02,05,Trial,17
31722,"那些东西没有<link=""Objection_02_05_17_02"">价值</link>！吾辈不需要！",anan,02,05,Trial,17
31723,"吾辈真正渴望的是深远的孤独与<link=""Objection_02_05_17_03"">静寂</link>……！",anan,02,05,Trial,17
31724,因此吾辈不会协助你！,anan,02,05,Trial,17
31725,不要干涉吾辈！,anan,02,05,Trial,17
31726,（要让安安魔女化，必须揭露她内心的黑暗）,hiro,02,05,Trial,17
31727,（但她的话……我该按字面意思去理解吗）,hiro,02,05,Trial,17
31728,（人总是会隐藏不想被触碰的伤口……）,hiro,02,05,Trial,17
31729,（我要揭穿她作出的伪证！）,hiro,02,05,Trial,17
31730,你寻求着理解,hiro,02,05,Trial,17
31731,返回,hiro,02,05,Trial,17
31732,有价值的,hiro,02,05,Trial,17
31733,舒适的环境也是必需的,hiro,02,05,Trial,17
31734,不，你寻求着理解……,hiro,02,05,Trial,17
31735,你不是擅长写故事吗。,hiro,02,05,Trial,17
31736,那是向大众传递的讯息……你的兴趣，是始终朝向外界的！,hiro,02,05,Trial,17
31737,那种事怎样都好！,anan,02,05,Trial,17
31738,吾辈只要孤独就够了！什么都不需要！,anan,02,05,Trial,17
31739,只要能待在这里……什么都不要！,anan,02,05,Trial,17
31740,别多管闲事！！,anan,02,05,Trial,17
31741,（……她看起来情绪格外激动啊）,hiro,02,05,Trial,17
31742,（安安正在隐瞒着什么）,hiro,02,05,Trial,17
31743,（那一定是她最珍视的东西……）,hiro,02,05,Trial,17
31744,（我必须看透，她正渴望的东西……！）,hiro,02,05,Trial,17
31745,人不能只靠面包生存……,hiro,02,05,Trial,17
31746,除了孤独和静寂，不是也需要更舒适的环境吗？,hiro,02,05,Trial,17
31747,但是这座监牢里连像样的娱乐都没有……,hiro,02,05,Trial,17
31748,就算在这座监牢里度日，你也很快就会受不了吧。,hiro,02,05,Trial,17
31749,不，吾辈什么都不需要……,anan,02,05,Trial,17
31750,只要愿意，就能在单人牢房里一直幻想故事的世界，在那微眠中度过。,anan,02,05,Trial,17
31751,吾辈……真的什么都不需要。,anan,02,05,Trial,17
31752,别再……管吾辈了……！,anan,02,05,Trial,17
31753,（……问题不在于物欲吗）,hiro,02,05,Trial,17
31754,（安安正在隐瞒着什么）,hiro,02,05,Trial,17
31755,（那一定是她最珍视的东西……）,hiro,02,05,Trial,17
31756,（我必须看透，她正渴望的东西……！）,hiro,02,05,Trial,17
31757,……不，你在说谎。,hiro,02,05,Trial,17
31758,你知道那是有价值的。,hiro,02,05,Trial,17
31759,……在我经历的世界里，你交到了关系很好的朋友。,hiro,02,05,Trial,17
31760,什……么……！？,anan,02,05,Trial,17
31761,你并非认为与人交往毫无价值，也并非缺乏沟通能力——,hiro,02,05,Trial,17
31762,——你只是，害怕而已。,hiro,02,05,Trial,17
31763,……不、不对……,anan,02,05,Trial,17
31764,……你害怕失去一度拥有的东西。你畏惧着那种痛苦。,hiro,02,05,Trial,17
31765,不对……！,anan,02,05,Trial,17
31766,你亲手破坏了与双亲的幸福家庭。你对这件事怀抱着罪恶感。,hiro,02,05,Trial,17
31767,你害怕再一次，亲手毁掉幸福。,hiro,02,05,Trial,17
31768,……不对！！,anan,02,05,Trial,17
31769,……如果不是的话，你为何要缩回壳里！,hiro,02,05,Trial,17
31770,主动远离幸福，沉醉于自己的不幸之中的依赖症患者……,hiro,02,05,Trial,17
31771,那就是现在的你。……我没说错吧。,hiro,02,05,Trial,17
31772,吾、吾辈……是……,anan,02,05,Trial,17
31773,如果你觉得维持现状就好，那也没关系。,hiro,02,05,Trial,17
31774,只要你继续拒绝幸福，就永远不会迎来改变。,hiro,02,05,Trial,17
31775,你就永远在不幸的包裹下……在孤独当中，独自沉睡下去吧！,hiro,02,05,Trial,17
31776,………,anan,02,05,Trial,17
31777,不……,anan,02,05,Trial,17
31778,……不要啊……！,anan,02,05,Trial,17
31779,……不要、不要啊……！,anan,02,05,Trial,17
31780,我不要那样……！这种魔法，我根本不想要……,anan,02,05,Trial,17
31781,如果我生来就是普通人……不管是爸爸……还是妈妈……！就不会，变得奇怪了……！,anan,02,05,Trial,17
31782,那么……你也随我一起来吧。,hiro,02,05,Trial,17
31783,我也会帮你去除魔女因子。就和奈叶香的姐姐一样……,hiro,02,05,Trial,17
31784,（……安安需要前进的希望）,hiro,02,05,Trial,17
31785,（那个希望就是，打倒大魔女……！）,hiro,02,05,Trial,17
31786,魔女图鉴 更新…,"@toast ""|#Toast_001|""",02,05,Trial,17
31787,……你、你到底是什么东西……！你这家伙……！,alisa,02,05,Trial,17
31788,把其他人一个个都变成了怪物……！,alisa,02,05,Trial,17
31789,……为了我们能得救……我有必要这么做。,hiro,02,05,Trial,17
31790,要人信这种鬼话，根本就是强人所难……！,alisa,02,05,Trial,17
31791,…………,hiro,02,05,Trial,17
31792,（亚里沙表达出的想法实在是再正常不过了）,hiro,02,05,Trial,17
31793,（性格越谨慎的人，会越难接受我的意见……）,hiro,02,05,Trial,17
31794,（果然……说到底靠说服是不可能成事的吗？）,hiro,02,05,Trial,17
31795,（还不如扯断手脚，施以痛苦，这样效果来得更快——）,hiro,02,05,Trial,17
31796,（——我得冷静下来。我的思维正被杀人冲动侵蚀……！）,hiro,02,05,Trial,17
31797,（魔女化程度似乎越来越深……我剩下的时间不多了……）,hiro,02,05,Trial,17
31798,（我必须趁理性尚存的时候，完成大家的魔女化才行……！）,hiro,02,05,Trial,17
31799,……怎么哑巴了？快说点什么啊……！,alisa,02,05,Trial,17
31800,等、等等啊亚里沙……！,miria,02,05,Trial,17
31801,啊啊！？,alisa,02,05,Trial,17
31802,不、不是，那个……,miria,02,05,Trial,17
31803,大叔我也不是很有把握啦……,miria,02,05,Trial,17
31804,但我觉得希罗说的话，也不全都是假的吧……,miria,02,05,Trial,17
31805,你也要替怪物撑腰吗！,alisa,02,05,Trial,17
31806,我、我没这么说啊！,miria,02,05,Trial,17
31807,……但是……,miria,02,05,Trial,17
31808,我觉得互相敌对……不太好……,miria,02,05,Trial,17
31809,（……从别的角度看，这或许是个机会）,hiro,02,05,Trial,17
31810,（我明白我在利用米莉亚的善心，虽然感到有点对不起她……）,hiro,02,05,Trial,17
31811,（但现在时间所剩无几……我已经顾不了那么多了）,hiro,02,05,Trial,17
31812,（我要尽可能多地，把其他人拉进讨论之中……！）,hiro,02,05,Trial,17
31813,……那么，你要站在哪一边呢？,hiro,02,05,Trial,17
31814,欸？,miria,02,05,Trial,17
31815,是相信我……,hiro,02,05,Trial,17
31816,还是，不信！,hiro,02,05,Trial,17
31817,欸、欸欸——！？,miria,02,05,Trial,17
31818,我、我觉得……不是站哪边的问题吧……！,miria,02,05,Trial,18
31819,那你是要站怪物那边吗？,alisa,02,05,Trial,18
31820,"我、我没<link=""Objection_02_05_18_01"">那个意思</link>……",miria,02,05,Trial,18
31821,"……大叔我是想做<link=""Objection_02_05_18_02"">大家的好朋友</link>啦。",miria,02,05,Trial,18
31822,……就是说你谁都不想得罪咯。,hiro,02,05,Trial,18
31823,我想确认你的真实意愿。,hiro,02,05,Trial,18
31824,呃……就算你突然这么问……,miria,02,05,Trial,18
31825,我、我说！先把大叔我的问题暂时放一边吧……！,miria,02,05,Trial,18
31826,大叔我……会尊重大家的决定的……,miria,02,05,Trial,18
31827,……假设最终的结果会牺牲自己也无所谓吗？,hiro,02,05,Trial,18
31828,欸！？这、这个……那个……,miria,02,05,Trial,18
31829,"呃、嗯……是啊。大叔我对外面的世界也没什么<link=""Objection_02_05_18_03"">留恋</link>……",miria,02,05,Trial,18
31830,"……如果最终我要<link=""Objection_02_05_18_04"">被关在这里</link>……那我就认命好了……",miria,02,05,Trial,18
31831,（【随波逐流】……米莉亚很注重合群，不愿当异类）,hiro,02,05,Trial,18
31832,（她过度的消极和宽容，看起来就像在害怕着什么东西）,hiro,02,05,Trial,18
31833,（要让她魔女化，必须触碰到其内心深处才行……！）,hiro,02,05,Trial,18
31834,米莉亚真实的想法是站希罗这边,hiro,02,05,Trial,18
31835,返回,hiro,02,05,Trial,18
31836,为什么要袒护我？,hiro,02,05,Trial,18
31837,你还有要守护的东西,ここの選択肢は、10-18-3追求を通過済みで表示される,02,05,Trial,18
31838,有可能会被杀,hiro,02,05,Trial,18
31839,你的这份胸怀……很了不起。,hiro,02,05,Trial,18
31840,欸……,miria,02,05,Trial,18
31841,我所认识的米莉亚，总是替被怀疑的人挺身而出。,hiro,02,05,Trial,18
31842,……我也曾是那个被你庇护的人之一。,hiro,02,05,Trial,18
31843,是、是吗……,miria,02,05,Trial,18
31844,不过，你为何要表现得像个圣人一样呢。,hiro,02,05,Trial,18
31845,明明我们才刚认识，对方是否值得信任都不知道……,hiro,02,05,Trial,18
31846,那个……,miria,02,05,Trial,18
31847,……虽然不知道在希罗经历的世界里，大叔我有过什么想法……,miria,02,05,Trial,18
31848,但我想……我大概是在效仿【老师】吧。,miria,02,05,Trial,18
31849,【老师】？,hiro,02,05,Trial,18
31850,……嗯。,miria,02,05,Trial,18
31851,是大叔我……在以前遇到困难时受过关照的人。,miria,02,05,Trial,18
31852,大叔我也想变得像那位老师一样，单纯是有样学样而已。,miria,02,05,Trial,18
31853,（……米莉亚的【老师】吗）,hiro,02,05,Trial,18
31854,（记好这件事吧）,hiro,02,05,Trial,18
31855,魔女图鉴 更新…,"@toast ""|#Toast_001|""",02,05,Trial,18
31856,讨论前进…,@toast |#Toast_002|,02,05,Trial,18
31857,米莉亚。你刚才，为了袒护我而出言阻止亚里沙……,hiro,02,05,Trial,18
31858,那么，你内心的想法其实是和我一样的吧？,hiro,02,05,Trial,18
31859,欸欸……！？,miria,02,05,Trial,18
31860,是因为亚里沙施加了压力，所以害怕得不敢说出来吧？,hiro,02,05,Trial,18
31861,那么你模棱两可的反应，也情有可原。,hiro,02,05,Trial,18
31862,啊啊！？怪我咯！,alisa,02,05,Trial,18
31863,啊啊……！等等、等一下！不是那样的！,miria,02,05,Trial,18
31864,大叔我只是觉得，希罗说的话，也有一定的道理……,miria,02,05,Trial,18
31865,并没有说谁对谁错！大家再多聊一聊吧……！好吗？,miria,02,05,Trial,18
31866,（米莉亚没办法主动决定立场……）,hiro,02,05,Trial,18
31867,（为何她如此在意合群呢？是以前遭遇过什么变故吗……）,hiro,02,05,Trial,18
31868,（看来我需要再多了解一下米莉亚了）,hiro,02,05,Trial,18
31869,如果只是【被关起来】，那还算好的……,hiro,02,05,Trial,18
31870,只是，也有可能会被杀。,hiro,02,05,Trial,18
31871,………！,miria,02,05,Trial,18
31872,即便如此，你也愿意接受死亡的命运吗？,hiro,02,05,Trial,18
31873,我、我虽然很怕……,miria,02,05,Trial,18
31874,可是如果真到了那一刻，我也只好认命了……,miria,02,05,Trial,18
31875,如果是大家达成一致并决定下来的结果……大叔我应该会接受的。,miria,02,05,Trial,18
31876,（看来靠威胁是无法动摇米莉亚的心的）,hiro,02,05,Trial,18
31877,（……她甚至都准备好赴死了）,hiro,02,05,Trial,18
31878,（为何她如此在意合群呢？是以前遭遇过什么变故吗……）,hiro,02,05,Trial,18
31879,（看来我需要再多了解一下米莉亚了）,hiro,02,05,Trial,18
31880,你为什么要撒谎？,hiro,02,05,Trial,18
31881,欸……撒谎……？,miria,02,05,Trial,18
31882,没错。,hiro,02,05,Trial,18
31883,你说没有留恋……,hiro,02,05,Trial,18
31884,那刚才【老师】的话题又是怎么一回事？,hiro,02,05,Trial,18
31885,那、那是，那个……,miria,02,05,Trial,18
31886,老师是个很了不起的人，不需要大叔我啦。,miria,02,05,Trial,18
31887,即便如此……,hiro,02,05,Trial,18
31888,你觉得【老师】会为你的行为高兴吗？,hiro,02,05,Trial,18
31889,……欸？,miria,02,05,Trial,18
31890,你的老师是个了不起的人，为了你的未来而尽心尽力……,hiro,02,05,Trial,18
31891,那么，老师想要守护的……不正是你的将来吗？,hiro,02,05,Trial,18
31892,呜呜……！,miria,02,05,Trial,18
31893,这、这个……,miria,02,05,Trial,18
31894,你要亲手毁掉，老师想要守护的东西吗？,hiro,02,05,Trial,18
31895,……这、这……,miria,02,05,Trial,18
31896,大叔我……搞不懂啊！,miria,02,05,Trial,18
31897,………！,hiro,02,05,Trial,18
31898,大叔我……大叔我……,miria,02,05,Trial,18
31899,……不像希罗和【老师】那样……那么坚强啊！！,miria,02,05,Trial,18
31900,不管是稍微学了点法律知识，还是自称大叔……,miria,02,05,Trial,19
31901,这全都是我在模仿【老师】而已……！,miria,02,05,Trial,19
31902,"原本的【我】<link=""Objection_02_05_19_01"">什么都没有</link>……！总是迎合周围的人，只会傻乎乎地笑，有一天过一天……！",miria,02,05,Trial,19
31903,所以你问大叔我那么复杂的问题……我也搞不明白啊！,miria,02,05,Trial,19
31904,可是这边的人，那边的人，所有的人……！,miria,02,05,Trial,19
31905,都自以为是地拉帮结派、划分敌我，既阴险又阴惨还阴湿……！,miria,02,05,Trial,19
31906,"这么<link=""Objection_02_05_19_02"">恶趣味的事</link>不要扯上我好吗！",miria,02,05,Trial,19
31907,大叔我……只是个随处可见的普通学生而已啊……！？,miria,02,05,Trial,19
31908,"明明，只要<link=""Objection_02_05_19_03"">无视</link>大叔我就好了……！",miria,02,05,Trial,19
31909,"为什么……就是<link=""Objection_02_05_19_04"">不肯放过我</link>啊……！",miria,02,05,Trial,19
31910,（米莉亚……并非在和我对话）,hiro,02,05,Trial,19
31911,（她正在和过去发生的事件战斗。她心理创伤的大门已经开了一条缝隙）,hiro,02,05,Trial,19
31912,（……她的魔女化，看来已经不远了）,hiro,02,05,Trial,19
31913,并不是什么都没有,hiro,02,05,Trial,19
31914,返回,hiro,02,05,Trial,19
31915,【幻视】,hiro,02,05,Trial,19
31916,世人正关注你,hiro,02,05,Trial,19
31917,大家很信任你,hiro,02,05,Trial,19
31918,不可能什么都没有吧。,hiro,02,05,Trial,19
31919,你应该有你自身的魅力才对。,hiro,02,05,Trial,19
31920,骗人！,miria,02,05,Trial,19
31921,大叔我什么都做不到……！所以只能迎合别人，追随在他人身后……,miria,02,05,Trial,19
31922,这样很不好……我自己最清楚了！,miria,02,05,Trial,19
31923,大叔我根本没有帮助别人的力量……哪怕一点都没有！,miria,02,05,Trial,19
31924,（鼓励她也没法促进魔女化啊……）,hiro,02,05,Trial,19
31925,（从米莉亚的样子来看，她的心理问题似乎相当根深蒂固）,hiro,02,05,Trial,19
31926,（但如果能好好利用这一点，或许就能让她魔女化）,hiro,02,05,Trial,19
31927,（那我就只好直接向她抛出能刺激她心理创伤的话语了……！）,hiro,02,05,Trial,19
31928,大家都很信任你哦。,hiro,02,05,Trial,19
31929,所以大家才会依赖你。,hiro,02,05,Trial,19
31930,不对……大家只是，在找玩物而已……,miria,02,05,Trial,19
31931,别再……管大叔我了……！,miria,02,05,Trial,19
31932,（她现在一味地拒绝，我很难再深入下去了啊……）,hiro,02,05,Trial,19
31933,（从米莉亚的样子来看，她的心理问题似乎相当根深蒂固）,hiro,02,05,Trial,19
31934,（但如果能好好利用这一点，或许就能让她魔女化）,hiro,02,05,Trial,19
31935,（那我就只好直接向她抛出能刺激她心理创伤的话语了……！）,hiro,02,05,Trial,19
31936,……奈叶香。能不能帮我确认一下，米莉亚过去遭遇了什么？,hiro,02,05,Trial,19
31937,……我拒绝。,nanoka,02,05,Trial,19
31938,………！,hiro,02,05,Trial,19
31939,……她的事我不想亲口说出来。,nanoka,02,05,Trial,19
31940,（……就是说她已经看过了吗）,hiro,02,05,Trial,19
31941,……不过。,nanoka,02,05,Trial,19
31942,她很害怕与现代社会产生联系。,nanoka,02,05,Trial,19
31943,现代……社会。,nanoka,02,05,Trial,19
31944,没错。发达的社交网络，已经拥有了足以影响现实的力量……,nanoka,02,05,Trial,19
31945,而她正是其受害者之一。,nanoka,02,05,Trial,19
31946,……………,hiro,02,05,Trial,19
31947,（所以……米莉亚害怕社会……？）,hiro,02,05,Trial,19
31948,米莉亚，这或许对你来说很残酷……,hiro,02,05,Trial,19
31949,但我认为，世间正在关注你哦。,hiro,02,05,Trial,19
31950,………！为、为什么……！,miria,02,05,Trial,19
31951,……我以前，看到过一篇报道。,hiro,02,05,Trial,19
31952,那篇报道说……有一个像我们这样被绑架到这里的少女，她的父母正在寻找她。,hiro,02,05,Trial,19
31953,……！,miria,02,05,Trial,19
31954,你失踪的事情，大概会被写成新闻，传播出去吧。,hiro,02,05,Trial,19
31955,在这里待得越久，这种可能性就越高。,hiro,02,05,Trial,19
31956,报纸、电视、网络……,hiro,02,05,Trial,19
31957,你的照片……大概会越传越广吧。,hiro,02,05,Trial,19
31958,……不要……不要、不要……！,miria,02,05,Trial,19
31959,为什么……！！,miria,02,05,Trial,19
31960,大叔我这种人……放着不管不就好了！！,miria,02,05,Trial,19
31961,我这种人……根本没有寻找的价值！！,miria,02,05,Trial,19
31962,已经……够了……,miria,02,05,Trial,19
31963,米莉亚，你——,hiro,02,05,Trial,19
31964,大家，全都消失掉就好了……！,miria,02,05,Trial,19
31965,………！,hiro,02,05,Trial,19
31966,梅露露，快给米莉亚——！,hiro,02,05,Trial,19
31967,全部，全部——！,miria,02,05,Trial,19
31968,——全部都给我消失吧——！！,miria,02,05,Trial,19
31969,唔——！？,hiro,02,05,Trial,19
31970,………！,hiro,02,05,Trial,19
31971,……啊……咳……,hiro,02,05,Trial,19
31972,刚才那是什么……！,hiro,02,05,Trial,19
31973,有种……信息被强行灌进脑袋里的不适感……,hiro,02,05,Trial,19
31974,这……不是我的记忆……！是我没有经历过的……——【不存在的记忆】……！,hiro,02,05,Trial,19
31975,魔女图鉴 更新…,"@toast ""|#Toast_001|""",02,05,Trial,19
31976,最初我死去的那个世界……我死后的记忆……吗……？,hiro,02,05,Trial,19
31977,为什么……会有这种记忆……,hiro,02,05,Trial,19
31978,……怎、怎么会……,ema,02,05,Trial,19
31979,我……杀了……？很多……人……！,ema,02,05,Trial,19
31980,（……艾玛的记忆）,hiro,02,05,Trial,19
31981,（在我被看守杀死后，艾玛所经历的世界里，是她毁灭了世界……）,hiro,02,05,Trial,19
31982,我……把……蕾雅……和艾玛……,hanna,02,05,Trial,19
31983,怎么会……怎么会这样……,hanna,02,05,Trial,19
31984,骗、骗人……,anan,02,05,Trial,19
31985,吾辈不可能杀了米莉亚……！,anan,02,05,Trial,19
31986,而、而且为什么……蕾雅……诺亚……！,anan,02,05,Trial,19
31987,大、大家……冷静下来……！,leia,02,05,Trial,19
31988,这、这些……都是幻象！是幻觉！,leia,02,05,Trial,19
31989,我们怎么可能会……！互相残杀……！,leia,02,05,Trial,19
31990,（……大家都拥有了其他世界的记忆……！）,hiro,02,05,Trial,19
31991,（这……难道是）,hiro,02,05,Trial,19
31992,…………,miria,02,05,Trial,19
31993,（刚刚魔女化的是米莉亚……她的魔法是……【互换】）,hiro,02,05,Trial,19
31994,（但是，我并没有实际看到她使用魔法的样子……）,hiro,02,05,Trial,19
31995,（……难道是，她的魔法是接近精神共享那一类的魔法吗？）,hiro,02,05,Trial,19
31996,（如果她的魔法因为魔女化得到了增强，并且失控了的话……）,hiro,02,05,Trial,19
31997,（各种东西都【互换】并得到共享了吗……？比如灵魂、时间、魔法、世界……）,hiro,02,05,Trial,19
31998,（而且可可的【千里眼】和我的【死亡回溯】魔法也有可能在当中产生了干涉……）,hiro,02,05,Trial,19
31999,（……总之，现在再怎么想也得不出结论）,hiro,02,05,Trial,19
32000,（现在应该优先做的事情是……）,hiro,02,05,Trial,19
32001,……梅露露。,hiro,02,05,Trial,19
32002,好、好的……！,meruru,02,05,Trial,19
32003,米莉亚就拜托你了。……我们没法预测，下次她再失控会发生什么。,hiro,02,05,Trial,19
32004,……明白了。,meruru,02,05,Trial,19
32005,（……没问题，大家的魔女化进程都很顺利）,hiro,02,05,Trial,19
32006,（刚发生的事也让一些人受到了精神冲击，感觉现在反而更容易让她们魔女化——）,hiro,02,05,Trial,19
32007,这是……！,hiro,02,05,Trial,19
32008,——喂。,alisa,02,05,Trial,19
32009,亚里沙……你想干什么。,hiro,02,05,Trial,19
32010,我才要问你想干什么。,alisa,02,05,Trial,19
32011,你们这些家伙……一个不留地，全都死在这里吧。,alisa,02,05,Trial,19
32012,唔……！？,hiro,02,05,Trial,19
32013,……我也会陪你们下地狱。这样就没意见了吧。,alisa,02,05,Trial,19
32014,……非常有意见。,hiro,02,05,Trial,19
32015,想阻止我的话……就试试看把我杀了啊！,alisa,02,05,Trial,19
32016,你们其实心里都清楚吧……,alisa,02,05,Trial,20
32017,"我们是魔女。是<link=""Objection_02_05_20_01"">受诅咒之子</link>。",alisa,02,05,Trial,20
32018,"生来就拥有用来<link=""Objection_02_05_20_02"">杀人的力量</link>，并且实际上也只能去杀害某人才能存活下去。",alisa,02,05,Trial,20
32019,只要看看刚才恢复的记忆也总该明白了吧！？,alisa,02,05,Trial,20
32020,……既然如此，我们就不应该存在。,alisa,02,05,Trial,20
32021,"只要把大家都烧成灰烬……<link=""Objection_02_05_20_03"">让一切都结束就好了</link>。",alisa,02,05,Trial,20
32022,我的话，就能做得到……,alisa,02,05,Trial,20
32023,"所以……<link=""Objection_02_05_20_04"">乖乖</link>受死吧！",alisa,02,05,Trial,20
32024,（……不行！热量太强了……连靠近她都没办法！）,hiro,02,05,Trial,20
32025,（这样下去，不等召唤出大魔女，就要先全灭了……！）,hiro,02,05,Trial,20
32026,（必须想办法让亚里沙冷静下来……！）,hiro,02,05,Trial,20
32027,错的是大魔女,10-20-3通過後,02,05,Trial,20
32028,返回,hiro,02,05,Trial,20
32029,力量可以用在正道上,MARK: 10-20-3: ❌ 通過後,02,05,Trial,20
32030,诅咒不会结束,MARK: 10-20-3: ❌ 通過後,02,05,Trial,20
32031,【洗脑】,hiro,02,05,Trial,20
32032,【视线诱导】,hiro,02,05,Trial,20
32033,亚里沙，你——！,hiro,02,05,Trial,20
32034,吵死了！,alisa,02,05,Trial,20
32035,唔……！？,hiro,02,05,Trial,20
32036,（不行……！她根本不打算听人讲话……！）,hiro,02,05,Trial,20
32037,留下那诅咒的万恶之源，是大魔女！,hiro,02,05,Trial,20
32038,大家只是被大魔女的恶意操纵，才犯下了罪行……！,hiro,02,05,Trial,20
32039,所以你们没有错！,hiro,02,05,Trial,20
32040,……所以呢？你觉得受害者会接受那种借口吗！？,alisa,02,05,Trial,20
32041,就算一切都是大魔女害的，可实际犯罪的不还是我们吗！,alisa,02,05,Trial,20
32042,所以大家只能去死啊！！,alisa,02,05,Trial,20
32043,（诡辩对亚里沙无效吗……！）,hiro,02,05,Trial,20
32044,（……亚里沙深信，只要大家死在这里，悲剧就会停止）,hiro,02,05,Trial,20
32045,（但是，情况真的如此吗……？）,hiro,02,05,Trial,20
32046,亚里沙……你说得不对！,hiro,02,05,Trial,20
32047,魔法的力量，也是可以用在正道上的，不是吗……！,hiro,02,05,Trial,20
32048,在这场审判中，也有人使用力量去治愈他人，或者引导他人向前看……！,hiro,02,05,Trial,20
32049,重要的是，怎样去使用力量！,hiro,02,05,Trial,20
32050,不管怎么去用力量，最终结果不都一样吗！？,alisa,02,05,Trial,20
32051,米莉亚展现的记忆里不也是这样吗……,alisa,02,05,Trial,20
32052,待在这里的家伙，最后都会被杀人冲动吞噬而互相残杀！,alisa,02,05,Trial,20
32053,反正最后都要死……不如现在就去死啊！！,alisa,02,05,Trial,20
32054,（唔……半吊子的说服没有意义吗……！）,hiro,02,05,Trial,20
32055,（……亚里沙深信，只要大家死在这里，悲剧就会停止）,hiro,02,05,Trial,20
32056,（但是，情况真的如此吗……？）,hiro,02,05,Trial,20
32057,蕾雅！用你的魔法！,hiro,02,05,Trial,20
32058,交给我吧！,leia,02,05,Trial,20
32059,亚里沙！【看那边】！！,leia,02,05,Trial,20
32060,可恶……！？莲见，你这家伙……！！,alisa,02,05,Trial,20
32061,放心……我只是用【视线诱导】转移了你的视线而已。,leia,02,05,Trial,20
32062,这样，你的火焰就喷不准了……！,leia,02,05,Trial,20
32063,根本没必要瞄准！,alisa,02,05,Trial,20
32064,好烫好烫好烫！！,leia,02,05,Trial,20
32065,（不行……！无论亚里沙看向哪里，火焰都会烧过来……！）,hiro,02,05,Trial,20
32066,（……亚里沙深信，只要大家死在这里，悲剧就会停止）,hiro,02,05,Trial,20
32067,（但是，情况真的如此吗……？）,hiro,02,05,Trial,20
32068,唔……！安安！帮我一把！,hiro,02,05,Trial,20
32069,……这次……,anan,02,05,Trial,20
32070,吾辈……一定要阻止。,anan,02,05,Trial,20
32071,不管是米莉亚……还是诺亚……还有蕾雅……！,anan,02,05,Trial,20
32072,所以……<color=#9c8eff><b>【不许杀人】</b></color>！亚里沙！,anan,02,05,Trial,20
32073,咕……！,alisa,02,05,Trial,20
32074,人！？我们是魔女！已经不是人类了……！,alisa,02,05,Trial,20
32075,什么狗屁命令……我才不听！,alisa,02,05,Trial,20
32076,唔……！,hiro,02,05,Trial,20
32077,把话……<color=#9c8eff><b>【听进去】</b></color>啊！！,anan,02,05,Trial,20
32078,（安安的魔法，并没有强大到能完全控制亚里沙吗……！）,hiro,02,05,Trial,20
32079,……啧……！,alisa,02,05,Trial,20
32080,（不……！火势减弱了……！）,hiro,02,05,Trial,20
32081,（也就是说她多少有把话听进去……！）,hiro,02,05,Trial,20
32082,（那么现在或许还有机会，能让她听进去我说的话……！）,hiro,02,05,Trial,20
32083,讨论前进…,@toast |#Toast_002|,02,05,Trial,20
32084,等下，亚里沙！,hiro,02,05,Trial,20
32085,就算杀了魔女，魔女因子也不会消失！,hiro,02,05,Trial,20
32086,只会产生新的牺牲者罢了！,hiro,02,05,Trial,20
32087,唔……！吵、吵死了……,alisa,02,05,Trial,20
32088,吵死了吵死了吵死了……！,alisa,02,05,Trial,20
32089,——大家只能去死啊！,alisa,02,05,Trial,20
32090,（唔……！还是说服不了吗——！？）,hiro,02,05,Trial,20
32091,（……不，也不是完全没效果。火势又减弱了……）,hiro,02,05,Trial,20
32092,（……如果对方不认可安安说的话，她的魔法就无法发挥效果）,hiro,02,05,Trial,20
32093,（没问题……！亚里沙的确有听进我说的话！）,hiro,02,05,Trial,20
32094,（继续说服她吧……！）,hiro,02,05,Trial,20
32095,吵死了！去死去死去死！,alisa,02,05,Trial,21
32096,我们的存在本身就是罪恶……,alisa,02,05,Trial,21
32097,"你们也肯定<link=""Objection_02_05_21_01"">有做过</link>一两件不可告人的事吧……！？",alisa,02,05,Trial,21
32098,"就是那种让周围人知道会被嫌弃，绝对<link=""Objection_02_05_21_02"">不会被原谅</link>的事！",alisa,02,05,Trial,21
32099,"既然如此，都死在这里不就<link=""Objection_02_05_21_03"">好</link>了……",alisa,02,05,Trial,21
32100,"有意见的话就<link=""Objection_02_05_21_04"">放马过来</link>啊！",alisa,02,05,Trial,21
32101,我会把你们烧得连骨头都不剩！,alisa,02,05,Trial,21
32102,"放心吧……我跟你们一样，我也是个<link=""Objection_02_05_21_05"">罪人</link>。",alisa,02,05,Trial,21
32103,等你们都上路了，我马上就会跟上来！,alisa,02,05,Trial,21
32104,（是打算拉着我们一起去死吗……）,hiro,02,05,Trial,21
32105,（抱歉，恕难奉陪了）,hiro,02,05,Trial,21
32106,（不管是我们，还是你……都绝不能丢掉生命！）,hiro,02,05,Trial,21
32107,谁都没犯过罪,hiro,02,05,Trial,21
32108,返回,hiro,02,05,Trial,21
32109,我原谅你,MARK: 10-21-3: ❌ 通過,02,05,Trial,21
32110,一点都不好,hiro,02,05,Trial,21
32111,动手阻止你,hiro,02,05,Trial,21
32112,【幻视】,hiro,02,05,Trial,21
32113,……奈叶香！把亚里沙的情况告诉我吧！,hiro,02,05,Trial,21
32114,她的罪……是纵火。,nanoka,02,05,Trial,21
32115,偶然叠加偶然，于是她的恶作剧酿成了大祸……,nanoka,02,05,Trial,21
32116,只不过，她并没有受到惩罚。,nanoka,02,05,Trial,21
32117,……为什么？,hiro,02,05,Trial,21
32118,……他的父母对外隐瞒了事实。或许是觉得影响不好吧。,nanoka,02,05,Trial,21
32119,所以——,nanoka,02,05,Trial,21
32120,——呃！,nanoka,02,05,Trial,21
32121,……抱歉。这些情报……足够吗……,nanoka,02,05,Trial,21
32122,以我目前的姿态……如果连续使用，负荷好像有些重……,nanoka,02,05,Trial,21
32123,……抱歉。你好好休息吧，奈叶香。,hiro,02,05,Trial,21
32124,魔女图鉴 更新…,"@toast ""|#Toast_001|""",02,05,Trial,21
32125,讨论前进…,@toast |#Toast_002|,02,05,Trial,21
32126,不！谁都没有犯过罪！,hiro,02,05,Trial,21
32127,大家都是清白的！,hiro,02,05,Trial,21
32128,别说这种一秒就戳破的谎话了！,alisa,02,05,Trial,21
32129,我们之中有人跟我一样过去曾犯过罪……！,alisa,02,05,Trial,21
32130,而且迟早所有人都会犯罪的！,alisa,02,05,Trial,21
32131,（看来撒谎没法骗过她……！）,hiro,02,05,Trial,21
32132,（……亚里沙，过去曾犯过罪）,hiro,02,05,Trial,21
32133,（她的负罪感无疑是她失控的原因之一）,hiro,02,05,Trial,21
32134,（很可能她对于过去，有什么未了的心愿——）,hiro,02,05,Trial,21
32135,不对，亚里沙……！,hiro,02,05,Trial,21
32136,没有谁是该死的！,hiro,02,05,Trial,21
32137,别扯你的大道理了！,alisa,02,05,Trial,21
32138,那犯下了严重到丧失生存价值，严重到无法清偿的罪孽的家伙又该怎么办……！？,alisa,02,05,Trial,21
32139,这家伙就应该去死才对吧……！？没错吧！？,alisa,02,05,Trial,21
32140,（否定亚里沙的主张，只会招致反抗吗……！）,hiro,02,05,Trial,21
32141,（……亚里沙，过去曾犯过罪）,hiro,02,05,Trial,21
32142,（她的负罪感无疑是她失控的原因之一）,hiro,02,05,Trial,21
32143,（很可能她对于过去，有什么未了的心愿——）,hiro,02,05,Trial,21
32144,（是啊……事已至此，只能动手阻止她了）,hiro,02,05,Trial,21
32145,（我们这边人数占优。只要一起上，区区亚里沙——）,hiro,02,05,Trial,21
32146,（……不）,hiro,02,05,Trial,21
32147,（诉诸暴力的话就会出现牺牲……这可不行）,hiro,02,05,Trial,21
32148,（……我们要所有人齐齐整整地逃离这座监牢……！）,hiro,02,05,Trial,21
32149,（所以，现在得想想其他方法……！）,hiro,02,05,Trial,21
32150,（……亚里沙，过去曾犯过罪）,hiro,02,05,Trial,21
32151,（她的负罪感无疑是她失控的原因之一）,hiro,02,05,Trial,21
32152,（很可能她对于过去，有什么未了的心愿——）,hiro,02,05,Trial,21
32153,我……原谅你，亚里沙。,hiro,02,05,Trial,21
32154,啊啊！？,alisa,02,05,Trial,21
32155,原谅你，过去所做的一切。,hiro,02,05,Trial,21
32156,你……懂什么啊！,alisa,02,05,Trial,21
32157,我不懂。……可就算如此，我也原谅你。,hiro,02,05,Trial,21
32158,我害死人了啊……！我……是不能被原谅的！！,alisa,02,05,Trial,21
32159,——即便如此！,hiro,02,05,Trial,21
32160,…………！,alisa,02,05,Trial,21
32161,……也必须，有人来原谅你。,hiro,02,05,Trial,21
32162,你要杀人，杀身边的人……到最后要把自己也杀了？,hiro,02,05,Trial,21
32163,我看你就跟只会一个劲哭的婴孩一样。,hiro,02,05,Trial,21
32164,什……！？你这家伙在说什么……！,alisa,02,05,Trial,21
32165,我说你正在做的事情，和小孩子发脾气没什么两样。,hiro,02,05,Trial,21
32166,……你说你的行为害死了人。但你一直消极地自罚下去，受害者就会复活吗？,hiro,02,05,Trial,21
32167,……这……,alisa,02,05,Trial,21
32168,我不知道发生了什么。也不打算了解你的过去。,hiro,02,05,Trial,21
32169,但你的自残和自罚，并非赎罪。,hiro,02,05,Trial,21
32170,只是自我满足，是让自己落得轻松的逃避现实罢了！,hiro,02,05,Trial,21
32171,咕……！？,alisa,02,05,Trial,21
32172,……所以，我才要原谅你。,hiro,02,05,Trial,21
32173,正因为非亲非故，我才要接纳你。,hiro,02,05,Trial,21
32174,我会以朋友的身份支持你。,hiro,02,05,Trial,21
32175,所以……别再继续逃避罪责了。,hiro,02,05,Trial,21
32176,我……我……,alisa,02,05,Trial,21
32177,……你要活下去，亚里沙。,hiro,02,05,Trial,21
32178,然后去后悔，去背负起罪孽。那才是你的——,hiro,02,05,Trial,21
32179,——还有我们的，赎罪！,hiro,02,05,Trial,21
32180,呜……呜、呜……！,alisa,02,05,Trial,21
32181,咕、呜……呜……！,alisa,02,05,Trial,21
32182,是……啊。,alisa,02,05,Trial,21
32183,我……很……害怕……,alisa,02,05,Trial,21
32184,没有人责备我……没有人……斥责我……！,alisa,02,05,Trial,21
32185,我……！,alisa,02,05,Trial,21
32186,对不起……对……不起……！！,alisa,02,05,Trial,21
32187,（……火势平息了）,hiro,02,05,Trial,21
32188,（看来亚里沙的战意消失了）,hiro,02,05,Trial,21
32189,（虽然很危险，但总算——）,hiro,02,05,Trial,21
32190,怎么回事！？,coco,02,05,Trial,21
32191,……这回又怎么了！,hiro,02,05,Trial,21
32192,哎呀～这下情况严重了……,warden,02,05,Trial,21
32193,少说你那些无足轻重的开场白！有事你直接说重点！,hiro,02,05,Trial,21
32194,我说这座岛，飞起来了。“哗”地一声离开海面，轻飘飘地朝着天空飞起来了。,warden,02,05,Trial,21
32195,朝天空……【飞起来了】！？,hiro,02,05,Trial,21
32196,……难道说！,hiro,02,05,Trial,21
32197,本小姐我……竟然……竟然……！那是骗人的……骗人的……！,hanna,02,05,Trial,21
32198,是骗人的……对吧！,hanna,02,05,Trial,21
32199,……是骗人的吧！！,hanna,02,05,Trial,21
32200,"不要……不要……为什么我会<link=""Objection_02_05_22_01"">做出这种事</link>……",hanna,02,05,Trial,22
32201,"为什么我会<link=""Objection_02_05_22_02"">杀人</link>……？把蕾雅杀了……把艾玛杀了……！",hanna,02,05,Trial,22
32202,明明她们根本没有罪过……！,hanna,02,05,Trial,22
32203,"而且……我这么罪孽深重，<link=""Objection_02_05_22_03"">雪莉</link>竟然要陪我一起……",hanna,02,05,Trial,22
32204,呜呜……啊啊啊啊……！,hanna,02,05,Trial,22
32205,……汉娜！你振作一点！,hiro,02,05,Trial,22
32206,"<link=""Objection_02_05_22_04"">做不到</link>啊……！我……该怎办……！！",hanna,02,05,Trial,22
32207,（汉娜的心承受不住负担，令魔法失控了……！）,hiro,02,05,Trial,22
32208,（重力变得紊乱，我甚至没法靠近汉娜）,hiro,02,05,Trial,22
32209,（……岛的高度现在还在不断上升……！真不敢想放任不管下去会出什么事……！）,hiro,02,05,Trial,22
32210,（我只能……持续对汉娜喊话了！）,hiro,02,05,Trial,22
32211,不是你的错,hiro,02,05,Trial,22
32212,返回,hiro,02,05,Trial,22
32213,不是你动手的,hiro,02,05,Trial,22
32214,那是雪莉的选择,hiro,02,05,Trial,22
32215,你有办法克服,他選択肢全通過,02,05,Trial,22
32216,那不怪你！当时你的魔女化正在加深……！,hiro,02,05,Trial,22
32217,你不是真心想杀人的！这全都是魔女因子的错！,hiro,02,05,Trial,22
32218,我……已经……！,hanna,02,05,Trial,22
32219,（汉娜的心已经憔悴不堪……）,hiro,02,05,Trial,22
32220,（但是……我怎能放弃！）,hiro,02,05,Trial,22
32221,讨论前进…,@toast |#Toast_002|,02,05,Trial,22
32222,那不是你做的！只是另一个世界的你做的事！,hiro,02,05,Trial,22
32223,当下的你根本没必要懊悔！,hiro,02,05,Trial,22
32224,……就算是这样，我也……！！,hanna,02,05,Trial,22
32225,（她还听得进我说的话……！）,hiro,02,05,Trial,22
32226,（现在放弃还太早！）,hiro,02,05,Trial,22
32227,那是雪莉自己选择的！,hiro,02,05,Trial,22
32228,你根本没必要感到自责！,hiro,02,05,Trial,22
32229,……总感觉心情复杂呢。,sherry,02,05,Trial,22
32230,请不用在意我！我完全不介意的！,sherry,02,05,Trial,22
32231,现在说这个……有什么用……！,hanna,02,05,Trial,22
32232,你一定能克服……,hiro,02,05,Trial,22
32233,你不是高贵的【大小姐】吗！,hiro,02,05,Trial,22
32234,……！,hanna,02,05,Trial,22
32235,我……,hanna,02,05,Trial,22
32236,…………,hanna,02,05,Trial,22
32237,还是不行……！我……根本没有当大小姐的资格呀……！,hanna,02,05,Trial,22
32238,……！,hiro,02,05,Trial,22
32239,我……真的太不中用了！！,hanna,02,05,Trial,22
32240,"我犯下的罪孽，<link=""Objection_02_05_23_01"">既自私又残忍</link>……！",hanna,02,05,Trial,23
32241,是道歉也无法得到原谅，且无可挽回的重罪……,hanna,02,05,Trial,23
32242,她们……另一个世界的我们，应该都是拼尽全力想活下去的。,hanna,02,05,Trial,23
32243,"怎么可以把那一切<link=""Objection_02_05_23_02"">当作没发生过</link>呢……！",hanna,02,05,Trial,23
32244,如果忘记了她们……还有谁能为她们哀悼……？,hanna,02,05,Trial,23
32245,我必须永远记住……,hanna,02,05,Trial,23
32246,"如果<link=""Objection_02_05_23_03"">抛弃</link>了她们……我就没资格继续当人了！！",hanna,02,05,Trial,23
32247,（汉娜已经深陷在绝望当中了……）,hiro,02,05,Trial,23
32248,（如果不阻止她，最后大家都会死……！）,hiro,02,05,Trial,23
32249,（汉娜的心理创伤……就是说服她的关键所在）,hiro,02,05,Trial,23
32250,（我得回想起得到米莉亚的魔法共享的【记忆】……！）,hiro,02,05,Trial,23
32251,杀人的不是只有你,hiro,02,05,Trial,23
32252,返回,hiro,02,05,Trial,23
32253,不会当作没发生过的,hiro,02,05,Trial,23
32254,你没有抛弃,hiro,02,05,Trial,23
32255,汉娜你冷静点！,hiro,02,05,Trial,23
32256,凶杀案又不是现在才开始的。在全世界范围内已经发生过无数次了！,hiro,02,05,Trial,23
32257,你的案子，不过是微不足道的其中之一而已。,hiro,02,05,Trial,23
32258,而且当时的你，内心受到了魔女因子的杀人冲动的侵蚀……！,hiro,02,05,Trial,23
32259,所以你没必要太在意……！,hiro,02,05,Trial,23
32260,……所以你想说，杀了人也不要紧吗？,hanna,02,05,Trial,23
32261,这种道理，我无法接受啊！,hanna,02,05,Trial,23
32262,如果靠这种道理就原谅了自己，那就不只是身体，连心灵都会变成怪物的……,hanna,02,05,Trial,23
32263,我绝对不想变成怪物……！,hanna,02,05,Trial,23
32264,（看来我刚刚说的话无法触及汉娜的内心……）,hiro,02,05,Trial,23
32265,（汉娜现在快要被自责感压垮了）,hiro,02,05,Trial,23
32266,（为了稍微减轻她的心理负担，我得想想有没有什么能对她说的话……）,hiro,02,05,Trial,23
32267,汉娜，不是这样的……！,hiro,02,05,Trial,23
32268,已经过去的事情无法改变……那么，重要的应该是【现在】才对。,hiro,02,05,Trial,23
32269,为了下次不再失败，把过去当作教训就好了！,hiro,02,05,Trial,23
32270,没必要当作没发生过。,hiro,02,05,Trial,23
32271,……希罗你有办法重来，所以才说得出这种话吧……,hanna,02,05,Trial,23
32272,人的生命只有一次啊。死了就什么都没了……,hanna,02,05,Trial,23
32273,不可能说放下就能放下的！,hanna,02,05,Trial,23
32274,生命并不是那么轻贱的东西！,hanna,02,05,Trial,23
32275,（看来我的观点缺乏说服力……）,hiro,02,05,Trial,23
32276,（汉娜现在快要被自责感压垮了）,hiro,02,05,Trial,23
32277,（为了稍微减轻她的心理负担，我得想想有没有什么能对她说的话……）,hiro,02,05,Trial,23
32278,不对，汉娜！,hiro,02,05,Trial,23
32279,你并没有抛弃……！,hiro,02,05,Trial,23
32280,主动抛弃，和没能抓住正在坠落之人的手，是两回事！,hiro,02,05,Trial,23
32281,………！,hanna,02,05,Trial,23
32282,……一个人的手，能触及的范围十分有限。,hiro,02,05,Trial,23
32283,我能理解……凭你一个人的力量，或许没办法拯救他人。,hiro,02,05,Trial,23
32284,但是，你并非作出了抛弃……,hiro,02,05,Trial,23
32285,只不过是你无论如何都无法拯救……仅此而已。,hiro,02,05,Trial,23
32286,啊啊………啊啊啊……！,hanna,02,05,Trial,23
32287,……当然了，不能把一切都归咎于他人和环境。,hiro,02,05,Trial,23
32288,但是，你也没必要承担所有的责任……！,hiro,02,05,Trial,23
32289,……汉娜！抓住我的手吧！,hiro,02,05,Trial,23
32290,这次，不要再抛弃我……不要再抛弃我们了！,hiro,02,05,Trial,23
32291,…………希罗……！,hanna,02,05,Trial,23
32292,……啊啊……,hanna,02,05,Trial,23
32293,这次……我……,hanna,02,05,Trial,23
32294,到底能不能……稳稳地握住呢……,hanna,02,05,Trial,23
32295,……停下来了吗。,hiro,02,05,Trial,23
32296,……目前岛屿高度正在缓慢下降中。安全着水后，必须重绘地图了啊。,warden,02,05,Trial,23
32297,……真亏你能一点都不紧张。,hiro,02,05,Trial,23
32298,（……看来物理上的毁灭算是成功避免了）,hiro,02,05,Trial,23
32299,（剩下的预备魔女，还剩两人……）,hiro,02,05,Trial,23
32300,（是艾玛和……）,hiro,02,05,Trial,23
32301,…………,sherry,02,05,Trial,23
32302,（……雪莉）,hiro,02,05,Trial,23
32303,……我已经完成了其他人的魔女化。,hiro,02,05,Trial,23
32304,我之所以发起这场讨论，就是为了揪出真正的幕后黑手。,hiro,02,05,Trial,23
32305,很抱歉，我只能打马后炮了……但都走到这一步了，请问你是否愿意协助我呢？,hiro,02,05,Trial,23
32306,……嗯，可以哦。,sherry,02,05,Trial,23
32307,我本来就没打算反对你。,sherry,02,05,Trial,23
32308,……而且，你所经历的过去我都看见了，我没理由不帮你。,sherry,02,05,Trial,23
32309,……谢谢你。,hiro,02,05,Trial,23
32310,——但是。,sherry,02,05,Trial,23
32311,——！,hiro,02,05,Trial,23
32312,你有办法触发我的魔女化吗？,sherry,02,05,Trial,23
32313,……是这么一回事啊。的确很棘手。,hiro,02,05,Trial,23
32314,没错，我是——,sherry,02,05,Trial,23
32315,——无法成为魔女的。,sherry,02,05,Trial,23
32316,小时候我曾长期遭受他人对我的肉体伤害。,sherry,02,05,Trial,24
32317,虽然我还小，但是后来的某天我试着反抗了一下。,sherry,02,05,Trial,24
32318,……不过我好像力气比别人稍微大了一点。,sherry,02,05,Trial,24
32319,结果就是，这个世界上又少了一条生命。,sherry,02,05,Trial,24
32320,案子最终成了无头迷案，而设施职员惨死的尸体，也被当成意外死亡处理，一切都埋葬在了黑暗中。,sherry,02,05,Trial,24
32321,不过之后雪莉她被新的家庭收养了。,sherry,02,05,Trial,24
32322,就这样在温柔的养父养母身边，雪莉从此过上了幸福快乐的生活。可喜可贺，可喜可贺——,sherry,02,05,Trial,24
32323,——假如真是那样就好了。,sherry,02,05,Trial,24
32324,只是雪莉她从那以后好像变成了跟其他人稍微不太一样的生物。,sherry,02,05,Trial,24
32325,我对养父养母没有任何不满。所以我打算努力成为他们所期望的【好孩子】。,sherry,02,05,Trial,24
32326,我对身边的人也一样。……虽然不太懂，但也在努力融入其中哦。,sherry,02,05,Trial,24
32327,"只不过……我好像<link=""Objection_02_05_24_01"">真的做不到</link>呢。",sherry,02,05,Trial,24
32328,不管怎么努力也无法假装成普通人……这不是很可悲吗？嘤嘤嘤嘤……！,sherry,02,05,Trial,24
32329,"……【悲伤】是<link=""Objection_02_05_24_02"">这样表达</link>的，没错吧？",sherry,02,05,Trial,24
32330,（雪莉的内心……的确是封闭着的）,hiro,02,05,Trial,24
32331,（她感情中的空洞，只靠一朝一夕是无法填补的）,hiro,02,05,Trial,24
32332,（不过参考之前的魔女化，雪莉的魔女化应该并非不可能）,hiro,02,05,Trial,24
32333,（为此……首先我得直面雪莉的内心，解开她的心结）,hiro,02,05,Trial,24
32334,不必自责,hiro,02,05,Trial,24
32335,返回,hiro,02,05,Trial,24
32336,方法是对的,hiro,02,05,Trial,24
32337,这是痛苦的感觉,hiro,02,05,Trial,24
32338,你不必自责。,hiro,02,05,Trial,24
32339,你和我们相处得很融洽。,hiro,02,05,Trial,24
32340,……当然，不能说完全没有异于常人的地方……,hiro,02,05,Trial,24
32341,但那也算是某种个性吧。,hiro,02,05,Trial,24
32342,你真温柔啊，希罗。,sherry,02,05,Trial,24
32343,但我并不这么认为。,sherry,02,05,Trial,24
32344,现在我还有很多不理解的事情，也看不到正确的选项。,sherry,02,05,Trial,24
32345,希罗你和我所看到的世界，是不一样的哦。,sherry,02,05,Trial,24
32346,（……看来我这番话无法触达雪莉的内心）,hiro,02,05,Trial,24
32347,（要让她魔女化，首先必须准确理解她面临的问题才行）,hiro,02,05,Trial,24
32348,……嗯，就是那样。,hiro,02,05,Trial,24
32349,你的反应，或许只是刻意做出来的。,hiro,02,05,Trial,24
32350,但即便如此，只要能相互沟通就足够了，不是吗。,hiro,02,05,Trial,24
32351,是这样吗！那说不定我根本没什么缺点呢！,sherry,02,05,Trial,24
32352,……嗯～，不过是真的话，接下来该怎么办呢？,sherry,02,05,Trial,24
32353,我变成完美名侦探雪莉了！肯定不会魔女化了！,sherry,02,05,Trial,24
32354,（……感觉魔女化的进度倒退了……）,hiro,02,05,Trial,24
32355,（要让她魔女化，首先必须准确理解她面临的问题才行）,hiro,02,05,Trial,24
32356,……这是【痛苦的感觉】。,hiro,02,05,Trial,24
32357,欸？,sherry,02,05,Trial,24
32358,是你没有感受到的感情哦。,hiro,02,05,Trial,24
32359,我猜，你没办法正确认识到痛苦。,hiro,02,05,Trial,24
32360,……是这样吗？,sherry,02,05,Trial,24
32361,手割破了会痛，脚被刺了也会痛哦？,sherry,02,05,Trial,24
32362,我不觉得我痛觉迟钝啊。,sherry,02,05,Trial,24
32363,来自皮肤的信号，和你如何看待它，是两回事。,hiro,02,05,Trial,24
32364,你的心并没有将痛苦当作难受的事情……,hiro,02,05,Trial,24
32365,所以你才能做出不顾一切的举动，就算陷入被处刑的境地，也不会魔女化……,hiro,02,05,Trial,24
32366,……而且，仔细想想，你的魔法应该多少会有些反作用力才对。,hiro,02,05,Trial,24
32367,对物体施力时，身体会受到反作用力。,hiro,02,05,Trial,24
32368,而减轻反作用力，说不定也是你魔法的效果之一——,hiro,02,05,Trial,24
32369,——但是依我看，正因为你不将痛苦视作苦难，你才能完美地运用这个魔法。,hiro,02,05,Trial,24
32370,……你的内心，拒绝接受痛苦。,hiro,02,05,Trial,24
32371,你和他人之间的决定性的不同就在这里。,hiro,02,05,Trial,24
32372,原来如此！真是有趣的推理～！,sherry,02,05,Trial,24
32373,不过……这么一来，要让我【魔女化】岂不是更难了？,sherry,02,05,Trial,24
32374,（这……说不定确实是）,hiro,02,05,Trial,24
32375,（不过我对她内心的理解又进了一步）,hiro,02,05,Trial,24
32376,（现在的话，或许就能动摇她的心，让她魔女化了……）,hiro,02,05,Trial,24
32377,（是时候，直面她的内心了！）,hiro,02,05,Trial,24
32378,我在实际面临处刑时，也并没有产生魔女化。,sherry,02,05,Trial,25
32379,【既然感觉不到对痛苦的恐惧，自然也感觉不到对死亡的恐惧】……,sherry,02,05,Trial,25
32380,希罗你推断得没错的话，这个结论就很合理了。,sherry,02,05,Trial,25
32381,……不过，这么一来，你要怎么办？,sherry,02,05,Trial,25
32382,要不要试试拷问我，直到我把痛苦当作苦难为止？,sherry,02,05,Trial,25
32383,……这么做也是白费力气。,hiro,02,05,Trial,25
32384,因为你不会对疼痛的信号感受到不快。,hiro,02,05,Trial,25
32385,那真是太好了。被无意义地折磨，也只是浪费时间呢。,sherry,02,05,Trial,25
32386,……大概，我的身体已经学会了感受痛苦也没有意义。,sherry,02,05,Trial,25
32387,因为痛觉是一道警报器，提醒我们远离肉体的危险。,sherry,02,05,Trial,25
32388,"……而一直响个不停的警报，只是单纯的吵闹而已，<link=""Objection_02_05_25_01"">没有</link>存在的意义。",sherry,02,05,Trial,25
32389,"所以我想，不管在这座监牢生活多久，我都<link=""Objection_02_05_25_02"">不会变成魔女</link>了。",sherry,02,05,Trial,25
32390,"以人类的标准来看，我的<link=""Objection_02_05_25_03"">感情是有缺陷</link>的。",sherry,02,05,Trial,25
32391,"……很奇怪吧。<link=""Objection_02_05_25_04"">越是不像人类</link>，反而越难变成魔女。",sherry,02,05,Trial,25
32392,（就算对雪莉施加痛苦也不会让她魔女化……）,hiro,02,05,Trial,25
32393,（痛苦、悲伤、恐惧、不安……我想，这些负面情绪大概都无法让雪莉魔女化）,hiro,02,05,Trial,25
32394,（那么有可能的选项——会不会是【愤怒】呢？）,hiro,02,05,Trial,25
32395,（参考之前的魔女化，如果能激发出像玛格那样的【愤怒】，说不定……？）,hiro,02,05,Trial,25
32396,有存在的意义,hiro,02,05,Trial,25
32397,返回,hiro,02,05,Trial,25
32398,只要不放弃就一定能行,hiro,02,05,Trial,25
32399,你的感情很丰富,hiro,02,05,Trial,25
32400,你是人类,hiro,02,05,Trial,25
32401,警报在响，就说明它有存在的意义。,hiro,02,05,Trial,25
32402,你不能否定过去的自己。,hiro,02,05,Trial,25
32403,接下来，你要取回自己的痛苦……！,hiro,02,05,Trial,25
32404,曾经坏掉的东西是很难恢复的。,sherry,02,05,Trial,25
32405,无论是身体，还是心灵都一样。,sherry,02,05,Trial,25
32406,也就是说，我想表达的是……,sherry,02,05,Trial,25
32407,【请不要强人所难了】，就是这样！,sherry,02,05,Trial,25
32408,（……我无言以对）,hiro,02,05,Trial,25
32409,（尽管她讲述自己的过往时，表现出若无其事的样子……）,hiro,02,05,Trial,25
32410,（但她自己，是否也将自身的身份认同，依附于自身的不幸呢？）,hiro,02,05,Trial,25
32411,（如果是这样的话……说不定我必须对这一点作出否定）,hiro,02,05,Trial,25
32412,……不要放弃！,hiro,02,05,Trial,25
32413,只要付出努力，一定也能魔女化的！,hiro,02,05,Trial,25
32414,你说得对！,sherry,02,05,Trial,25
32415,唔哦哦～！加油～！,sherry,02,05,Trial,25
32416,……所以呢，我要怎么实现魔女化呢？,sherry,02,05,Trial,25
32417,（……感觉离魔女化的目标更远了）,hiro,02,05,Trial,25
32418,（尽管她讲述自己的过往时，表现出若无其事的样子……）,hiro,02,05,Trial,25
32419,（但她自己，是否也将自身的身份认同，依附于自身的不幸呢？）,hiro,02,05,Trial,25
32420,（如果是这样的话……说不定我必须对这一点作出否定）,hiro,02,05,Trial,25
32421,你的感情已经足够丰富了。,hiro,02,05,Trial,25
32422,我觉得你没必要再增加更多感情了。,hiro,02,05,Trial,25
32423,是吗？别看我这样，我也付出了很多努力哦～？,sherry,02,05,Trial,25
32424,不管怎样，承蒙夸奖，非常荣幸！,sherry,02,05,Trial,25
32425,……所以呢，我要怎么实现魔女化呢？,sherry,02,05,Trial,25
32426,（……话题跑偏了）,hiro,02,05,Trial,25
32427,（尽管她讲述自己的过往时，表现出若无其事的样子……）,hiro,02,05,Trial,25
32428,（但她自己，是否也将自身的身份认同，依附于自身的不幸呢？）,hiro,02,05,Trial,25
32429,（如果是这样的话……说不定我必须对这一点作出否定）,hiro,02,05,Trial,25
32430,……你是人类哦。,hiro,02,05,Trial,25
32431,是吗？,sherry,02,05,Trial,25
32432,既感觉不到痛苦，也无法共情他人……,sherry,02,05,Trial,25
32433,这样的事物，也有资格自称是人类吗？,sherry,02,05,Trial,25
32434,……有证据证明你就是人类。那就是——,hiro,02,05,Trial,25
32435,（……不，这和雪莉的人格无关）,hiro,02,05,Trial,25
32436,（最适合去探究雪莉真实内心的事物……）,hiro,02,05,Trial,25
32437,（那当然就是，她谋划的那起事件……！）,hiro,02,05,Trial,25
32438,……证明你是人类的证据就是——,hiro,02,05,Trial,25
32439,你，杀害了远野汉娜的那起案件。,hiro,02,05,Trial,25
32440,……那不正是我并非正常人的证据吗？,sherry,02,05,Trial,25
32441,杀害朋友根本就不是人会做的事——,sherry,02,05,Trial,25
32442,——不对。,hiro,02,05,Trial,25
32443,但我真的不想变成魔女。,hanna,02,05,Trial,25
32444,我不想变成魔女，去憎恨他人，心怀杀意。,hanna,02,05,Trial,25
32445,我不想心甘情愿地接受这座监牢为我们编排的既定命运。,hanna,02,05,Trial,25
32446,如果躲不开成为魔女的宿命，至少我想要反抗一下。,hanna,02,05,Trial,25
32447,你说，你实现了汉娜的愿望……,hiro,02,05,Trial,25
32448,……自杀委托。,sherry,02,05,Trial,25
32449,正常人的话，就算被别人拜托也不会去杀人哦？,sherry,02,05,Trial,25
32450,……我无意认同杀人的行为本身。,hiro,02,05,Trial,25
32451,但那是你以专属于你的方式，去想像了他人的心情，为了他人而行动的结果。,hiro,02,05,Trial,25
32452,那就是证明你是人类的，最重要的证据哦。,hiro,02,05,Trial,25
32453,……我。,sherry,02,05,Trial,25
32454,讨厌，被别人这么说。,sherry,02,05,Trial,25
32455,………！,hiro,02,05,Trial,25
32456,……没错。我想起来了。,sherry,02,05,Trial,25
32457,我……很讨厌。,sherry,02,05,Trial,25
32458,不想看到汉娜改变。,sherry,02,05,Trial,25
32459,不想看到汉娜消失。,sherry,02,05,Trial,25
32460,不想看到汉娜烦恼痛苦的样子……,sherry,02,05,Trial,25
32461,一切的一切……,sherry,02,05,Trial,25
32462,都令我感到非常非常讨厌。,sherry,02,05,Trial,25
32463,……所以。,sherry,02,05,Trial,25
32464,我，也讨厌我自己。,sherry,02,05,Trial,25
32465,讨厌作出了那个选择的自己。,sherry,02,05,Trial,25
32466,讨厌不得不作出那个选择的自己。,sherry,02,05,Trial,25
32467,还有……想要稍微肯定一下当时自己的，现在的我自己……,sherry,02,05,Trial,25
32468,所有的一切……都最最讨厌了。,sherry,02,05,Trial,25
32469,……雪莉，可是你——,hiro,02,05,Trial,25
32470,——所以说！,sherry,02,05,Trial,25
32471,不要装出一副很懂的样子……来认同那样的我……,sherry,02,05,Trial,25
32472,………！,hiro,02,05,Trial,25
32473,我果然，是从出生起就不识人心，身心都丑陋不堪的怪物——,sherry,02,05,Trial,25
32474,——是【魔女】啊。,sherry,02,05,Trial,25
32475,……雪莉……！,hiro,02,05,Trial,25
32476,这是……,sherry,02,05,Trial,25
32477,原来如此……魔女化，是【这样子】的啊。,sherry,02,05,Trial,25
32478,那么……我就试一下……,sherry,02,05,Trial,25
32479,……做到了耶。,sherry,02,05,Trial,25
32480,竟然能做到这种事……我果然很不像人耶。,sherry,02,05,Trial,25
32481,…………,hiro,02,05,Trial,25
32482,……即便如此，你也是人类。,hiro,02,05,Trial,25
32483,…………,sherry,02,05,Trial,25
32484,……你真是固执呀。,sherry,02,05,Trial,25
32485,…………,hiro,02,05,Trial,25
32486,魔女图鉴 更新…,"@toast ""|#Toast_001|""",02,05,Trial,25
32487,（……雪莉的魔女化也成功完成了）,hiro,02,05,Trial,25
32488,（我没有时间驻足不前）,hiro,02,05,Trial,25
32489,（所以……我必须前进）,hiro,02,05,Trial,25
32490,（……现在已经凑到12位魔女了。只剩下——）,hiro,02,05,Trial,25
32491,——艾玛。,hiro,02,05,Trial,25
32492,……希罗。,ema,02,05,Trial,25
32493,……我们聊聊吧。,hiro,02,05,Trial,25
32494,嗯……,ema,02,05,Trial,25
32495,真没想到，希罗的嘴里竟然能说出来这样的话。,ema,02,05,Trial,25
32496,……对不起。,hiro,02,05,Trial,25
32497,不，没关系的……,ema,02,05,Trial,25
32498,……艾玛。,hiro,02,05,Trial,25
32499,那么，开始追究吧。,hiro,02,05,Trial,25
32500,——追究我们的，真相。,hiro,02,05,Trial,25
32501,……告诉我你的过去吧。,hiro,02,05,Trial,26
32502,嗯……,ema,02,05,Trial,26
32503,我……在学校被霸凌了。,ema,02,05,Trial,26
32504,为什么会遭欺负……为什么会被讨厌……,ema,02,05,Trial,26
32505,"原因……<link=""Objection_02_05_26_01"">我不知道</link>。",ema,02,05,Trial,26
32506,所以……我曾经想过。,ema,02,05,Trial,26
32507,"——只要大家都<link=""Objection_02_05_26_02"">去死就好</link>了。",ema,02,05,Trial,26
32508,"我……<link=""Objection_02_05_26_03"">怨恨着</link>大家。",ema,02,05,Trial,26
32509,（……艾玛）,hiro,02,05,Trial,26
32510,（为什么……）,hiro,02,05,Trial,26
32511,你是知道的,hiro,02,05,Trial,26
32512,返回,hiro,02,05,Trial,26
32513,不可以有这种想法,hiro,02,05,Trial,26
32514,没有必要去怨恨,hiro,02,05,Trial,26
32515,……不可以有这种想法。,hiro,02,05,Trial,26
32516,我知道……可是我止不住这么想。,ema,02,05,Trial,26
32517,为什么大家……都要欺负我……？,ema,02,05,Trial,26
32518,（艾玛的【杀意】有可能会触发【杀死魔女的魔法】……）,hiro,02,05,Trial,26
32519,（……我要慎重地推进对话）,hiro,02,05,Trial,26
32520,你没必要恨……,hiro,02,05,Trial,26
32521,一切……都是大魔女的恶意造成的。,hiro,02,05,Trial,26
32522,你说这个……也没意义。,ema,02,05,Trial,26
32523,我……很难理解。,ema,02,05,Trial,26
32524,（艾玛的【杀意】有可能会触发【杀死魔女的魔法】……）,hiro,02,05,Trial,26
32525,（……我要慎重地推进对话）,hiro,02,05,Trial,26
32526,不可能不知道。,hiro,02,05,Trial,26
32527,你是知道的。,hiro,02,05,Trial,26
32528,为什么你，会成为目标。,hiro,02,05,Trial,26
32529,不管你再怎么说……我也搞不明白啊。,ema,02,05,Trial,26
32530,我真的……不知道……,ema,02,05,Trial,26
32531,…………,hiro,02,05,Trial,26
32532,……那么，接下来能请你谈谈我的事吗？,hiro,02,05,Trial,26
32533,欸……,ema,02,05,Trial,26
32534,拜托你了，艾玛。,hiro,02,05,Trial,26
32535,嗯、嗯……,ema,02,05,Trial,26
32536,……我明白了。,ema,02,05,Trial,26
32537,希罗和我……从小就是好朋友。,ema,02,05,Trial,27
32538,这一点就算上了初中也没有改变……,ema,02,05,Trial,27
32539,"一直都是<link=""Objection_02_05_27_01"">两个人</link>在一起……",ema,02,05,Trial,27
32540,"可是，希罗因为留学<link=""Objection_02_05_27_02"">离开了</link>……",ema,02,05,Trial,27
32541,而我变成了孤单一人。,ema,02,05,Trial,27
32542,所以……我很痛苦。,ema,02,05,Trial,27
32543,"<link=""Objection_02_05_27_03"">我很难受</link>呀，希罗……",ema,02,05,Trial,27
32544,（……………）,hiro,02,05,Trial,27
32545,（……让我斩断这个诅咒吧）,hiro,02,05,Trial,27
32546,有第三个人,hiro,02,05,Trial,27
32547,返回,hiro,02,05,Trial,27
32548,我回来了,hiro,02,05,Trial,27
32549,抱歉,hiro,02,05,Trial,27
32550,但是我留学完就回来了。,hiro,02,05,Trial,27
32551,……你不记得了吗？,hiro,02,05,Trial,27
32552,我当然记得啊。,ema,02,05,Trial,27
32553,……从那之后，希罗对我的态度就变冷淡了……,ema,02,05,Trial,27
32554,……是的。,hiro,02,05,Trial,27
32555,（说得没错）,hiro,02,05,Trial,27
32556,你很难受吧，艾玛。,hiro,02,05,Trial,27
32557,对不起。,hiro,02,05,Trial,27
32558,……没事的。,ema,02,05,Trial,27
32559,你能理解的话……就好了。,ema,02,05,Trial,27
32560,（……能有机会道歉，真是太好了……）,hiro,02,05,Trial,27
32561,（但是……我必须揭露真相）,hiro,02,05,Trial,27
32562,……不对。,hiro,02,05,Trial,27
32563,我们……是【三个人】。,hiro,02,05,Trial,27
32564,……！,ema,02,05,Trial,27
32565,我和你和她……一直是三个人在一起。,hiro,02,05,Trial,27
32566,之后我离开了……,hiro,02,05,Trial,27
32567,然后，等我回来的时候。,hiro,02,05,Trial,27
32568,……她已经过世了。,hiro,02,05,Trial,27
32569,怎么会……怎么会！,ema,02,05,Trial,27
32570,不可能的，不可能的啊希罗……！,ema,02,05,Trial,27
32571,我……！！,ema,02,05,Trial,27
32572,我……在希罗出国留学之前，一直都和你在一起……！,ema,02,05,Trial,28
32573,……准确地说。,hiro,02,05,Trial,28
32574,我和你曾一度疏远了。,hiro,02,05,Trial,28
32575,因为我……是【第三个人】。,hiro,02,05,Trial,28
32576,……怎么会。那，我……！,ema,02,05,Trial,28
32577,……等待着回国的我的，是因不堪忍受霸凌而上吊的她的身影。,hiro,02,05,Trial,28
32578,……霸凌……自杀……,ema,02,05,Trial,28
32579,艾玛……,hiro,02,05,Trial,28
32580,快想起来她是谁吧。,hiro,02,05,Trial,28
32581,"……但是，<link=""Objection_02_05_28_01"">被霸凌</link>的人……是我啊……",ema,02,05,Trial,28
32582,"<link=""Objection_02_05_28_02"">为什么</link>……会自杀……？",ema,02,05,Trial,28
32583,"希罗你在说什么……我完全<link=""Objection_02_05_28_03"">听不懂</link>……！",ema,02,05,Trial,28
32584,（我已经……）,hiro,02,05,Trial,28
32585,（……不会再迷茫！）,hiro,02,05,Trial,28
32586,那是虚假的记忆,hiro,02,05,Trial,28
32587,返回,hiro,02,05,Trial,28
32588,不要逃避现实,hiro,02,05,Trial,28
32589,你冷静点,hiro,02,05,Trial,28
32590,艾玛……不要逃避事实。,hiro,02,05,Trial,28
32591,你也看到了。,hiro,02,05,Trial,28
32592,我才……不知道……我……！,ema,02,05,Trial,28
32593,（……看来我只能直接揭穿了）,hiro,02,05,Trial,28
32594,（揭穿她的记忆……！）,hiro,02,05,Trial,28
32595,冷静下来，艾玛。我说的，并不是什么难懂的事情。,hiro,02,05,Trial,28
32596,但是……这……不可能啊。,ema,02,05,Trial,28
32597,我……一直孤单一人，遭受霸凌……,ema,02,05,Trial,28
32598,（……看来我只能直接揭穿了）,hiro,02,05,Trial,28
32599,（揭穿她的记忆……！）,hiro,02,05,Trial,28
32600,……艾玛。,hiro,02,05,Trial,28
32601,你的记忆……,hiro,02,05,Trial,28
32602,是虚假的！,hiro,02,05,Trial,28
32603,（……不对，不是这个）,hiro,02,05,Trial,28
32604,（我要揭穿【艾玛的过去】……！）,hiro,02,05,Trial,28
32605,你脑海中的，过去遭受霸凌的记忆。,hiro,02,05,Trial,28
32606,那是你无意识中篡改的记忆，并不是真相！,hiro,02,05,Trial,28
32607,快想起来！在你真实记忆中存在的，那个人的名字！,hiro,02,05,Trial,28
32608,啊、啊啊……！,ema,02,05,Trial,28
32609,啊啊啊……啊啊啊啊啊……！,ema,02,05,Trial,28
32610,…………小雪……,ema,02,05,Trial,28
32611,……月代雪。,hiro,02,05,Trial,28
32612,她是我们的同学。,hiro,02,05,Trial,28
32613,同时也是……我的另一位挚友。,hiro,02,05,Trial,28
32614,……艾玛。,hiro,02,05,Trial,28
32615,你并不是霸凌的受害者——,hiro,02,05,Trial,28
32616,呜……！,ema,02,05,Trial,28
32617,霸凌日益变本加厉，我的心脏好似灌铅般愈发沉重。,system,02,05,Trial,28
32618,住手吧。住手。住手。住手住手住手。,system,02,05,Trial,28
32619,不要再欺负人了！！,system,02,05,Trial,28
32620,唯有这句话不管怎样都说不出口。,system,02,05,Trial,28
32621,——我。,ema,02,05,Trial,28
32622,她被辱骂，被欺侮，被嘲笑，每日如此，不见尽头。如此残酷的行为，竟长期持续，未曾断绝。,system,02,05,Trial,28
32623,我不禁开始责备比任何人都胆小的自己。我太过讨厌自己，甚至想要就此消失。,system,02,05,Trial,28
32624,——我只是，单纯在旁观而已。,ema,02,05,Trial,28
32625,既没能帮助她，也没能替她发声。,ema,02,05,Trial,28
32626,我是单纯在一旁看着的——旁观者……！,ema,02,05,Trial,28
32627,不是霸凌的受害者……,ema,02,05,Trial,28
32628,而是霸凌的……旁观者……,ema,02,05,Trial,28
32629,那就是……我的罪孽……,ema,02,05,Trial,28
32630,……我……我……！,ema,02,05,Trial,28
32631,……艾玛。,hiro,02,05,Trial,28
32632,故事还没有结束。,hiro,02,05,Trial,28
32633,……欸……？,ema,02,05,Trial,28
32634,她……一直在监视着我们。,hiro,02,05,Trial,28
32635,为了让你变成魔女……她一直待在你身边。,hiro,02,05,Trial,28
32636,……什么……意思……？,ema,02,05,Trial,28
32637,她所附身的咒物……就是——,hiro,02,05,Trial,28
32638,（……不是这个）,hiro,02,05,Trial,28
32639,（应该有某样物品一直存在于艾玛和我的身边，那就是她附身的物品才对……）,hiro,02,05,Trial,28
32640,（……那件物品就是）,hiro,02,05,Trial,28
32641,这就是【月代雪】……不，正是这起事件的元凶，幕后黑手——！,hiro,02,05,Trial,28
32642,——【大魔女】所附身的凭依物！,hiro,02,05,Trial,28
32643,……来吧，我都准备好了。,hiro,02,05,Trial,28
32644,13位魔女……还有仪式的剑！,hiro,02,05,Trial,28
32645,现出真身吧……大魔女！！,hiro,02,05,Trial,28
32646,…………,yuki,02,06,Trial,00
32647,她、她就是……大魔女…………？,hanna,02,06,Trial,00
32648,看起来只是个一般的女孩子……,miria,02,06,Trial,00
32649,……话说，你们的身体……是不是恢复原状了？,alisa,02,06,Trial,00
32650,什么……！怎么会……！？什么时候变回来的……！,leia,02,06,Trial,00
32651,为什么你会一脸失望啊。,alisa,02,06,Trial,00
32652,她现身的时候大家的身体都恢复原状了哟？,noa,02,06,Trial,00
32653,……【魔女因子】。,nanoka,02,06,Trial,00
32654,即之前在我们体内存在过的，构成魔女的要素。假设，通过召唤大魔女的仪式，这些要素已从我们体内消失……,nanoka,02,06,Trial,00
32655,……确实，照你这么说，我们的魔女化被解除也是正常的？,margo,02,06,Trial,00
32656,感觉大家都比之前精神多了，是不是因为体内的毒素都排出了？,sherry,02,06,Trial,00
32657,……是这种问题吗？,anan,02,06,Trial,00
32658,……既然都变回来了，那，我就先回家了……？,coco,02,06,Trial,00
32659,想得挺美，怎么可能啊。,alisa,02,06,Trial,00
32660,可～是～啊……！人家根本不适合这么严肃的场面嘛！,coco,02,06,Trial,00
32661,……那就<color=#9c8eff><b>【闭嘴】</b></color>。,anan,02,06,Trial,00
32662,唔唔～唔～～！,coco,02,06,Trial,00
32663,……真喧闹啊。——你的朋友们。,yuki,02,06,Trial,00
32664,……！,ema,02,06,Trial,00
32665,……为什么。,ema,02,06,Trial,00
32666,为什么会是你啊……,ema,02,06,Trial,00
32667,……小雪！,ema,02,06,Trial,00
32668,想知道为什么吗？,yuki,02,06,Trial,00
32669,……那就请你说说看吧。,hiro,02,06,Trial,00
32670,我们有知情权。,hiro,02,06,Trial,00
32671,可以啊。只不过……,yuki,02,06,Trial,00
32672,搞什么……怎么回事……！？,alisa,02,06,Trial,00
32673,不是我干的哇！？,hanna,02,06,Trial,00
32674,唔唔～～！,coco,02,06,Trial,00
32675,……<color=#9c8eff><b>【可以说话了】</b></color>。,anan,02,06,Trial,00
32676,……噗哈！,coco,02,06,Trial,00
32677,给我洗干净脖子等着吧家里蹲！,coco,02,06,Trial,00
32678,……魔女之岛再一次翱翔于天际。,yuki,02,06,Trial,00
32679,这座宅邸也将恢复它曾经应有的样子……,yuki,02,06,Trial,00
32680,接下来，我会周游世界。,yuki,02,06,Trial,00
32681,作为遍洒福音的天使，向所有人类赐予死亡……,yuki,02,06,Trial,00
32682,什么……！？,hiro,02,06,Trial,00
32683,那就……聊聊吧。,yuki,02,06,Trial,00
32684,聊到人类在世界上尽数消失为止。虽然……只剩下一小会了。,yuki,02,06,Trial,00
32685,"人生而有<link=""Objection_02_06_01_01"">罪</link>。",yuki,02,06,Trial,01
32686,因此，我将执行刑罚。,yuki,02,06,Trial,01
32687,……处决全人类。,yuki,02,06,Trial,01
32688,"这是<link=""Objection_02_06_01_02"">既定事项</link>。",yuki,02,06,Trial,01
32689,你这家伙……忽然间跑出来讲什么疯话……！,alisa,02,06,Trial,01
32690,她说，要灭绝全人类……！？这能做到吗！？,coco,02,06,Trial,01
32691,……很遗憾，大魔女确实能做到。,nanoka,02,06,Trial,01
32692,因为她的确拥有足以灭绝人类的能力……,nanoka,02,06,Trial,01
32693,有你这么明事理的人，我就不需多费口舌了，奈叶香。,yuki,02,06,Trial,01
32694,不用害怕。你姐姐会永远陪着你的。,yuki,02,06,Trial,01
32695,………！,nanoka,02,06,Trial,01
32696,"我已经给予全人类足够长的<link=""Objection_02_06_01_03"">执行</link>延缓期了。",yuki,02,06,Trial,01
32697,"已经……给你们<link=""Objection_02_06_01_04"">足够</link>时间了吧？",yuki,02,06,Trial,01
32698,人类的历史将在今天迎来终结。,yuki,02,06,Trial,01
32699,"是时候把世界归还给<link=""Objection_02_06_01_05"">自然</link>了。",yuki,02,06,Trial,01
32700,（小雪到底是怎么打算的……我们还没问出来）,hiro,02,06,Trial,01
32701,（但如果不采取行动，这样下去，在听到她的解释之前，人类就会灭亡）,hiro,02,06,Trial,01
32702,（……必须设法拖延她的行动）,hiro,02,06,Trial,01
32703,人是无罪的,hiro,02,06,Trial,01
32704,返回,hiro,02,06,Trial,01
32705,根本没人决定过这件事,hiro,02,06,Trial,01
32706,刑罚未经审判,hiro,02,06,Trial,01
32707,还不够,hiro,02,06,Trial,01
32708,世界本就是属于自然的,hiro,02,06,Trial,01
32709,……你在说什么？,hiro,02,06,Trial,01
32710,人类生而有罪？,hiro,02,06,Trial,01
32711,无稽之谈！,hiro,02,06,Trial,01
32712,只是你不知道而已……,yuki,02,06,Trial,01
32713,还是说，你明明很清楚，却在装傻？,yuki,02,06,Trial,01
32714,无论是哪一种……你的反驳都没有任何意义。,yuki,02,06,Trial,01
32715,再这样浪费时间……谈话就到此为止了。,yuki,02,06,Trial,01
32716,我将执行刑罚。,yuki,02,06,Trial,01
32717,（可恶……！胡乱反驳只会使谈话结束……！）,hiro,02,06,Trial,01
32718,（拥有压倒性力量的大魔女……在现在的情况下，某种意义上相当于审判官）,hiro,02,06,Trial,01
32719,（得小心，不要损害我在她心里的印象……）,hiro,02,06,Trial,01
32720,（要让她信服，就必须遵守她那个世界的规则）,hiro,02,06,Trial,01
32721,处决人类是既定事项……？,hiro,02,06,Trial,01
32722,根本没人决定过这件事！,hiro,02,06,Trial,01
32723,是我决定的。,yuki,02,06,Trial,01
32724,行刑官也是我。,yuki,02,06,Trial,01
32725,如果要反抗这一点……,yuki,02,06,Trial,01
32726,首先处决的就是在座各位。,yuki,02,06,Trial,01
32727,（可恶……！胡乱反驳只会使谈话结束……！）,hiro,02,06,Trial,01
32728,（拥有压倒性力量的大魔女……在现在的情况下，某种意义上相当于审判官）,hiro,02,06,Trial,01
32729,（得小心，不要损害我在她心里的印象……）,hiro,02,06,Trial,01
32730,（要让她信服，就必须遵守她那个世界的规则）,hiro,02,06,Trial,01
32731,不，缓刑期还不够。,hiro,02,06,Trial,01
32732,这可是杀人，应该更慎重地考虑！,hiro,02,06,Trial,01
32733,是吗？,yuki,02,06,Trial,01
32734,我看人类世界也有死刑，而且已经过了这么长时间，可以说给予了足够的缓刑期了吧。,yuki,02,06,Trial,01
32735,而且，就算我给予了这么长时间的缓刑期，人类的罪孽也不会就此消失。,yuki,02,06,Trial,01
32736,对于愚蠢的屠杀者……就该给予相应的刑罚。,yuki,02,06,Trial,01
32737,（可恶……！胡乱反驳只会使谈话结束……！）,hiro,02,06,Trial,01
32738,（拥有压倒性力量的大魔女……在现在的情况下，某种意义上相当于审判官）,hiro,02,06,Trial,01
32739,（得小心，不要损害我在她心里的印象……）,hiro,02,06,Trial,01
32740,（要让她信服，就必须遵守她那个世界的规则）,hiro,02,06,Trial,01
32741,……归还自然？,hiro,02,06,Trial,01
32742,世界本就以自然的方式存在……,hiro,02,06,Trial,01
32743,就连人类也是从自然中产生的！,hiro,02,06,Trial,01
32744,我没兴趣和你玩这种诡辩。,yuki,02,06,Trial,01
32745,要是不愿意回归自然……,yuki,02,06,Trial,01
32746,那就让人类归于虚无吧。……就从在座各位开始。,yuki,02,06,Trial,01
32747,（……看来她并不是想要保护自然环境）,hiro,02,06,Trial,01
32748,（拥有压倒性力量的大魔女……在现在的情况下，某种意义上相当于审判官）,hiro,02,06,Trial,01
32749,（得小心，不要损害我在她心里的印象……）,hiro,02,06,Trial,01
32750,（要让她信服，就必须遵守她那个世界的规则）,hiro,02,06,Trial,01
32751,等、等一下……处刑能不能再推迟一些！,miria,02,06,Trial,01
32752,那是为什么呢？,yuki,02,06,Trial,01
32753,……小雪。,hiro,02,06,Trial,01
32754,你刚刚说，已经给予了人类缓刑期……,hiro,02,06,Trial,01
32755,但说到底，你的判决究竟有没有正当性呢。,hiro,02,06,Trial,01
32756,………,yuki,02,06,Trial,01
32757,既、既然给予了缓刑期……就意味着已经下达了判决吧……！,miria,02,06,Trial,01
32758,那么，那次审判，有没有可能判决不当呢！？,miria,02,06,Trial,01
32759,……你们到底在讲什么啊……？,alisa,02,06,Trial,01
32760,跟怪物头子讲道理，怎么可能讲得通……,alisa,02,06,Trial,01
32761,即、即使如此！,miria,02,06,Trial,01
32762,我觉得……还是应该讲道理才对！！,miria,02,06,Trial,01
32763,你说，【人生而有罪】……,miria,02,06,Trial,01
32764,而且还是，足以对全人类处以极刑的罪。,miria,02,06,Trial,01
32765,那么你现在是主张该判决具有正当性，对不对……！,miria,02,06,Trial,01
32766,也就是说，你认为【自己的意见是正确的】。,miria,02,06,Trial,01
32767,既然要给予刑罚……那就有必要向作为被告的人类告知判决的理由，并促使其反省罪行才对，不是吗……！？,miria,02,06,Trial,01
32768,………,yuki,02,06,Trial,01
32769,（米莉亚讲的道理……说实话太乱来了）,hiro,02,06,Trial,01
32770,（这里只有审判之名，而无审判之实，仅仅只是一种过家家……并不是严格适用法律的【法庭】）,hiro,02,06,Trial,01
32771,（但既然对方拥有压倒性的力量，暴力对抗也没有意义）,hiro,02,06,Trial,01
32772,（首先要和她建立对话……）,hiro,02,06,Trial,01
32773,（然后才能谈得上反击……！）,hiro,02,06,Trial,01
32774,……开始审判吧。,hiro,02,06,Trial,01
32775,——我要求开庭进行魔女审判！,hiro,02,06,Trial,01
32776,……魔女审判？,yuki,02,06,Trial,01
32777,对了。,hiro,02,06,Trial,01
32778,人类究竟是不是应当被处决的【魔女】……,hiro,02,06,Trial,01
32779,就让我们按照这座岛的规则，讨论出最终答案……！,hiro,02,06,Trial,01
32780,…………,yuki,02,06,Trial,01
32781,可以啊。,yuki,02,06,Trial,01
32782,……！,hiro,02,06,Trial,01
32783,如果这样就能让你们服气的话……,yuki,02,06,Trial,01
32784,那我就稍微陪你们玩玩吧？,yuki,02,06,Trial,01
32785,那么，魔女审判现在开庭。,yuki,02,06,Trial,02
32786,首先从人类犯下的罪行说起吧。,yuki,02,06,Trial,02
32787,人类肆虐橫行。,yuki,02,06,Trial,02
32788,他们将原初的魔女从这个世界抹杀……,yuki,02,06,Trial,02
32789,"对于此等自私而又残忍的蛮行，本庭判断毫无<link=""Objection_02_06_02_01"">酌情处理</link>的余地。",yuki,02,06,Trial,02
32790,"人类罪大恶极，<link=""Objection_02_06_02_02"">万死</link>仍有余辜。",yuki,02,06,Trial,02
32791,……因此，我在此宣布本次审判对被告——人类的判决。,yuki,02,06,Trial,02
32792,判处——死刑。,yuki,02,06,Trial,02
32793,"刑罚立即执行。不接受任何<link=""Objection_02_06_02_03"">反驳</link>。",yuki,02,06,Trial,02
32794,（所谓审判只是虚有其名，实际上是单方面的宣告）,hiro,02,06,Trial,02
32795,（如果她的话是真的，这样下去，对全人类的大清洗马上就要开始……）,hiro,02,06,Trial,02
32796,（必须尽一切手段阻止她……！）,hiro,02,06,Trial,02
32797,人类有消灭魔女的理由,hiro,02,06,Trial,02
32798,返回,hiro,02,06,Trial,02
32799,惩罚并不对等,hiro,02,06,Trial,02
32800,我们有辩护的权利,hiro,02,06,Trial,02
32801,这么做就和人类一样了,hiro,02,06,Trial,02
32802,【洗脑】,hiro,02,06,Trial,02
32803,人类或许也有相应的理由！,hiro,02,06,Trial,02
32804,如果对你们这些魔女坐视不理，说不定会让世界陷入危机……,hiro,02,06,Trial,02
32805,你们现在这样打算灭绝人类，就是最有力的证据！,hiro,02,06,Trial,02
32806,我之所以想要灭绝人类，归根结底是人类的错。,yuki,02,06,Trial,02
32807,原因只在于人类，而不在于魔女们。,yuki,02,06,Trial,02
32808,因此，不予任何减刑。,yuki,02,06,Trial,02
32809,……驳回异议。,yuki,02,06,Trial,02
32810,（可恶……！她根本就不听人说话）,hiro,02,06,Trial,02
32811,（究竟……有没有什么办法能【让她听我们说话】……！？）,hiro,02,06,Trial,02
32812,我不认为魔女和人类的数量是对等的……,hiro,02,06,Trial,02
32813,相对于人类犯下的罪行，刑罚是不是太重了！？,hiro,02,06,Trial,02
32814,魔女遭受的对待是【灭绝】……,yuki,02,06,Trial,02
32815,既然如此，给予人类的惩罚也应当对等。,yuki,02,06,Trial,02
32816,因此量刑为【灭亡】……,yuki,02,06,Trial,02
32817,按照量刑，即刻执行刑罚。,yuki,02,06,Trial,02
32818,（可恶……！她根本就不听人说话）,hiro,02,06,Trial,02
32819,（究竟……有没有什么办法能【让她听我们说话】……！？）,hiro,02,06,Trial,02
32820,……等一下！,hiro,02,06,Trial,02
32821,我作为人类的代表，拥有为人类辩护的权利！,hiro,02,06,Trial,02
32822,你无权辩护。,yuki,02,06,Trial,02
32823,因为我们魔女，也未曾得到那样的权利。,yuki,02,06,Trial,02
32824,因此，判决为死刑……这是无可动摇的结果。,yuki,02,06,Trial,02
32825,（可恶……！她根本就不听人说话）,hiro,02,06,Trial,02
32826,（究竟……有没有什么办法能【让她听我们说话】……！？）,hiro,02,06,Trial,02
32827,……那你的所作所为和人类有什么区别。,hiro,02,06,Trial,02
32828,和你最厌恶的，恶毒野蛮的人类，一模一样……！,hiro,02,06,Trial,02
32829,没错。我就是丑陋的怪物，【魔女】。,yuki,02,06,Trial,02
32830,追根溯源，这是人类先如此描述我们的……,yuki,02,06,Trial,02
32831,我是在给你们机会来弥补自己的过错。要感谢我哦。,yuki,02,06,Trial,02
32832,（可恶……！她根本就不听人说话）,hiro,02,06,Trial,02
32833,（究竟……有没有什么办法能【让她听我们说话】……！？）,hiro,02,06,Trial,02
32834,<color=#9c8eff><b>【等下】</b></color>！,anan,02,06,Trial,02
32835,说到底……这称得上是审判吗！？,anan,02,06,Trial,02
32836,……正如安安所说。,hiro,02,06,Trial,02
32837,我们在这座岛上经历的审判，都是听取了大家的意见和主张后，在此基础上讨论……,hiro,02,06,Trial,02
32838,可是现在的情况，远远不能说已经充分讨论过了。,hiro,02,06,Trial,02
32839,那么，你也应该遵守这座监牢的规定，让讨论继续下去才对。,hiro,02,06,Trial,02
32840,希罗言之有理！单方面的宣判刑罚，不能称为审判。,anan,02,06,Trial,02
32841,你刚才说的是……【审判现在开庭】。,anan,02,06,Trial,02
32842,那就应该经过充分讨论，再得出结论才对！,anan,02,06,Trial,02
32843,你要对自己的发言……<color=#9c8eff><b>【负起责任】</b></color>！,anan,02,06,Trial,02
32844,…………,yuki,02,06,Trial,02
32845,……好吧。如果只是这种小事，可以。,yuki,02,06,Trial,02
32846,………！,hiro,02,06,Trial,02
32847,虽然……这只会让你们人生最后的片刻时光白白浪费，对彼此都无益。,yuki,02,06,Trial,02
32848,如果你们非要这样，那我就再稍微陪你们聊一会吧。,yuki,02,06,Trial,02
32849,（……安安的魔法起效了？）,hiro,02,06,Trial,02
32850,（真是这样的话，那就太好了……）,hiro,02,06,Trial,02
32851,（可是我们之前因魔女化而增大的力量，应该在召唤大魔女的过程中消耗掉了才对）,hiro,02,06,Trial,02
32852,（我想，魔法的力量现在已经减弱了……）,hiro,02,06,Trial,02
32853,（而且，我们的魔法本身就源自大魔女的力量……）,hiro,02,06,Trial,02
32854,（大魔女作为力量的本源，我们的魔法到底能对她起到多少效果……对此不能抱有太大期望）,hiro,02,06,Trial,02
32855,（……不过）,hiro,02,06,Trial,02
32856,（既然魔法的力量源于大魔女，说不定这力量能反过来成为束缚她自身的枷锁……）,hiro,02,06,Trial,02
32857,（……现在放弃希望，还为时尚早）,hiro,02,06,Trial,02
32858,（就算连接一线微弱希望的，只是一根蛛丝……我也要抓住它，拼命往上爬……！）,hiro,02,06,Trial,02
32859,刚才你们问，【我的裁决是否有正当性】……对吧。,yuki,02,06,Trial,03
32860,关于这点我也解释一下吧。,yuki,02,06,Trial,03
32861,实际上我们魔女是被人类残忍地驱逐出了这个世界。,yuki,02,06,Trial,03
32862,"那是<link=""Objection_02_06_03_01"">单方面</link>的屠杀。爱好和平的我们，几乎没能进行像样的反击……",yuki,02,06,Trial,03
32863,由于人类的暴行，导致我们魔女从这个世界上消失了。,yuki,02,06,Trial,03
32864,"……那么，我<link=""Objection_02_06_03_02"">反过来灭绝</link>人类又有什么问题呢？",yuki,02,06,Trial,03
32865,这既是具有正当性的复仇……,yuki,02,06,Trial,03
32866,也意味着魔女和人类，平等拥有着相同的权利。,yuki,02,06,Trial,03
32867,"——那就是【<link=""Objection_02_06_03_03"">灭绝</link>其他种族】的<link=""Objection_02_06_03_04"">权利</link>。",yuki,02,06,Trial,03
32868,所谓魔女因子，原本就是我自身……无论我身在何处，都能操纵魔女因子。,yuki,02,06,Trial,03
32869,"因此我会让魔女因子失控，令全人类变作架空的怪物——【<link=""Objection_02_06_03_05"">魔女</link>】，再将人类杀死。",yuki,02,06,Trial,03
32870,不过话说回来，【平等的权利】……真是个好词。,yuki,02,06,Trial,03
32871,不但可以随心所欲使用……还体现出了人类的本质，一个简单粗暴的词语。,yuki,02,06,Trial,03
32872,（这就是大魔女策划的人类灭绝计划……）,hiro,02,06,Trial,03
32873,（要找出她的破绽，得先掌握关于大魔女这个存在的更多详情才行）,hiro,02,06,Trial,03
32874,（为了问出更多细节，先听听她怎么说）,hiro,02,06,Trial,03
32875,这是自作自受,hiro,02,06,Trial,03
32876,返回,hiro,02,06,Trial,03
32877,复仇是不对的,hiro,02,06,Trial,03
32878,你要如何灭绝？,hiro,02,06,Trial,03
32879,没有这种权利,hiro,02,06,Trial,03
32880,真是老掉牙的方法,hiro,02,06,Trial,03
32881,魔女不会死,hiro,02,06,Trial,03
32882,【灭绝人类】……,hiro,02,06,Trial,03
32883,你要怎么做才能完成这个目标呢？,hiro,02,06,Trial,03
32884,虽然能想到各种各样的方法，但总不会是逐个逐个地杀吧。,hiro,02,06,Trial,03
32885,当然。那也太费时间了。,yuki,02,06,Trial,03
32886,所以我，已经提前在全世界播撒了武器——那就是【魔女因子】。,yuki,02,06,Trial,03
32887,………！,hiro,02,06,Trial,03
32888,那就像瘟疫一样——,yuki,02,06,Trial,03
32889,人类群体早已被我播撒的魔女因子深深浸透。,yuki,02,06,Trial,03
32890,这是我耗费漫长岁月，逐步取得的成果……不但要保证散播的效果，还要小心不被人类察觉……,yuki,02,06,Trial,03
32891,我曾融入世界各地的人类社会，四处散播魔女因子。,yuki,02,06,Trial,03
32892,从我传给人类……人类又传给其他人类……再从父母传给孩子……,yuki,02,06,Trial,03
32893,如今几乎所有的人类，体内都携带了所需的魔女因子数量。,yuki,02,06,Trial,03
32894,现在我立刻就可以让潜藏在全世界人类体内的魔女因子失控，还可以令人类变为魔女。,yuki,02,06,Trial,03
32895,人类们会被噩梦笼罩：在一无所知的情况下，忽然眼睁睁看着自己的肉体化作异形的怪物。,yuki,02,06,Trial,03
32896,于是人类就这样，变成过去自己妄想中捏造出来的丑恶化身——,yuki,02,06,Trial,03
32897,——变成长生不死的怪物【魔女】，陷入无尽绝望。,yuki,02,06,Trial,03
32898,……我会为大家带来非常美妙的末日哦。,yuki,02,06,Trial,03
32899,（长生不死的怪物……吗）,hiro,02,06,Trial,03
32900,讨论前进…,@toast |#Toast_002|,02,06,Trial,03
32901,【魔女没有反击】……也就是说接受了人类的征服。,hiro,02,06,Trial,03
32902,那你们就是自作自受！后果自负！,hiro,02,06,Trial,03
32903,那么，请人类也自负起灭亡的后果吧。,yuki,02,06,Trial,03
32904,没有怨言吧？,yuki,02,06,Trial,03
32905,（可恶……！要把魔女说成是恶人，有点牵强了……！）,hiro,02,06,Trial,03
32906,（目前很难否定她的主张……）,hiro,02,06,Trial,03
32907,（会不会有什么单纯的【错误】……或者提出能让对方继续说下去的【疑问】呢）,hiro,02,06,Trial,03
32908,（通过指出这些，来打探她的情报吧……！）,hiro,02,06,Trial,03
32909,……等等！复仇这种想法，是错误的……！,hiro,02,06,Trial,03
32910,如果你将自己受到的非人待遇原样奉还回去，这样永远无法斩断仇恨的连锁！,hiro,02,06,Trial,03
32911,虽然很痛苦……但应该忍耐！,hiro,02,06,Trial,03
32912,不用担心。,yuki,02,06,Trial,03
32913,人类的历史会在这里画上句号，而我也会迎来灭亡。,yuki,02,06,Trial,03
32914,仇恨的连锁不会再有【下次】。,yuki,02,06,Trial,03
32915,所以……请放心地接受死亡吧。,yuki,02,06,Trial,03
32916,（可恶……！双方的话题完全对不上……！）,hiro,02,06,Trial,03
32917,（目前很难否定她的主张……）,hiro,02,06,Trial,03
32918,（会不会有什么单纯的【错误】……或者提出能让对方继续说下去的【疑问】呢）,hiro,02,06,Trial,03
32919,（通过指出这些，来打探她的情报吧……！）,hiro,02,06,Trial,03
32920,【灭绝其他种族的权利】……？没有这种东西。,hiro,02,06,Trial,03
32921,我倒想知道，究竟谁能为这种权利作担保！,hiro,02,06,Trial,03
32922,我。,yuki,02,06,Trial,03
32923,权利是由力量保障的……,yuki,02,06,Trial,03
32924,我会作出担保，并行使这份权利。,yuki,02,06,Trial,03
32925,（可恶……！靠这种文字游戏，是无法阻止她的……！）,hiro,02,06,Trial,03
32926,（目前很难否定她的主张……）,hiro,02,06,Trial,03
32927,（会不会有什么单纯的【错误】……或者提出能让对方继续说下去的【疑问】呢）,hiro,02,06,Trial,03
32928,（通过指出这些，来打探她的情报吧……！）,hiro,02,06,Trial,03
32929,【让人类变成异形再杀死他们】……？,hiro,02,06,Trial,03
32930,简直就像童话故事里的【邪恶魔女】一样。,hiro,02,06,Trial,03
32931,竟然还用这种老掉牙的方法，就像自投罗网，宣称自己就是邪恶一方……,hiro,02,06,Trial,03
32932,这是不【正确】的！！,hiro,02,06,Trial,03
32933,没错，我就是邪恶的魔女……,yuki,02,06,Trial,03
32934,并且，将我逼入邪道的正是人类。,yuki,02,06,Trial,03
32935,所以，人类必须接受自己的报应。,yuki,02,06,Trial,03
32936,……用【不正确】的方法。,yuki,02,06,Trial,03
32937,（可恶……！谴责她没有意义……）,hiro,02,06,Trial,03
32938,（目前很难否定她的主张……）,hiro,02,06,Trial,03
32939,（会不会有什么单纯的【错误】……或者提出能让对方继续说下去的【疑问】呢）,hiro,02,06,Trial,03
32940,（通过指出这些，来打探她的情报吧……！）,hiro,02,06,Trial,03
32941,……等等。你的话有矛盾。,hiro,02,06,Trial,03
32942,【魔女】是不会死的。,hiro,02,06,Trial,03
32943,长生不死的魔女会死，这是怎么回事呢。,hiro,02,06,Trial,03
32944,……看来我的解释有遗漏。,yuki,02,06,Trial,03
32945,魔女不死的性质是一种副作用。是因为被植入了大魔女——也就是我——的因子而产生的。,yuki,02,06,Trial,03
32946,这种副作用在魔女化程度加深后才会显现……,yuki,02,06,Trial,03
32947,……不过，正因为魔女因子足够险恶，它也有高危漏洞。,yuki,02,06,Trial,03
32948,那就是——【杀死魔女的魔法】。,yuki,02,06,Trial,03
32949,……！,ema,02,06,Trial,03
32950,"这种魔法能逆转魔女因子带来的不死性质，引导肉体步向<ruby=""apoptosis"">自灭</ruby>。",yuki,02,06,Trial,03
32951,不管有没有化为【魔女】，只要让全人类的魔女因子失控，再用【杀死魔女的魔法】扑灭他们就行了。,yuki,02,06,Trial,03
32952,（杀死魔女的魔法……）,hiro,02,06,Trial,03
32953,（在另一个世界的艾玛的记忆里，她的魔法就是这个）,hiro,02,06,Trial,03
32954,（原来艾玛是被小雪利用，成为了灭绝人类计划的帮凶）,hiro,02,06,Trial,03
32955,……这个国家的政府为了杀死【魔女】，似乎也开发了具有相同作用的药物……,yuki,02,06,Trial,03
32956,但他们仍未找到对付魔女因子的办法。,yuki,02,06,Trial,03
32957,只不过，继续坐视不管的话，也有可能被人类研发出对策。,yuki,02,06,Trial,03
32958,果然人类还是差不多该灭绝了。,yuki,02,06,Trial,03
32959,所以……还请各位理解。,yuki,02,06,Trial,03
32960,正如我所说明的，人类之所以应当被消灭，是因为曾经犯下的罪孽。,yuki,02,06,Trial,04
32961,请接受命运吧。,yuki,02,06,Trial,04
32962,……【嗯嗯好的】……我们怎么可能就这么答应啊？,alisa,02,06,Trial,04
32963,说、说得对哇！,hanna,02,06,Trial,04
32964,无论你们有多么可怜，也不能成为我们必须默默被杀的理由啊——！,hanna,02,06,Trial,04
32965,"……但是，你们真的有<link=""Objection_02_06_04_01"">资格</link>说这种话吗？",yuki,02,06,Trial,04
32966,在座各位，要么是已经犯下罪行的人，要么是反过来被人类残酷对待过的人……,yuki,02,06,Trial,04
32967,不管是成为受害者的心情，还是作为加害者的心情，你们都应该很清楚吧。,yuki,02,06,Trial,04
32968,只要是被人类折磨过的人，都一定理解。——理解我渴望复仇的心情。,yuki,02,06,Trial,04
32969,而犯下罪行的人，也肯定明白。——明明和我一样是加害者，有什么资格来指责我？,yuki,02,06,Trial,04
32970,"同为<link=""Objection_02_06_04_02"">屠杀者</link>……我们还是和睦相处吧？",yuki,02,06,Trial,04
32971,哎呀。既然要和睦相处，能不能顺便放我一马呢？,margo,02,06,Trial,04
32972,放心吧。,yuki,02,06,Trial,04
32973,你们因魔女化而增强的力量，虽然已经作为构成我肉体的素材消耗掉了——,yuki,02,06,Trial,04
32974,即便如此，你们身上原有的魔女因子也不会完全消失。,yuki,02,06,Trial,04
32975,所以，你们不会有特殊对待，我会让你们和其他人类手拉手，和和睦睦地去死哦。,yuki,02,06,Trial,04
32976,【和和睦睦地去死】，是什么鬼啊。人家压根就不想死，懂？喂喂～，你听得懂人话吗～？,coco,02,06,Trial,04
32977,能不能通融一下，比如说把人类灭亡的日子稍微延后点！,sherry,02,06,Trial,04
32978,"人类死亡的命运，不会改变。谁也<link=""Objection_02_06_04_03"">无法动摇</link>。",yuki,02,06,Trial,04
32979,（如果想不出阻止大魔女的方法，我们就……）,hiro,02,06,Trial,04
32980,……梅露露！你和她交情不浅吧！你有什么好主意吗！,leia,02,06,Trial,04
32981,突、突然问我我也……！,meruru,02,06,Trial,04
32982,……那么各位，我有一个妙计！不如老实认命，让大魔女大人把我们都杀了，怎么样……！,meruru,02,06,Trial,04
32983,问她真是问错人了。,anan,02,06,Trial,04
32984,可是……不想办法的话，诺亚还有大家都会死哦？,noa,02,06,Trial,04
32985,……为了战斗，我们需要武器。,nanoka,02,06,Trial,04
32986,"需要能够击穿邪恶妖魔的——<ruby=""silver bullet"">银子弹</ruby>。",nanoka,02,06,Trial,04
32987,人有生存的权利,hiro,02,06,Trial,04
32988,返回,hiro,02,06,Trial,04
32989,她们没有罪,hiro,02,06,Trial,04
32990,【杀死魔女的魔法】,hiro,02,06,Trial,04
32991,人有生存的权利……,hiro,02,06,Trial,04
32992,你无权践踏人权！,hiro,02,06,Trial,04
32993,那么魔女就没有生存的权利吗？,yuki,02,06,Trial,04
32994,如果魔女没有生存的权利，为什么只有你们人类拥有践踏他者的权利呢。,yuki,02,06,Trial,04
32995,面对荒谬，就必须以荒谬来回应。,yuki,02,06,Trial,04
32996,对人类……必须施以无法承受的极刑。,yuki,02,06,Trial,04
32997,（不行……！这种反驳根本无效……！）,hiro,02,06,Trial,04
32998,（若无法说服她……就必须想办法打倒她……！）,hiro,02,06,Trial,04
32999,……她们没有罪！,hiro,02,06,Trial,04
33000,这次我已经死而复生……！在这座监牢中，从未发生过杀人案！,hiro,02,06,Trial,04
33001,但她们过去所犯的罪，并不会因此而一笔勾销。,yuki,02,06,Trial,04
33002,再者……你们还背负着与生俱来的原罪。,yuki,02,06,Trial,04
33003,——名为【作为人类诞生的罪】。这是你们必须向我赎清的罪。,yuki,02,06,Trial,04
33004,……立刻赎罪。,yuki,02,06,Trial,04
33005,（不行……！这种反驳根本无效……！）,hiro,02,06,Trial,04
33006,（若无法说服她……就必须想办法打倒她……！）,hiro,02,06,Trial,04
33007,（在我们的魔法之中，最有可能对大魔女产生决定性作用的魔法。那就是——）,hiro,02,06,Trial,04
33008,——艾玛。,hiro,02,06,Trial,04
33009,如今你已经共享了另一个世界的记忆，你应该能够理解。,hiro,02,06,Trial,04
33010,你的魔法——也许能阻止大魔女。,hiro,02,06,Trial,04
33011,………！,ema,02,06,Trial,04
33012,……如果大魔女所言属实，那么，你的魔法恐怕对大魔女本人也有效。,hiro,02,06,Trial,04
33013,能够杀死她，拯救这个世界的……只有你。,hiro,02,06,Trial,04
33014,你必须杀了她，杀了……小雪。,hiro,02,06,Trial,04
33015,用你的【杀死魔女的魔法】……！,hiro,02,06,Trial,04
33016,那是……！,ema,02,06,Trial,04
33017,……我明白你对小雪仍怀有某些感情。,hiro,02,06,Trial,04
33018,但既然已经知道了她就是大魔女，我们就不能再犹豫不前了。,hiro,02,06,Trial,04
33019,如果不杀了她……我们，甚至整个世界都会荡然无存。,hiro,02,06,Trial,04
33020,……可是，我……！,ema,02,06,Trial,04
33021,……艾玛。,hiro,02,06,Trial,04
33022,我来做诱饵。,hiro,02,06,Trial,04
33023,……！,ema,02,06,Trial,04
33024,你只需要成为我的工具就好。,hiro,02,06,Trial,04
33025,你是我手中的凶器。杀死大魔女——杀死小雪的【凶手】，就由我来当。,hiro,02,06,Trial,04
33026,希罗……,ema,02,06,Trial,04
33027,（……我的【死亡回溯】魔法，是否还能像从前那样正常发动，我无法确定）,hiro,02,06,Trial,04
33028,（但在我们之中，最适合死的人……是我）,hiro,02,06,Trial,04
33029,（已经和其他人约定了）,hiro,02,06,Trial,04
33030,（说好要由我来拯救你们所有人）,hiro,02,06,Trial,04
33031,（所以，站出来挑战她的，非我不可）,hiro,02,06,Trial,04
33032,……艾玛。我会尽量吸引开小雪的注意力。你就趁那个时候——,hiro,02,06,Trial,04
33033,——等等，希罗。有句话叫“人尽其才，物尽其用”。,leia,02,06,Trial,04
33034,……！蕾雅……！,hiro,02,06,Trial,04
33035,需要引人注目的话，就交给我吧。,leia,02,06,Trial,04
33036,诺亚也要参加！,noa,02,06,Trial,04
33037,一定会有办法的。,noa,02,06,Trial,04
33038,诺亚……,hiro,02,06,Trial,04
33039,（……是啊）,hiro,02,06,Trial,04
33040,（我不会沉醉于自我牺牲……也不会沉溺于此刻对她们产生的这份连带感）,hiro,02,06,Trial,04
33041,（我只是要尽我所能，提升哪怕一点点艾玛杀死大魔女的概率）,hiro,02,06,Trial,04
33042,（这是我们仅剩的唯一活路——！）,hiro,02,06,Trial,04
33043,……艾玛，可以拜托你吗？,hiro,02,06,Trial,04
33044,我……,ema,02,06,Trial,04
33045,……嗯。,ema,02,06,Trial,04
33046,我会去阻止小雪。,ema,02,06,Trial,04
33047,……就交给你了。,hiro,02,06,Trial,04
33048,……我来打头阵。掩护就拜托你了。,hiro,02,06,Trial,04
33049,好。,leia,02,06,Trial,04
33050,……小雪。,hiro,02,06,Trial,04
33051,准备好接受死亡了吗？,yuki,02,06,Trial,04
33052,……不。,hiro,02,06,Trial,04
33053,我会抵抗到最后一刻。,hiro,02,06,Trial,04
33054,不会让你为所欲为……,hiro,02,06,Trial,04
33055,那真是遗憾。,yuki,02,06,Trial,04
33056,那么……,yuki,02,06,Trial,04
33057,——<color=#6B85D0><b>【停】</b></color>。到此为止了。,yuki,02,06,Trial,04
33058,………！,hiro,02,06,Trial,04
33059,……这是……身体被……！,leia,02,06,Trial,04
33060,反抗没有意义。【放弃吧】。,yuki,02,06,Trial,04
33061,这是……和吾辈相同的魔法……！,anan,02,06,Trial,04
33062,是【洗脑】的魔法吗……！,hiro,02,06,Trial,04
33063,我早已将自己的存在转化为魔女因子，并散播到整个世界。,yuki,02,06,Trial,04
33064,魔女因子与少女们产生适配，赋予少女们的魔女因子便成为了【魔法】……,yuki,02,06,Trial,04
33065,通过各位的魔女化，魔法能力被不断增幅，而这些重新回到我之中的魔女因子……现在以【魔法】的形式为我所用。,yuki,02,06,Trial,04
33066,可恶……,hiro,02,06,Trial,04
33067,来，听从我的话语吧。,yuki,02,06,Trial,04
33068,已经聊得够多了。该满足了吧？,yuki,02,06,Trial,04
33069,各位就平等地……一同灭亡吧。,yuki,02,06,Trial,04
33070,——小雪，等一下！,ema,02,06,Trial,04
33071,……艾玛。,yuki,02,06,Trial,04
33072,……为什么。,ema,02,06,Trial,04
33073,为什么小雪你愿意，和我一起玩？,ema,02,06,Trial,04
33074,我没有什么特别之处，只是个平平无奇的人类……,ema,02,06,Trial,04
33075,可是你一直都对我很好。,ema,02,06,Trial,04
33076,对你而言，也许只是短短一段时间……,ema,02,06,Trial,04
33077,但我真的很开心！真的很快乐！,ema,02,06,Trial,04
33078,所以……我想知道。你为什么愿意和我做朋友。,ema,02,06,Trial,04
33079,…………,yuki,02,06,Trial,04
33080,……你觉得是为什么呢？,yuki,02,06,Trial,04
33081,……我不知道。,ema,02,06,Trial,04
33082,所以……我才问你呀。,ema,02,06,Trial,04
33083,……理由很简单。,yuki,02,06,Trial,04
33084,是为了将你变成杀人工具。,yuki,02,06,Trial,04
33085,………！,ema,02,06,Trial,04
33086,我耗费漫长岁月，慢慢地让魔女因子渗透到人群中。,yuki,02,06,Trial,04
33087,而你，只不过是那其中之一罢了。,yuki,02,06,Trial,04
33088,……怎么了？你期待着会有什么特别的理由吗？,yuki,02,06,Trial,04
33089,你……和其他人类都一样。,yuki,02,06,Trial,04
33090,不过只是用来散播魔女因子的媒介。,yuki,02,06,Trial,04
33091,为了让你成为我复仇的对象——,yuki,02,06,Trial,04
33092,同时……也是为了让你成为【共犯】。用于散播我的恶意，也就是魔女因子……,yuki,02,06,Trial,04
33093,我不过是利用你罢了。,yuki,02,06,Trial,04
33094,你做得很好，艾玛。,yuki,02,06,Trial,04
33095,你可以和其他人一起，和和睦睦地去死了哦。,yuki,02,06,Trial,04
33096,小雪……！,ema,02,06,Trial,04
33097,我、我对你……！,ema,02,06,Trial,04
33098,……艾玛。,yuki,02,06,Trial,04
33099,你想杀了我吗？用那【杀死魔女的魔法】。,yuki,02,06,Trial,04
33100,……！,ema,02,06,Trial,04
33101,谢谢你，艾玛。那样就好。,yuki,02,06,Trial,04
33102,因为你的杀人，会成为最后的导火索。,yuki,02,06,Trial,04
33103,……导火索……？,ema,02,06,Trial,04
33104,你以为杀了我，就能阻止这场计划吗？,yuki,02,06,Trial,04
33105,仔细回想一下，艾玛。,yuki,02,06,Trial,04
33106,我的肉体，原本就已经死去了哦？……直到刚才为止。,yuki,02,06,Trial,04
33107,………！,ema,02,06,Trial,04
33108,本来，我的存在早就已经不再是这个计划所必须的部分了。,yuki,02,06,Trial,04
33109,为了实现对人类的复仇，我已经将自己的身体化作魔女因子，撒向全世界。,yuki,02,06,Trial,04
33110,接下来只差最后一步……就是发动【杀死魔女的魔法】。,yuki,02,06,Trial,04
33111,而发动魔法的钥匙，就是你……艾玛。,yuki,02,06,Trial,04
33112,杀死魔女的魔法一旦启动，就无法停止。它是始终开启的魔法……,yuki,02,06,Trial,04
33113,魔法发动之后，杀死魔女的范围会逐渐扩大。,yuki,02,06,Trial,04
33114,就这样，把这个世界上所有的人类……直到将最后一人体内寄宿的魔女因子逼至失控，魔法都会一直发动下去。,yuki,02,06,Trial,04
33115,剩下的，只有曾经是人类的尸体……,yuki,02,06,Trial,04
33116,怎么……会……,ema,02,06,Trial,04
33117,这、这样说……那不是完全没有办法了嘛！,coco,02,06,Trial,04
33118,虚张声势……感觉也不像。,alisa,02,06,Trial,04
33119,她可能真的没有说谎……,noa,02,06,Trial,04
33120,……如果艾玛你希望由我来杀死所有人的话，我也可以代替你发动魔法哦？,yuki,02,06,Trial,04
33121,……！,ema,02,06,Trial,04
33122,因为在我的肉体中，也存在着来自艾玛的因子啊。,yuki,02,06,Trial,04
33123,虽然无法亲眼看到你亲手屠杀人类的景象让我有些遗憾……,yuki,02,06,Trial,04
33124,不过至少，可以给你选择的自由。,yuki,02,06,Trial,04
33125,……那么，你要怎么做？,yuki,02,06,Trial,04
33126,是什么都不做，然后让我杀了你们？,yuki,02,06,Trial,04
33127,还是由艾玛亲手灭绝所有人类，连同我一起杀死？,yuki,02,06,Trial,04
33128,我倒是哪一种都可以哦？,yuki,02,06,Trial,04
33129,那种事……怎么可能选得出……,ema,02,06,Trial,04
33130,啊……对了，还有一件事。,yuki,02,06,Trial,04
33131,我再替你们准备一个选项好了——【杀死艾玛】。,yuki,02,06,Trial,04
33132,………！,hiro,02,06,Trial,04
33133,只要杀了艾玛，至少在下一个艾玛——“魔女杀手”魔法的继承人出现之前，人类暂时还不会灭绝。,yuki,02,06,Trial,04
33134,……只要你们亲手杀了艾玛，我就向你们保证不施展魔法。,yuki,02,06,Trial,04
33135,虽然只能拖延一小段时间……但说不定，还能稍微让人类多苟活一会呢？,yuki,02,06,Trial,04
33136,（不行，这种选择……）,hiro,02,06,Trial,04
33137,（可是……）,hiro,02,06,Trial,04
33138,（难道我们……真的只能……？）,hiro,02,06,Trial,04
33139,（我……说过要拯救大家……）,hiro,02,06,Trial,04
33140,（要遵守那个约定……就只能牺牲艾玛）,hiro,02,06,Trial,04
33141,（否则，人类就会死绝……）,hiro,02,06,Trial,04
33142,（那么，我要将艾玛——）,hiro,02,06,Trial,04
33143,杀了艾玛,@choice |#0206Trial04_Choice004|,02,06,Trial,04
33144,不杀艾玛,@choice |#0206Trial04_Choice005|,02,06,Trial,04
33145,（……艾玛她）,hiro,02,06,Trial,04
33146,希、希罗。别把自己孤立起来！如果大家一起合作的话，一定能——,ema,02,06,Trial,04
33147,（一直相信着我）,hiro,02,06,Trial,04
33148,我、我也相信……希罗说的话……！,ema,02,06,Trial,04
33149,（相信着不断苛责她的我）,hiro,02,06,Trial,04
33150,活下去，希罗……！,ema,02,06,Trial,04
33151,求求你，要活下去……！！,ema,02,06,Trial,04
33152,（所以我……要保护艾玛。我必须保护艾玛）,hiro,02,06,Trial,04
33153,（……即使这个选择要与全世界为敌）,hiro,02,06,Trial,04
33154,（我……怎么可能会……）,hiro,02,06,Trial,04
33155,（我不可能牺牲艾玛……）,hiro,02,06,Trial,04
33156,（所以……我……）,hiro,02,06,Trial,04
33157,（……………）,hiro,02,06,Trial,04
33158,……………,ema,02,06,Trial,04
33159,……艾玛……？,hiro,02,06,Trial,04
33160,……等一下，小雪。,ema,02,06,Trial,04
33161,你说的话……,ema,02,06,Trial,04
33162,总觉得，有些【怪怪的】……,ema,02,06,Trial,04
33163,…………怪怪的？,yuki,02,06,Trial,04
33164,……虽然我说不太清楚。,ema,02,06,Trial,04
33165,我只知道小雪的话里，有种违和感。,ema,02,06,Trial,04
33166,………………,yuki,02,06,Trial,04
33167,……是你的错觉，艾玛。,yuki,02,06,Trial,04
33168,谈话到此为止。,yuki,02,06,Trial,04
33169,构成我这副肉体的要素，也包括艾玛曾经拥有的魔女因子。,yuki,02,06,Trial,04
33170,所以我也可以使出【杀死魔女的魔法】。,yuki,02,06,Trial,04
33171,审判游戏到此结束。所以——,yuki,02,06,Trial,04
33172,——即便如此，【还是继续谈话吧】。,margo,02,06,Trial,04
33173,………,yuki,02,06,Trial,04
33174,讨论到我们双方彼此都满意为止，怎么样？,margo,02,06,Trial,04
33175,……毕竟对你来说，抹杀人类是你长年以来的夙愿吧？,margo,02,06,Trial,04
33176,那不如，再多享受一下嘛。,margo,02,06,Trial,04
33177,这可是你准备了那么久的仅此一次的派对……,margo,02,06,Trial,04
33178,不大肆庆祝一下，岂不是很亏？,margo,02,06,Trial,04
33179,还是说……,margo,02,06,Trial,04
33180,……面对我们，你怕了？,margo,02,06,Trial,04
33181,…………,yuki,02,06,Trial,04
33182,（玛格……！）,ema,02,06,Trial,04
33183,……是啊。如果结局无论如何都不会改变……,nanoka,02,06,Trial,04
33184,再稍微陪我们一下也不坏吧。,nanoka,02,06,Trial,04
33185,无论是10分钟，还是1小时……和你长久以来的筹划相比，都不过是微不足道的一瞬间吧？,nanoka,02,06,Trial,04
33186,（连奈叶香也……！）,ema,02,06,Trial,04
33187,若是无法反驳吾辈的话……,anan,02,06,Trial,04
33188,那就<color=#9c8eff><b>【继续吧】</b></color>！这场审判……！,anan,02,06,Trial,04
33189,……真是愚蠢的人们。,yuki,02,06,Trial,04
33190,非常美妙呢。死死抓着虚无缥缈的希望不放，那滑稽的姿态。,yuki,02,06,Trial,04
33191,……好吧。那就稍微再陪你们一下吧。,yuki,02,06,Trial,04
33192,虽然对你们来说，只是徒增向绝望祈祷的时间罢了……,yuki,02,06,Trial,04
33193,如果你认为有可疑之处，我都可以解释给你听，艾玛。,yuki,02,06,Trial,05
33194,那……就让我听听吧。,ema,02,06,Trial,05
33195,我一开始觉得在意的点是，你为什么会放弃【杀死魔女的魔法】……？,ema,02,06,Trial,05
33196,因为我的魔法，是实现你计划的最终导火索吧？,ema,02,06,Trial,05
33197,你竟然会把它交到其他人手里……而且还是交给你最痛恨的人类……这样做，不是太奇怪了吗？,ema,02,06,Trial,05
33198,而且说到底……为什么你还要特地接近那些你怨恨的人类呢？,ema,02,06,Trial,05
33199,我想那应该很痛苦吧。,ema,02,06,Trial,05
33200,"……首先，我藏身在人类之中，就如同之前所说，只是一种<link=""Objection_02_06_05_01"">确保稳妥的手段</link>罢了。",yuki,02,06,Trial,05
33201,即便我引发了天灾地变，也可能会有“乘上方舟”的人类幸存下来。,yuki,02,06,Trial,05
33202,所以我为了确保能够彻底实现灭绝人类，才选择了这种可以近距离观察的方法。,yuki,02,06,Trial,05
33203,所以你就是这样散播出了所谓的魔女因子对吧。就像无症状的传染病一样？,margo,02,06,Trial,05
33204,正因为无害，反而更容易快速传染扩散……,leia,02,06,Trial,05
33205,……只要没害处，就没人会想去预防，是这么回事吧。,alisa,02,06,Trial,05
33206,"……其次，我选择待在人类身边，还有一个原因。为了<link=""Objection_02_06_05_02"">控制</link>魔女因子的扩散。",yuki,02,06,Trial,05
33207,实际上我观察到，有些拥有魔法适性的人类，毫无预兆地发生了魔女化。,yuki,02,06,Trial,05
33208,以精神崩溃为契机，【预备魔女】的少女们，获得了魔法的力量……,yuki,02,06,Trial,05
33209,也就是像你们这样的人类。,yuki,02,06,Trial,05
33210,"为了把这种意料之外的<link=""Objection_02_06_05_03"">影响</link>降到最低，我必须一边观察，一边在不引起人类警觉的前提下扩散魔女因子……",yuki,02,06,Trial,05
33211,"不论是将魔女杀手魔法给予艾玛，还是<link=""Objection_02_06_05_04"">假意和她交朋友</link>……",yuki,02,06,Trial,05
33212,"<link=""Objection_02_06_05_05"">这一切</link>，都是必要之举。",yuki,02,06,Trial,05
33213,没有任何可疑之处。,yuki,02,06,Trial,05
33214,……不，我还是觉得不对劲。小雪所说的话，和她所做的事根本是自相矛盾的……,ema,02,06,Trial,05
33215,可是呀，她都活了好几百年了，脑袋多少有点老年痴呆也不奇怪吧？,coco,02,06,Trial,05
33216,诺亚也经常这样，刚想做点什么，又很快改变主意，觉得“不想做啦～”什么的，这很正常！,noa,02,06,Trial,05
33217,……如果她真是诺亚所说的那种状态呢？,nanoka,02,06,Trial,05
33218,如果真是这样，那就代表她现在的存在与行动，正在产生自我矛盾。,nanoka,02,06,Trial,05
33219,……如果真是这样，那我们只要指出这一点，也许就能让她重新考虑计划了！,hanna,02,06,Trial,05
33220,真、真的会有这么顺利吗……？,miria,02,06,Trial,05
33221,……前提是，如果【吾辈的魔法还能起到些许效果】的话……,anan,02,06,Trial,05
33222,只要能说服她同意我们的意见，或许就能某种程度上左右她的行动。,anan,02,06,Trial,05
33223,……也许值得赌一把。,alisa,02,06,Trial,05
33224,在这个局面下，或许这真是最有可能阻止大魔女的方法了！,sherry,02,06,Trial,05
33225,（小雪行动中的矛盾……如果想阻止她实施计划，就必须抓住这些矛盾，并当面指出来……！）,ema,02,06,Trial,05
33226,说不上是稳妥的手段,@choice |#0206Trial05_Choice001| button:ChoiceButtons/Trial/Objection handler:Trial,02,06,Trial,05
33227,返回,@choice |#Common_Return| button:ChoiceButtons/Trial/Cancel handler:Trial,02,06,Trial,05
33228,没必要控制扩散,@choice |#0206Trial05_Choice002| button:ChoiceButtons/Trial/Objection handler:Trial,02,06,Trial,05
33229,不需要顾及影响,@choice |#0206Trial05_Choice003| button:ChoiceButtons/Trial/Objection handler:Trial,02,06,Trial,05
33230,根本没必要做朋友,@choice |#0206Trial05_Choice004| button:ChoiceButtons/Trial/Objection handler:Trial,02,06,Trial,05
33231,你根本没必要去死,@choice |#0206Trial05_Choice005| button:ChoiceButtons/Trial/Objection handler:Trial,02,06,Trial,05
33232,……这真的能算是【稳妥的手段】吗？,ema,02,06,Trial,05
33233,就算不靠近人类身边，监视人类对你来说也不难吧……？,ema,02,06,Trial,05
33234,要观察人类的动向，接近人类是最有效的方式。,yuki,02,06,Trial,05
33235,内燃机、化学武器、电子设备、基因编辑、核裂变……,yuki,02,06,Trial,05
33236,每隔短短几十年，就会发生一次技术革新，而且这些革新甚至能彻底改变人类生活方式。,yuki,02,06,Trial,05
33237,只要稍不注意，人类马上就会制造出新的威胁……,yuki,02,06,Trial,05
33238,亲眼见证同胞被人类灭绝，令我学会了一件事。,yuki,02,06,Trial,05
33239,绝不能将目光从人类身上移开。,yuki,02,06,Trial,05
33240,所以我必须近距离持续监视。,yuki,02,06,Trial,05
33241,游走各地，避开战乱，寻找容易混入人群中的地方，虎视眈眈地等着灭绝人类的机会到来……,yuki,02,06,Trial,05
33242,这并没有任何不合理之处吧？艾玛。,yuki,02,06,Trial,05
33243,好了，审判过家家该结束了。……继续争辩也只是浪费时间。,yuki,02,06,Trial,05
33244,（呜……！或许小雪说的是对的……！）,ema,02,06,Trial,05
33245,（但是……总觉得有种违和感）,ema,02,06,Trial,05
33246,（刚才说的这些话和小雪的行动之间……有没有什么矛盾之处呢……？）,ema,02,06,Trial,05
33247,是这样吗……我觉得根本没必要控制人类吧。,ema,02,06,Trial,05
33248,人类会到处移动，飞遍世界各地……,ema,02,06,Trial,05
33249,就算放着不管，魔女因子也会自然扩散开来吧？,ema,02,06,Trial,05
33250,魔女因子不同于细菌或病毒，并不是靠物理接触来传播的。,yuki,02,06,Trial,05
33251,它极度依赖人类的心灵与精神状态。,yuki,02,06,Trial,05
33252,正因如此，为了让魔女因子更有效地传播，我必须不断扩散人类之间的【恶意】。,yuki,02,06,Trial,05
33253,……再说，凡事都有例外。,yuki,02,06,Trial,05
33254,好了，审判过家家该结束了。……继续争辩也只是浪费时间。,yuki,02,06,Trial,05
33255,（呜……！或许小雪的言行……并没有矛盾）,ema,02,06,Trial,05
33256,（但是……总觉得有种违和感）,ema,02,06,Trial,05
33257,（刚才说的这些话和小雪的行动之间……有没有什么矛盾之处呢……？）,ema,02,06,Trial,05
33258,可是，预备魔女根本没造成多大影响吧……？,ema,02,06,Trial,05
33259,我们就算加上梅露露，也才只有十三个人……,ema,02,06,Trial,05
33260,我们这点人根本做不了什么……！,ema,02,06,Trial,05
33261,全世界还有许许多多和你们一样的预备魔女。,yuki,02,06,Trial,05
33262,而你们之所以被聚集起来关进这座监牢，正是因为人们认为你们的魔法非常危险，很可能扰乱世间的秩序。,yuki,02,06,Trial,05
33263,一旦魔女因子被科学研究清楚了，人类很可能研发出相应的对策……,yuki,02,06,Trial,05
33264,比如所谓【杀死魔女的药】……便是人类用科技开发出来的【对策】之一，用于杀死长生不死的存在。,yuki,02,06,Trial,05
33265,正因如此，为了防止人类过度警戒，我才要在预备魔女变得太多之前调整数量。,yuki,02,06,Trial,05
33266,调整数量……,ema,02,06,Trial,05
33267,……没错。至于具体怎么调整，就任由你自行想像了。,yuki,02,06,Trial,05
33268,好了，审判过家家该结束了。……继续争辩也只是浪费时间。,yuki,02,06,Trial,05
33269,（不行……！小雪的话好像没有什么矛盾……！）,ema,02,06,Trial,05
33270,（但是……总觉得有种违和感）,ema,02,06,Trial,05
33271,（刚才说的这些话和小雪的行动之间……有没有什么矛盾之处呢……？）,ema,02,06,Trial,05
33272,不……你根本没必要和我做朋友吧。,ema,02,06,Trial,05
33273,做这种事……也没有意义……,ema,02,06,Trial,05
33274,当然有意义。,yuki,02,06,Trial,05
33275,你对我毫无疑心。,yuki,02,06,Trial,05
33276,无论我的出身，还是过去……你都从未在意过，始终愿意和我相处。,yuki,02,06,Trial,05
33277,对我来说，这是一件非常方便的事。,yuki,02,06,Trial,05
33278,……因为很麻烦啊。每次都要编造不存在的个人资料。,yuki,02,06,Trial,05
33279,你既不会怀疑，也不会追问，实在是太好利用了。,yuki,02,06,Trial,05
33280,（呜……！小雪真的只是……假装和我做朋友吗……！？）,ema,02,06,Trial,05
33281,（但是……总觉得有种违和感）,ema,02,06,Trial,05
33282,（刚才说的这些话和小雪的行动之间……有没有什么矛盾之处呢……？）,ema,02,06,Trial,05
33283,……真的，是这样吗？,ema,02,06,Trial,05
33284,那你又为什么……要选择自杀呢？,ema,02,06,Trial,05
33285,…………,yuki,02,06,Trial,05
33286,你说，自己混入人类社会，是为了确认魔女因子的扩散情况。,ema,02,06,Trial,05
33287,但是你中途放弃了。,ema,02,06,Trial,05
33288,到底是为什么呢？,ema,02,06,Trial,05
33289,…………,yuki,02,06,Trial,05
33290,因为没有必要了。,yuki,02,06,Trial,05
33291,魔女因子已经遍布了所有人类。,yuki,02,06,Trial,05
33292,接下来只要艾玛你成为魔女，杀死魔女的魔法就会将一切屠戮殆尽。,yuki,02,06,Trial,05
33293,所以我才把残存的最后力量分给了艾玛。,yuki,02,06,Trial,05
33294,我本人已经不再是计划里必要的一环，就舍弃了……,yuki,02,06,Trial,05
33295,这有什么问题吗？,yuki,02,06,Trial,05
33296,问题在于——,ema,02,06,Trial,05
33297,没有问题,@choice |#0206Trial05_Choice006|,02,06,Trial,05
33298,交出魔法的做法有问题,@choice |#0206Trial05_Choice007|,02,06,Trial,05
33299,交出魔法的对象有问题,@choice |#0206Trial05_Choice008|,02,06,Trial,05
33300,你说的话……没有问题。,ema,02,06,Trial,05
33301,话虽如此，我还是不能理解你为什么要自杀……！,ema,02,06,Trial,05
33302,一定还有别的原因！,ema,02,06,Trial,05
33303,即便如此，也还是【没有问题】，对吧？,yuki,02,06,Trial,05
33304,那就应该接受才对，艾玛。,yuki,02,06,Trial,05
33305,接受你的命运……使用【杀死魔女的魔法】，毁灭整个世界的命运。,yuki,02,06,Trial,05
33306,这、这……！,ema,02,06,Trial,05
33307,我之所以将魔法托付给你，就是为了亲眼见证这景象。,yuki,02,06,Trial,05
33308,拜托了，艾玛……<color=#6B85D0><b>【请让我看到一切的终结】</b></color>。,yuki,02,06,Trial,05
33309,（呃……！好想听从……好想照着她说的去做……！）,ema,02,06,Trial,05
33310,（不行……！我要保持清醒……！）,ema,02,06,Trial,05
33311,（她的行动有哪里不对，是哪里不对劲……）,ema,02,06,Trial,05
33312,（小雪行为中的问题点，那就是……！）,ema,02,06,Trial,05
33313,问题在于，你把魔法交给了身为人类的我。,ema,02,06,Trial,05
33314,从你的角度来看，我是【敌人】才对……,ema,02,06,Trial,05
33315,可你却把重要的魔法交给你的敌人——人类，这太奇怪了！,ema,02,06,Trial,05
33316,这并不奇怪，艾玛。,yuki,02,06,Trial,05
33317,我一直在思考，到底什么样的灭亡才最适合人类。,yuki,02,06,Trial,05
33318,我的结论是——让人类【同类互相残杀直至灭绝】。,yuki,02,06,Trial,05
33319,一切因果，最终都归于自身……,yuki,02,06,Trial,05
33320,临终时刻，人类终将悔悟——悔悟他们当初灭绝魔女的愚行。,yuki,02,06,Trial,05
33321,这就是我的愿望。,yuki,02,06,Trial,05
33322,（小雪……你竟然是这么想的……！）,ema,02,06,Trial,05
33323,（……不行，不能被她的花言巧语骗了……！她的行为有哪里不对劲……！）,ema,02,06,Trial,05
33324,（小雪行为中的问题点，那就是……！）,ema,02,06,Trial,05
33325,当然有问题。,ema,02,06,Trial,05
33326,这会让你自身变得无法再控制这场计划。,ema,02,06,Trial,05
33327,你说，把【残存的最后力量】分给了我……,ema,02,06,Trial,05
33328,如果真是那样，那么在遇见我之前，你应该还是身为长生不死的魔女才对。,ema,02,06,Trial,05
33329,可你不但把发动计划最终的钥匙交给他人……而且在那之后，连自己的肉体都失去了……,ema,02,06,Trial,05
33330,这根本不像是耗费几百年布下的缜密计划。,ema,02,06,Trial,05
33331,……是这样啊。,hiro,02,06,Trial,05
33332,我在上一个世界里，听见过小雪的声音……,hiro,02,06,Trial,05
33333,【……喂，希罗。艾玛被杀了】,yuki,02,06,Trial,05
33334,【我真的很失望。又得从头去找替代品了】,yuki,02,06,Trial,05
33335,按照她自己所言，只要艾玛一死，小雪的计划就会被迫停滞……,hiro,02,06,Trial,05
33336,换句话说，小雪明知道这么做会有让计划延期的风险，却仍然选择将魔法交给艾玛。,hiro,02,06,Trial,05
33337,而且艾玛连预备魔女都不是，她却还特意把魔法交给了她……,hiro,02,06,Trial,05
33338,小雪一定有不得不这么做的理由。,hiro,02,06,Trial,05
33339,……那只是我一时兴起罢了。,yuki,02,06,Trial,05
33340,我们这些原初的魔女，可是远远凌驾于你们人类之上的高级种族。,yuki,02,06,Trial,05
33341,不要用你们的常识……来解释我。,yuki,02,06,Trial,05
33342,确实，我的行为未必每一个都称得上合理。,yuki,02,06,Trial,06
33343,……你承认自己是被情绪驱动的吗？,nanoka,02,06,Trial,06
33344,是的。如今再继续掩饰这个事实也没有意义。,yuki,02,06,Trial,06
33345,"我的一切行动本就是<link=""Objection_02_06_06_01"">为了复仇</link>。",yuki,02,06,Trial,06
33346,因同胞被杀所带来的愤怒、悲伤、怨恨、憎恶……,yuki,02,06,Trial,06
33347,为了告慰这些感情，我不停思索着，应该让人类以怎样凄惨的死状迎来末日。,yuki,02,06,Trial,06
33348,简单粗暴地说，这样的做法的确可以被分类为——【感情用事】吧。,yuki,02,06,Trial,06
33349,"……不过，你们也喜欢这样吧？<link=""Objection_02_06_06_02"">随心所欲</link>、全凭情绪地行动……",yuki,02,06,Trial,06
33350,"诺亚也不会做自己<link=""Objection_02_06_06_03"">不愿意的事</link>。",noa,02,06,Trial,06
33351,那，说不定你们也能理解我。,yuki,02,06,Trial,06
33352,也就是说，哪怕我的行为看起来并不合理，那也只是因为你们无法理解罢了。……仅此而已。,yuki,02,06,Trial,06
33353,"由【<link=""Objection_02_06_06_04"">身为人类的艾玛动手</link>，亲自给人类致命一击】……这才是我复仇的完美落幕。",yuki,02,06,Trial,06
33354,"我所做的每一件事，都是为了<link=""Objection_02_06_06_05"">让人类饱受折磨</link>所必需的步骤。",yuki,02,06,Trial,06
33355,把杀死魔女的魔法交给艾玛，也没什么值得大惊小怪的吧。,yuki,02,06,Trial,06
33356,小雪……你原来这么憎恨人类……,ema,02,06,Trial,06
33357,……唔——真的有那么恨吗？,noa,02,06,Trial,06
33358,……欸？,ema,02,06,Trial,06
33359,小雪在说谎哦。,noa,02,06,Trial,06
33360,……！,ema,02,06,Trial,06
33361,……是啊。我也觉得诺亚说得没错。,margo,02,06,Trial,06
33362,她不过是在胡乱堆砌些空洞的借口罢了。,margo,02,06,Trial,06
33363,……至少，在我看来是这样哦？,margo,02,06,Trial,06
33364,（我和她们看到的东西，可能真的不一样……）,ema,02,06,Trial,06
33365,（但……如果她们感受到的才是真相，那一切或许就能说得通了）,ema,02,06,Trial,06
33366,（小雪想要掩盖的部分……我要把它揭露出来……！）,ema,02,06,Trial,06
33367,感情用事是错误的,@choice |#0206Trial06_Choice001| button:ChoiceButtons/Trial/Objection handler:Trial,02,06,Trial,06
33368,返回,@choice |#Common_Return| button:ChoiceButtons/Trial/Cancel handler:Trial,02,06,Trial,06
33369,人类本就是感情动物,@choice |#0206Trial06_Choice002| button:ChoiceButtons/Trial/Approval handler:Trial,02,06,Trial,06
33370,小雪也不会做自己不愿意的事,@choice |#0206Trial06_Choice003| button:ChoiceButtons/Trial/Approval handler:Trial,02,06,Trial,06
33371,那不能说是人类动的手,@choice |#0206Trial06_Choice004| button:ChoiceButtons/Trial/Objection handler:Trial,02,06,Trial,06
33372,人类不会受到折磨,@choice |#0206Trial06_Choice005| button:ChoiceButtons/Trial/Objection handler:Trial,02,06,Trial,06
33373,但是，只凭感情用事是不对的……！,ema,02,06,Trial,06
33374,被一时的感情冲昏头脑，不会有什么好事的！,ema,02,06,Trial,06
33375,艾玛你现在这种感受，同样也是被感情所驱使的……,yuki,02,06,Trial,06
33376,感情终究不过是意志的流露而已。,yuki,02,06,Trial,06
33377,而且，度过漫长悠久的岁月，心怀至今的意志，不能称之为“一时的感情”吧。,yuki,02,06,Trial,06
33378,这意志，就是我存在的意义本身……,yuki,02,06,Trial,06
33379,来，艾玛。一起毁灭人类吧。,yuki,02,06,Trial,06
33380,（不行……！对现在的小雪，劝说是没有用的……！）,ema,02,06,Trial,06
33381,（小雪内心深藏的感情……我要把它揭示出来……！）,ema,02,06,Trial,06
33382,……你说得对。人就是感情的动物。,ema,02,06,Trial,06
33383,有时会因此而迷失方向……有时也会因此而团结一致……！,ema,02,06,Trial,06
33384,小雪你们魔女，不也是这样吗！,ema,02,06,Trial,06
33385,和我们人类一样！但却单方面地杀人……这是错的！,ema,02,06,Trial,06
33386,错误的是人类的存在方式。,yuki,02,06,Trial,06
33387,魔女和野蛮的人类不同，我们是理性的。,yuki,02,06,Trial,06
33388,但却被人类灭绝……,yuki,02,06,Trial,06
33389,因此，就由我来纠正你们的错误。,yuki,02,06,Trial,06
33390,……感谢我吧，艾玛。,yuki,02,06,Trial,06
33391,（不行……！对现在的小雪，劝说是没有用的……！）,ema,02,06,Trial,06
33392,（小雪内心深藏的感情……我要把它揭示出来……！）,ema,02,06,Trial,06
33393,这场复仇……真的说得上是【人类动的手】吗？,ema,02,06,Trial,06
33394,即使我发动了杀死魔女的魔法，魔女因子也是你散播出去的……,ema,02,06,Trial,06
33395,制定计划的也是你……,ema,02,06,Trial,06
33396,不能算是【由人类之手完成了复仇】吧！,ema,02,06,Trial,06
33397,是呢。,yuki,02,06,Trial,06
33398,准确来说，是我和人类的合作？,yuki,02,06,Trial,06
33399,但是啊，艾玛。,yuki,02,06,Trial,06
33400,事到如今，那些细节已经不那么重要了。,yuki,02,06,Trial,06
33401,【由人类亲手了结】就像是料理完成前最后撒上的，用于点缀的一撮佐料……,yuki,02,06,Trial,06
33402,没有就没有，也无伤大雅。,yuki,02,06,Trial,06
33403,来，艾玛，握住我的手。一同毁灭人类吧。,yuki,02,06,Trial,06
33404,（不行……！对现在的小雪，劝说是没有用的……！）,ema,02,06,Trial,06
33405,（小雪内心深藏的感情……我要把它揭示出来……！）,ema,02,06,Trial,06
33406,就算你做了这些，人类也不会受到折磨的。,ema,02,06,Trial,06
33407,当时迫害魔女的人早就不在人世，已经没有人记得了。,ema,02,06,Trial,06
33408,就算你灭绝了人类，也没有人会忏悔，没有人会被罪恶感折磨……,ema,02,06,Trial,06
33409,你的所作所为，不过是毫无意义的自我满足！,ema,02,06,Trial,06
33410,就算如此，那又怎么样呢？,yuki,02,06,Trial,06
33411,人类或许什么都不会思考。,yuki,02,06,Trial,06
33412,对人类来说，或许仅仅只是【不知不觉间就灭绝了】而已。,yuki,02,06,Trial,06
33413,即便如此，我的目的也已经达成。,yuki,02,06,Trial,06
33414,那就是从这个世界上抹杀所有人类……,yuki,02,06,Trial,06
33415,这样，死去的魔女们也会高兴的。,yuki,02,06,Trial,06
33416,当时灭绝了魔女的愚蠢人类们，或许正在地狱里发出绝望和怨恨的叫喊。,yuki,02,06,Trial,06
33417,这才是，失去一切的我，唯一残留的【希望】……,yuki,02,06,Trial,06
33418,（不行……！对现在的小雪，劝说是没有用的……！）,ema,02,06,Trial,06
33419,（小雪内心深藏的感情……我要把它揭示出来……！）,ema,02,06,Trial,06
33420,如果小雪你说的都是真的……,ema,02,06,Trial,06
33421,那不就意味着，小雪你【不想自己亲手杀死人类】吗？,ema,02,06,Trial,06
33422,对啊——,noa,02,06,Trial,06
33423,如果小雪没有说谎，意思就是【她只会做自己想做的事】……,noa,02,06,Trial,06
33424,和诺亚一样呢！,noa,02,06,Trial,06
33425,……但那也就是说，【不想做的事就不做】吧？,noa,02,06,Trial,06
33426,诺亚也是，经常拖延症呢……,noa,02,06,Trial,06
33427,…………,yuki,02,06,Trial,06
33428,不。我只是觉得哪种都没所谓。,yuki,02,06,Trial,06
33429,无论人类是自取灭亡……还是反之。,yuki,02,06,Trial,06
33430,……那可就奇怪了。,alisa,02,06,Trial,06
33431,要真是【哪种都可以】的话，按理来说，应该更加不会特意选择“不够万无一失”的方法吧？,alisa,02,06,Trial,06
33432,确实很可疑呢。,sherry,02,06,Trial,06
33433,简直就像其实不想毁灭人类一样……,sherry,02,06,Trial,06
33434,让人有这种感觉！,sherry,02,06,Trial,06
33435,……没有那回事。,yuki,02,06,Trial,06
33436,就结果而言，人类迟早都会灭亡，这一点是不会改变的……,yuki,02,06,Trial,06
33437,而且我，有复仇的理由。,yuki,02,06,Trial,06
33438,所以，我必须将人类从这个世界上抹去。,yuki,02,06,Trial,06
33439,我们魔女一直隐居在这座孤岛上，过着与世无争的生活。,yuki,02,06,Trial,07
33440,虽然曾经和人类有过一些交流，但我们魔女之间协商后，还是决定不再干涉人类的生活。,yuki,02,06,Trial,07
33441,人类无法使用魔法，是比魔女低级的种族……正因如此，我们才决定守望他们，认为那才是我们该扮演的角色。,yuki,02,06,Trial,07
33442,可惜……那是个错误的判断。,yuki,02,06,Trial,07
33443,当人类的文明得以飞速发展，他们却反过来袭击了我们的岛屿。,yuki,02,06,Trial,07
33444,我们在岛上固守防御，拼命抵抗……,yuki,02,06,Trial,07
33445,"可人类却使用了抓人质、毒药、偷袭等卑劣手段，逐一捕获、<link=""Objection_02_06_07_01"">处决</link>了我们的同胞。",yuki,02,06,Trial,07
33446,"到头来，其他魔女全都<link=""Objection_02_06_07_02"">不在了</link>，只剩我独活至今。",yuki,02,06,Trial,07
33447,她们一定心有不甘吧。一定悔恨万分吧。,yuki,02,06,Trial,07
33448,"如今，<link=""Objection_02_06_07_03"">知晓她们心情的</link>……已经只有我一个了。",yuki,02,06,Trial,07
33449,"我身上背负着<link=""Objection_02_06_07_04"">所有死去魔女</link>的恨意。",yuki,02,06,Trial,07
33450,"正因如此，哪怕只是<link=""Objection_02_06_07_05"">消极</link>的执念，我也无法停下……我<link=""Objection_02_06_07_06"">不可以</link>停下。",yuki,02,06,Trial,07
33451,小雪她……原来是为了同伴……,ema,02,06,Trial,07
33452,但……那终究是种【诅咒】。,leia,02,06,Trial,07
33453,若被死者束缚，就永远无法向前迈进……,leia,02,06,Trial,07
33454,……如果有人能听到死者说的话就方便了。,nanoka,02,06,Trial,07
33455,要是有能办到那种事的家伙，早就已经出手了吧。,alisa,02,06,Trial,07
33456,唔～还有没有其他人能想到什么办法呢～？能阻止小雪的方法……,noa,02,06,Trial,07
33457,（……拥有【我们所不知道的情报】的人……？）,ema,02,06,Trial,07
33458,（既然记忆已经共享过了，那也许只能是【我们都不认识的人】才行……）,ema,02,06,Trial,07
33459,要怎么杀死魔女？,@choice |#0206Trial07_Choice001| button:ChoiceButtons/Trial/Question handler:Trial,02,06,Trial,07
33460,返回,@choice |#Common_Return| button:ChoiceButtons/Trial/Cancel handler:Trial,02,06,Trial,07
33461,【幻视】,nanoka,02,06,Trial,07
33462,【千里眼】,coco,02,06,Trial,07
33463,【模仿】,margo,02,06,Trial,07
33464,【视线诱导】,leia,02,06,Trial,07
33465,【洗脑】,anan,02,06,Trial,07
33466,……奈叶香！这座岛过去的记忆……你能不能读取出来呢！？,ema,02,06,Trial,07
33467,做不到。,nanoka,02,06,Trial,07
33468,这样啊……,ema,02,06,Trial,07
33469,就这样轻易放弃了吗——！？,hanna,02,06,Trial,07
33470,……我的魔法原本就不是想发动就可以发动的。,nanoka,02,06,Trial,07
33471,之前可能是波长对上了……让我偶然看到了过去的景象而已。,nanoka,02,06,Trial,07
33472,现在失去了因魔女化而强化的力量，就更无法获取到想要的特定信息了。,nanoka,02,06,Trial,07
33473,……奈叶香，对不起。,ema,02,06,Trial,07
33474,……该说对不起的是我。关键时刻没能帮上忙……,nanoka,02,06,Trial,07
33475,（不能勉强奈叶香……）,ema,02,06,Trial,07
33476,（【想要的特定信息】……有没有谁能使出这种魔法呢？）,ema,02,06,Trial,07
33477,玛格！可不可以试着模仿小雪认识的人说话，看看能不能说服她……！,ema,02,06,Trial,07
33478,比如以前的家人……朋友之类的……那样或许就能打动她的心……！,ema,02,06,Trial,07
33479,哎呀，你的想法真有趣。,margo,02,06,Trial,07
33480,但很遗憾，我模仿不了没有听过的声音。,margo,02,06,Trial,07
33481,或许在以前魔女化的状态下还有可能做到……,margo,02,06,Trial,07
33482,但现在的我，无能为力呢。,margo,02,06,Trial,07
33483,这样啊……对不起，玛格。,ema,02,06,Trial,07
33484,（靠玛格的魔法，或许无法说服小雪……）,ema,02,06,Trial,07
33485,（连玛格都不知道的，故人的音色……有没有人会知道呢……）,ema,02,06,Trial,07
33486,蕾雅！用视线诱导的魔法，能让小雪的想法变得积极起来吗……？,ema,02,06,Trial,07
33487,……很遗憾，没有能让她瞩目的方向。,leia,02,06,Trial,07
33488,首先应该要找出我们应该前往的【方向】才行呢。,leia,02,06,Trial,07
33489,这样啊……对不起，蕾雅。,ema,02,06,Trial,07
33490,（靠蕾雅的魔法，或许很难改变小雪的观点……）,ema,02,06,Trial,07
33491,（……能触动她内心的信息……有没有人知道呢？）,ema,02,06,Trial,07
33492,安安！用你的魔法能够说服小雪吗……！,ema,02,06,Trial,07
33493,从刚才开始就已经试过好几次了！,anan,02,06,Trial,07
33494,吾辈的魔法必须要先让对方一定程度上信服吾辈，才能起效……！,anan,02,06,Trial,07
33495,那个顽固的家伙！那家伙的想法太坚定了！,anan,02,06,Trial,07
33496,必须找到能【说服那家伙的信息】才行……！,anan,02,06,Trial,07
33497,这样啊……对不起，安安。,ema,02,06,Trial,07
33498,（为了让安安的魔法能充分发挥效果，必须先找到一些能说服小雪的信息……！）,ema,02,06,Trial,07
33499,（……能触动她内心的信息……有没有人知道呢？）,ema,02,06,Trial,07
33500,处决魔女……？这是怎么做到的？,ema,02,06,Trial,07
33501,就算有，你觉得我会告诉人类吗？,yuki,02,06,Trial,07
33502,……啊！……对不起。,ema,02,06,Trial,07
33503,艾玛真是坦率啊。,yuki,02,06,Trial,07
33504,作为奖励，告诉你也无妨。……反正已经无所谓了。,yuki,02,06,Trial,07
33505,……我们魔女，只要被杀就会死。就像我自杀那时候一样。,yuki,02,06,Trial,07
33506,所谓的长生不死，仅仅是不会衰老，以及能用魔法治疗伤病而已……,yuki,02,06,Trial,07
33507,和我用魔女因子改造的怪物【魔女】相比，要脆弱得多了。,yuki,02,06,Trial,07
33508,会被淹死。被烧死。,yuki,02,06,Trial,07
33509,被吊死。被刺穿心脏而死。,yuki,02,06,Trial,07
33510,就这样，大家都死了。,yuki,02,06,Trial,07
33511,一个不留地……被人类杀死了。,yuki,02,06,Trial,07
33512,……小雪，让你回忆起这些事，我很抱歉……,ema,02,06,Trial,07
33513,不。没关系的，艾玛。,yuki,02,06,Trial,07
33514,我的同胞……魔女的苦难，就是你们人类必须背负的原罪。,yuki,02,06,Trial,07
33515,我们确实无法得知她们的心情。可是……,ema,02,06,Trial,07
33516,也许还有其他人知道……！,ema,02,06,Trial,07
33517,比如现在正在看着这个状况的，某个人……！,ema,02,06,Trial,07
33518,好样的，艾玛亲！我也是这么想的！,coco,02,06,Trial,07
33519,只要用我的【千里眼】……连另一个世界的已经魔女化的我自己是什么样子都能看见！,coco,02,06,Trial,07
33520,看过我直播的总有一个会知道吧！,coco,02,06,Trial,07
33521,……这么随便，到底行不行啊。,alisa,02,06,Trial,07
33522,总会有办法的！没办法的话就死呗！,coco,02,06,Trial,07
33523,来来来，全世界的100亿万粉丝，有在看吗～！,coco,02,06,Trial,07
33524,知道的家人们，快把【能证明大魔女说的是错的证据】扣在公屏上！,coco,02,06,Trial,07
33525,……啊，你们这些正在看直播的，特别是懂哥，给我把弹幕刷起来～！！,coco,02,06,Trial,07
33526,嗯～？就这～？,coco,02,06,Trial,07
33527,不对不对，这种事我们早就知道啦！,coco,02,06,Trial,07
33528,我再说一次哈……,coco,02,06,Trial,07
33529,我们彼此之间至今为止所有的情报已经全～部都共享啦！用米莉亚大叔的魔法！,coco,02,06,Trial,07
33530,所以说，就算是在别的世界里看到的，只要是艾玛亲、希罗亲……她们这些已经在这里的人看过一次的【记忆】，我们也都已经拥有啦。,coco,02,06,Trial,07
33531,也～就～是～说。有没有我们这里13个人都不知道的那种……,coco,02,06,Trial,07
33532,……超级绝密情报啊？来点来点。,coco,02,06,Trial,07
33533,拜托啦～！现在就只能靠你一个了耶！,coco,02,06,Trial,07
33534,……啊？这是？,coco,02,06,Trial,07
33535,……嚯嚯。,coco,02,06,Trial,07
33536,哈～原来如此啦……,coco,02,06,Trial,07
33537,怎、怎么了可可，有什么发现吗……！,ema,02,06,Trial,07
33538,……搞定！,coco,02,06,Trial,07
33539,屏幕前的家人好像听见过什么声音……,coco,02,06,Trial,07
33540,说是收到了岛上的大魔女留下的讯息哦！,coco,02,06,Trial,07
33541,岛上的……大魔女……,yuki,02,06,Trial,07
33542,对对。不过应该是跟这家伙不同的另一个人？大魔女貌似不止一个人……,coco,02,06,Trial,07
33543,好像是说什么停滞什么的，还有什么不好的预言，已经接受了毁灭的命运……之类的？,coco,02,06,Trial,07
33544,……怎么、可能……,yuki,02,06,Trial,07
33545,哈？不不，据说那家伙真的是这么说的啊。,coco,02,06,Trial,07
33546,……她说，【不希望向人类复仇】。,coco,02,06,Trial,07
33547,………！,yuki,02,06,Trial,07
33548,她还说，希望你能幸福。,coco,02,06,Trial,07
33549,结～果你却干出这种事……,coco,02,06,Trial,07
33550,——你现在做的这些，难道不是在背叛那家伙吗！？,coco,02,06,Trial,07
33551,…………,yuki,02,06,Trial,07
33552,……现在知道已经晚了。,yuki,02,06,Trial,07
33553,………！,ema,02,06,Trial,07
33554,我不会停下……我也不能停下……,yuki,02,06,Trial,07
33555,为了实现……灭绝人类的夙愿……！,yuki,02,06,Trial,07
33556,……即使岛上的魔女们并不希望复仇。,yuki,02,06,Trial,08
33557,我也会为自己复仇。,yuki,02,06,Trial,08
33558,人类夺走了我的一切，必须灭绝。,yuki,02,06,Trial,08
33559,如果没有任何人能让人类承担责任，那么就由我来裁决。,yuki,02,06,Trial,08
33560,"<link=""Objection_02_06_08_01"">人类是愚蠢的</link>。因此，没有任何一个人值得被拯救。",yuki,02,06,Trial,08
33561,上古的魔女们没有意识到这一点……她们遵循着不可争斗的古训，却只迎来了灭亡。,yuki,02,06,Trial,08
33562,"但<link=""Objection_02_06_08_02"">我不同</link>。",yuki,02,06,Trial,08
33563,"我<link=""Objection_02_06_08_03"">很久以前就明白了</link>这个道理。人类太愚蠢……不值得相信。",yuki,02,06,Trial,08
33564,"上古的魔女们<link=""Objection_02_06_08_04"">误以为</link>人类和她们一样是拥有智慧的生命。",yuki,02,06,Trial,08
33565,我……没有错。,yuki,02,06,Trial,08
33566,"为了证明这一点……我<link=""Objection_02_06_08_05"">没有退路</link>。",yuki,02,06,Trial,08
33567,小雪……果然我还是……没有能力说服她……,ema,02,06,Trial,08
33568,……是沉没成本谬误。,margo,02,06,Trial,08
33569,长年以来，她为这场复仇付出了这么多的时间与劳力。,margo,02,06,Trial,08
33570,应该不会因为只是被别人说几句就停手吧？,margo,02,06,Trial,08
33571,因为至今为止付出的心血全都会白费……,nanoka,02,06,Trial,08
33572,……对于一心靠着复仇念头才存活至今的她来说，一定很痛苦。,nanoka,02,06,Trial,08
33573,但是我们不也活了十几年了吗！,sherry,02,06,Trial,08
33574,如果把在场所有人活过的时间加起来，大概能抵得上一半吧！,sherry,02,06,Trial,08
33575,谁跟你说这个了……,alisa,02,06,Trial,08
33576,我们之中还有一个超规格的家伙……,coco,02,06,Trial,08
33577,……话说回来，那家伙，嘴上说着要灭绝人类，言行却又很有人味。,anan,02,06,Trial,08
33578,诺亚觉得小雪和我们也没什么太大区别……,noa,02,06,Trial,08
33579,（小雪她……和我们一样……？）,ema,02,06,Trial,08
33580,（……如果有什么理由能说服她接受这一点的话……！）,ema,02,06,Trial,08
33581,因人而异,@choice |#0206Trial08_Choice001| button:ChoiceButtons/Trial/Objection handler:Trial,02,06,Trial,08
33582,返回,@choice |#Common_Return| button:ChoiceButtons/Trial/Cancel handler:Trial,02,06,Trial,08
33583,魔女和人类很相似,@choice |#0206Trial08_Choice002| button:ChoiceButtons/Trial/Objection handler:Trial,02,06,Trial,08
33584,曾经相信过人类,@choice |#0206Trial08_Choice003| button:ChoiceButtons/Trial/Objection handler:Trial,02,06,Trial,08
33585,人类也有智慧,@choice |#0206Trial08_Choice004| button:ChoiceButtons/Trial/Objection handler:Trial,02,06,Trial,08
33586,放弃是很重要的,@choice |#0206Trial08_Choice005| button:ChoiceButtons/Trial/Objection handler:Trial,02,06,Trial,08
33587,我想那是因人而异的！,ema,02,06,Trial,08
33588,人类有好人，也有坏人……,ema,02,06,Trial,08
33589,不能一概而论！,ema,02,06,Trial,08
33590,真的是这样吗？,yuki,02,06,Trial,08
33591,一个人对于这个人来说，是带来救赎的救世主，也许，对那个人来说就是带来毁灭的刽子手……,yuki,02,06,Trial,08
33592,那么，可以说所有人类都拥有恶的潜质。,yuki,02,06,Trial,08
33593,谁能保证每一个人类都不是恶人呢？,yuki,02,06,Trial,08
33594,那是……！,ema,02,06,Trial,08
33595,正因为如此，人才会追求正确。,hiro,02,06,Trial,08
33596,在善与恶模糊不清的夹缝之中，努力追求自己所能做到的最大限度的正确！,hiro,02,06,Trial,08
33597,对哇！,hanna,02,06,Trial,08
33598,无论我们身处什么样的境地，都可以努力成为自己想成为的人！,hanna,02,06,Trial,08
33599,那份想要保持高尚的心，就是人类的善呀！,hanna,02,06,Trial,08
33600,……而且，要是每次做了一点小小的坏事都要受到惩罚的话，也太受不了了呢♡,margo,02,06,Trial,08
33601,做了坏事还是乖乖被惩罚吧！,coco,02,06,Trial,08
33602,（大家……！）,ema,02,06,Trial,08
33603,………,yuki,02,06,Trial,08
33604,（大家的气势把小雪压制住了……！）,ema,02,06,Trial,08
33605,（现在或许就是深入小雪内心的机会）,ema,02,06,Trial,08
33606,（小雪内心的矛盾……！就由我揭示出来……！）,ema,02,06,Trial,08
33607,小雪作为魔女，和我们长得也没什么两样……,ema,02,06,Trial,08
33608,而且还能像这样聊天。,ema,02,06,Trial,08
33609,我们没有什么不同……！一定能成为朋友的！,ema,02,06,Trial,08
33610,像你这样想的魔女都被人类杀害了。,yuki,02,06,Trial,08
33611,而且，拥有魔法的你们也同样受到迫害，现在就被囚禁在这座岛上……,yuki,02,06,Trial,08
33612,这不正是人类和魔女不同的证据吗。,yuki,02,06,Trial,08
33613,并不是我先区分人类。,yuki,02,06,Trial,08
33614,而是人类在歧视魔女。,yuki,02,06,Trial,08
33615,这、这个……,ema,02,06,Trial,08
33616,我觉得那不一样。,noa,02,06,Trial,08
33617,虽然不知道以前的人是怎么想的……,noa,02,06,Trial,08
33618,诺亚，想和小雪做朋友哦！,noa,02,06,Trial,08
33619,……未知是恐惧之源。,nanoka,02,06,Trial,08
33620,只要去了解对方，就不会再感到恐惧……,nanoka,02,06,Trial,08
33621,没错！我们需要的是沟通和共情！,leia,02,06,Trial,08
33622,看看这边！你的笑容会很美！,leia,02,06,Trial,08
33623,………,yuki,02,06,Trial,08
33624,（大家的气势把小雪压制住了……！）,ema,02,06,Trial,08
33625,（现在或许就是深入小雪内心的机会）,ema,02,06,Trial,08
33626,（小雪内心的矛盾……！就由我揭示出来……！）,ema,02,06,Trial,08
33627,不是那样的！,ema,02,06,Trial,08
33628,人也有智慧……！,ema,02,06,Trial,08
33629,所以我们才能像这样对话！,ema,02,06,Trial,08
33630,既然如此，为什么把我们赶尽杀绝？,yuki,02,06,Trial,08
33631,这真的是有智慧的生物应有的行动吗？,yuki,02,06,Trial,08
33632,你们人类，只有野蛮和愚蠢而已。,yuki,02,06,Trial,08
33633,或许……是这样吧。,ema,02,06,Trial,08
33634,确实……俗话说【笨蛋只有死了才能治好】。,alisa,02,06,Trial,08
33635,那都骗人的。看到过一次死过的记忆就懂了，像我这样的笨蛋就是死一次也治不好。,alisa,02,06,Trial,08
33636,……但是啊。我犯过一次的错误，不会再犯第二次。……绝对不会。,alisa,02,06,Trial,08
33637,……这就是人的决心！,alisa,02,06,Trial,08
33638,人……是会犯错的。,miria,02,06,Trial,08
33639,但是大叔我觉得，正因如此人才会反省！,miria,02,06,Trial,08
33640,人会学习、会成长……通过反省和后悔，让未来变得更好！,miria,02,06,Trial,08
33641,人……可以从头来过。,anan,02,06,Trial,08
33642,……这点，你也一样！,anan,02,06,Trial,08
33643,从头思考吧，大魔女月代雪！,anan,02,06,Trial,08
33644,………,yuki,02,06,Trial,08
33645,（大家的气势把小雪压制住了……！）,ema,02,06,Trial,08
33646,（现在或许就是深入小雪内心的机会）,ema,02,06,Trial,08
33647,（小雪内心的矛盾……！就由我揭示出来……！）,ema,02,06,Trial,08
33648,有时候……我觉得学会放弃也很重要！,ema,02,06,Trial,08
33649,因为谁都不知道未来会怎样啊。,ema,02,06,Trial,08
33650,努力很重要……但是如果状况变了，随机应变也很必要……！,ema,02,06,Trial,08
33651,你就是让我这样践踏同胞的死吗。,yuki,02,06,Trial,08
33652,就这样让我放弃长年的夙愿。,yuki,02,06,Trial,08
33653,那是你站在自己的立场上才能说出这种话。,yuki,02,06,Trial,08
33654,……我都这么努力了。,yuki,02,06,Trial,08
33655,<color=#6B85D0><b>【帮帮我吧】</b></color>，艾玛。,yuki,02,06,Trial,08
33656,呜……！？,ema,02,06,Trial,08
33657,【没必要那么做】，艾玛。,margo,02,06,Trial,08
33658,……你想，已经出现连小雪都不知道的情报了……不是吗？,margo,02,06,Trial,08
33659,出现新情报的瞬间，计划的大前提就已经分崩离析了。,margo,02,06,Trial,08
33660,纠正她的错误，才是作为朋友的好意，对不对？,margo,02,06,Trial,08
33661,推理一旦建立在错误的基础上，就已经不可能成立了。,sherry,02,06,Trial,08
33662,小雪的计划，对任何人都没有好处。当然，对她本人也是一样！,sherry,02,06,Trial,08
33663,所以请放心交给名侦探雪莉吧！我会把一切都粉碎给你看的！,sherry,02,06,Trial,08
33664,……把一切都粉碎掉那不就完蛋了。,coco,02,06,Trial,08
33665,但是啊……不用那么较劲也行吧？,coco,02,06,Trial,08
33666,像我们一样，只考虑轻松快乐的事情就好了嘛！,coco,02,06,Trial,08
33667,要不要来一起玩玩？直播！,coco,02,06,Trial,08
33668,直播间标题就叫【灭绝人类计划，我不干啦】！,coco,02,06,Trial,08
33669,………,yuki,02,06,Trial,08
33670,（大家的气势把小雪压制住了……！）,ema,02,06,Trial,08
33671,（现在或许就是深入小雪内心的机会）,ema,02,06,Trial,08
33672,（小雪内心的矛盾……！就由我揭示出来……！）,ema,02,06,Trial,08
33673,小雪，你在说谎！,ema,02,06,Trial,08
33674,……！,yuki,02,06,Trial,08
33675,虽然很想说，我们人类并不愚蠢……不过我也不敢把话说死啦。,ema,02,06,Trial,08
33676,但你也一定曾经信任过人类……！,ema,02,06,Trial,08
33677,证据就是……这个人！,ema,02,06,Trial,08
33678,我们曾经是朋友啊！,ema,02,06,Trial,08
33679,小雪你一定曾经信任过我的！,ema,02,06,Trial,08
33680,……如果是这样，那我就是被你这个朋友背叛了吧。,yuki,02,06,Trial,08
33681,欸……！,ema,02,06,Trial,08
33682,如果你要否定……那就和我一同让人类灭绝吧，艾玛。,yuki,02,06,Trial,08
33683,这、这个嘛……！？,ema,02,06,Trial,08
33684,（现在小雪内心正在动摇……！）,ema,02,06,Trial,08
33685,（指出小雪的弱点……！那就是，她！）,ema,02,06,Trial,08
33686,不知所谓。,yuki,02,06,Trial,08
33687,艾玛……和我一同让人类灭绝吧。,yuki,02,06,Trial,08
33688,（看来不是这个人……！）,ema,02,06,Trial,08
33689,（现在小雪内心正在动摇……！）,ema,02,06,Trial,08
33690,（指出小雪的弱点……！那就是，她！）,ema,02,06,Trial,08
33691,这个人就是……梅露露。,ema,02,06,Trial,08
33692,你说……我吗？,meruru,02,06,Trial,08
33693,对啊。,ema,02,06,Trial,08
33694,梅露露原本是不会使用魔法的普通人类……,ema,02,06,Trial,08
33695,是小雪捡到并抚养了她，梅露露是这么说的吧？,ema,02,06,Trial,08
33696,是、是的……但是——,meruru,02,06,Trial,08
33697,——但是，梅露露被当成实验体……,hiro,02,06,Trial,08
33698,小雪在她身上植入魔女因子，利用梅露露来灭绝人类——,hiro,02,06,Trial,08
33699,——有这种【可能性】。,hiro,02,06,Trial,08
33700,……艾玛。你说我的推测是错误的，对吧。,hiro,02,06,Trial,08
33701,……我、没有证据。,ema,02,06,Trial,08
33702,可是刚才小雪说——,ema,02,06,Trial,08
33703,我很久以前就明白了这个道理。人类太愚蠢……不值得相信。,yuki,02,06,Trial,08
33704,至少，这是不符合事实的。,ema,02,06,Trial,08
33705,小雪救了梅露露……那时候她应该还信任着人类。,ema,02,06,Trial,08
33706,不然，就不会捡到并抚养梅露露了。,ema,02,06,Trial,08
33707,……是、是的……,meruru,02,06,Trial,08
33708,大魔女大人……曾对我说过……,meruru,02,06,Trial,08
33709,她说我是……【家人】！,meruru,02,06,Trial,08
33710,那是，骗我的吗……？,meruru,02,06,Trial,08
33711,如果是的话……就请，实话告诉我。,meruru,02,06,Trial,08
33712,在您消失之后……我一直，一直在寻找您。,meruru,02,06,Trial,08
33713,但如果那只是我一厢情愿的误会……,meruru,02,06,Trial,08
33714,我想，这才能让我安详地结束这一切吧。,meruru,02,06,Trial,08
33715,所以……拜托您了，大魔女大人。,meruru,02,06,Trial,08
33716,请用您的手……亲自为我画上句号。,meruru,02,06,Trial,08
33717,……………,yuki,02,06,Trial,08
33718,………,yuki,02,06,Trial,08
33719,…………我拒绝。,yuki,02,06,Trial,08
33720,………！,meruru,02,06,Trial,08
33721,那是……为什么呢。,hiro,02,06,Trial,08
33722,你的计划是杀死全人类。,hiro,02,06,Trial,08
33723,梅露露也应该包含在内。,hiro,02,06,Trial,08
33724,但你却——无法践踏梅露露的感情。,hiro,02,06,Trial,08
33725,是这个意思吗。,hiro,02,06,Trial,08
33726,……对。,yuki,02,06,Trial,08
33727,没错。梅露露……是……例外。,yuki,02,06,Trial,08
33728,因为她不是……人类，是【魔女】……,yuki,02,06,Trial,08
33729,（小雪的心里，出现了一道小小的裂痕……）,ema,02,06,Trial,08
33730,（或许那裂痕还很微小……但是……！）,ema,02,06,Trial,08
33731,（也许趁现在就可以让小雪倾听我们的话……！）,ema,02,06,Trial,08
33732,……小雪。,ema,02,06,Trial,08
33733,让我再重新问你一次……！——你的意志是！！,ema,02,06,Trial,08
33734,小雪，你的行动是矛盾的……！,ema,02,06,Trial,09
33735,你根本就不希望人类灭绝！,ema,02,06,Trial,09
33736,不是那样的。,yuki,02,06,Trial,09
33737,我必须灭绝人类……,yuki,02,06,Trial,09
33738,<color=#9c8eff><b>【不要逃避】</b></color>！,anan,02,06,Trial,09
33739,不要停止思考！睁开眼睛，好好注视自己的行为！,anan,02,06,Trial,09
33740,你不过是盲目地相信了一个错误的结论而已。,leia,02,06,Trial,09
33741,如果你难以独立睁开双眼……那就用我的魔法，帮你正视自己！,leia,02,06,Trial,09
33742,人类这种东西就是必须毁灭的，愚蠢的存在……,yuki,02,06,Trial,09
33743,——不是那样的！,miria,02,06,Trial,09
33744,确实……人会犯错，还可能会做很残忍的事。,miria,02,06,Trial,09
33745,但是即使犯下罪行，人依然会学习、会反省……然后改过自新！,miria,02,06,Trial,09
33746,嗯！正因为我们软弱，才总会为了追求高尚而一次次重新站起来！,hanna,02,06,Trial,09
33747,……你也一定可以做到的！,hanna,02,06,Trial,09
33748,这不是我想要的……,yuki,02,06,Trial,09
33749,复仇是我唯一的夙愿……,yuki,02,06,Trial,09
33750,为什么要说谎？,noa,02,06,Trial,09
33751,其实那种事，早就已经无所谓了吧？,noa,02,06,Trial,09
33752,来，一起做点更开心的事情吧！,noa,02,06,Trial,09
33753,对对。【我好痛苦哦～】【我努力了这么久～】……这种话什么的。,coco,02,06,Trial,09
33754,你——是不是傻！？可以装作悲剧女主角的年龄，只到初中为止哦～！？,coco,02,06,Trial,09
33755,……我现在就能让全人类灭绝。,yuki,02,06,Trial,09
33756,可是……你做不到，对吧？,margo,02,06,Trial,09
33757,……承认不也挺好吗。因为这就是事实呀。,margo,02,06,Trial,09
33758,每个人都会对自己说谎。【我必须这样活着才行】之类的偏执念头，就是最典型的例子。,margo,02,06,Trial,09
33759,我一直觉得……感情是会风化磨损的。,sherry,02,06,Trial,09
33760,昨天还耿耿于怀的事，第二天睡醒就觉得无所谓了，这很正常！,sherry,02,06,Trial,09
33761,所以别再钻牛角尖啦！,sherry,02,06,Trial,09
33762,……即便如此，我……,yuki,02,06,Trial,09
33763,……你到底要拖泥带水地碎碎念这些到什么时候啊。,alisa,02,06,Trial,09
33764,你也意识到了吧？【说不定自己是错的】。,alisa,02,06,Trial,09
33765,……所以你害怕了。,alisa,02,06,Trial,09
33766,于是，你才把杀死魔女的魔法托付给了樱羽艾玛。,nanoka,02,06,Trial,09
33767,仿佛将命运交给骰子一般——,nanoka,02,06,Trial,09
33768,没有勇气扣下最后的扳机呢，你这个人。,nanoka,02,06,Trial,09
33769,…………,yuki,02,06,Trial,09
33770,我……会尊重大魔女大人的选择。,meruru,02,06,Trial,09
33771,如果您期望的是毁灭，我会陪着您，直到地狱的尽头。,meruru,02,06,Trial,09
33772,……但是。,meruru,02,06,Trial,09
33773,不论您期望的是什么，我心中的大魔女大人永远是大魔女大人。,meruru,02,06,Trial,09
33774,您永远……都是我重要的家人！,meruru,02,06,Trial,09
33775,拜托您……请遵从您最真实的心意吧。,meruru,02,06,Trial,09
33776,……你曾经混迹在人群中度过了很长一段时间。,hiro,02,06,Trial,09
33777,我想你在这段时间里意识到了。,hiro,02,06,Trial,09
33778,人类确实愚蠢，但并非只有愚蠢的一面。,hiro,02,06,Trial,09
33779,……在我眼中，你和艾玛玩在一起的时候，就是一个普通的少女。,hiro,02,06,Trial,09
33780,我至今仍相信，那不是我的错觉。,hiro,02,06,Trial,09
33781,你花费漫长的岁月，逐渐挣脱了名为复仇的诅咒……,hiro,02,06,Trial,09
33782,直到——最后与艾玛共度的时光，使你终于意识到了！,hiro,02,06,Trial,09
33783,你发现自己的复仇之刃已不再锋利……所以将最后的钥匙——将希望，托付给了艾玛！,hiro,02,06,Trial,09
33784,……小雪，我们不会傲慢地妄称自己能够理解你的痛苦。,ema,02,06,Trial,09
33785,但现在能够和小雪再会，我真的很开心。,ema,02,06,Trial,09
33786,我们还能不能……像以前那样，重新做好朋友呢……？,ema,02,06,Trial,09
33787,我可是……魔女。,yuki,02,06,Trial,09
33788,"我是和人类<link=""Objection_02_06_09_01"">水火不容</link>的存在。",yuki,02,06,Trial,09
33789,一起离开这里吧,@choice |#0206Trial09_Choice001| button:ChoiceButtons/Trial/Objection handler:Trial,02,06,Trial,09
33790,……才不是！,ema,02,06,Trial,09
33791,我和希罗，还有小雪，我们是朋友……！,ema,02,06,Trial,09
33792,我们三个一起回家吧！,ema,02,06,Trial,09
33793,然后，重新开始吧！,ema,02,06,Trial,09
33794,……我不会否定你为复仇倾尽的一生。,hiro,02,06,Trial,09
33795,但只要你愿意，正如艾玛所说的，也许我们能从头来过。,hiro,02,06,Trial,09
33796,一定可以的！我们一起去创造一个……连“杀死魔女的魔法”都不再存在的未来吧！,ema,02,06,Trial,09
33797,……………,yuki,02,06,Trial,09
33798,……呵、呵呵。,yuki,02,06,Trial,09
33799,……这算什么啊。这不是什么都没有解决吗。,yuki,02,06,Trial,09
33800,复仇也好，灭绝人类也好，全都暂时丢到一边……,yuki,02,06,Trial,09
33801,……只是，选择遗忘而已。,yuki,02,06,Trial,09
33802,就算只是忘记了……不也挺好的吗。,ema,02,06,Trial,09
33803,既模糊、又复杂、还很艰难……那些千头万绪的问题就算还没解决……,ema,02,06,Trial,09
33804,我们一点点去理解，然后继续往前走……那才是最重要的。,ema,02,06,Trial,09
33805,……即使向前走了，魔女们也不会复活，你的憎恨也未必能就此消散。,hiro,02,06,Trial,09
33806,即便如此，你的伙伴们……依旧希望你能幸福。,hiro,02,06,Trial,09
33807,所以你继续前进的决定，并不代表你遗忘了她们……更不是在逃避……,hiro,02,06,Trial,09
33808,这只是意味着你下定决心背负起她们的思念而已。,hiro,02,06,Trial,09
33809,………,yuki,02,06,Trial,09
33810,无论是人还是事……当然小雪你也是……大家都有许多不同的面。,ema,02,06,Trial,09
33811,换个角度去看，事物就会呈现出完全不同的模样。,ema,02,06,Trial,09
33812,但这真的非常复杂……正因为如此，才不能片面地去理解。,ema,02,06,Trial,09
33813,世上并没有那种能够一次性解决所有问题的妙计……,ema,02,06,Trial,09
33814,踏踏实实地，逐个解开缠绕的头绪……,hiro,02,06,Trial,09
33815,也许这才是【正确的道路】吧。,hiro,02,06,Trial,09
33816,……如果人类仅仅只是愚蠢的生物，那该有多简单啊。,hiro,02,06,Trial,09
33817,也许那样我就会认同你的计划。,hiro,02,06,Trial,09
33818,……但事实并非如此。人类也好、事物也好，都有着复杂的多面性。,hiro,02,06,Trial,09
33819,对你来说，梅露露与艾玛难道不正是和你至今为止所看到的人类的负面之处截然相反的存在吗。,hiro,02,06,Trial,09
33820,所以……现在理解了这一点的你，一定能和人类共存！,ema,02,06,Trial,09
33821,……小雪！,ema,02,06,Trial,09
33822,和我们一起……回去吧！,ema,02,06,Trial,09
33823,…………,yuki,02,06,Trial,09
33824,………………,yuki,02,06,Trial,09
33825,……魔女们曾经说过。,yuki,02,06,Trial,09
33826,人类是……【强大】的。,yuki,02,06,Trial,09
33827,………！,ema,02,06,Trial,09
33828,人类会学习……然后成长。,yuki,02,06,Trial,09
33829,人类……相比早已停滞不前的我们魔女，你们才真正拥有未来……,yuki,02,06,Trial,09
33830,那时的我，并不明白这句话的意义。,yuki,02,06,Trial,09
33831,……但现在，,yuki,02,06,Trial,09
33832,看着你们，我终于意识到——,yuki,02,06,Trial,09
33833,魔女们所说的这些是正确的。,yuki,02,06,Trial,09
33834,小雪……,ema,02,06,Trial,09
33835,艾玛……,yuki,02,06,Trial,09
33836,现在我终于明白了。,yuki,02,06,Trial,09
33837,我……一直在迷惘。,yuki,02,06,Trial,09
33838,接触到你那纯洁的灵魂之后……我开始动摇，人类是否真的该被毁灭。,yuki,02,06,Trial,09
33839,我已经……无法自己作出决定了。,yuki,02,06,Trial,09
33840,所以我将一切托付给了你。,yuki,02,06,Trial,09
33841,把世界的未来……连同我自己的命运。,yuki,02,06,Trial,09
33842,恐怕从那一刻起，无论结果如何，对我而言都已没有所谓的“胜利”可言了。,yuki,02,06,Trial,09
33843,我已经……放弃了。,yuki,02,06,Trial,09
33844,放弃了作出抉择……放弃了战斗本身。,yuki,02,06,Trial,09
33845,留给我的只有，破灭……,yuki,02,06,Trial,09
33846,不对……不是那样的！,ema,02,06,Trial,09
33847,我们已经……不需要战斗了。,ema,02,06,Trial,09
33848,所以……一起回家吧，小雪。,ema,02,06,Trial,09
33849,艾玛……,yuki,02,06,Trial,09
33850,…………,yuki,02,06,Trial,09
33851,……谢谢你。,yuki,02,06,Trial,09
33852,那是一个，很久很久以前的故事。,yuki,02,06,Trial,10
33853,曾经在那座岛上，有许多魔女和睦地生活在一起。,yuki,02,06,Trial,10
33854,魔女们天生拥有魔法的力量，并发展出了独属于她们的文明。,yuki,02,06,Trial,10
33855,她们偶尔与来到岛上的人类接触，却始终避免与外界打交道，过着平静的生活。,yuki,02,06,Trial,10
33856,但——和平的日常，迎来了终结。,yuki,02,06,Trial,10
33857,人类的军队出现了。他们捕捉、杀害魔女们，还破坏了岛屿。,yuki,02,06,Trial,10
33858,活下来的是统治魔女之岛的大魔女中的一人……,yuki,02,06,Trial,10
33859,年纪最小，却最擅长魔法的——雪。只有小雪一人幸存。,yuki,02,06,Trial,10
33860,她决心为同胞复仇。,yuki,02,06,Trial,10
33861,为了让人们遭受和魔女们同样的命运，她剥裂自己的灵魂，将其转化为魔女因子并散播给人类。,yuki,02,06,Trial,10
33862,这是一种诅咒。能让人类变成自己创造出来的幻想怪物——【魔女】，并最终死去。,yuki,02,06,Trial,10
33863,她在复仇心的支配下，将一个捡来的人类少女……梅露露当作实验体，完成了术法。,yuki,02,06,Trial,10
33864,虽然因为人类的繁殖力太强，要让每个人都感染魔女因子需要很长时间……,yuki,02,06,Trial,10
33865,但她始终没有放弃。,yuki,02,06,Trial,10
33866,许多年后，当几乎所有人类都成功植入了魔女因子时……,yuki,02,06,Trial,10
33867,她遇见了两个少女。,yuki,02,06,Trial,10
33868,那就是艾玛和希罗。,yuki,02,06,Trial,10
33869,在与她们心灵相通的过程中，小雪心中的复仇之火逐渐变得黯淡。,yuki,02,06,Trial,10
33870,她的内心……产生了迷茫。,yuki,02,06,Trial,10
33871,但是她无法停下。……她不可以停下。,yuki,02,06,Trial,10
33872,所以，她把一切都托付给了艾玛。,yuki,02,06,Trial,10
33873,将人类的命运……以及自己的复仇计划……,yuki,02,06,Trial,10
33874,如同将赌注交给命运，她把自己精心铺陈的计划，托付给了他人之手。,yuki,02,06,Trial,10
33875,最终……,yuki,02,06,Trial,10
33876,我终究……还是没有做到。,yuki,02,06,Trial,10
33877,是太过漫长的岁月让感情渐渐麻木……,yuki,02,06,Trial,10
33878,还是我与人类交集得太深……,yuki,02,06,Trial,10
33879,我的复仇之心……已经锈蚀了。,yuki,02,06,Trial,10
33880,岛上的魔女们……会不会笑我呢。,yuki,02,06,Trial,10
33881,那些变成魔女、因此死去的人类们……会不会怨恨我呢。,yuki,02,06,Trial,10
33882,即便如此……,yuki,02,06,Trial,10
33883,此刻我只想，任由自己沉浸在这温柔的浅眠之中——,yuki,02,06,Trial,10
